{
    "__createdwith": "opl's Model Creator",
    "ambientocclusion": true,
    "textures": {
        "particle": "block/custom/fence/dark_oak"
    },
    "elements": [
        {
            "from": [0,0,7],
            "to": [2,16,9],
            "faces": {
                "up": {
                    "uv": [4,0,6,2],
                    "texture": "#particle"
                },
                "down": {
                    "uv": [5,1,7,3],
                    "texture": "#particle"
                },
                "west": {
                    "uv": [8,0,10,16],
                    "texture": "#particle"
                },
                "east": {
                    "uv": [2,0,4,16],
                    "texture": "#particle"
                },
                "north": {
                    "uv": [2,0,4,16],
                    "texture": "#particle"
                },
                "south": {
                    "uv": [3,0,4,16],
                    "texture": "#particle"
                }
            }
        },
        {
            "from": [14,0,7],
            "to": [16,16,9],
            "faces": {
                "up": {
                    "uv": [6,0,8,2],
                    "texture": "#particle"
                },
                "down": {
                    "uv": [5,1,7,3],
                    "texture": "#particle"
                },
                "west": {
                    "uv": [8,0,10,16],
                    "texture": "#particle"
                },
                "east": {
                    "uv": [2,0,4,16],
                    "texture": "#particle"
                },
                "north": {
                    "uv": [8,0,10,16],
                    "texture": "#particle"
                },
                "south": {
                    "uv": [3,0,4,16],
                    "texture": "#particle"
                }
            }
        },
        {
            "from": [0,0,13],
            "to": [2,16,15],
            "faces": {
                "up": {
                    "uv": [4,0,6,2],
                    "texture": "#particle"
                },
                "down": {
                    "uv": [5,1,7,3],
                    "texture": "#particle"
                },
                "west": {
                    "uv": [8,0,10,16],
                    "texture": "#particle"
                },
                "east": {
                    "uv": [2,0,4,16],
                    "texture": "#particle"
                },
                "north": {
                    "uv": [3,0,4,16],
                    "texture": "#particle"
                },
                "south": {
                    "uv": [8,0,10,16],
                    "texture": "#particle"
                }
            }
        },
        {
            "from": [0,12,9],
            "to": [2,15,13],
            "faces": {
                "up": {
                    "uv": [0,0,2,4],
                    "texture": "#particle"
                },
                "down": {
                    "uv": [3,11,4,15],
                    "texture": "#particle"
                },
                "west": {
                    "uv": [4,8,8,11],
                    "texture": "#particle"
                },
                "east": {
                    "uv": [4,4,8,7],
                    "texture": "#particle"
                }
            }
        },
        {
            "from": [14,0,13],
            "to": [16,16,15],
            "faces": {
                "up": {
                    "uv": [6,0,8,2],
                    "texture": "#particle"
                },
                "down": {
                    "uv": [5,1,7,3],
                    "texture": "#particle"
                },
                "west": {
                    "uv": [8,0,10,16],
                    "texture": "#particle"
                },
                "east": {
                    "uv": [2,0,4,16],
                    "texture": "#particle"
                },
                "north": {
                    "uv": [3,0,4,16],
                    "texture": "#particle"
                },
                "south": {
                    "uv": [2,0,4,16],
                    "texture": "#particle"
                }
            }
        },
        {
            "from": [0,1,9],
            "to": [2,4,13],
            "faces": {
                "up": {
                    "uv": [0,0,2,4],
                    "texture": "#particle"
                },
                "down": {
                    "uv": [3,11,4,15],
                    "texture": "#particle"
                },
                "west": {
                    "uv": [4,8,8,11],
                    "texture": "#particle"
                },
                "east": {
                    "uv": [4,4,8,7],
                    "texture": "#particle"
                }
            }
        },
        {
            "from": [0,6,9],
            "to": [2,10,13],
            "faces": {
                "up": {
                    "uv": [0,0,2,4],
                    "texture": "#particle"
                },
                "down": {
                    "uv": [3,11,4,15],
                    "texture": "#particle"
                },
                "west": {
                    "uv": [4,8,8,12],
                    "texture": "#particle"
                },
                "east": {
                    "uv": [4,4,8,8],
                    "texture": "#particle"
                }
            }
        },
        {
            "from": [14,12,9],
            "to": [16,15,13],
            "faces": {
                "up": {
                    "uv": [0,0,2,4],
                    "texture": "#particle"
                },
                "down": {
                    "uv": [3,11,4,15],
                    "texture": "#particle"
                },
                "west": {
                    "uv": [4,8,8,11],
                    "texture": "#particle"
                },
                "east": {
                    "uv": [4,4,8,7],
                    "texture": "#particle"
                }
            }
        },
        {
            "from": [14,6,9],
            "to": [16,10,13],
            "faces": {
                "up": {
                    "uv": [0,0,2,4],
                    "texture": "#particle"
                },
                "down": {
                    "uv": [3,11,4,15],
                    "texture": "#particle"
                },
                "west": {
                    "uv": [4,8,8,12],
                    "texture": "#particle"
                },
                "east": {
                    "uv": [4,4,8,8],
                    "texture": "#particle"
                }
            }
        },
        {
            "from": [14,1,9],
            "to": [16,4,13],
            "faces": {
                "up": {
                    "uv": [0,0,2,4],
                    "texture": "#particle"
                },
                "down": {
                    "uv": [3,11,4,15],
                    "texture": "#particle"
                },
                "west": {
                    "uv": [4,8,8,11],
                    "texture": "#particle"
                },
                "east": {
                    "uv": [4,4,8,7],
                    "texture": "#particle"
                }
            }
        }
    ]
}