{
    "__createdwith": "opl's Model Creator",
    "ambientocclusion": true,
    "textures": {
        "particle": "block/custom/fence/dark_oak"
    },
    "elements": [
        {
            "from": [0,0,7],
            "to": [2,16,9],
            "faces": {
                "up": {
                    "uv": [4,0,6,2],
                    "texture": "#particle"
                },
                "down": {
                    "uv": [5,1,7,3],
                    "texture": "#particle"
                },
                "west": {
                    "uv": [8,0,10,16],
                    "texture": "#particle"
                },
                "east": {
                    "uv": [3,0,4,16],
                    "texture": "#particle"
                },
                "north": {
                    "uv": [2,0,4,16],
                    "texture": "#particle"
                },
                "south": {
                    "uv": [8,0,10,16],
                    "texture": "#particle"
                }
            }
        },
        {
            "from": [14,0,7],
            "to": [16,16,9],
            "faces": {
                "up": {
                    "uv": [6,0,8,2],
                    "texture": "#particle"
                },
                "down": {
                    "uv": [5,1,7,3],
                    "texture": "#particle"
                },
                "west": {
                    "uv": [8,0,9,16],
                    "texture": "#particle"
                },
                "east": {
                    "uv": [2,0,4,16],
                    "texture": "#particle"
                },
                "north": {
                    "uv": [8,0,10,16],
                    "texture": "#particle"
                },
                "south": {
                    "uv": [2,0,4,16],
                    "texture": "#particle"
                }
            }
        },
        {
            "from": [2,12,7],
            "to": [6,15,9],
            "faces": {
                "up": {
                    "uv": [12,13,16,15],
                    "texture": "#particle"
                },
                "down": {
                    "uv": [3,13,4,15],
                    "texture": "#particle"
                },
                "east": {
                    "uv": [7,4,9,7],
                    "texture": "#particle"
                },
                "north": {
                    "uv": [4,4,8,7],
                    "texture": "#particle"
                },
                "south": {
                    "uv": [4,8,8,11],
                    "texture": "#particle"
                }
            }
        },
        {
            "from": [6,0,7],
            "to": [10,16,9],
            "faces": {
                "up": {
                    "uv": [4,12,8,14],
                    "texture": "#particle"
                },
                "down": {
                    "uv": [5,1,7,3],
                    "texture": "#particle"
                },
                "west": {
                    "uv": [8,0,9,16],
                    "texture": "#particle"
                },
                "east": {
                    "uv": [3,0,4,16],
                    "texture": "#particle"
                },
                "north": {
                    "uv": [0,0,4,16],
                    "texture": "#particle"
                },
                "south": {
                    "uv": [0,0,4,16],
                    "texture": "#particle"
                }
            }
        },
        {
            "from": [2,1,7],
            "to": [6,4,9],
            "faces": {
                "up": {
                    "uv": [12,13,16,15],
                    "texture": "#particle"
                },
                "down": {
                    "uv": [3,13,4,15],
                    "texture": "#particle"
                },
                "east": {
                    "uv": [7,4,9,7],
                    "texture": "#particle"
                },
                "north": {
                    "uv": [4,4,8,7],
                    "texture": "#particle"
                },
                "south": {
                    "uv": [4,8,8,11],
                    "texture": "#particle"
                }
            }
        },
        {
            "from": [2,6,7],
            "to": [6,10,9],
            "faces": {
                "up": {
                    "uv": [12,13,16,15],
                    "texture": "#particle"
                },
                "down": {
                    "uv": [3,13,4,15],
                    "texture": "#particle"
                },
                "east": {
                    "uv": [7,4,9,8],
                    "texture": "#particle"
                },
                "north": {
                    "uv": [4,4,8,8],
                    "texture": "#particle"
                },
                "south": {
                    "uv": [4,8,8,12],
                    "texture": "#particle"
                }
            }
        },
        {
            "from": [10,12,7],
            "to": [14,15,9],
            "faces": {
                "up": {
                    "uv": [12,13,16,15],
                    "texture": "#particle"
                },
                "down": {
                    "uv": [3,13,4,15],
                    "texture": "#particle"
                },
                "west": {
                    "uv": [7,4,9,7],
                    "texture": "#particle"
                },
                "north": {
                    "uv": [4,8,8,11],
                    "texture": "#particle"
                },
                "south": {
                    "uv": [4,4,8,7],
                    "texture": "#particle"
                }
            }
        },
        {
            "from": [10,6,7],
            "to": [14,10,9],
            "faces": {
                "up": {
                    "uv": [12,13,16,15],
                    "texture": "#particle"
                },
                "down": {
                    "uv": [3,13,4,15],
                    "texture": "#particle"
                },
                "west": {
                    "uv": [7,4,9,8],
                    "texture": "#particle"
                },
                "north": {
                    "uv": [4,8,8,12],
                    "texture": "#particle"
                },
                "south": {
                    "uv": [4,4,8,8],
                    "texture": "#particle"
                }
            }
        },
        {
            "from": [10,1,7],
            "to": [14,4,9],
            "faces": {
                "up": {
                    "uv": [12,13,16,15],
                    "texture": "#particle"
                },
                "down": {
                    "uv": [3,13,4,15],
                    "texture": "#particle"
                },
                "west": {
                    "uv": [7,4,9,7],
                    "texture": "#particle"
                },
                "north": {
                    "uv": [4,8,8,11],
                    "texture": "#particle"
                },
                "south": {
                    "uv": [4,4,8,7],
                    "texture": "#particle"
                }
            }
        }
    ]
}