{
    "__createdwith": "opl's Model Creator",
    "ambientocclusion": true,
    "textures": {
        "particle": "block/custom/fence/jungle"
    },
    "elements": [
        {
            "from": [0,9,7],
            "to": [2,13,12],
            "faces": {
                "up": {
                    "uv": [14,3,16,8],
                    "texture": "#particle"
                },
                "down": {
                    "uv": [8,0,9,5],
                    "texture": "#particle"
                },
                "west": {
                    "uv": [3,4,8,8],
                    "texture": "#particle"
                },
                "east": {
                    "uv": [4,8,9,12],
                    "texture": "#particle"
                },
                "north": {
                    "uv": [7,4,9,8],
                    "texture": "#particle"
                },
                "south": {
                    "uv": [3,4,8,8],
                    "texture": "#particle"
                }
            }
        },
        {
            "from": [14,1,7],
            "to": [16,5,12],
            "faces": {
                "up": {
                    "uv": [14,3,16,8],
                    "texture": "#particle"
                },
                "down": {
                    "uv": [8,0,9,5],
                    "texture": "#particle"
                },
                "west": {
                    "uv": [3,4,8,8],
                    "texture": "#particle"
                },
                "east": {
                    "uv": [4,8,9,12],
                    "texture": "#particle"
                },
                "north": {
                    "uv": [3,8,5,12],
                    "texture": "#particle"
                },
                "south": {
                    "uv": [4,8,9,12],
                    "texture": "#particle"
                }
            }
        },
        {
            "from": [14,9,7],
            "to": [16,13,12],
            "faces": {
                "up": {
                    "uv": [14,3,16,8],
                    "texture": "#particle"
                },
                "down": {
                    "uv": [8,0,9,5],
                    "texture": "#particle"
                },
                "west": {
                    "uv": [3,4,8,8],
                    "texture": "#particle"
                },
                "east": {
                    "uv": [4,8,9,12],
                    "texture": "#particle"
                },
                "north": {
                    "uv": [3,8,5,12],
                    "texture": "#particle"
                },
                "south": {
                    "uv": [4,8,9,12],
                    "texture": "#particle"
                }
            }
        },
        {
            "from": [0,1,7],
            "to": [2,5,12],
            "faces": {
                "up": {
                    "uv": [14,3,16,8],
                    "texture": "#particle"
                },
                "down": {
                    "uv": [8,0,9,5],
                    "texture": "#particle"
                },
                "west": {
                    "uv": [3,4,8,8],
                    "texture": "#particle"
                },
                "east": {
                    "uv": [4,8,9,12],
                    "texture": "#particle"
                },
                "north": {
                    "uv": [7,4,9,8],
                    "texture": "#particle"
                },
                "south": {
                    "uv": [3,4,8,8],
                    "texture": "#particle"
                }
            }
        },
        {
            "from": [0,0,12],
            "to": [2,15,14],
            "faces": {
                "up": {
                    "uv": [1,7,3,9],
                    "texture": "#particle"
                },
                "down": {
                    "uv": [7,4,9,6],
                    "texture": "#particle"
                },
                "west": {
                    "uv": [8,1,10,16],
                    "texture": "#particle"
                },
                "east": {
                    "uv": [2,1,4,16],
                    "texture": "#particle"
                },
                "north": {
                    "uv": [3,1,4,16],
                    "texture": "#particle"
                },
                "south": {
                    "uv": [8,1,10,16],
                    "texture": "#particle"
                }
            }
        },
        {
            "from": [14,0,12],
            "to": [16,15,14],
            "faces": {
                "up": {
                    "uv": [0,2,2,4],
                    "texture": "#particle"
                },
                "down": {
                    "uv": [3,8,5,10],
                    "texture": "#particle"
                },
                "west": {
                    "uv": [8,1,10,16],
                    "texture": "#particle"
                },
                "east": {
                    "uv": [2,1,4,16],
                    "texture": "#particle"
                },
                "north": {
                    "uv": [8,1,9,16],
                    "texture": "#particle"
                },
                "south": {
                    "uv": [2,1,4,16],
                    "texture": "#particle"
                }
            }
        }
    ]
}