{
    "__createdwith": "opl's Model Creator",
    "ambientocclusion": true,
    "textures": {
        "particle": "block/custom/fence/jungle"
    },
    "elements": [
        {
            "from": [0,9,7],
            "to": [5,13,9],
            "faces": {
                "up": {
                    "uv": [12.0,14.0,16.0,16.0],
                    "texture": "#particle"
                },
                "down": {
                    "uv": [4.0,8.0,9.0,10.0],
                    "texture": "#particle"
                },
                "west": {
                    "uv": [7.0,4.0,9.0,8.0],
                    "texture": "#particle"
                },
                "east": {
                    "uv": [0.0,0.0,4.0,16.0],
                    "texture": "#particle"
                },
                "north": {
                    "uv": [4.0,8.0,9.0,12.0],
                    "texture": "#particle"
                },
                "south": {
                    "uv": [3.0,4.0,8.0,8.0],
                    "texture": "#particle"
                }
            }
        },
        {
            "from": [11,1,7],
            "to": [16,5,9],
            "faces": {
                "up": {
                    "uv": [12.0,13.0,16.0,15.0],
                    "texture": "#particle"
                },
                "down": {
                    "uv": [3.0,4.0,8.0,6.0],
                    "texture": "#particle"
                },
                "west": {
                    "uv": [0.0,0.0,4.0,16.0],
                    "texture": "#particle"
                },
                "east": {
                    "uv": [7.0,4.0,9.0,8.0],
                    "texture": "#particle"
                },
                "north": {
                    "uv": [3.0,4.0,8.0,8.0],
                    "texture": "#particle"
                },
                "south": {
                    "uv": [4.0,8.0,9.0,12.0],
                    "texture": "#particle"
                }
            }
        },
        {
            "from": [11,9,7],
            "to": [16,13,9],
            "faces": {
                "up": {
                    "uv": [12.0,12.0,16.0,14.0],
                    "texture": "#particle"
                },
                "down": {
                    "uv": [3.0,4.0,8.0,6.0],
                    "texture": "#particle"
                },
                "west": {
                    "uv": [0.0,0.0,4.0,16.0],
                    "texture": "#particle"
                },
                "east": {
                    "uv": [7.0,4.0,9.0,8.0],
                    "texture": "#particle"
                },
                "north": {
                    "uv": [3.0,4.0,8.0,8.0],
                    "texture": "#particle"
                },
                "south": {
                    "uv": [4.0,8.0,9.0,12.0],
                    "texture": "#particle"
                }
            }
        },
        {
            "from": [0,1,7],
            "to": [5,5,9],
            "faces": {
                "up": {
                    "uv": [12.0,13.0,16.0,15.0],
                    "texture": "#particle"
                },
                "down": {
                    "uv": [4.0,8.0,9.0,10.0],
                    "texture": "#particle"
                },
                "west": {
                    "uv": [7.0,4.0,9.0,8.0],
                    "texture": "#particle"
                },
                "east": {
                    "uv": [0.0,0.0,4.0,16.0],
                    "texture": "#particle"
                },
                "north": {
                    "uv": [4.0,8.0,9.0,12.0],
                    "texture": "#particle"
                },
                "south": {
                    "uv": [3.0,4.0,8.0,8.0],
                    "texture": "#particle"
                }
            }
        },
        {
            "from": [5,0,7],
            "to": [7,15,9],
            "faces": {
                "up": {
                    "uv": [1.0,7.0,3.0,9.0],
                    "texture": "#particle"
                },
                "down": {
                    "uv": [7.0,4.0,9.0,6.0],
                    "texture": "#particle"
                },
                "west": {
                    "uv": [3.0,0.0,4.0,16.0],
                    "texture": "#particle"
                },
                "east": {
                    "uv": [1.0,0.0,3.0,16.0],
                    "texture": "#particle"
                },
                "north": {
                    "uv": [2.0,1.0,4.0,16.0],
                    "texture": "#particle"
                },
                "south": {
                    "uv": [8.0,1.0,10.0,16.0],
                    "texture": "#particle"
                }
            }
        },
        {
            "from": [9,0,7],
            "to": [11,15,9],
            "faces": {
                "up": {
                    "uv": [0.0,2.0,2.0,4.0],
                    "texture": "#particle"
                },
                "down": {
                    "uv": [3.0,8.0,5.0,10.0],
                    "texture": "#particle"
                },
                "west": {
                    "uv": [1.0,0.0,3.0,16.0],
                    "texture": "#particle"
                },
                "east": {
                    "uv": [3.0,0.0,4.0,16.0],
                    "texture": "#particle"
                },
                "north": {
                    "uv": [8.0,1.0,10.0,16.0],
                    "texture": "#particle"
                },
                "south": {
                    "uv": [2.0,1.0,4.0,15.0],
                    "texture": "#particle"
                }
            }
        }
    ]
}