{
    "__createdwith": "opl's Model Creator",
    "ambientocclusion": true,
    "textures": {
        "particle": "block/custom/fence/mangrove"
    },
    "elements": [
        {
            "from": [15,2,6],
            "to": [16,6,10],
            "faces": {
                "up": {
                    "uv": [3,6,4,10],
                    "texture": "#particle"
                },
                "down": {
                    "uv": [3,7,4,11],
                    "texture": "#particle"
                },
                "west": {
                    "uv": [0,4,4,8],
                    "texture": "#particle"
                },
                "east": {
                    "uv": [0,10,4,14],
                    "texture": "#particle"
                },
                "north": {
                    "uv": [2,11,3,15],
                    "texture": "#particle"
                },
                "south": {
                    "uv": [2,11,3,15],
                    "texture": "#particle"
                }
            }
        },
        {
            "from": [0,2,6],
            "to": [1,6,10],
            "faces": {
                "up": {
                    "uv": [0,0,1,4],
                    "texture": "#particle"
                },
                "down": {
                    "uv": [0,0,1,4],
                    "texture": "#particle"
                },
                "west": {
                    "uv": [0,10,4,14],
                    "texture": "#particle"
                },
                "east": {
                    "uv": [0,2,4,6],
                    "texture": "#particle"
                },
                "north": {
                    "uv": [2,11,3,15],
                    "texture": "#particle"
                },
                "south": {
                    "uv": [2,11,3,15],
                    "texture": "#particle"
                }
            }
        },
        {
            "from": [1,10,7],
            "to": [3,14,11],
            "faces": {
                "up": {
                    "uv": [0,0,2,4],
                    "texture": "#particle"
                },
                "down": {
                    "uv": [0,0,2,4],
                    "texture": "#particle"
                },
                "west": {
                    "uv": [11,12,15,16],
                    "texture": "#particle"
                },
                "east": {
                    "uv": [10,12,14,16],
                    "texture": "#particle"
                },
                "north": {
                    "uv": [1,2,3,6],
                    "texture": "#particle"
                },
                "south": {
                    "uv": [1,2,3,6],
                    "texture": "#particle"
                }
            }
        },
        {
            "from": [13,2,7],
            "to": [15,6,11],
            "faces": {
                "up": {
                    "uv": [2,0,4,4],
                    "texture": "#particle"
                },
                "down": {
                    "uv": [2,0,4,4],
                    "texture": "#particle"
                },
                "west": {
                    "uv": [4,12,8,16],
                    "texture": "#particle"
                },
                "east": {
                    "uv": [4,12,8,16],
                    "texture": "#particle"
                },
                "north": {
                    "uv": [1,9,3,13],
                    "texture": "#particle"
                },
                "south": {
                    "uv": [1,9,3,13],
                    "texture": "#particle"
                }
            }
        },
        {
            "from": [13,10,7],
            "to": [15,14,11],
            "faces": {
                "up": {
                    "uv": [2,0,4,4],
                    "texture": "#particle"
                },
                "down": {
                    "uv": [2,0,4,4],
                    "texture": "#particle"
                },
                "west": {
                    "uv": [4,12,8,16],
                    "texture": "#particle"
                },
                "east": {
                    "uv": [4,12,8,16],
                    "texture": "#particle"
                },
                "north": {
                    "uv": [1,9,3,13],
                    "texture": "#particle"
                },
                "south": {
                    "uv": [1,9,3,13],
                    "texture": "#particle"
                }
            }
        },
        {
            "from": [1,2,7],
            "to": [3,6,11],
            "faces": {
                "up": {
                    "uv": [0,0,2,4],
                    "texture": "#particle"
                },
                "down": {
                    "uv": [0,0,2,4],
                    "texture": "#particle"
                },
                "west": {
                    "uv": [11,12,15,16],
                    "texture": "#particle"
                },
                "east": {
                    "uv": [9,12,13,16],
                    "texture": "#particle"
                },
                "north": {
                    "uv": [1,2,3,6],
                    "texture": "#particle"
                },
                "south": {
                    "uv": [1,2,3,6],
                    "texture": "#particle"
                }
            }
        },
        {
            "from": [1,0,11],
            "to": [3,15,13],
            "faces": {
                "up": {
                    "uv": [1,5,3,7],
                    "texture": "#particle"
                },
                "down": {
                    "uv": [1,5,3,7],
                    "texture": "#particle"
                },
                "west": {
                    "uv": [0,0,2,16],
                    "texture": "#particle"
                },
                "east": {
                    "uv": [1,0,3,16],
                    "texture": "#particle"
                },
                "north": {
                    "uv": [2,0,4,16],
                    "texture": "#particle"
                },
                "south": {
                    "uv": [0,1,2,16],
                    "texture": "#particle"
                }
            }
        },
        {
            "from": [15,10,6],
            "to": [16,14,10],
            "faces": {
                "up": {
                    "uv": [0,0,1,4],
                    "texture": "#particle"
                },
                "down": {
                    "uv": [0,0,1,4],
                    "texture": "#particle"
                },
                "west": {
                    "uv": [0,10,4,14],
                    "texture": "#particle"
                },
                "east": {
                    "uv": [0,2,4,6],
                    "texture": "#particle"
                },
                "north": {
                    "uv": [2,11,3,15],
                    "texture": "#particle"
                },
                "south": {
                    "uv": [2,11,3,15],
                    "texture": "#particle"
                }
            }
        },
        {
            "from": [0,10,6],
            "to": [1,14,10],
            "faces": {
                "up": {
                    "uv": [0,0,1,4],
                    "texture": "#particle"
                },
                "down": {
                    "uv": [0,0,1,4],
                    "texture": "#particle"
                },
                "west": {
                    "uv": [0,10,4,14],
                    "texture": "#particle"
                },
                "east": {
                    "uv": [0,2,4,6],
                    "texture": "#particle"
                },
                "north": {
                    "uv": [2,11,3,15],
                    "texture": "#particle"
                },
                "south": {
                    "uv": [2,11,3,15],
                    "texture": "#particle"
                }
            }
        },
        {
            "from": [13,0,11],
            "to": [15,15,13],
            "faces": {
                "up": {
                    "uv": [1,10,3,12],
                    "texture": "#particle"
                },
                "down": {
                    "uv": [1,10,3,12],
                    "texture": "#particle"
                },
                "west": {
                    "uv": [1,0,3,16],
                    "texture": "#particle"
                },
                "east": {
                    "uv": [2,0,4,16],
                    "texture": "#particle"
                },
                "north": {
                    "uv": [0,0,2,16],
                    "texture": "#particle"
                },
                "south": {
                    "uv": [2,1,4,15],
                    "texture": "#particle"
                }
            }
        }
    ]
}