{
    "__createdwith": "opl's Model Creator",
    "ambientocclusion": true,
    "textures": {
        "particle": "block/custom/fence/mangrove"
    },
    "elements": [
        {
            "from": [15,2,6],
            "to": [16,6,10],
            "faces": {
                "up": {
                    "uv": [3,6,4,10],
                    "texture": "#particle"
                },
                "down": {
                    "uv": [3,7,4,11],
                    "texture": "#particle"
                },
                "west": {
                    "uv": [0,4,4,8],
                    "texture": "#particle"
                },
                "east": {
                    "uv": [0,10,4,14],
                    "texture": "#particle"
                },
                "north": {
                    "uv": [2,11,3,15],
                    "texture": "#particle"
                },
                "south": {
                    "uv": [2,11,3,15],
                    "texture": "#particle"
                }
            }
        },
        {
            "from": [0,2,6],
            "to": [1,6,10],
            "faces": {
                "up": {
                    "uv": [0,0,1,4],
                    "texture": "#particle"
                },
                "down": {
                    "uv": [0,0,1,4],
                    "texture": "#particle"
                },
                "west": {
                    "uv": [0,10,4,14],
                    "texture": "#particle"
                },
                "east": {
                    "uv": [0,2,4,6],
                    "texture": "#particle"
                },
                "north": {
                    "uv": [2,11,3,15],
                    "texture": "#particle"
                },
                "south": {
                    "uv": [2,11,3,15],
                    "texture": "#particle"
                }
            }
        },
        {
            "from": [1,10,7],
            "to": [5,14,9],
            "faces": {
                "up": {
                    "uv": [12,14,16,16],
                    "texture": "#particle"
                },
                "down": {
                    "uv": [0,0,4,2],
                    "texture": "#particle"
                },
                "east": {
                    "uv": [0,0,4,16],
                    "texture": "#particle"
                },
                "north": {
                    "uv": [10,12,14,16],
                    "texture": "#particle"
                },
                "south": {
                    "uv": [9,12,13,16],
                    "texture": "#particle"
                }
            }
        },
        {
            "from": [11,2,7],
            "to": [15,6,9],
            "faces": {
                "up": {
                    "uv": [12,13,16,15],
                    "texture": "#particle"
                },
                "down": {
                    "uv": [0,0,4,2],
                    "texture": "#particle"
                },
                "west": {
                    "uv": [0,0,4,16],
                    "texture": "#particle"
                },
                "north": {
                    "uv": [4,12,8,16],
                    "texture": "#particle"
                },
                "south": {
                    "uv": [4,12,8,16],
                    "texture": "#particle"
                }
            }
        },
        {
            "from": [11,10,7],
            "to": [15,14,9],
            "faces": {
                "up": {
                    "uv": [12,12,16,14],
                    "texture": "#particle"
                },
                "down": {
                    "uv": [0,0,4,2],
                    "texture": "#particle"
                },
                "west": {
                    "uv": [0,0,4,16],
                    "texture": "#particle"
                },
                "north": {
                    "uv": [4,12,8,16],
                    "texture": "#particle"
                },
                "south": {
                    "uv": [4,12,8,16],
                    "texture": "#particle"
                }
            }
        },
        {
            "from": [1,2,7],
            "to": [5,6,9],
            "faces": {
                "up": {
                    "uv": [12,13,16,15],
                    "texture": "#particle"
                },
                "down": {
                    "uv": [0,0,4,2],
                    "texture": "#particle"
                },
                "east": {
                    "uv": [0,0,4,16],
                    "texture": "#particle"
                },
                "north": {
                    "uv": [10,12,14,16],
                    "texture": "#particle"
                },
                "south": {
                    "uv": [9,12,13,16],
                    "texture": "#particle"
                }
            }
        },
        {
            "from": [5,0,7],
            "to": [7,15,9],
            "faces": {
                "up": {
                    "uv": [1,5,3,7],
                    "texture": "#particle"
                },
                "down": {
                    "uv": [1,5,3,7],
                    "texture": "#particle"
                },
                "west": {
                    "uv": [1,0,3,16],
                    "texture": "#particle"
                },
                "east": {
                    "uv": [1,0,3,16],
                    "texture": "#particle"
                },
                "north": {
                    "uv": [2,0,4,16],
                    "texture": "#particle"
                },
                "south": {
                    "uv": [0,1,2,16],
                    "texture": "#particle"
                }
            }
        },
        {
            "from": [15,10,6],
            "to": [16,14,10],
            "faces": {
                "up": {
                    "uv": [0,0,1,4],
                    "texture": "#particle"
                },
                "down": {
                    "uv": [0,0,1,4],
                    "texture": "#particle"
                },
                "west": {
                    "uv": [0,10,4,14],
                    "texture": "#particle"
                },
                "east": {
                    "uv": [0,2,4,6],
                    "texture": "#particle"
                },
                "north": {
                    "uv": [2,11,3,15],
                    "texture": "#particle"
                },
                "south": {
                    "uv": [2,11,3,15],
                    "texture": "#particle"
                }
            }
        },
        {
            "from": [0,10,6],
            "to": [1,14,10],
            "faces": {
                "up": {
                    "uv": [0,0,1,4],
                    "texture": "#particle"
                },
                "down": {
                    "uv": [0,0,1,4],
                    "texture": "#particle"
                },
                "west": {
                    "uv": [0,10,4,14],
                    "texture": "#particle"
                },
                "east": {
                    "uv": [0,2,4,6],
                    "texture": "#particle"
                },
                "north": {
                    "uv": [2,11,3,15],
                    "texture": "#particle"
                },
                "south": {
                    "uv": [2,11,3,15],
                    "texture": "#particle"
                }
            }
        },
        {
            "from": [9,0,7],
            "to": [11,15,9],
            "faces": {
                "up": {
                    "uv": [1,10,3,12],
                    "texture": "#particle"
                },
                "down": {
                    "uv": [1,10,3,12],
                    "texture": "#particle"
                },
                "west": {
                    "uv": [1,0,3,16],
                    "texture": "#particle"
                },
                "east": {
                    "uv": [1,0,3,16],
                    "texture": "#particle"
                },
                "north": {
                    "uv": [0,0,2,16],
                    "texture": "#particle"
                },
                "south": {
                    "uv": [2,1,4,15],
                    "texture": "#particle"
                }
            }
        }
    ]
}