{
    "__createdwith": "opl's Model Creator",
    "ambientocclusion": true,
    "textures": {
        "particle": "block/custom/fence/oak",
        "planks": "block/oak_planks"
    },
    "elements": [
        {
            "from": [0,0,7],
            "to": [2,16,9],
            "faces": {
                "up": {
                    "uv": [0,0,1,1],
                    "texture": "#particle"
                },
                "down": {
                    "uv": [3,0,4,1],
                    "texture": "#particle"
                },
                "west": {
                    "uv": [2,0,4,16],
                    "texture": "#particle"
                },
                "east": {
                    "uv": [11,0,13,16],
                    "texture": "#particle"
                },
                "north": {
                    "uv": [2,0,4,16],
                    "texture": "#particle"
                },
                "south": {
                    "uv": [11,0,13,16],
                    "texture": "#particle"
                }
            }
        },
        {
            "from": [14,0,7],
            "to": [16,16,9],
            "faces": {
                "up": {
                    "uv": [0,0,1,1],
                    "texture": "#particle"
                },
                "down": {
                    "uv": [3,0,4,1],
                    "texture": "#particle"
                },
                "west": {
                    "uv": [10,0,12,16],
                    "texture": "#particle"
                },
                "east": {
                    "uv": [11,0,13,16],
                    "texture": "#particle"
                },
                "north": {
                    "uv": [11,0,13,16],
                    "texture": "#particle"
                },
                "south": {
                    "uv": [5,0,7,16],
                    "texture": "#particle"
                }
            }
        },
        {
            "from": [0,0,13],
            "to": [2,16,15],
            "faces": {
                "up": {
                    "uv": [0,0,1,1],
                    "texture": "#particle"
                },
                "down": {
                    "uv": [3,0,4,1],
                    "texture": "#particle"
                },
                "west": {
                    "uv": [10,0,12,16],
                    "texture": "#particle"
                },
                "east": {
                    "uv": [11,0,13,16],
                    "texture": "#particle"
                },
                "north": {
                    "uv": [5,0,7,16],
                    "texture": "#particle"
                },
                "south": {
                    "uv": [11,0,13,16],
                    "texture": "#particle"
                }
            }
        },
        {
            "from": [14,0,13],
            "to": [16,16,15],
            "faces": {
                "up": {
                    "uv": [0,0,1,1],
                    "texture": "#particle"
                },
                "down": {
                    "uv": [3,0,4,1],
                    "texture": "#particle"
                },
                "west": {
                    "uv": [10,0,12,16],
                    "texture": "#particle"
                },
                "east": {
                    "uv": [11,0,13,16],
                    "texture": "#particle"
                },
                "north": {
                    "uv": [0,0,2,16],
                    "texture": "#particle"
                },
                "south": {
                    "uv": [10,0,12,16],
                    "texture": "#particle"
                }
            }
        },
        {
            "from": [14,10,9],
            "to": [16,14,13],
            "faces": {
                "up": {
                    "uv": [0,0,2,4],
                    "texture": "#particle"
                },
                "down": {
                    "uv": [3,0,4,1],
                    "texture": "#particle"
                },
                "west": {
                    "uv": [4,4,8,8],
                    "texture": "#particle"
                },
                "east": {
                    "uv": [4,8,8,12],
                    "texture": "#particle"
                }
            }
        },
        {
            "from": [14,2,9],
            "to": [16,6,13],
            "faces": {
                "up": {
                    "uv": [0,0,2,4],
                    "texture": "#particle"
                },
                "down": {
                    "uv": [3,0,4,1],
                    "texture": "#particle"
                },
                "west": {
                    "uv": [4,4,8,8],
                    "texture": "#particle"
                },
                "east": {
                    "uv": [4,8,8,12],
                    "texture": "#particle"
                }
            }
        },
        {
            "from": [0,10,9],
            "to": [2,14,13],
            "faces": {
                "up": {
                    "uv": [0,0,2,4],
                    "texture": "#particle"
                },
                "down": {
                    "uv": [3,0,4,1],
                    "texture": "#particle"
                },
                "west": {
                    "uv": [4,4,8,8],
                    "texture": "#particle"
                },
                "east": {
                    "uv": [4,8,8,12],
                    "texture": "#particle"
                }
            }
        },
        {
            "from": [0,2,9],
            "to": [2,6,13],
            "faces": {
                "up": {
                    "uv": [0,0,2,4],
                    "texture": "#particle"
                },
                "down": {
                    "uv": [3,0,4,1],
                    "texture": "#particle"
                },
                "west": {
                    "uv": [4,4,8,8],
                    "texture": "#particle"
                },
                "east": {
                    "uv": [4,8,8,12],
                    "texture": "#particle"
                }
            }
        }
    ]
}