{
    "__createdwith": "opl's Model Creator",
    "ambientocclusion": true,
    "textures": {
        "particle": "block/custom/fence/oak",
        "planks": "block/oak_planks"
    },
    "elements": [
        {
            "from": [0,0,7],
            "to": [2,16,9],
            "faces": {
                "up": {
                    "uv": [0,0,1,1],
                    "texture": "#particle"
                },
                "down": {
                    "uv": [3,1,4,2],
                    "texture": "#particle"
                },
                "west": {
                    "uv": [3,0,4,16],
                    "texture": "#particle"
                },
                "east": {
                    "uv": [3,0,4,16],
                    "texture": "#particle"
                },
                "north": {
                    "uv": [2,0,4,16],
                    "texture": "#particle"
                },
                "south": {
                    "uv": [11,0,13,16],
                    "texture": "#particle"
                }
            }
        },
        {
            "from": [14,0,7],
            "to": [16,16,9],
            "faces": {
                "up": {
                    "uv": [0,0,1,1],
                    "texture": "#particle"
                },
                "down": {
                    "uv": [3,0,4,1],
                    "texture": "#particle"
                },
                "west": {
                    "uv": [3,0,4,16],
                    "texture": "#particle"
                },
                "east": {
                    "uv": [3,0,4,16],
                    "texture": "#particle"
                },
                "north": {
                    "uv": [11,0,13,16],
                    "texture": "#particle"
                },
                "south": {
                    "uv": [2,0,4,16],
                    "texture": "#particle"
                }
            }
        },
        {
            "from": [2,10,7],
            "to": [6,14,9],
            "faces": {
                "up": {
                    "uv": [0,0,4,2],
                    "texture": "#particle"
                },
                "down": {
                    "uv": [0,0,4,2],
                    "texture": "#particle"
                },
                "north": {
                    "uv": [4,8,8,12],
                    "texture": "#particle"
                },
                "south": {
                    "uv": [4,4,8,8],
                    "texture": "#particle"
                }
            }
        },
        {
            "from": [6,0,7],
            "to": [10,16,9],
            "faces": {
                "up": {
                    "uv": [11,0,15,2],
                    "texture": "#particle"
                },
                "down": {
                    "uv": [3,0,4,1],
                    "texture": "#particle"
                },
                "west": {
                    "uv": [5,0,7,16],
                    "texture": "#particle"
                },
                "east": {
                    "uv": [5,0,7,16],
                    "texture": "#particle"
                },
                "north": {
                    "uv": [0,0,4,16],
                    "texture": "#particle"
                },
                "south": {
                    "uv": [11,0,15,16],
                    "texture": "#particle"
                }
            }
        },
        {
            "from": [2,2,7],
            "to": [6,6,9],
            "faces": {
                "up": {
                    "uv": [0,0,4,2],
                    "texture": "#particle"
                },
                "down": {
                    "uv": [0,0,4,2],
                    "texture": "#particle"
                },
                "north": {
                    "uv": [4,8,8,12],
                    "texture": "#particle"
                },
                "south": {
                    "uv": [4,4,8,8],
                    "texture": "#particle"
                }
            }
        },
        {
            "from": [10,10,7],
            "to": [14,14,9],
            "faces": {
                "up": {
                    "uv": [11,0,15,2],
                    "texture": "#particle"
                },
                "down": {
                    "uv": [11,0,15,2],
                    "texture": "#particle"
                },
                "north": {
                    "uv": [4,4,8,8],
                    "texture": "#particle"
                },
                "south": {
                    "uv": [4,8,8,12],
                    "texture": "#particle"
                }
            }
        },
        {
            "from": [10,2,7],
            "to": [14,6,9],
            "faces": {
                "up": {
                    "uv": [11,0,15,2],
                    "texture": "#particle"
                },
                "down": {
                    "uv": [11,0,15,2],
                    "texture": "#particle"
                },
                "north": {
                    "uv": [4,4,8,8],
                    "texture": "#particle"
                },
                "south": {
                    "uv": [4,8,8,12],
                    "texture": "#particle"
                }
            }
        }
    ]
}