{
    "__createdwith": "opl's Model Creator",
    "ambientocclusion": true,
    "textures": {
        "particle": "block/custom/fence/spruce"
    },
    "elements": [
        {
            "from": [0,13,6],
            "to": [5,15,10],
            "faces": {
                "up": {
                    "uv": [11,12,16,16],
                    "texture": "#particle"
                },
                "down": {
                    "uv": [11,12,16,16],
                    "texture": "#particle"
                },
                "west": {
                    "uv": [8,13,12,15],
                    "texture": "#particle"
                },
                "north": {
                    "uv": [4,14,9,16],
                    "texture": "#particle"
                },
                "south": {
                    "uv": [11,14,16,16],
                    "texture": "#particle"
                }
            }
        },
        {
            "from": [11,13,6],
            "to": [16,15,10],
            "faces": {
                "up": {
                    "uv": [4,12,9,16],
                    "texture": "#particle"
                },
                "down": {
                    "uv": [4,12,9,16],
                    "texture": "#particle"
                },
                "east": {
                    "uv": [6,13,10,15],
                    "texture": "#particle"
                },
                "north": {
                    "uv": [11,14,16,16],
                    "texture": "#particle"
                },
                "south": {
                    "uv": [4,14,9,16],
                    "texture": "#particle"
                }
            }
        },
        {
            "from": [5,0,6],
            "to": [7,16,10],
            "faces": {
                "up": {
                    "uv": [1,4,3,8],
                    "texture": "#particle"
                },
                "down": {
                    "uv": [12,6,14,10],
                    "texture": "#particle"
                },
                "west": {
                    "uv": [12,0,16,16],
                    "texture": "#particle"
                },
                "east": {
                    "uv": [0,0,4,16],
                    "texture": "#particle"
                },
                "north": {
                    "uv": [2,0,4,16],
                    "texture": "#particle"
                },
                "south": {
                    "uv": [0,0,2,16],
                    "texture": "#particle"
                }
            }
        },
        {
            "from": [9,0,6],
            "to": [11,16,10],
            "faces": {
                "up": {
                    "uv": [1,4,3,8],
                    "texture": "#particle"
                },
                "down": {
                    "uv": [12,6,14,10],
                    "texture": "#particle"
                },
                "west": {
                    "uv": [0,0,4,16],
                    "texture": "#particle"
                },
                "east": {
                    "uv": [12,0,16,16],
                    "texture": "#particle"
                },
                "north": {
                    "uv": [0,0,2,16],
                    "texture": "#particle"
                },
                "south": {
                    "uv": [2,0,4,16],
                    "texture": "#particle"
                }
            }
        },
        {
            "from": [0,5,7],
            "to": [1,13,9],
            "faces": {
                "west": {
                    "uv": [0,0,2,9],
                    "texture": "#particle"
                },
                "east": {
                    "uv": [12,2,14,11],
                    "texture": "#particle"
                },
                "north": {
                    "uv": [1,3,2,11],
                    "texture": "#particle"
                },
                "south": {
                    "uv": [1,3,2,11],
                    "texture": "#particle"
                }
            }
        },
        {
            "from": [0,3,6],
            "to": [5,5,10],
            "faces": {
                "up": {
                    "uv": [11,12,16,16],
                    "texture": "#particle"
                },
                "down": {
                    "uv": [11,12,16,16],
                    "texture": "#particle"
                },
                "west": {
                    "uv": [4,13,8,15],
                    "texture": "#particle"
                },
                "north": {
                    "uv": [4,14,9,16],
                    "texture": "#particle"
                },
                "south": {
                    "uv": [11,14,16,16],
                    "texture": "#particle"
                }
            }
        },
        {
            "from": [11,3,6],
            "to": [16,5,10],
            "faces": {
                "up": {
                    "uv": [4,12,9,16],
                    "texture": "#particle"
                },
                "down": {
                    "uv": [4,12,9,16],
                    "texture": "#particle"
                },
                "east": {
                    "uv": [6,13,10,15],
                    "texture": "#particle"
                },
                "north": {
                    "uv": [11,14,16,16],
                    "texture": "#particle"
                },
                "south": {
                    "uv": [4,14,9,16],
                    "texture": "#particle"
                }
            }
        },
        {
            "from": [15,5,7],
            "to": [16,13,9],
            "faces": {
                "west": {
                    "uv": [1,2,3,11],
                    "texture": "#particle"
                },
                "east": {
                    "uv": [13,2,15,11],
                    "texture": "#particle"
                },
                "north": {
                    "uv": [3,2,4,10],
                    "texture": "#particle"
                },
                "south": {
                    "uv": [3,2,4,10],
                    "texture": "#particle"
                }
            }
        }
    ]
}