{
    "__createdwith": "opl's Model Creator",
    "ambientocclusion": true,
    "textures": {
        "particle": "block/custom/fence/spruce"
    },
    "elements": [
        {
            "from": [0,14,4],
            "to": [4,16,9],
            "faces": {
                "up": {
                    "uv": [0,0,4,5],
                    "texture": "#particle"
                },
                "down": {
                    "uv": [0,0,4,5],
                    "texture": "#particle"
                },
                "west": {
                    "uv": [4,14,9,16],
                    "texture": "#particle"
                },
                "east": {
                    "uv": [11,14,16,16],
                    "texture": "#particle"
                },
                "south": {
                    "uv": [12,14,16,16],
                    "texture": "#particle"
                }
            }
        },
        {
            "from": [0,0,2],
            "to": [4,16,4],
            "faces": {
                "down": {
                    "uv": [0.0,0.0,4.0,2.0],
                    "texture": "#planks"
                },
                "west": {
                    "uv": [1,0,3,16],
                    "texture": "#particle"
                },
                "east": {
                    "uv": [1,0,3,16],
                    "texture": "#particle"
                },
                "north": {
                    "uv": [0,0,4,16],
                    "texture": "#particle"
                },
                "south": {
                    "uv": [12,0,16,16],
                    "texture": "#particle"
                }
            }
        },
        {
            "from": [0,5,7],
            "to": [1,14,9],
            "faces": {
                "west": {
                    "uv": [0,0,2,9],
                    "texture": "#particle"
                },
                "east": {
                    "uv": [13,2,15,11],
                    "texture": "#particle"
                },
                "north": {
                    "uv": [12,3,13,12],
                    "texture": "#particle"
                },
                "south": {
                    "uv": [3,2,4,11],
                    "texture": "#particle"
                }
            }
        },
        {
            "from": [0,3,4],
            "to": [4,5,9],
            "faces": {
                "up": {
                    "uv": [0,5,4,10],
                    "texture": "#particle"
                },
                "down": {
                    "uv": [0,11,4,16],
                    "texture": "#particle"
                },
                "west": {
                    "uv": [8,14,13,16],
                    "texture": "#particle"
                },
                "east": {
                    "uv": [4,13,9,15],
                    "texture": "#particle"
                },
                "south": {
                    "uv": [12,14,16,16],
                    "texture": "#particle"
                }
            }
        },
        {
            "from": [15,5,7],
            "to": [16,14,9],
            "faces": {
                "west": {
                    "uv": [13,2,15,11],
                    "texture": "#particle"
                },
                "east": {
                    "uv": [13,2,15,11],
                    "texture": "#particle"
                },
                "north": {
                    "uv": [14,2,15,11],
                    "texture": "#particle"
                },
                "south": {
                    "uv": [12,3,13,12],
                    "texture": "#particle"
                }
            }
        },
        {
            "from": [0,16,2],
            "to": [4,16.9,4],
            "faces": {
                "up": {
                    "uv": [5,13,9,15],
                    "texture": "#particle"
                },
                "west": {
                    "uv": [1,0,3,1],
                    "texture": "#particle"
                },
                "east": {
                    "uv": [0,15,2,16],
                    "texture": "#particle"
                },
                "north": {
                    "uv": [0,15,4,16],
                    "texture": "#particle"
                },
                "south": {
                    "uv": [0,15,4,16],
                    "texture": "#particle"
                }
            }
        },
        {
            "from": [12,14,4],
            "to": [16,16,9],
            "faces": {
                "up": {
                    "uv": [0,5,4,10],
                    "texture": "#particle"
                },
                "down": {
                    "uv": [0,0,4,5],
                    "texture": "#particle"
                },
                "west": {
                    "uv": [11,14,16,16],
                    "texture": "#particle"
                },
                "east": {
                    "uv": [11,14,16,16],
                    "texture": "#particle"
                },
                "south": {
                    "uv": [8,14,12,16],
                    "texture": "#particle"
                }
            }
        },
        {
            "from": [12,16,2],
            "to": [16,16.9,4],
            "faces": {
                "up": {
                    "uv": [5,13,9,15],
                    "texture": "#particle"
                },
                "west": {
                    "uv": [1,0,3,1],
                    "texture": "#particle"
                },
                "east": {
                    "uv": [0,15,2,16],
                    "texture": "#particle"
                },
                "north": {
                    "uv": [11,15,15,16],
                    "texture": "#particle"
                },
                "south": {
                    "uv": [11,15,15,16],
                    "texture": "#particle"
                }
            }
        },
        {
            "from": [12,0,2],
            "to": [16,16,4],
            "faces": {
                "down": {
                    "uv": [0.0,0.0,4.0,2.0],
                    "texture": "#planks"
                },
                "west": {
                    "uv": [1,0,3,16],
                    "texture": "#particle"
                },
                "east": {
                    "uv": [1,0,3,16],
                    "texture": "#particle"
                },
                "north": {
                    "uv": [0,0,4,16],
                    "texture": "#particle"
                },
                "south": {
                    "uv": [12,0,16,16],
                    "texture": "#particle"
                }
            }
        },
        {
            "from": [12,3,4],
            "to": [16,5,9],
            "faces": {
                "up": {
                    "uv": [0,0,4,5],
                    "texture": "#particle"
                },
                "down": {
                    "uv": [0,11,4,16],
                    "texture": "#particle"
                },
                "west": {
                    "uv": [4,13,9,15],
                    "texture": "#particle"
                },
                "east": {
                    "uv": [8,14,13,16],
                    "texture": "#particle"
                },
                "south": {
                    "uv": [8,14,12,16],
                    "texture": "#particle"
                }
            }
        }
    ]
}