{
    "__createdwith": "opl's Model Creator",
    "parent": "block/block",
    "ambientocclusion": true,
    "textures": {
        "particle": "block/custom/fence/warped"
    },
    "elements": [
        {
            "from": [0,0,7],
            "to": [2,14,9],
            "faces": {
                "up": {
                    "uv": [0,8,2,10],
                    "texture": "#particle"
                },
                "down": {
                    "uv": [4,7,6,9],
                    "texture": "#particle"
                },
                "west": {
                    "uv": [2,2,4,16],
                    "texture": "#particle"
                },
                "east": {
                    "uv": [8,2,10,16],
                    "texture": "#particle"
                },
                "north": {
                    "uv": [8,2,10,16],
                    "texture": "#particle"
                },
                "south": {
                    "uv": [2,2,4,16],
                    "texture": "#particle"
                }
            }
        },
        {
            "from": [14,0,7],
            "to": [16,14,9],
            "faces": {
                "up": {
                    "uv": [8,2,10,4],
                    "texture": "#particle"
                },
                "down": {
                    "uv": [4,7,6,9],
                    "texture": "#particle"
                },
                "west": {
                    "uv": [2,2,4,16],
                    "texture": "#particle"
                },
                "east": {
                    "uv": [8,2,10,16],
                    "texture": "#particle"
                },
                "north": {
                    "uv": [2,2,4,16],
                    "texture": "#particle"
                },
                "south": {
                    "uv": [8,2,10,16],
                    "texture": "#particle"
                }
            }
        },
        {
            "from": [0,1,13],
            "to": [2,13,15],
            "faces": {
                "up": {
                    "uv": [1,3,3,5],
                    "texture": "#particle"
                },
                "down": {
                    "uv": [4,9,6,11],
                    "texture": "#particle"
                },
                "west": {
                    "uv": [2,2,4,14],
                    "texture": "#particle"
                },
                "east": {
                    "uv": [8,2,10,14],
                    "texture": "#particle"
                },
                "north": {
                    "uv": [1,4,2,16],
                    "texture": "#particle"
                },
                "south": {
                    "uv": [2,2,4,14],
                    "texture": "#particle"
                }
            }
        },
        {
            "from": [14,1,13],
            "to": [16,13,15],
            "faces": {
                "up": {
                    "uv": [0,3,2,5],
                    "texture": "#particle"
                },
                "down": {
                    "uv": [6,5,8,7],
                    "texture": "#particle"
                },
                "west": {
                    "uv": [2,2,4,14],
                    "texture": "#particle"
                },
                "east": {
                    "uv": [8,2,10,14],
                    "texture": "#particle"
                },
                "north": {
                    "uv": [1,4,2,16],
                    "texture": "#particle"
                },
                "south": {
                    "uv": [2,2,4,14],
                    "texture": "#particle"
                }
            }
        },
        {
            "from": [0,5,9],
            "to": [2,9,13],
            "faces": {
                "up": {
                    "uv": [0,10,2,14],
                    "texture": "#particle"
                },
                "down": {
                    "uv": [6,12,8,16],
                    "texture": "#particle"
                },
                "west": {
                    "uv": [4,8,8,12],
                    "texture": "#particle"
                },
                "east": {
                    "uv": [4,4,8,8],
                    "texture": "#particle"
                },
                "south": {
                    "uv": [4,4,8,8],
                    "texture": "#particle"
                }
            }
        },
        {
            "from": [14,5,9],
            "to": [16,9,13],
            "faces": {
                "up": {
                    "uv": [1,10,3,14],
                    "texture": "#particle"
                },
                "down": {
                    "uv": [6,12,8,16],
                    "texture": "#particle"
                },
                "west": {
                    "uv": [4,8,8,12],
                    "texture": "#particle"
                },
                "east": {
                    "uv": [4,4,8,8],
                    "texture": "#particle"
                },
                "south": {
                    "uv": [4,8,8,12],
                    "texture": "#particle"
                }
            }
        }
    ]
}