{
    "__createdwith": "opl's Model Creator",
    "parent": "block/block",
    "ambientocclusion": true,
    "textures": {
        "particle": "block/custom/fence/warped"
    },
    "elements": [
        {
            "from": [0,0,7],
            "to": [2,14,9],
            "faces": {
                "up": {
                    "uv": [0,8,2,10],
                    "texture": "#particle"
                },
                "down": {
                    "uv": [4,7,6,9],
                    "texture": "#particle"
                },
                "west": {
                    "uv": [2,2,4,16],
                    "texture": "#particle"
                },
                "east": {
                    "uv": [3,2,4,16],
                    "texture": "#particle"
                },
                "north": {
                    "uv": [8,2,10,16],
                    "texture": "#particle"
                },
                "south": {
                    "uv": [2,2,4,16],
                    "texture": "#particle"
                }
            }
        },
        {
            "from": [14,0,7],
            "to": [16,14,9],
            "faces": {
                "up": {
                    "uv": [8,2,10,4],
                    "texture": "#particle"
                },
                "down": {
                    "uv": [4,7,6,9],
                    "texture": "#particle"
                },
                "west": {
                    "uv": [3,2,4,16],
                    "texture": "#particle"
                },
                "east": {
                    "uv": [2,2,4,16],
                    "texture": "#particle"
                },
                "north": {
                    "uv": [2,2,4,16],
                    "texture": "#particle"
                },
                "south": {
                    "uv": [8,2,10,16],
                    "texture": "#particle"
                }
            }
        },
        {
            "from": [6,1,7],
            "to": [8,13,9],
            "faces": {
                "up": {
                    "uv": [1,3,3,5],
                    "texture": "#particle"
                },
                "down": {
                    "uv": [4,9,6,11],
                    "texture": "#particle"
                },
                "west": {
                    "uv": [8,2,9,14],
                    "texture": "#particle"
                },
                "east": {
                    "texture": "missingtexture"
                },
                "north": {
                    "uv": [2,2,4,11],
                    "texture": "#particle"
                },
                "south": {
                    "uv": [0,2,2,14],
                    "texture": "#particle"
                }
            }
        },
        {
            "from": [8,1,7],
            "to": [10,13,9],
            "faces": {
                "up": {
                    "uv": [0,3,2,5],
                    "texture": "#particle"
                },
                "down": {
                    "uv": [6,5,8,7],
                    "texture": "#particle"
                },
                "west": {
                    "texture": "missingtexture"
                },
                "east": {
                    "uv": [8,2,9,14],
                    "texture": "#particle"
                },
                "north": {
                    "uv": [0,2,2,11],
                    "texture": "#particle"
                },
                "south": {
                    "uv": [2,2,4,14],
                    "texture": "#particle"
                }
            }
        },
        {
            "from": [2,5,7],
            "to": [6,9,9],
            "faces": {
                "up": {
                    "uv": [4,5,8,7],
                    "texture": "#particle"
                },
                "down": {
                    "uv": [4,5,8,7],
                    "texture": "#particle"
                },
                "north": {
                    "uv": [4,8,8,12],
                    "texture": "#particle"
                },
                "south": {
                    "uv": [4,4,8,8],
                    "texture": "#particle"
                }
            }
        },
        {
            "from": [10,5,7],
            "to": [14,9,9],
            "faces": {
                "up": {
                    "uv": [4,9,8,11],
                    "texture": "#particle"
                },
                "down": {
                    "uv": [4,9,8,11],
                    "texture": "#particle"
                },
                "north": {
                    "uv": [4,4,8,8],
                    "texture": "#particle"
                },
                "south": {
                    "uv": [4,8,8,12],
                    "texture": "#particle"
                }
            }
        }
    ]
}