{
	"credit": "Made with Blockbench",
	"texture_size": [300, 100],
	"textures": {
		"0": "items/gang"
	},
	"elements": [
		{
			"from": [-16, 0, 0],
			"to": [32, 21, 1],
			"faces": {
				"north": {"uv": [0, 0, 16, 5.28], "texture": "#0"},
				"east": {"uv": [0, 0, 16, 5.28], "texture": "#missing"},
				"south": {"uv": [0, 0, 16, 5.28], "texture": "#0"},
				"west": {"uv": [0, 0, 16, 5.28], "texture": "#missing"},
				"up": {"uv": [0, 0, 16, 5.28], "texture": "#missing"},
				"down": {"uv": [0, 0, 16, 5.28], "texture": "#missing"}
			}
		}
	],
	"display": {
		"gui": {
			"rotation": [0, 0, -17],
			"translation": [9.5, 18, 80],
			"scale": [1.74, 1.72, 4]
		}
	}
}