{
	"credit": "Made with Blockbench",
	"texture_size": [300, 100],
	"textures": {
		"0": "items/me11"
	},
	"elements": [
		{
			"from": [0, 0, 0],
			"to": [30, 10, 1],
			"faces": {
				"north": {"uv": [0, 0, 16, 5.28], "texture": "#0"},
				"east": {"uv": [0, 0, 16, 5.28], "texture": "#missing"},
				"south": {"uv": [0, 0, 16, 5.28], "texture": "#0"},
				"west": {"uv": [0, 0, 16, 5.28], "texture": "#missing"},
				"up": {"uv": [0, 0, 16, 5.28], "texture": "#missing"},
				"down": {"uv": [0, 0, 16, 5.28], "texture": "#missing"}
			}
		}
	],
	"display": {
		"gui": {
			"translation": [-12, 5, 80],
			"scale": [1.74, 1.72, 4]
		}
	}
}