{
	"credit": "Made with Blockbench",
	"textures": {
		"1": "items/eyes",
		"2": "items/eye",
		"3": "items/ear",
		"4": "items/body",
		"5": "items/head",
		"6": "items/handle",
		"particle": "items/head"
	},
	"elements": [
		{
			"from": [5, 2, 10],
			"to": [11, 3.4, 12],
			"faces": {
				"north": {"uv": [6, 3, 9, 3.5], "texture": "#4"},
				"east": {"uv": [2, 8, 3, 8.5], "texture": "#4"},
				"south": {"uv": [6, 3.5, 9, 4], "texture": "#4"},
				"west": {"uv": [3, 8, 4, 8.5], "texture": "#4"},
				"up": {"uv": [3, 5, 0, 4], "texture": "#4"},
				"down": {"uv": [6, 4, 3, 5], "texture": "#4"}
			}
		},
		{
			"from": [10, 2, 5],
			"to": [12, 3.4, 11],
			"faces": {
				"north": {"uv": [6, 8, 7, 8.5], "texture": "#4"},
				"east": {"uv": [6, 4, 9, 4.5], "texture": "#4"},
				"south": {"uv": [7, 8, 8, 8.5], "texture": "#4"},
				"west": {"uv": [6, 4.5, 9, 5], "texture": "#4"},
				"up": {"uv": [1, 8, 0, 5], "texture": "#4"},
				"down": {"uv": [2, 5, 1, 8], "texture": "#4"}
			}
		},
		{
			"from": [4, 2, 5],
			"to": [6, 3.4, 11],
			"faces": {
				"north": {"uv": [8, 7, 9, 7.5], "texture": "#4"},
				"east": {"uv": [6, 6, 9, 6.5], "texture": "#4"},
				"south": {"uv": [8, 7.5, 9, 8], "texture": "#4"},
				"west": {"uv": [6, 6.5, 9, 7], "texture": "#4"},
				"up": {"uv": [3, 8, 2, 5], "texture": "#4"},
				"down": {"uv": [4, 5, 3, 8], "texture": "#4"}
			}
		},
		{
			"from": [5, 2, 4],
			"to": [11, 3.4, 6],
			"faces": {
				"north": {"uv": [7, 5, 10, 5.5], "texture": "#4"},
				"east": {"uv": [8, 8, 9, 8.5], "texture": "#4"},
				"south": {"uv": [7, 5.5, 10, 6], "texture": "#4"},
				"west": {"uv": [2, 8.5, 3, 9], "texture": "#4"},
				"up": {"uv": [7, 6, 4, 5], "texture": "#4"},
				"down": {"uv": [9, 0, 6, 1], "texture": "#4"}
			}
		},
		{
			"from": [5, 1.6, 4.6],
			"to": [11, 3.8, 6],
			"faces": {
				"north": {"uv": [0, 0, 3, 1], "texture": "#4"},
				"east": {"uv": [6, 7, 6.5, 8], "texture": "#4"},
				"south": {"uv": [0, 1, 3, 2], "texture": "#4"},
				"west": {"uv": [6.5, 7, 7, 8], "texture": "#4"},
				"up": {"uv": [9, 1.5, 6, 1], "texture": "#4"},
				"down": {"uv": [9, 1.5, 6, 2], "texture": "#4"}
			}
		},
		{
			"from": [5, 1.6, 10],
			"to": [11, 3.8, 11.4],
			"faces": {
				"north": {"uv": [0, 2, 3, 3], "texture": "#4"},
				"east": {"uv": [7, 7, 7.5, 8], "texture": "#4"},
				"south": {"uv": [0, 3, 3, 4], "texture": "#4"},
				"west": {"uv": [7.5, 7, 8, 8], "texture": "#4"},
				"up": {"uv": [9, 2.5, 6, 2], "texture": "#4"},
				"down": {"uv": [9, 2.5, 6, 3], "texture": "#4"}
			}
		},
		{
			"from": [10, 1.6, 5],
			"to": [11.4, 3.8, 11],
			"faces": {
				"north": {"uv": [0, 8, 0.5, 9], "texture": "#4"},
				"east": {"uv": [3, 0, 6, 1], "texture": "#4"},
				"south": {"uv": [0.5, 8, 1, 9], "texture": "#4"},
				"west": {"uv": [3, 1, 6, 2], "texture": "#4"},
				"up": {"uv": [4.5, 9, 4, 6], "texture": "#4"},
				"down": {"uv": [5, 6, 4.5, 9], "texture": "#4"}
			}
		},
		{
			"from": [4.6, 1.6, 5],
			"to": [6, 3.8, 11],
			"faces": {
				"north": {"uv": [1, 8, 1.5, 9], "texture": "#4"},
				"east": {"uv": [3, 2, 6, 3], "texture": "#4"},
				"south": {"uv": [1.5, 8, 2, 9], "texture": "#4"},
				"west": {"uv": [3, 3, 6, 4], "texture": "#4"},
				"up": {"uv": [5.5, 9, 5, 6], "texture": "#4"},
				"down": {"uv": [6, 6, 5.5, 9], "texture": "#4"}
			}
		},
		{
			"from": [4.4, 2, 4.4],
			"to": [5.4, 3.4, 5.4],
			"faces": {
				"north": {"uv": [3, 8.5, 3.5, 9], "texture": "#4"},
				"east": {"uv": [3.5, 8.5, 4, 9], "texture": "#4"},
				"south": {"uv": [6, 8.5, 6.5, 9], "texture": "#4"},
				"west": {"uv": [6.5, 8.5, 7, 9], "texture": "#4"},
				"up": {"uv": [7.5, 9, 7, 8.5], "texture": "#4"},
				"down": {"uv": [8, 8.5, 7.5, 9], "texture": "#4"}
			}
		},
		{
			"from": [4.4, 2, 10.5],
			"to": [5.4, 3.4, 11.5],
			"faces": {
				"north": {"uv": [8, 8.5, 8.5, 9], "texture": "#4"},
				"east": {"uv": [8.5, 8.5, 9, 9], "texture": "#4"},
				"south": {"uv": [0, 9, 0.5, 9.5], "texture": "#4"},
				"west": {"uv": [9, 0, 9.5, 0.5], "texture": "#4"},
				"up": {"uv": [1, 9.5, 0.5, 9], "texture": "#4"},
				"down": {"uv": [9.5, 0.5, 9, 1], "texture": "#4"}
			}
		},
		{
			"from": [10.6, 2, 10.6],
			"to": [11.6, 3.4, 11.6],
			"faces": {
				"north": {"uv": [1, 9, 1.5, 9.5], "texture": "#4"},
				"east": {"uv": [9, 1, 9.5, 1.5], "texture": "#4"},
				"south": {"uv": [1.5, 9, 2, 9.5], "texture": "#4"},
				"west": {"uv": [9, 1.5, 9.5, 2], "texture": "#4"},
				"up": {"uv": [2.5, 9.5, 2, 9], "texture": "#4"},
				"down": {"uv": [9.5, 2, 9, 2.5], "texture": "#4"}
			}
		},
		{
			"from": [10.6, 2, 4.4],
			"to": [11.6, 3.4, 5.4],
			"faces": {
				"north": {"uv": [2.5, 9, 3, 9.5], "texture": "#4"},
				"east": {"uv": [9, 2.5, 9.5, 3], "texture": "#4"},
				"south": {"uv": [3, 9, 3.5, 9.5], "texture": "#4"},
				"west": {"uv": [9, 3, 9.5, 3.5], "texture": "#4"},
				"up": {"uv": [4, 9.5, 3.5, 9], "texture": "#4"},
				"down": {"uv": [9.5, 3.5, 9, 4], "texture": "#4"}
			}
		},
		{
			"from": [10.3, 2, 7.1],
			"to": [11.2, 4.2, 9.1],
			"faces": {
				"north": {"uv": [0, 4, 1, 6], "texture": "#6"},
				"east": {"uv": [0, 0, 2, 2], "texture": "#6"},
				"south": {"uv": [4, 0, 5, 2], "texture": "#6"},
				"west": {"uv": [0, 2, 2, 4], "texture": "#6"},
				"up": {"uv": [2, 6, 1, 4], "texture": "#6"},
				"down": {"uv": [3, 4, 2, 6], "texture": "#6"}
			}
		},
		{
			"from": [4.9, 2, 7.1],
			"to": [5.8, 4.2, 9.1],
			"faces": {
				"north": {"uv": [4, 2, 5, 4], "texture": "#6"},
				"east": {"uv": [2, 0, 4, 2], "texture": "#6"},
				"south": {"uv": [3, 4, 4, 6], "texture": "#6"},
				"west": {"uv": [2, 2, 4, 4], "texture": "#6"},
				"up": {"uv": [5, 6, 4, 4], "texture": "#6"},
				"down": {"uv": [6, 0, 5, 2], "texture": "#6"}
			}
		},
		{
			"from": [5.1, 4.4, 7.5],
			"to": [5.6, 4.6, 8.7],
			"faces": {
				"north": {"uv": [5, 2, 6, 3], "texture": "#6"},
				"east": {"uv": [5, 3, 6, 4], "texture": "#6"},
				"south": {"uv": [5, 4, 6, 5], "texture": "#6"},
				"west": {"uv": [5, 5, 6, 6], "texture": "#6"},
				"up": {"uv": [1, 7, 0, 6], "texture": "#6"},
				"down": {"uv": [7, 0, 6, 1], "texture": "#6"}
			}
		},
		{
			"from": [5.1, 3.4, 7.5],
			"to": [5.6, 4.6, 7.7],
			"faces": {
				"north": {"uv": [1, 6, 2, 7], "texture": "#6"},
				"east": {"uv": [6, 1, 7, 2], "texture": "#6"},
				"south": {"uv": [2, 6, 3, 7], "texture": "#6"},
				"west": {"uv": [6, 2, 7, 3], "texture": "#6"},
				"up": {"uv": [4, 7, 3, 6], "texture": "#6"},
				"down": {"uv": [7, 3, 6, 4], "texture": "#6"}
			}
		},
		{
			"from": [5.1, 3.4, 8.5],
			"to": [5.6, 4.6, 8.7],
			"faces": {
				"north": {"uv": [4, 6, 5, 7], "texture": "#6"},
				"east": {"uv": [6, 4, 7, 5], "texture": "#6"},
				"south": {"uv": [5, 6, 6, 7], "texture": "#6"},
				"west": {"uv": [6, 5, 7, 6], "texture": "#6"},
				"up": {"uv": [7, 7, 6, 6], "texture": "#6"},
				"down": {"uv": [1, 7, 0, 8], "texture": "#6"}
			}
		},
		{
			"from": [10.5, 3.4, 7.5],
			"to": [11, 4.6, 7.7],
			"faces": {
				"north": {"uv": [7, 0, 8, 1], "texture": "#6"},
				"east": {"uv": [1, 7, 2, 8], "texture": "#6"},
				"south": {"uv": [7, 1, 8, 2], "texture": "#6"},
				"west": {"uv": [2, 7, 3, 8], "texture": "#6"},
				"up": {"uv": [8, 3, 7, 2], "texture": "#6"},
				"down": {"uv": [4, 7, 3, 8], "texture": "#6"}
			}
		},
		{
			"from": [10.5, 4.4, 7.5],
			"to": [11, 4.6, 8.7],
			"faces": {
				"north": {"uv": [7, 3, 8, 4], "texture": "#6"},
				"east": {"uv": [4, 7, 5, 8], "texture": "#6"},
				"south": {"uv": [7, 4, 8, 5], "texture": "#6"},
				"west": {"uv": [5, 7, 6, 8], "texture": "#6"},
				"up": {"uv": [8, 6, 7, 5], "texture": "#6"},
				"down": {"uv": [7, 7, 6, 8], "texture": "#6"}
			}
		},
		{
			"from": [10.5, 3.4, 8.5],
			"to": [11, 4.6, 8.7],
			"faces": {
				"north": {"uv": [7, 6, 8, 7], "texture": "#6"},
				"east": {"uv": [7, 7, 8, 8], "texture": "#6"},
				"south": {"uv": [0, 8, 1, 9], "texture": "#6"},
				"west": {"uv": [8, 0, 9, 1], "texture": "#6"},
				"up": {"uv": [2, 9, 1, 8], "texture": "#6"},
				"down": {"uv": [9, 1, 8, 2], "texture": "#6"}
			}
		},
		{
			"from": [7, 3, 10.9],
			"to": [9, 5, 12.8],
			"faces": {
				"north": {"uv": [5, 7, 7, 9], "texture": "#5"},
				"east": {"uv": [7, 7, 9, 9], "texture": "#5"},
				"south": {"uv": [0, 8, 2, 10], "texture": "#5"},
				"west": {"uv": [8, 4, 10, 6], "texture": "#5"},
				"up": {"uv": [11, 2, 9, 0], "texture": "#5"},
				"down": {"uv": [4, 9, 2, 11], "texture": "#5"}
			}
		},
		{
			"from": [6.7, 5, 10.7],
			"to": [9.3, 7.4, 13.3],
			"faces": {
				"north": {"uv": [3, 0, 6, 2], "texture": "#5"},
				"east": {"uv": [3, 2, 6, 4], "texture": "#5"},
				"south": {"uv": [3, 4, 6, 6], "texture": "#5"},
				"west": {"uv": [0, 6, 3, 8], "texture": "#5"},
				"up": {"uv": [3, 3, 0, 0], "texture": "#5"},
				"down": {"uv": [3, 3, 0, 6], "texture": "#5"}
			}
		},
		{
			"from": [7.1, 5, 12.7],
			"to": [9, 7.2, 15.3],
			"faces": {
				"north": {"uv": [9, 2, 11, 4], "texture": "#5"},
				"east": {"uv": [6, 0, 9, 2], "texture": "#5"},
				"south": {"uv": [4, 9, 6, 11], "texture": "#5"},
				"west": {"uv": [6, 2, 9, 4], "texture": "#5"},
				"up": {"uv": [5, 9, 3, 6], "texture": "#5"},
				"down": {"uv": [8, 4, 6, 7], "texture": "#5"}
			}
		},
		{
			"from": [7.1, 5, 12.7],
			"to": [9, 7.2, 15.3],
			"color": 3,
			"faces": {
				"north": {"uv": [0, 0, 3.8, 4.4], "texture": "#missing"},
				"east": {"uv": [0, 0, 5.2, 4.4], "texture": "#missing"},
				"south": {"uv": [0, 0, 3.8, 4.4], "texture": "#missing"},
				"west": {"uv": [0, 0, 5.2, 4.4], "texture": "#missing"},
				"up": {"uv": [0, 0, 3.8, 5.2], "texture": "#missing"},
				"down": {"uv": [0, 0, 3.8, 5.2], "texture": "#missing"}
			}
		},
		{
			"from": [7.5, 5.7, 13.7],
			"to": [8, 6.4, 16.3],
			"faces": {
				"north": {"uv": [13, 4, 14, 5], "texture": "#5"},
				"east": {"uv": [11, 6, 14, 7], "texture": "#5"},
				"south": {"uv": [13, 5, 14, 6], "texture": "#5"},
				"west": {"uv": [8, 11, 11, 12], "texture": "#5"},
				"up": {"uv": [12, 11, 11, 8], "texture": "#5"},
				"down": {"uv": [12, 11, 11, 14], "texture": "#5"}
			}
		},
		{
			"from": [7.6, 6.3, 13.4],
			"to": [8, 6.8, 16],
			"rotation": {"angle": 0, "axis": "y", "origin": [0, -0.2, -0.2]},
			"faces": {
				"north": {"uv": [12, 11, 13, 12], "texture": "#5"},
				"east": {"uv": [7, 10, 10, 11], "texture": "#5"},
				"south": {"uv": [12, 12, 13, 13], "texture": "#5"},
				"west": {"uv": [10, 7, 13, 8], "texture": "#5"},
				"up": {"uv": [11, 11, 10, 8], "texture": "#5"},
				"down": {"uv": [12, 0, 11, 3], "texture": "#5"}
			}
		},
		{
			"from": [0.5, 10.2, 13],
			"to": [1, 10.7, 16],
			"rotation": {"angle": -45, "axis": "z", "origin": [0, -0.2, -0.2]},
			"faces": {
				"north": {"uv": [5, 6, 6, 7], "texture": "#5"},
				"east": {"uv": [8, 6, 11, 7], "texture": "#5"},
				"south": {"uv": [2, 8, 3, 9], "texture": "#5"},
				"west": {"uv": [6, 9, 9, 10], "texture": "#5"},
				"up": {"uv": [10, 10, 9, 7], "texture": "#5"},
				"down": {"uv": [1, 10, 0, 13], "texture": "#5"}
			}
		},
		{
			"from": [8.1, 6.3, 13.4],
			"to": [8.5, 6.8, 16],
			"rotation": {"angle": 0, "axis": "y", "origin": [0, -0.2, -0.2]},
			"faces": {
				"north": {"uv": [10, 12, 11, 13], "texture": "#5"},
				"east": {"uv": [10, 4, 13, 5], "texture": "#5"},
				"south": {"uv": [12, 10, 13, 11], "texture": "#5"},
				"west": {"uv": [10, 5, 13, 6], "texture": "#5"},
				"up": {"uv": [2, 13, 1, 10], "texture": "#5"},
				"down": {"uv": [7, 10, 6, 13], "texture": "#5"}
			}
		},
		{
			"from": [8.1, 5.7, 13.7],
			"to": [8.6, 6.4, 16.3],
			"faces": {
				"north": {"uv": [6, 13, 7, 14], "texture": "#5"},
				"east": {"uv": [12, 0, 15, 1], "texture": "#5"},
				"south": {"uv": [13, 7, 14, 8], "texture": "#5"},
				"west": {"uv": [12, 1, 15, 2], "texture": "#5"},
				"up": {"uv": [3, 15, 2, 12], "texture": "#5"},
				"down": {"uv": [4, 12, 3, 15], "texture": "#5"}
			}
		},
		{
			"from": [7.5, 5, 13.7],
			"to": [8.6, 5.6, 16.3],
			"faces": {
				"north": {"uv": [0, 13, 1, 14], "texture": "#5"},
				"east": {"uv": [2, 11, 5, 12], "texture": "#5"},
				"south": {"uv": [1, 13, 2, 14], "texture": "#5"},
				"west": {"uv": [11, 3, 14, 4], "texture": "#5"},
				"up": {"uv": [6, 14, 5, 11], "texture": "#5"},
				"down": {"uv": [8, 11, 7, 14], "texture": "#5"}
			}
		},
		{
			"from": [7.6, 5.3, 13.7],
			"to": [8.5, 6.4, 16.1],
			"faces": {
				"north": {"uv": [8, 13, 9, 14], "texture": "#5"},
				"east": {"uv": [12, 2, 14, 3], "texture": "#5"},
				"south": {"uv": [13, 8, 14, 9], "texture": "#5"},
				"west": {"uv": [8, 12, 10, 13], "texture": "#5"},
				"up": {"uv": [5, 14, 4, 12], "texture": "#5"},
				"down": {"uv": [13, 8, 12, 10], "texture": "#5"}
			}
		},
		{
			"from": [8.5, 6.7, 12.1],
			"to": [9.5, 7.1, 13.2],
			"faces": {
				"north": {"uv": [0, 0, 1, 1], "texture": "#1"},
				"east": {"uv": [0, 1, 1, 2], "texture": "#1"},
				"south": {"uv": [1, 0, 2, 1], "texture": "#1"},
				"west": {"uv": [1, 1, 2, 2], "texture": "#1"},
				"up": {"uv": [1, 3, 0, 2], "texture": "#1"},
				"down": {"uv": [3, 0, 2, 1], "texture": "#1"}
			}
		},
		{
			"from": [5.6, 9.9, 10.9],
			"to": [6.2, 10.9, 12],
			"rotation": {"angle": -22.5, "axis": "z", "origin": [0, 0, 0]},
			"faces": {
				"north": {"uv": [0, 0, 1, 1], "texture": "#3"},
				"east": {"uv": [0, 1, 1, 2], "texture": "#3"},
				"south": {"uv": [1, 0, 2, 1], "texture": "#3"},
				"west": {"uv": [1, 1, 2, 2], "texture": "#3"},
				"up": {"uv": [1, 3, 0, 2], "texture": "#3"},
				"down": {"uv": [3, 0, 2, 1], "texture": "#3"}
			}
		},
		{
			"from": [8.6, 3.8, 10.9],
			"to": [9.2, 4.8, 12],
			"rotation": {"angle": 22.5, "axis": "z", "origin": [0, 0, 0]},
			"faces": {
				"north": {"uv": [1, 2, 2, 3], "texture": "#3"},
				"east": {"uv": [2, 1, 3, 2], "texture": "#3"},
				"south": {"uv": [2, 2, 3, 3], "texture": "#3"},
				"west": {"uv": [0, 3, 1, 4], "texture": "#3"},
				"up": {"uv": [4, 1, 3, 0], "texture": "#3"},
				"down": {"uv": [2, 3, 1, 4], "texture": "#3"}
			}
		},
		{
			"from": [8.5, 6.4, 12.2],
			"to": [9.4, 6.8, 12.9],
			"faces": {
				"north": {"uv": [0, 0, 0.9, 0.4], "texture": "#2"},
				"east": {"uv": [0, 0, 0.7, 0.4], "texture": "#2"},
				"south": {"uv": [0, 0, 0.9, 0.4], "texture": "#2"},
				"west": {"uv": [0, 0, 0.7, 0.4], "texture": "#2"},
				"up": {"uv": [0, 0, 0.9, 0.7], "texture": "#2"},
				"down": {"uv": [0, 0, 0.9, 0.7], "texture": "#2"}
			}
		},
		{
			"from": [6.6, 6.4, 12.2],
			"to": [7.5, 6.8, 12.9],
			"faces": {
				"north": {"uv": [0, 0, 1, 1], "texture": "#2"},
				"east": {"uv": [0, 1, 1, 2], "texture": "#2"},
				"south": {"uv": [1, 0, 2, 1], "texture": "#2"},
				"west": {"uv": [1, 1, 2, 2], "texture": "#2"},
				"up": {"uv": [1, 3, 0, 2], "texture": "#2"},
				"down": {"uv": [3, 0, 2, 1], "texture": "#2"}
			}
		},
		{
			"from": [6.5, 6.7, 12.1],
			"to": [7.5, 7.1, 13.2],
			"faces": {
				"north": {"uv": [0, 0, 1, 0.4], "texture": "#1"},
				"east": {"uv": [0, 0, 1.1, 0.4], "texture": "#1"},
				"south": {"uv": [0, 0, 1, 0.4], "texture": "#1"},
				"west": {"uv": [0, 0, 1.1, 0.4], "texture": "#1"},
				"up": {"uv": [0, 0, 1, 1.1], "texture": "#1"},
				"down": {"uv": [0, 0, 1, 1.1], "texture": "#1"}
			}
		}
	],
	"display": {
		"thirdperson_righthand": {
			"rotation": [70, -180, 0],
			"translation": [-6, -1, 13.25],
			"scale": [3, 3, 3]
		},
		"thirdperson_lefthand": {
			"rotation": [70, -180, 0],
			"translation": [-6, -1, 13.25],
			"scale": [3, 3, 3]
		},
		"firstperson_righthand": {
			"rotation": [0, -180, 0],
			"translation": [0, 8, 6]
		},
		"firstperson_lefthand": {
			"rotation": [0, -180, 0],
			"translation": [0, 8, 6]
		},
		"ground": {
			"rotation": [-1, 0, 0]
		},
		"gui": {
			"rotation": [45, 45, 0],
			"translation": [0, 6.75, 0],
			"scale": [2, 2, 2]
		},
		"head": {
			"rotation": [0, 180, 0],
			"translation": [0, -8.75, 0],
			"scale": [3, 3, 3]
		}
	},
	"groups": [
		{
			"name": "중앙",
			"origin": [8, 8, 8],
			"color": 0,
			"children": [0, 1, 2, 3]
		},
		{
			"name": "안쪽",
			"origin": [8, 8, 8],
			"color": 0,
			"children": [4, 5, 6, 7]
		},
		{
			"name": "외곽중앙",
			"origin": [8, 8, 8],
			"color": 0,
			"children": [8, 9, 10, 11]
		},
		{
			"name": "손잡이",
			"origin": [0, 0, 0],
			"color": 0,
			"children": [12, 13, 14, 15, 16, 17, 18, 19]
		},
		{
			"name": "낙타",
			"origin": [8, 8, 8],
			"color": 0,
			"children": [20, 21, 22, 23, 24, 25, 26, 27, 28, 29, 30, 31, 32, 33, 34, 35, 36]
		}
	]
}