{
	"credit": "Made with Blockbench",
	"texture_size": [32, 32],
	"textures": {
		"0": "items/squid2",
		"particle": "items/squid2"
	},
	"elements": [
		{
			"from": [6, 2, 11],
			"to": [7, 3, 13],
			"faces": {
				"north": {"uv": [6.5, 4, 7, 4.5], "texture": "#0"},
				"east": {"uv": [4, 4, 5, 4.5], "texture": "#0"},
				"south": {"uv": [7.5, 4.5, 8, 5], "texture": "#0"},
				"west": {"uv": [4, 4.5, 5, 5], "texture": "#0"},
				"up": {"uv": [4.5, 6, 4, 5], "texture": "#0"},
				"down": {"uv": [5.5, 4, 5, 5], "texture": "#0"}
			}
		},
		{
			"from": [6, 2, 5],
			"to": [7, 3, 7],
			"faces": {
				"north": {"uv": [5, 7.5, 5.5, 8], "texture": "#0"},
				"east": {"uv": [4.5, 5, 5.5, 5.5], "texture": "#0"},
				"south": {"uv": [5.5, 7.5, 6, 8], "texture": "#0"},
				"west": {"uv": [5.5, 4, 6.5, 4.5], "texture": "#0"},
				"up": {"uv": [5, 6.5, 4.5, 5.5], "texture": "#0"},
				"down": {"uv": [6, 4.5, 5.5, 5.5], "texture": "#0"}
			}
		},
		{
			"from": [6, 2, 7],
			"to": [10, 8, 11],
			"faces": {
				"north": {"uv": [0, 0, 2, 3], "texture": "#0"},
				"east": {"uv": [2, 0, 4, 3], "texture": "#0"},
				"south": {"uv": [0, 3, 2, 6], "texture": "#0"},
				"west": {"uv": [2, 3, 4, 6], "texture": "#0"},
				"up": {"uv": [6, 2, 4, 0], "texture": "#0"},
				"down": {"uv": [6, 2, 4, 4], "texture": "#0"}
			}
		},
		{
			"from": [9, 0, 5],
			"to": [10, 2, 6],
			"faces": {
				"north": {"uv": [5, 5.5, 5.5, 6.5], "texture": "#0"},
				"east": {"uv": [5.5, 5.5, 6, 6.5], "texture": "#0"},
				"south": {"uv": [0, 6, 0.5, 7], "texture": "#0"},
				"west": {"uv": [6, 0, 6.5, 1], "texture": "#0"},
				"up": {"uv": [6.5, 8, 6, 7.5], "texture": "#0"},
				"down": {"uv": [7, 7.5, 6.5, 8], "texture": "#0"}
			}
		},
		{
			"from": [9, 2, 5],
			"to": [10, 3, 7],
			"faces": {
				"north": {"uv": [7, 7.5, 7.5, 8], "texture": "#0"},
				"east": {"uv": [0.5, 6, 1.5, 6.5], "texture": "#0"},
				"south": {"uv": [7.5, 7.5, 8, 8], "texture": "#0"},
				"west": {"uv": [6, 1, 7, 1.5], "texture": "#0"},
				"up": {"uv": [2, 7, 1.5, 6], "texture": "#0"},
				"down": {"uv": [6.5, 1.5, 6, 2.5], "texture": "#0"}
			}
		},
		{
			"from": [6, 0, 5],
			"to": [7, 2, 6],
			"faces": {
				"north": {"uv": [2, 6, 2.5, 7], "texture": "#0"},
				"east": {"uv": [2.5, 6, 3, 7], "texture": "#0"},
				"south": {"uv": [6, 2.5, 6.5, 3.5], "texture": "#0"},
				"west": {"uv": [3, 6, 3.5, 7], "texture": "#0"},
				"up": {"uv": [0.5, 8.5, 0, 8], "texture": "#0"},
				"down": {"uv": [1, 8, 0.5, 8.5], "texture": "#0"}
			}
		},
		{
			"from": [4, 2, 7],
			"to": [6, 3, 8],
			"rotation": {"angle": 0, "axis": "y", "origin": [6.5, 2.5, 6]},
			"faces": {
				"north": {"uv": [3.5, 6, 4.5, 6.5], "texture": "#0"},
				"east": {"uv": [1, 8, 1.5, 8.5], "texture": "#0"},
				"south": {"uv": [6, 3.5, 7, 4], "texture": "#0"},
				"west": {"uv": [1.5, 8, 2, 8.5], "texture": "#0"},
				"up": {"uv": [7, 5, 6, 4.5], "texture": "#0"},
				"down": {"uv": [7, 5, 6, 5.5], "texture": "#0"}
			}
		},
		{
			"from": [4, 0, 7],
			"to": [5, 2, 8],
			"faces": {
				"north": {"uv": [6, 5.5, 6.5, 6.5], "texture": "#0"},
				"east": {"uv": [6.5, 0, 7, 1], "texture": "#0"},
				"south": {"uv": [0.5, 6.5, 1, 7.5], "texture": "#0"},
				"west": {"uv": [1, 6.5, 1.5, 7.5], "texture": "#0"},
				"up": {"uv": [2.5, 8.5, 2, 8], "texture": "#0"},
				"down": {"uv": [3, 8, 2.5, 8.5], "texture": "#0"}
			}
		},
		{
			"from": [4, 0, 10],
			"to": [5, 2, 11],
			"faces": {
				"north": {"uv": [6.5, 1.5, 7, 2.5], "texture": "#0"},
				"east": {"uv": [6.5, 2.5, 7, 3.5], "texture": "#0"},
				"south": {"uv": [3.5, 6.5, 4, 7.5], "texture": "#0"},
				"west": {"uv": [4, 6.5, 4.5, 7.5], "texture": "#0"},
				"up": {"uv": [3.5, 8.5, 3, 8], "texture": "#0"},
				"down": {"uv": [4, 8, 3.5, 8.5], "texture": "#0"}
			}
		},
		{
			"from": [6, 0, 12],
			"to": [7, 2, 13],
			"faces": {
				"north": {"uv": [4.5, 6.5, 5, 7.5], "texture": "#0"},
				"east": {"uv": [5, 6.5, 5.5, 7.5], "texture": "#0"},
				"south": {"uv": [5.5, 6.5, 6, 7.5], "texture": "#0"},
				"west": {"uv": [6.5, 5.5, 7, 6.5], "texture": "#0"},
				"up": {"uv": [8.5, 4, 8, 3.5], "texture": "#0"},
				"down": {"uv": [4.5, 8, 4, 8.5], "texture": "#0"}
			}
		},
		{
			"from": [9, 0, 12],
			"to": [10, 2, 13],
			"faces": {
				"north": {"uv": [6, 6.5, 6.5, 7.5], "texture": "#0"},
				"east": {"uv": [6.5, 6.5, 7, 7.5], "texture": "#0"},
				"south": {"uv": [0, 7, 0.5, 8], "texture": "#0"},
				"west": {"uv": [7, 0, 7.5, 1], "texture": "#0"},
				"up": {"uv": [8.5, 4.5, 8, 4], "texture": "#0"},
				"down": {"uv": [8.5, 4.5, 8, 5], "texture": "#0"}
			}
		},
		{
			"from": [11, 0, 10],
			"to": [12, 2, 11],
			"faces": {
				"north": {"uv": [7, 1, 7.5, 2], "texture": "#0"},
				"east": {"uv": [1.5, 7, 2, 8], "texture": "#0"},
				"south": {"uv": [2, 7, 2.5, 8], "texture": "#0"},
				"west": {"uv": [7, 2, 7.5, 3], "texture": "#0"},
				"up": {"uv": [5.5, 8.5, 5, 8], "texture": "#0"},
				"down": {"uv": [8.5, 5, 8, 5.5], "texture": "#0"}
			}
		},
		{
			"from": [11, 0, 7],
			"to": [12, 2, 8],
			"faces": {
				"north": {"uv": [2.5, 7, 3, 8], "texture": "#0"},
				"east": {"uv": [3, 7, 3.5, 8], "texture": "#0"},
				"south": {"uv": [7, 3, 7.5, 4], "texture": "#0"},
				"west": {"uv": [7, 4, 7.5, 5], "texture": "#0"},
				"up": {"uv": [6, 8.5, 5.5, 8], "texture": "#0"},
				"down": {"uv": [8.5, 5.5, 8, 6], "texture": "#0"}
			}
		},
		{
			"from": [4, 2, 10],
			"to": [6, 3, 11],
			"rotation": {"angle": 0, "axis": "y", "origin": [6.5, 2.5, 6]},
			"faces": {
				"north": {"uv": [7, 5, 8, 5.5], "texture": "#0"},
				"east": {"uv": [6, 8, 6.5, 8.5], "texture": "#0"},
				"south": {"uv": [7, 5.5, 8, 6], "texture": "#0"},
				"west": {"uv": [8, 6, 8.5, 6.5], "texture": "#0"},
				"up": {"uv": [8, 6.5, 7, 6], "texture": "#0"},
				"down": {"uv": [8, 6.5, 7, 7], "texture": "#0"}
			}
		},
		{
			"from": [10, 2, 10],
			"to": [12, 3, 11],
			"rotation": {"angle": 0, "axis": "y", "origin": [6.5, 2.5, 6]},
			"faces": {
				"north": {"uv": [7, 7, 8, 7.5], "texture": "#0"},
				"east": {"uv": [6.5, 8, 7, 8.5], "texture": "#0"},
				"south": {"uv": [7.5, 0, 8.5, 0.5], "texture": "#0"},
				"west": {"uv": [8, 6.5, 8.5, 7], "texture": "#0"},
				"up": {"uv": [1.5, 8, 0.5, 7.5], "texture": "#0"},
				"down": {"uv": [8.5, 0.5, 7.5, 1], "texture": "#0"}
			}
		},
		{
			"from": [10, 2, 7],
			"to": [12, 3, 8],
			"rotation": {"angle": 0, "axis": "y", "origin": [6.5, 2.5, 6]},
			"faces": {
				"north": {"uv": [7.5, 1, 8.5, 1.5], "texture": "#0"},
				"east": {"uv": [7, 8, 7.5, 8.5], "texture": "#0"},
				"south": {"uv": [7.5, 1.5, 8.5, 2], "texture": "#0"},
				"west": {"uv": [8, 7, 8.5, 7.5], "texture": "#0"},
				"up": {"uv": [8.5, 2.5, 7.5, 2], "texture": "#0"},
				"down": {"uv": [8.5, 2.5, 7.5, 3], "texture": "#0"}
			}
		},
		{
			"from": [9, 2, 11],
			"to": [10, 3, 13],
			"faces": {
				"north": {"uv": [7.5, 8, 8, 8.5], "texture": "#0"},
				"east": {"uv": [7.5, 3, 8.5, 3.5], "texture": "#0"},
				"south": {"uv": [8, 7.5, 8.5, 8], "texture": "#0"},
				"west": {"uv": [3.5, 7.5, 4.5, 8], "texture": "#0"},
				"up": {"uv": [8, 4.5, 7.5, 3.5], "texture": "#0"},
				"down": {"uv": [5, 7.5, 4.5, 8.5], "texture": "#0"}
			}
		}
	],
	"display": {
		"thirdperson_righthand": {
			"rotation": [0, 90, 0],
			"translation": [-1, 0, -1.75]
		},
		"thirdperson_lefthand": {
			"rotation": [0, -90, 0],
			"translation": [1, 0, -2]
		},
		"firstperson_righthand": {
			"rotation": [-180, -2.5, -180],
			"translation": [0, 7.25, 4.25]
		},
		"firstperson_lefthand": {
			"translation": [0, 7.25, 1]
		},
		"ground": {
			"translation": [0, 4.5, -0.5]
		},
		"gui": {
			"rotation": [180, -90, 180],
			"translation": [2, 8, 0],
			"scale": [2, 2, 2]
		},
		"head": {
			"rotation": [180, 90, 180],
			"translation": [-2.25, 19.25, 0],
			"scale": [2.2, 2.2, 2.2]
		},
		"fixed": {
			"rotation": [180, 90, 180],
			"translation": [-2.25, 9, 0],
			"scale": [2.2, 2.2, 2.2]
		}
	},
	"groups": [
		{
			"name": "group",
			"origin": [0, 0, 0],
			"color": 0,
			"children": [0, 1, 2, 3, 4, 5, 6, 7, 8, 9, 10, 11, 12, 13, 14, 15, 16]
		}
	]
}