{
	"texture_size": [64, 64],
	"textures": {
		"3": "items/wing10"
	},
	"elements": [
		{
			"from": [11.5, 2, 7.995],
			"to": [28, 25, 8.005],
			"rotation": {"angle": 0, "axis": "y", "origin": [2.625, 9.375, 7.995]},
			"faces": {
				"north": {"uv": [0, 5.75, 4.125, 11.5], "texture": "#3"},
				"east": {"uv": [9.25, 0, 9.25, 5.75], "texture": "#3"},
				"south": {"uv": [4.125, 5.75, 0, 11.5], "texture": "#3"},
				"west": {"uv": [9.25, 0, 9.25, 5.75], "texture": "#3"},
				"up": {"uv": [9.25, 0, 9.25, 5.75], "texture": "#3"},
				"down": {"uv": [9.25, 0, 9.25, 5.75], "texture": "#3"}
			}
		},
		{
			"from": [-12, 2, 7.995],
			"to": [4.5, 25, 8.005],
			"rotation": {"angle": 0, "axis": "y", "origin": [13.375, 9.375, 7.995]},
			"faces": {
				"north": {"uv": [0, 0, 4.125, 5.75], "texture": "#3"},
				"east": {"uv": [12.5, 0, 12.5, 5.75], "texture": "#3"},
				"south": {"uv": [4.125, 0, 0, 5.75], "texture": "#3"},
				"west": {"uv": [12.5, 0, 12.5, 5.75], "texture": "#3"},
				"up": {"uv": [12.5, 0, 12.5, 5.75], "texture": "#3"},
				"down": {"uv": [12.5, 0, 12.5, 5.75], "texture": "#3"}
			}
		}
	],
	"display": {
		"thirdperson_righthand": {
			"rotation": [68, 0, 0],
			"translation": [-5.5, -5.25, 9.25],
			"scale": [1, 1.1, 1]
		},
		"thirdperson_lefthand": {
			"rotation": [68, 0, 0],
			"translation": [-5.5, -5.25, 9.25],
			"scale": [1, 1.1, 1]
		},
		"firstperson_righthand": {
			"scale": [0, 0, 0]
		},
		"firstperson_lefthand": {
			"rotation": [68, 0, 0],
			"translation": [-5.5, -13.25, 10.25]
		},
		"ground": {
			"translation": [0, 2, 0],
			"scale": [0.5, 0.5, 0.5]
		},
		"gui": {
			"rotation": [20, -160, 0],
			"translation": [0, -1, 0],
			"scale": [0.35, 0.4, 0.3]
		},
		"head": {
			"translation": [0, -12.5, 4.5],
			"scale": [1.5, 1.6, 1]
		}
	}
}