{
	"texture_size": [64, 64],
	"textures": {
		"2": "items/wing08"
	},
	"elements": [
		{
			"from": [-16, 4.5, 0],
			"to": [5.5, 28, 0.01],
			"rotation": {"angle": 0, "axis": "y", "origin": [-5.25, 16.25, 0]},
			"faces": {
				"north": {"uv": [0, 0, 5.375, 5.875], "texture": "#2"},
				"east": {"uv": [0, 0, 0, 5.875], "texture": "#2"},
				"south": {"uv": [5.375, 0, 0, 5.875], "texture": "#2"},
				"west": {"uv": [0, 0, 0, 5.875], "texture": "#2"},
				"up": {"uv": [5.375, 0, 0, 0], "texture": "#2"},
				"down": {"uv": [5.375, 0, 0, 0], "texture": "#2"}
			}
		},
		{
			"from": [10.5, 4.5, 0],
			"to": [32, 28, 0.01],
			"rotation": {"angle": 0, "axis": "y", "origin": [21.25, 16.25, 0]},
			"faces": {
				"north": {"uv": [5.375, 0, 0, 5.875], "texture": "#2"},
				"east": {"uv": [0, 0, 0, 5.875], "texture": "#2"},
				"south": {"uv": [0, 0, 5.375, 5.875], "texture": "#2"},
				"west": {"uv": [0, 0, 0, 5.875], "texture": "#2"},
				"up": {"uv": [0, 0, 5.375, 0], "texture": "#2"},
				"down": {"uv": [0, 0, 5.375, 0], "texture": "#2"}
			}
		}
	],
	"display": {
		"thirdperson_righthand": {
			"rotation": [68, 0, 0],
			"translation": [-5.5, -13.25, 10.25]
		},
		"thirdperson_lefthand": {
			"rotation": [68, 0, 0],
			"translation": [-5.5, -13.25, 10.25]
		},
		"firstperson_righthand": {
			"scale": [0, 0, 0]
		},
		"firstperson_lefthand": {
			"rotation": [68, 0, 0],
			"translation": [-5.5, -13.25, 10.25]
		},
		"ground": {
			"translation": [0, 2, 0],
			"scale": [0.5, 0.5, 0.5]
		},
		"gui": {
			"rotation": [20, -160, 0],
			"translation": [-1, -1, 0],
			"scale": [0.3, 0.3, 0.3]
		},
		"head": {
			"translation": [0, -16, 12.25],
			"scale": [1.5, 1.5, 1]
		}
	}
}