{
	"__comment": "Designed by Duck_Soon",
	"textures": {
		"items/pencil": "items/pencil"
	},
	"elements": [ 	 
		{
			"__comment": "Voxels",
			"from": [ 6.5, 0, -2 ],
			"to": [ 9, 1.5, -1.5 ],
			"faces": {
				"down": { "uv": [ 5.5, 15.5, 6.125, 15.625 ], "texture": "#items/pencil" },
				"up": { "uv": [ 6.125, 15.625, 6.75, 15.5 ], "texture": "#items/pencil" },
				"north": { "uv": [ 5.5, 15.625, 4.875, 16 ], "texture": "#items/pencil" },
				"south": { "uv": [ 4.25, 15.625, 4.875, 16 ], "texture": "#items/pencil" },
				"west": { "uv": [ 4.25, 13.75, 4.375, 14.125 ], "texture": "#items/pencil" },
				"east": { "uv": [ 4.375, 14.125, 4.25, 14.5 ], "texture": "#items/pencil" }
			}
		},
		{
			"__comment": "Voxels",
			"from": [ 6.5, 0, -1.5 ],
			"to": [ 9, 0.5, -0.5 ],
			"faces": {
				"down": { "uv": [ 6.125, 15.75, 6.75, 16 ], "texture": "#items/pencil" },
				"up": { "uv": [ 5.5, 16, 6.125, 15.75 ], "texture": "#items/pencil" },
				"north": { "uv": [ 5.5, 15.5, 4.875, 15.625 ], "texture": "#items/pencil" },
				"south": { "uv": [ 4.25, 15.5, 4.875, 15.625 ], "texture": "#items/pencil" },
				"west": { "uv": [ 7.5, 15.25, 7.75, 15.375 ], "texture": "#items/pencil" },
				"east": { "uv": [ 5.125, 15.125, 4.875, 15.25 ], "texture": "#items/pencil" }
			}
		},
		{
			"__comment": "Voxels",
			"from": [ 6.5, 0.5, -1.5 ],
			"to": [ 7.5, 19.5, -1 ],
			"faces": {
				"down": { "uv": [ 4.875, 15, 5.125, 15.125 ], "texture": "#items/pencil" },
				"up": { "uv": [ 4.875, 15, 5.125, 14.875 ], "texture": "#items/pencil" },
				"north": { "uv": [ 1, 6.625, 0.75, 11.375 ], "texture": "#items/pencil" },
				"south": { "uv": [ 0.75, 1.875, 1, 6.625 ], "texture": "#items/pencil" },
				"west": { "uv": [ 1.375, 6.625, 1.5, 11.375 ], "texture": "#items/pencil" },
				"east": { "uv": [ 1.125, 6.625, 1, 11.375 ], "texture": "#items/pencil" }
			}
		},
		{
			"__comment": "Voxels",
			"from": [ 6.5, 0.5, -1 ],
			"to": [ 9, 19, -0.5 ],
			"faces": {
				"down": { "uv": [ 5.5, 15.625, 6.125, 15.75 ], "texture": "#items/pencil" },
				"up": { "uv": [ 6.125, 15.75, 6.75, 15.625 ], "texture": "#items/pencil" },
				"north": { "uv": [ 0.625, 11.375, 0, 16 ], "texture": "#items/pencil" },
				"south": { "uv": [ 0.625, 11.375, 1.25, 16 ], "texture": "#items/pencil" },
				"west": { "uv": [ 3.5, 11.375, 3.625, 16 ], "texture": "#items/pencil" },
				"east": { "uv": [ 3.75, 11.375, 3.625, 16 ], "texture": "#items/pencil" }
			}
		},
		{
			"__comment": "Voxels",
			"from": [ 6.5, 1.5, -2 ],
			"to": [ 7.5, 20, -1.5 ],
			"faces": {
				"down": { "uv": [ 5.125, 15.125, 5.375, 15.25 ], "texture": "#items/pencil" },
				"up": { "uv": [ 6.875, 15.5, 7.125, 15.375 ], "texture": "#items/pencil" },
				"north": { "uv": [ 3, 11.375, 2.75, 16 ], "texture": "#items/pencil" },
				"south": { "uv": [ 3, 11.375, 3.25, 16 ], "texture": "#items/pencil" },
				"west": { "uv": [ 3.75, 11.375, 3.875, 16 ], "texture": "#items/pencil" },
				"east": { "uv": [ 4, 11.375, 3.875, 16 ], "texture": "#items/pencil" }
			}
		},
		{
			"__comment": "Voxels",
			"from": [ 7, 0, -2.5 ],
			"to": [ 8.5, 19, -2 ],
			"faces": {
				"down": { "uv": [ 6.375, 15.375, 6.75, 15.5 ], "texture": "#items/pencil" },
				"up": { "uv": [ 6, 15.5, 6.375, 15.375 ], "texture": "#items/pencil" },
				"north": { "uv": [ 0.75, 6.625, 0.375, 11.375 ], "texture": "#items/pencil" },
				"south": { "uv": [ 0, 1.875, 0.375, 6.625 ], "texture": "#items/pencil" },
				"west": { "uv": [ 1.25, 6.625, 1.375, 11.375 ], "texture": "#items/pencil" },
				"east": { "uv": [ 1.25, 6.625, 1.125, 11.375 ], "texture": "#items/pencil" }
			}
		},
		{
			"__comment": "Voxels",
			"from": [ 7, 0, -0.5 ],
			"to": [ 8.5, 19, 0 ],
			"faces": {
				"down": { "uv": [ 6.75, 15.625, 7.125, 15.75 ], "texture": "#items/pencil" },
				"up": { "uv": [ 6.375, 15.375, 6.75, 15.25 ], "texture": "#items/pencil" },
				"north": { "uv": [ 0.375, 6.625, 0, 11.375 ], "texture": "#items/pencil" },
				"south": { "uv": [ 0.375, 1.875, 0.75, 6.625 ], "texture": "#items/pencil" },
				"west": { "uv": [ 1, 1.875, 1.125, 6.625 ], "texture": "#items/pencil" },
				"east": { "uv": [ 1.25, 1.875, 1.125, 6.625 ], "texture": "#items/pencil" }
			}
		},
		{
			"__comment": "Voxels",
			"from": [ 7, 19, -1 ],
			"to": [ 8.5, 20.5, -0.5 ],
			"faces": {
				"down": { "uv": [ 7.125, 15.625, 7.5, 15.75 ], "texture": "#items/pencil" },
				"up": { "uv": [ 5.625, 15.375, 6, 15.25 ], "texture": "#items/pencil" },
				"north": { "uv": [ 2.75, 11.375, 2.375, 11.75 ], "texture": "#items/pencil" },
				"south": { "uv": [ 2, 11.375, 2.375, 11.75 ], "texture": "#items/pencil" },
				"west": { "uv": [ 4.25, 13.375, 4.375, 13.75 ], "texture": "#items/pencil" },
				"east": { "uv": [ 4.375, 13, 4.25, 13.375 ], "texture": "#items/pencil" }
			}
		},
		{
			"__comment": "Voxels",
			"from": [ 7, 19.5, -1.5 ],
			"to": [ 9, 20, -1 ],
			"faces": {
				"down": { "uv": [ 7.5, 15.75, 8, 15.875 ], "texture": "#items/pencil" },
				"up": { "uv": [ 7.5, 15.75, 8, 15.625 ], "texture": "#items/pencil" },
				"north": { "uv": [ 7.25, 15.5, 6.75, 15.625 ], "texture": "#items/pencil" },
				"south": { "uv": [ 7.5, 15.875, 8, 16 ], "texture": "#items/pencil" },
				"west": { "uv": [ 6, 14.875, 6.125, 15 ], "texture": "#items/pencil" },
				"east": { "uv": [ 6.25, 14.875, 6.125, 15 ], "texture": "#items/pencil" }
			}
		},
		{
			"__comment": "Voxels",
			"from": [ 7, 20, -2 ],
			"to": [ 8.5, 20.5, -1 ],
			"faces": {
				"down": { "uv": [ 6.75, 15.75, 7.125, 16 ], "texture": "#items/pencil" },
				"up": { "uv": [ 7.125, 16, 7.5, 15.75 ], "texture": "#items/pencil" },
				"north": { "uv": [ 8, 15.5, 7.625, 15.625 ], "texture": "#items/pencil" },
				"south": { "uv": [ 5.25, 15.375, 5.625, 15.5 ], "texture": "#items/pencil" },
				"west": { "uv": [ 6.875, 15.25, 7.125, 15.375 ], "texture": "#items/pencil" },
				"east": { "uv": [ 7.75, 15.375, 7.5, 15.5 ], "texture": "#items/pencil" }
			}
		},
		{
			"__comment": "Voxels",
			"from": [ 7, 20.5, -1.5 ],
			"to": [ 7.5, 22, -1 ],
			"faces": {
				"down": { "uv": [ 5.375, 14.875, 5.5, 15 ], "texture": "#items/pencil" },
				"up": { "uv": [ 4.25, 11.5, 4.375, 11.375 ], "texture": "#items/pencil" },
				"north": { "uv": [ 4.375, 14.5, 4.25, 14.875 ], "texture": "#items/pencil" },
				"south": { "uv": [ 4.25, 14.875, 4.375, 15.25 ], "texture": "#items/pencil" },
				"west": { "uv": [ 4.125, 11.375, 4.25, 11.75 ], "texture": "#items/pencil" },
				"east": { "uv": [ 4.125, 11.375, 4, 11.75 ], "texture": "#items/pencil" }
			}
		},
		{
			"__comment": "Voxels",
			"from": [ 7.5, 1, -1.5 ],
			"to": [ 9, 19.5, -1 ],
			"faces": {
				"down": { "uv": [ 6, 15.25, 6.375, 15.375 ], "texture": "#items/pencil" },
				"up": { "uv": [ 5.25, 15.375, 5.625, 15.25 ], "texture": "#items/pencil" },
				"north": { "uv": [ 1.625, 11.375, 1.25, 16 ], "texture": "#items/pencil" },
				"south": { "uv": [ 1.625, 11.375, 2, 16 ], "texture": "#items/pencil" },
				"west": { "uv": [ 3.25, 11.375, 3.375, 16 ], "texture": "#items/pencil" },
				"east": { "uv": [ 3.5, 11.375, 3.375, 16 ], "texture": "#items/pencil" }
			}
		},
		{
			"__comment": "Voxels",
			"from": [ 7.5, 2, -2 ],
			"to": [ 9, 19, -1.5 ],
			"faces": {
				"down": { "uv": [ 7.25, 15.5, 7.625, 15.625 ], "texture": "#items/pencil" },
				"up": { "uv": [ 5.625, 15.5, 6, 15.375 ], "texture": "#items/pencil" },
				"north": { "uv": [ 2.75, 11.75, 2.375, 16 ], "texture": "#items/pencil" },
				"south": { "uv": [ 2, 11.75, 2.375, 16 ], "texture": "#items/pencil" },
				"west": { "uv": [ 4.125, 11.75, 4.25, 16 ], "texture": "#items/pencil" },
				"east": { "uv": [ 4.125, 11.75, 4, 16 ], "texture": "#items/pencil" }
			}
		},
		{
			"__comment": "Voxels",
			"from": [ 7.5, 19, -2.5 ],
			"to": [ 8, 20, -1.5 ],
			"faces": {
				"down": { "uv": [ 7.875, 15.25, 8, 15.5 ], "texture": "#items/pencil" },
				"up": { "uv": [ 5.375, 15.25, 5.5, 15 ], "texture": "#items/pencil" },
				"north": { "uv": [ 5.625, 15, 5.5, 15.25 ], "texture": "#items/pencil" },
				"south": { "uv": [ 6.75, 15.25, 6.875, 15.5 ], "texture": "#items/pencil" },
				"west": { "uv": [ 4.25, 15.25, 4.5, 15.5 ], "texture": "#items/pencil" },
				"east": { "uv": [ 4.75, 15.25, 4.5, 15.5 ], "texture": "#items/pencil" }
			}
		},
		{
			"__comment": "Voxels",
			"from": [ 7.5, 19, -0.5 ],
			"to": [ 8, 20, 0 ],
			"faces": {
				"down": { "uv": [ 5.75, 14.875, 5.875, 15 ], "texture": "#items/pencil" },
				"up": { "uv": [ 5.875, 15, 6, 14.875 ], "texture": "#items/pencil" },
				"north": { "uv": [ 7.875, 15.25, 7.75, 15.5 ], "texture": "#items/pencil" },
				"south": { "uv": [ 7.125, 15.25, 7.25, 15.5 ], "texture": "#items/pencil" },
				"west": { "uv": [ 7.25, 15.25, 7.375, 15.5 ], "texture": "#items/pencil" },
				"east": { "uv": [ 7.5, 15.25, 7.375, 15.5 ], "texture": "#items/pencil" }
			}
		},
		{
			"__comment": "Voxels",
			"from": [ 7.5, 20.5, -2 ],
			"to": [ 8, 22, -1.5 ],
			"faces": {
				"down": { "uv": [ 5.5, 14.875, 5.625, 15 ], "texture": "#items/pencil" },
				"up": { "uv": [ 5.625, 15, 5.75, 14.875 ], "texture": "#items/pencil" },
				"north": { "uv": [ 4.875, 14.875, 4.75, 15.25 ], "texture": "#items/pencil" },
				"south": { "uv": [ 4.25, 12.625, 4.375, 13 ], "texture": "#items/pencil" },
				"west": { "uv": [ 4.25, 12.25, 4.375, 12.625 ], "texture": "#items/pencil" },
				"east": { "uv": [ 4.375, 11.875, 4.25, 12.25 ], "texture": "#items/pencil" }
			}
		},
		{
			"__comment": "Voxels",
			"from": [ 7.5, 20.5, -1 ],
			"to": [ 8, 22, -0.5 ],
			"faces": {
				"down": { "uv": [ 7.125, 15, 7.25, 15.125 ], "texture": "#items/pencil" },
				"up": { "uv": [ 7.125, 15, 7.25, 14.875 ], "texture": "#items/pencil" },
				"north": { "uv": [ 4.375, 11.5, 4.25, 11.875 ], "texture": "#items/pencil" },
				"south": { "uv": [ 4.375, 14.875, 4.5, 15.25 ], "texture": "#items/pencil" },
				"west": { "uv": [ 4.5, 14.875, 4.625, 15.25 ], "texture": "#items/pencil" },
				"east": { "uv": [ 4.75, 14.875, 4.625, 15.25 ], "texture": "#items/pencil" }
			}
		},
		{
			"__comment": "Voxels",
			"from": [ 7.5, 21, -1.5 ],
			"to": [ 8.5, 22, -1 ],
			"faces": {
				"down": { "uv": [ 5.125, 15, 5.375, 15.125 ], "texture": "#items/pencil" },
				"up": { "uv": [ 5.125, 15, 5.375, 14.875 ], "texture": "#items/pencil" },
				"north": { "uv": [ 5.25, 15.25, 5, 15.5 ], "texture": "#items/pencil" },
				"south": { "uv": [ 4.75, 15.25, 5, 15.5 ], "texture": "#items/pencil" },
				"west": { "uv": [ 5.625, 15, 5.75, 15.25 ], "texture": "#items/pencil" },
				"east": { "uv": [ 5.875, 15, 5.75, 15.25 ], "texture": "#items/pencil" }
			}
		},
		{
			"__comment": "Voxels",
			"from": [ 7.5, 22, -1.5 ],
			"to": [ 8, 23, -1 ],
			"faces": {
				"down": { "uv": [ 7.25, 15.125, 7.375, 15.25 ], "texture": "#items/pencil" },
				"up": { "uv": [ 7.25, 15.125, 7.375, 15 ], "texture": "#items/pencil" },
				"north": { "uv": [ 6, 15, 5.875, 15.25 ], "texture": "#items/pencil" },
				"south": { "uv": [ 6, 15, 6.125, 15.25 ], "texture": "#items/pencil" },
				"west": { "uv": [ 6.125, 15, 6.25, 15.25 ], "texture": "#items/pencil" },
				"east": { "uv": [ 6.375, 15, 6.25, 15.25 ], "texture": "#items/pencil" }
			}
		},
		{
			"__comment": "Voxels",
			"from": [ 8, 0.5, -1.5 ],
			"to": [ 9, 1, -1 ],
			"faces": {
				"down": { "uv": [ 6.375, 15.125, 6.625, 15.25 ], "texture": "#items/pencil" },
				"up": { "uv": [ 6.375, 15.125, 6.625, 15 ], "texture": "#items/pencil" },
				"north": { "uv": [ 6.625, 14.875, 6.375, 15 ], "texture": "#items/pencil" },
				"south": { "uv": [ 6.625, 15.125, 6.875, 15.25 ], "texture": "#items/pencil" },
				"west": { "uv": [ 6.25, 14.875, 6.375, 15 ], "texture": "#items/pencil" },
				"east": { "uv": [ 7, 14.875, 6.875, 15 ], "texture": "#items/pencil" }
			}
		},
		{
			"__comment": "Voxels",
			"from": [ 8, 19, -2 ],
			"to": [ 8.5, 20, -1.5 ],
			"faces": {
				"down": { "uv": [ 7, 14.875, 7.125, 15 ], "texture": "#items/pencil" },
				"up": { "uv": [ 7.125, 15.25, 7.25, 15.125 ], "texture": "#items/pencil" },
				"north": { "uv": [ 6.75, 14.875, 6.625, 15.125 ], "texture": "#items/pencil" },
				"south": { "uv": [ 6.75, 14.875, 6.875, 15.125 ], "texture": "#items/pencil" },
				"west": { "uv": [ 6.875, 15, 7, 15.25 ], "texture": "#items/pencil" },
				"east": { "uv": [ 7.125, 15, 7, 15.25 ], "texture": "#items/pencil" }
			}
		},
		{
			"__comment": "Voxels",
			"from": [ 8, 20.5, -1.5 ],
			"to": [ 8.5, 21, -1 ],
			"faces": {
				"down": { "uv": [ 7.25, 14.875, 7.375, 15 ], "texture": "#items/pencil" },
				"up": { "uv": [ 7.375, 15.25, 7.5, 15.125 ], "texture": "#items/pencil" },
				"north": { "uv": [ 7.5, 15, 7.375, 15.125 ], "texture": "#items/pencil" },
				"south": { "uv": [ 7.375, 14.875, 7.5, 15 ], "texture": "#items/pencil" },
				"west": { "uv": [ 7.5, 15.125, 7.625, 15.25 ], "texture": "#items/pencil" },
				"east": { "uv": [ 7.625, 15, 7.5, 15.125 ], "texture": "#items/pencil" }
			}
		},
		{
			"__comment": "Voxels",
			"from": [ 8.5, 1.5, -2 ],
			"to": [ 9, 2, -1.5 ],
			"faces": {
				"down": { "uv": [ 7.5, 14.875, 7.625, 15 ], "texture": "#items/pencil" },
				"up": { "uv": [ 7.625, 15.25, 7.75, 15.125 ], "texture": "#items/pencil" },
				"north": { "uv": [ 7.875, 15.125, 7.75, 15.25 ], "texture": "#items/pencil" },
				"south": { "uv": [ 7.875, 15.125, 8, 15.25 ], "texture": "#items/pencil" },
				"west": { "uv": [ 7.625, 15, 7.75, 15.125 ], "texture": "#items/pencil" },
				"east": { "uv": [ 7.75, 14.875, 7.625, 15 ], "texture": "#items/pencil" }
			}
		}
	],
	"display": {
		"thirdperson_righthand": {
			"rotation":  [ 14, 0, 0 ],
			"translation":  [ 0.4637, 1.1593, 11.594 ]
		},
		"thirdperson_lefthand": {
			"rotation":  [ 14, 0, 0 ],
			"translation":  [ 0.4637, 1.1593, 11.594 ]
		},
		"firstperson_righthand": {
			"rotation":  [ -22, 6, 6 ],
			"translation":  [ 6.9557, 0.0009, 0 ],
			"scale":  [ 0.5, 0.7, 0.5 ]
		},
		"firstperson_lefthand": {
			"rotation":  [ -22, 6, 6 ],
			"translation":  [ 6.9557, 0.0009, 0 ],
			"scale":  [ 0.5, 0.7, 0.5 ]
		},
		"gui": {
			"rotation":  [ 0, 0, -45 ],
			"translation":  [ -1.389, -2.086, 0 ],
			"scale":  [ 0.7, 0.8, 0.7 ]
		},
		"head": {
			"rotation":  [ 0, 0, 42 ],
			"translation":  [ 2.7826, -18.07, 21.564 ],
			"scale":  [ 1.7, 1.7, 1.7 ]
		},
		"ground": {
			"rotation":  [ 90, 0, 0 ],
			"translation":  [ 0, -9.043, 0 ],
			"scale":  [ 0.8, 1, 0.8 ]
		},
		"fixed": {
			"rotation":  [ 0, 0, 45 ],
			"translation":  [ 2.0875, -2.086, 9.0434 ]
		}
	}
}