{
	"credit": "Made with Blockbench",
	"textures": {
		"0": "items/fla_bl",
		"2": "items/fla_1",
		"3": "items/fla_red",
		"particle": "items/fla_bl"
	},
	"elements": [
		{
			"from": [5, 2, 10],
			"to": [11, 3.4, 12],
			"faces": {
				"north": {"uv": [6, 3, 9, 3.5], "texture": "#3"},
				"east": {"uv": [2, 8, 3, 8.5], "texture": "#3"},
				"south": {"uv": [6, 3.5, 9, 4], "texture": "#3"},
				"west": {"uv": [3, 8, 4, 8.5], "texture": "#3"},
				"up": {"uv": [3, 5, 0, 4], "texture": "#3"},
				"down": {"uv": [6, 4, 3, 5], "texture": "#3"}
			}
		},
		{
			"from": [10, 2, 5],
			"to": [12, 3.4, 11],
			"faces": {
				"north": {"uv": [6, 8, 7, 8.5], "texture": "#3"},
				"east": {"uv": [6, 4, 9, 4.5], "texture": "#3"},
				"south": {"uv": [7, 8, 8, 8.5], "texture": "#3"},
				"west": {"uv": [6, 4.5, 9, 5], "texture": "#3"},
				"up": {"uv": [1, 8, 0, 5], "texture": "#3"},
				"down": {"uv": [2, 5, 1, 8], "texture": "#3"}
			}
		},
		{
			"from": [4, 2, 5],
			"to": [6, 3.4, 11],
			"faces": {
				"north": {"uv": [8, 7, 9, 7.5], "texture": "#3"},
				"east": {"uv": [6, 6, 9, 6.5], "texture": "#3"},
				"south": {"uv": [8, 7.5, 9, 8], "texture": "#3"},
				"west": {"uv": [6, 6.5, 9, 7], "texture": "#3"},
				"up": {"uv": [3, 8, 2, 5], "texture": "#3"},
				"down": {"uv": [4, 5, 3, 8], "texture": "#3"}
			}
		},
		{
			"from": [5, 2, 4],
			"to": [11, 3.4, 6],
			"faces": {
				"north": {"uv": [7, 5, 10, 5.5], "texture": "#3"},
				"east": {"uv": [8, 8, 9, 8.5], "texture": "#3"},
				"south": {"uv": [7, 5.5, 10, 6], "texture": "#3"},
				"west": {"uv": [2, 8.5, 3, 9], "texture": "#3"},
				"up": {"uv": [7, 6, 4, 5], "texture": "#3"},
				"down": {"uv": [9, 0, 6, 1], "texture": "#3"}
			}
		},
		{
			"from": [5, 1.6, 4.6],
			"to": [11, 3.8, 6],
			"faces": {
				"north": {"uv": [0, 0, 3, 1], "texture": "#3"},
				"east": {"uv": [6, 7, 6.5, 8], "texture": "#3"},
				"south": {"uv": [0, 1, 3, 2], "texture": "#3"},
				"west": {"uv": [6.5, 7, 7, 8], "texture": "#3"},
				"up": {"uv": [9, 1.5, 6, 1], "texture": "#3"},
				"down": {"uv": [9, 1.5, 6, 2], "texture": "#3"}
			}
		},
		{
			"from": [5, 1.6, 10],
			"to": [11, 3.8, 11.4],
			"faces": {
				"north": {"uv": [0, 2, 3, 3], "texture": "#3"},
				"east": {"uv": [7, 7, 7.5, 8], "texture": "#3"},
				"south": {"uv": [0, 3, 3, 4], "texture": "#3"},
				"west": {"uv": [7.5, 7, 8, 8], "texture": "#3"},
				"up": {"uv": [9, 2.5, 6, 2], "texture": "#3"},
				"down": {"uv": [9, 2.5, 6, 3], "texture": "#3"}
			}
		},
		{
			"from": [10, 1.6, 5],
			"to": [11.4, 3.8, 11],
			"faces": {
				"north": {"uv": [0, 8, 0.5, 9], "texture": "#3"},
				"east": {"uv": [3, 0, 6, 1], "texture": "#3"},
				"south": {"uv": [0.5, 8, 1, 9], "texture": "#3"},
				"west": {"uv": [3, 1, 6, 2], "texture": "#3"},
				"up": {"uv": [4.5, 9, 4, 6], "texture": "#3"},
				"down": {"uv": [5, 6, 4.5, 9], "texture": "#3"}
			}
		},
		{
			"from": [4.6, 1.6, 5],
			"to": [6, 3.8, 11],
			"faces": {
				"north": {"uv": [1, 8, 1.5, 9], "texture": "#3"},
				"east": {"uv": [3, 2, 6, 3], "texture": "#3"},
				"south": {"uv": [1.5, 8, 2, 9], "texture": "#3"},
				"west": {"uv": [3, 3, 6, 4], "texture": "#3"},
				"up": {"uv": [5.5, 9, 5, 6], "texture": "#3"},
				"down": {"uv": [6, 6, 5.5, 9], "texture": "#3"}
			}
		},
		{
			"from": [4.4, 2, 4.4],
			"to": [5.4, 3.4, 5.4],
			"faces": {
				"north": {"uv": [3, 8.5, 3.5, 9], "texture": "#3"},
				"east": {"uv": [3.5, 8.5, 4, 9], "texture": "#3"},
				"south": {"uv": [6, 8.5, 6.5, 9], "texture": "#3"},
				"west": {"uv": [6.5, 8.5, 7, 9], "texture": "#3"},
				"up": {"uv": [7.5, 9, 7, 8.5], "texture": "#3"},
				"down": {"uv": [8, 8.5, 7.5, 9], "texture": "#3"}
			}
		},
		{
			"from": [4.4, 2, 10.5],
			"to": [5.4, 3.4, 11.5],
			"faces": {
				"north": {"uv": [8, 8.5, 8.5, 9], "texture": "#3"},
				"east": {"uv": [8.5, 8.5, 9, 9], "texture": "#3"},
				"south": {"uv": [0, 9, 0.5, 9.5], "texture": "#3"},
				"west": {"uv": [9, 0, 9.5, 0.5], "texture": "#3"},
				"up": {"uv": [1, 9.5, 0.5, 9], "texture": "#3"},
				"down": {"uv": [9.5, 0.5, 9, 1], "texture": "#3"}
			}
		},
		{
			"from": [10.6, 2, 10.6],
			"to": [11.6, 3.4, 11.6],
			"faces": {
				"north": {"uv": [1, 9, 1.5, 9.5], "texture": "#3"},
				"east": {"uv": [9, 1, 9.5, 1.5], "texture": "#3"},
				"south": {"uv": [1.5, 9, 2, 9.5], "texture": "#3"},
				"west": {"uv": [9, 1.5, 9.5, 2], "texture": "#3"},
				"up": {"uv": [2.5, 9.5, 2, 9], "texture": "#3"},
				"down": {"uv": [9.5, 2, 9, 2.5], "texture": "#3"}
			}
		},
		{
			"from": [10.6, 2, 4.4],
			"to": [11.6, 3.4, 5.4],
			"faces": {
				"north": {"uv": [2.5, 9, 3, 9.5], "texture": "#3"},
				"east": {"uv": [9, 2.5, 9.5, 3], "texture": "#3"},
				"south": {"uv": [3, 9, 3.5, 9.5], "texture": "#3"},
				"west": {"uv": [9, 3, 9.5, 3.5], "texture": "#3"},
				"up": {"uv": [4, 9.5, 3.5, 9], "texture": "#3"},
				"down": {"uv": [9.5, 3.5, 9, 4], "texture": "#3"}
			}
		},
		{
			"from": [10.3, 2, 7.1],
			"to": [11.2, 4.2, 9.1],
			"faces": {
				"north": {"uv": [0, 4, 1, 6], "texture": "#2"},
				"east": {"uv": [0, 0, 2, 2], "texture": "#2"},
				"south": {"uv": [4, 0, 5, 2], "texture": "#2"},
				"west": {"uv": [0, 2, 2, 4], "texture": "#2"},
				"up": {"uv": [2, 6, 1, 4], "texture": "#2"},
				"down": {"uv": [3, 4, 2, 6], "texture": "#2"}
			}
		},
		{
			"from": [4.9, 2, 7.1],
			"to": [5.8, 4.2, 9.1],
			"faces": {
				"north": {"uv": [4, 2, 5, 4], "texture": "#2"},
				"east": {"uv": [2, 0, 4, 2], "texture": "#2"},
				"south": {"uv": [3, 4, 4, 6], "texture": "#2"},
				"west": {"uv": [2, 2, 4, 4], "texture": "#2"},
				"up": {"uv": [5, 6, 4, 4], "texture": "#2"},
				"down": {"uv": [6, 0, 5, 2], "texture": "#2"}
			}
		},
		{
			"from": [5.1, 4.4, 7.5],
			"to": [5.6, 4.6, 8.7],
			"faces": {
				"north": {"uv": [5, 2, 6, 3], "texture": "#2"},
				"east": {"uv": [5, 3, 6, 4], "texture": "#2"},
				"south": {"uv": [5, 4, 6, 5], "texture": "#2"},
				"west": {"uv": [5, 5, 6, 6], "texture": "#2"},
				"up": {"uv": [1, 7, 0, 6], "texture": "#2"},
				"down": {"uv": [7, 0, 6, 1], "texture": "#2"}
			}
		},
		{
			"from": [5.1, 3.4, 7.5],
			"to": [5.6, 4.6, 7.7],
			"faces": {
				"north": {"uv": [1, 6, 2, 7], "texture": "#2"},
				"east": {"uv": [6, 1, 7, 2], "texture": "#2"},
				"south": {"uv": [2, 6, 3, 7], "texture": "#2"},
				"west": {"uv": [6, 2, 7, 3], "texture": "#2"},
				"up": {"uv": [4, 7, 3, 6], "texture": "#2"},
				"down": {"uv": [7, 3, 6, 4], "texture": "#2"}
			}
		},
		{
			"from": [5.1, 3.4, 8.5],
			"to": [5.6, 4.6, 8.7],
			"faces": {
				"north": {"uv": [4, 6, 5, 7], "texture": "#2"},
				"east": {"uv": [6, 4, 7, 5], "texture": "#2"},
				"south": {"uv": [5, 6, 6, 7], "texture": "#2"},
				"west": {"uv": [6, 5, 7, 6], "texture": "#2"},
				"up": {"uv": [7, 7, 6, 6], "texture": "#2"},
				"down": {"uv": [1, 7, 0, 8], "texture": "#2"}
			}
		},
		{
			"from": [10.5, 3.4, 7.5],
			"to": [11, 4.6, 7.7],
			"faces": {
				"north": {"uv": [7, 0, 8, 1], "texture": "#2"},
				"east": {"uv": [1, 7, 2, 8], "texture": "#2"},
				"south": {"uv": [7, 1, 8, 2], "texture": "#2"},
				"west": {"uv": [2, 7, 3, 8], "texture": "#2"},
				"up": {"uv": [8, 3, 7, 2], "texture": "#2"},
				"down": {"uv": [4, 7, 3, 8], "texture": "#2"}
			}
		},
		{
			"from": [10.5, 4.4, 7.5],
			"to": [11, 4.6, 8.7],
			"faces": {
				"north": {"uv": [7, 3, 8, 4], "texture": "#2"},
				"east": {"uv": [4, 7, 5, 8], "texture": "#2"},
				"south": {"uv": [7, 4, 8, 5], "texture": "#2"},
				"west": {"uv": [5, 7, 6, 8], "texture": "#2"},
				"up": {"uv": [8, 6, 7, 5], "texture": "#2"},
				"down": {"uv": [7, 7, 6, 8], "texture": "#2"}
			}
		},
		{
			"from": [10.5, 3.4, 8.5],
			"to": [11, 4.6, 8.7],
			"faces": {
				"north": {"uv": [7, 6, 8, 7], "texture": "#2"},
				"east": {"uv": [7, 7, 8, 8], "texture": "#2"},
				"south": {"uv": [0, 8, 1, 9], "texture": "#2"},
				"west": {"uv": [8, 0, 9, 1], "texture": "#2"},
				"up": {"uv": [2, 9, 1, 8], "texture": "#2"},
				"down": {"uv": [9, 1, 8, 2], "texture": "#2"}
			}
		},
		{
			"from": [7, 3, 11],
			"to": [9, 5, 13],
			"faces": {
				"north": {"uv": [4, 4, 6, 6], "texture": "#3"},
				"east": {"uv": [0, 6, 2, 8], "texture": "#3"},
				"south": {"uv": [6, 0, 8, 2], "texture": "#3"},
				"west": {"uv": [2, 6, 4, 8], "texture": "#3"},
				"up": {"uv": [8, 4, 6, 2], "texture": "#3"},
				"down": {"uv": [6, 6, 4, 8], "texture": "#3"}
			}
		},
		{
			"from": [7.2, 4.3, 11.5],
			"to": [8.8, 6.8, 13.3],
			"faces": {
				"north": {"uv": [0, 0, 2, 3], "texture": "#3"},
				"east": {"uv": [2, 0, 4, 3], "texture": "#3"},
				"south": {"uv": [0, 3, 2, 6], "texture": "#3"},
				"west": {"uv": [2, 3, 4, 6], "texture": "#3"},
				"up": {"uv": [8, 6, 6, 4], "texture": "#3"},
				"down": {"uv": [8, 6, 6, 8], "texture": "#3"}
			}
		},
		{
			"from": [7.3, 6.1, 11.1],
			"to": [8.7, 8.1, 12.7],
			"faces": {
				"north": {"uv": [8, 6, 9, 8], "texture": "#3"},
				"east": {"uv": [0, 8, 2, 10], "texture": "#3"},
				"south": {"uv": [7, 8, 8, 10], "texture": "#3"},
				"west": {"uv": [8, 0, 10, 2], "texture": "#3"},
				"up": {"uv": [9, 10, 8, 8], "texture": "#3"},
				"down": {"uv": [10, 4, 9, 6], "texture": "#3"}
			}
		},
		{
			"from": [7.3, 7.5, 10.7],
			"to": [8.7, 9.5, 12.3],
			"faces": {
				"north": {"uv": [9, 6, 10, 8], "texture": "#3"},
				"east": {"uv": [2, 8, 4, 10], "texture": "#3"},
				"south": {"uv": [9, 8, 10, 10], "texture": "#3"},
				"west": {"uv": [8, 2, 10, 4], "texture": "#3"},
				"up": {"uv": [1, 12, 0, 10], "texture": "#3"},
				"down": {"uv": [11, 0, 10, 2], "texture": "#3"}
			}
		},
		{
			"from": [7.3, 8.7, 10.9],
			"to": [8.7, 10.1, 12.8],
			"faces": {
				"north": {"uv": [11, 1, 12, 2], "texture": "#3"},
				"east": {"uv": [1, 10, 3, 11], "texture": "#3"},
				"south": {"uv": [5, 11, 6, 12], "texture": "#3"},
				"west": {"uv": [10, 2, 12, 3], "texture": "#3"},
				"up": {"uv": [4, 12, 3, 10], "texture": "#3"},
				"down": {"uv": [11, 3, 10, 5], "texture": "#3"}
			}
		},
		{
			"from": [7.3, 9, 11.2],
			"to": [8.7, 10.4, 13.6],
			"faces": {
				"north": {"uv": [11, 6, 12, 7], "texture": "#3"},
				"east": {"uv": [4, 10, 6, 11], "texture": "#3"},
				"south": {"uv": [7, 11, 8, 12], "texture": "#3"},
				"west": {"uv": [10, 5, 12, 6], "texture": "#3"},
				"up": {"uv": [7, 12, 6, 10], "texture": "#3"},
				"down": {"uv": [11, 6, 10, 8], "texture": "#3"}
			}
		},
		{
			"from": [7.3, 8.3, 12.7],
			"to": [8.7, 9.7, 14.7],
			"faces": {
				"north": {"uv": [11, 7, 12, 8], "texture": "#3"},
				"east": {"uv": [7, 10, 9, 11], "texture": "#3"},
				"south": {"uv": [8, 11, 9, 12], "texture": "#3"},
				"west": {"uv": [10, 8, 12, 9], "texture": "#3"},
				"up": {"uv": [10, 12, 9, 10], "texture": "#3"},
				"down": {"uv": [11, 9, 10, 11], "texture": "#3"}
			}
		},
		{
			"from": [7.3, 7.9, 13.6],
			"to": [8.7, 9.3, 15.3],
			"faces": {
				"north": {"uv": [11, 9, 12, 10], "texture": "#3"},
				"east": {"uv": [11, 0, 13, 1], "texture": "#3"},
				"south": {"uv": [10, 11, 11, 12], "texture": "#3"},
				"west": {"uv": [1, 11, 3, 12], "texture": "#3"},
				"up": {"uv": [12, 5, 11, 3], "texture": "#3"},
				"down": {"uv": [5, 11, 4, 13], "texture": "#3"}
			}
		},
		{
			"from": [7.3, 5.4, 11.3],
			"to": [8.7, 7.4, 12.9],
			"faces": {
				"north": {"uv": [4, 8, 5, 10], "texture": "#3"},
				"east": {"uv": [4, 0, 6, 2], "texture": "#3"},
				"south": {"uv": [8, 4, 9, 6], "texture": "#3"},
				"west": {"uv": [4, 2, 6, 4], "texture": "#3"},
				"up": {"uv": [6, 10, 5, 8], "texture": "#3"},
				"down": {"uv": [7, 8, 6, 10], "texture": "#3"}
			}
		},
		{
			"from": [7.4, 6.6, 14.5],
			"to": [8.6, 8.7, 15.5],
			"faces": {
				"north": {"uv": [0, 0, 1, 2], "texture": "#0"},
				"east": {"uv": [1, 0, 2, 2], "texture": "#0"},
				"south": {"uv": [0, 2, 1, 4], "texture": "#0"},
				"west": {"uv": [2, 0, 3, 2], "texture": "#0"},
				"up": {"uv": [4, 3, 3, 2], "texture": "#0"},
				"down": {"uv": [4, 3, 3, 4], "texture": "#0"}
			}
		},
		{
			"from": [7.2, 8.9, 13.7],
			"to": [8.5, 9.3, 14.1],
			"faces": {
				"north": {"uv": [0, 4, 1, 5], "texture": "#0"},
				"east": {"uv": [4, 0, 5, 1], "texture": "#0"},
				"south": {"uv": [1, 4, 2, 5], "texture": "#0"},
				"west": {"uv": [4, 1, 5, 2], "texture": "#0"},
				"up": {"uv": [3, 5, 2, 4], "texture": "#0"},
				"down": {"uv": [5, 2, 4, 3], "texture": "#0"}
			}
		},
		{
			"from": [7.5, 8.9, 13.7],
			"to": [8.8, 9.3, 14.1],
			"faces": {
				"north": {"uv": [1, 2, 2, 3], "texture": "#0"},
				"east": {"uv": [2, 2, 3, 3], "texture": "#0"},
				"south": {"uv": [3, 0, 4, 1], "texture": "#0"},
				"west": {"uv": [1, 3, 2, 4], "texture": "#0"},
				"up": {"uv": [4, 2, 3, 1], "texture": "#0"},
				"down": {"uv": [3, 3, 2, 4], "texture": "#0"}
			}
		}
	],
	"display": {
		"thirdperson_righthand": {
			"rotation": [70, -180, 0],
			"translation": [-6, -1, 13.25],
			"scale": [3, 3, 3]
		},
		"thirdperson_lefthand": {
			"rotation": [70, -180, 0],
			"translation": [-6, -1, 13.25],
			"scale": [3, 3, 3]
		},
		"firstperson_righthand": {
			"rotation": [0, -180, 0],
			"translation": [0, 8, 6]
		},
		"firstperson_lefthand": {
			"rotation": [0, -180, 0],
			"translation": [0, 8, 6]
		},
		"ground": {
			"rotation": [-1, 0, 0]
		},
		"gui": {
			"rotation": [45, 45, 0],
			"translation": [0, 6.75, 0],
			"scale": [2, 2, 2]
		},
		"head": {
			"rotation": [0, 180, 0],
			"translation": [0, -8.75, 0],
			"scale": [3, 3, 3]
		}
	},
	"groups": [
		{
			"name": "중앙",
			"origin": [8, 8, 8],
			"color": 0,
			"children": [0, 1, 2, 3]
		},
		{
			"name": "안쪽",
			"origin": [8, 8, 8],
			"color": 0,
			"children": [4, 5, 6, 7]
		},
		{
			"name": "외곽중앙",
			"origin": [8, 8, 8],
			"color": 0,
			"children": [8, 9, 10, 11]
		},
		{
			"name": "손잡이",
			"origin": [0, 0, 0],
			"color": 0,
			"children": [12, 13, 14, 15, 16, 17, 18, 19]
		},
		{
			"name": "플라밍고",
			"origin": [8, 8, 8],
			"color": 0,
			"children": [20, 21, 22, 23, 24, 25, 26, 27, 28, 29, 30, 31]
		}
	]
}