{
	"credit": "Made with Blockbench",
	"textures": {
		"0": "items/cake_inner11",
		"1": "items/door_iron_upper11",
		"2": "items/coal_block11",
		"3": "items/cauldron_side11",
		"particle": "cake_inner11"
	},
	"elements": [
		{
			"from": [7, 0.70711, 7.70711],
			"to": [10, 1.70711, 11.70711],
			"rotation": {"angle": 0, "axis": "y", "origin": [8, 0.70711, 9.70711]},
			"faces": {
				"north": {"uv": [5, 9.625, 8, 13.625], "rotation": 270, "texture": "#0"},
				"east": {"uv": [5, 9.625, 8, 13.625], "rotation": 270, "texture": "#0"},
				"south": {"uv": [5, 9.625, 8, 13.625], "rotation": 270, "texture": "#0"},
				"west": {"uv": [5, 9.625, 8, 13.625], "rotation": 270, "texture": "#0"},
				"up": {"uv": [5, 9.625, 8, 13.625], "rotation": 270, "texture": "#0"},
				"down": {"uv": [5, 9.625, 8, 13.625], "rotation": 270, "texture": "#0"}
			}
		},
		{
			"from": [7, 1, 10],
			"to": [10, 2, 11],
			"rotation": {"angle": 45, "axis": "x", "origin": [8, 0, 11]},
			"faces": {
				"north": {"uv": [5, 9.625, 8, 10.625], "texture": "#0"},
				"east": {"uv": [5, 9.625, 8, 10.625], "texture": "#0"},
				"south": {"uv": [5, 9.625, 8, 10.625], "texture": "#0"},
				"west": {"uv": [5, 9.625, 8, 10.625], "texture": "#0"},
				"up": {"uv": [5, 9.625, 8, 10.625], "texture": "#0"},
				"down": {"uv": [5, 9.625, 8, 10.625], "texture": "#0"}
			}
		},
		{
			"from": [7, 1.41421, 11.41421],
			"to": [10, 4.41421, 12.41421],
			"rotation": {"angle": 0, "axis": "y", "origin": [8, 4.41421, 13.41421]},
			"faces": {
				"north": {"uv": [8, 10.625, 13, 11.625], "rotation": 270, "texture": "#0"},
				"east": {"uv": [8, 10.625, 13, 11.625], "rotation": 270, "texture": "#0"},
				"south": {"uv": [8, 10.625, 13, 11.625], "rotation": 270, "texture": "#0"},
				"west": {"uv": [8, 10.625, 13, 11.625], "rotation": 270, "texture": "#0"},
				"up": {"uv": [8, 10.625, 13, 11.625], "rotation": 270, "texture": "#0"},
				"down": {"uv": [8, 10.625, 13, 11.625], "rotation": 270, "texture": "#0"}
			}
		},
		{
			"from": [7, 3.82843, 11.73921],
			"to": [10, 4.82843, 13.41421],
			"rotation": {"angle": 45, "axis": "x", "origin": [8, 5.82843, 12.41421]},
			"faces": {
				"north": {"uv": [6, 10.625, 9.675, 11.625], "texture": "#0"},
				"east": {"uv": [6, 10.625, 9.675, 11.625], "texture": "#0"},
				"south": {"uv": [6, 10.625, 9.675, 11.625], "texture": "#0"},
				"west": {"uv": [6, 10.625, 9.675, 11.625], "texture": "#0"},
				"up": {"uv": [6, 10.625, 9.675, 11.625], "texture": "#0"},
				"down": {"uv": [6, 10.625, 9.675, 11.625], "texture": "#0"}
			}
		},
		{
			"from": [7, 4.88669, 7.55487],
			"to": [10, 5.88669, 8.80487],
			"rotation": {"angle": -22.5, "axis": "x", "origin": [8, 5.88669, 9.55487]},
			"faces": {
				"north": {"uv": [6, 13.625, 9, 14.875], "rotation": 270, "texture": "#0"},
				"east": {"uv": [6, 13.625, 9, 14.875], "rotation": 270, "texture": "#0"},
				"south": {"uv": [6, 13.625, 9, 14.875], "rotation": 270, "texture": "#0"},
				"west": {"uv": [6, 13.625, 9, 14.875], "rotation": 270, "texture": "#0"},
				"up": {"uv": [6, 13.625, 9, 14.875], "rotation": 270, "texture": "#0"},
				"down": {"uv": [6, 13.625, 9, 14.875], "rotation": 270, "texture": "#0"}
			}
		},
		{
			"from": [7, 4.59967, 8.86196],
			"to": [10, 5.59967, 11.23696],
			"rotation": {"angle": 0, "axis": "y", "origin": [8, 5.59967, 9.61196]},
			"faces": {
				"north": {"uv": [6, 13.625, 9, 16], "rotation": 270, "texture": "#0"},
				"east": {"uv": [6, 13.625, 9, 16], "rotation": 270, "texture": "#0"},
				"south": {"uv": [6, 13.625, 9, 16], "rotation": 270, "texture": "#0"},
				"west": {"uv": [6, 13.625, 9, 16], "rotation": 270, "texture": "#0"},
				"up": {"uv": [6, 13.625, 9, 16], "rotation": 270, "texture": "#0"},
				"down": {"uv": [6, 13.625, 9, 16], "rotation": 270, "texture": "#0"}
			}
		},
		{
			"from": [7, 3.82843, 8.41421],
			"to": [10, 4.82843, 9.41421],
			"rotation": {"angle": 45, "axis": "x", "origin": [8, 5.82843, 8.41421]},
			"faces": {
				"north": {"uv": [6, 10.625, 9, 11.625], "texture": "#0"},
				"east": {"uv": [6, 10.625, 9, 11.625], "texture": "#0"},
				"south": {"uv": [6, 10.625, 9, 11.625], "texture": "#0"},
				"west": {"uv": [6, 10.625, 9, 11.625], "texture": "#0"},
				"up": {"uv": [6, 10.625, 9, 11.625], "texture": "#0"},
				"down": {"uv": [6, 10.625, 9, 11.625], "texture": "#0"}
			}
		},
		{
			"from": [7, 1, 6],
			"to": [10, 2, 7],
			"rotation": {"angle": 45, "axis": "x", "origin": [8, 0, 7]},
			"faces": {
				"north": {"uv": [5, 9.625, 8, 10.625], "texture": "#0"},
				"east": {"uv": [5, 9.625, 8, 10.625], "texture": "#0"},
				"south": {"uv": [5, 9.625, 8, 10.625], "texture": "#0"},
				"west": {"uv": [5, 9.625, 8, 10.625], "texture": "#0"},
				"up": {"uv": [5, 9.625, 8, 10.625], "texture": "#0"},
				"down": {"uv": [5, 9.625, 8, 10.625], "texture": "#0"}
			}
		},
		{
			"from": [7, 1.41421, 7],
			"to": [10, 4.41421, 8],
			"rotation": {"angle": 0, "axis": "y", "origin": [8, 1.41421, 6]},
			"faces": {
				"north": {"uv": [5, 9.625, 10, 10.625], "rotation": 270, "texture": "#0"},
				"east": {"uv": [5, 9.625, 10, 10.625], "rotation": 270, "texture": "#0"},
				"south": {"uv": [5, 9.625, 10, 10.625], "rotation": 270, "texture": "#0"},
				"west": {"uv": [5, 9.625, 10, 10.625], "rotation": 270, "texture": "#0"},
				"up": {"uv": [5, 9.625, 10, 10.625], "rotation": 270, "texture": "#0"},
				"down": {"uv": [5, 9.625, 10, 10.625], "rotation": 270, "texture": "#0"}
			}
		},
		{
			"from": [6.395, 1.0161, 7.98711],
			"to": [7.005, 1.8761, 11.42711],
			"rotation": {"angle": 0, "axis": "y", "origin": [7.005, 1.0161, 9.70711]},
			"faces": {
				"north": {"uv": [6, 10, 7, 14], "rotation": 270, "texture": "#0"},
				"east": {"uv": [6, 10, 9, 14], "rotation": 270, "texture": "#0"},
				"south": {"uv": [6, 10, 7, 14], "rotation": 270, "texture": "#0"},
				"west": {"uv": [6, 10, 7, 14], "rotation": 270, "texture": "#0"},
				"up": {"uv": [6, 10, 7, 14], "rotation": 270, "texture": "#0"},
				"down": {"uv": [6, 10, 7, 14], "rotation": 270, "texture": "#0"}
			}
		},
		{
			"from": [6.395, 1.26799, 9.95899],
			"to": [7.005, 2.12799, 10.81899],
			"rotation": {"angle": 45, "axis": "x", "origin": [7.005, 0.40799, 10.81899]},
			"faces": {
				"north": {"uv": [5, 12, 6, 13], "texture": "#0"},
				"east": {"uv": [5, 12, 8, 13], "texture": "#0"},
				"south": {"uv": [5, 12, 6, 13], "texture": "#0"},
				"west": {"uv": [5, 12, 6, 13], "texture": "#0"},
				"up": {"uv": [5, 12, 6, 13], "texture": "#0"},
				"down": {"uv": [5, 12, 6, 13], "texture": "#0"}
			}
		},
		{
			"from": [6.395, 1.62421, 11.17522],
			"to": [7.005, 4.20421, 12.03522],
			"rotation": {"angle": 0, "axis": "y", "origin": [7.005, 4.20421, 12.89522]},
			"faces": {
				"north": {"uv": [7, 10, 10, 11], "rotation": 270, "texture": "#0"},
				"east": {"uv": [7, 10, 12, 11], "rotation": 270, "texture": "#0"},
				"south": {"uv": [7, 10, 10, 11], "rotation": 270, "texture": "#0"},
				"west": {"uv": [7, 10, 10, 11], "rotation": 270, "texture": "#0"},
				"up": {"uv": [7, 10, 10, 11], "rotation": 270, "texture": "#0"},
				"down": {"uv": [7, 10, 10, 11], "rotation": 270, "texture": "#0"}
			}
		},
		{
			"from": [6.395, 3.70044, 12.03522],
			"to": [7.005, 4.56044, 12.89522],
			"rotation": {"angle": 45, "axis": "x", "origin": [7.005, 5.42044, 12.03522]},
			"faces": {
				"north": {"uv": [6, 10, 7, 11], "texture": "#0"},
				"east": {"uv": [6, 10, 9, 11], "texture": "#0"},
				"south": {"uv": [6, 10, 7, 11], "texture": "#0"},
				"west": {"uv": [6, 10, 7, 11], "texture": "#0"},
				"up": {"uv": [6, 10, 7, 11], "texture": "#0"},
				"down": {"uv": [6, 10, 7, 11], "texture": "#0"}
			}
		},
		{
			"from": [6.395, 3.95233, 7.98711],
			"to": [7.005, 4.81233, 11.42711],
			"rotation": {"angle": 0, "axis": "y", "origin": [7.005, 4.81233, 9.70711]},
			"faces": {
				"north": {"uv": [6, 12, 7, 16], "rotation": 270, "texture": "#0"},
				"east": {"uv": [6, 12, 9, 16], "rotation": 270, "texture": "#0"},
				"south": {"uv": [6, 12, 7, 16], "rotation": 270, "texture": "#0"},
				"west": {"uv": [6, 12, 7, 16], "rotation": 270, "texture": "#0"},
				"up": {"uv": [6, 12, 8, 16], "rotation": 270, "texture": "#0"},
				"down": {"uv": [6, 12, 7, 16], "rotation": 270, "texture": "#0"}
			}
		},
		{
			"from": [6.395, 3.70044, 8.59522],
			"to": [7.005, 4.56044, 9.45522],
			"rotation": {"angle": 45, "axis": "x", "origin": [7.005, 5.42044, 8.59522]},
			"faces": {
				"north": {"uv": [6, 10, 8, 12], "texture": "#0"},
				"east": {"uv": [6, 11, 9, 12], "texture": "#0"},
				"south": {"uv": [6, 10, 7, 10], "texture": "#0"},
				"west": {"uv": [6, 10, 7, 10], "texture": "#0"},
				"up": {"uv": [6, 10, 8, 12], "texture": "#0"},
				"down": {"uv": [6, 10, 8, 12], "texture": "#0"}
			}
		},
		{
			"from": [6.395, 1.26799, 6.51899],
			"to": [7.005, 2.12799, 7.37899],
			"rotation": {"angle": 45, "axis": "x", "origin": [7.005, 0.40799, 7.37899]},
			"faces": {
				"north": {"uv": [6, 12, 7, 13], "texture": "#0"},
				"east": {"uv": [6, 12, 9, 13], "texture": "#0"},
				"south": {"uv": [6, 12, 7, 13], "texture": "#0"},
				"west": {"uv": [6, 12, 7, 13], "texture": "#0"},
				"up": {"uv": [6, 12, 7, 13], "texture": "#0"},
				"down": {"uv": [6, 12, 7, 13], "texture": "#0"}
			}
		},
		{
			"from": [6.395, 1.62421, 7.37899],
			"to": [7.005, 4.20421, 8.23899],
			"rotation": {"angle": 0, "axis": "y", "origin": [7.005, 1.62421, 6.51899]},
			"faces": {
				"north": {"uv": [6, 11, 9, 12], "rotation": 270, "texture": "#0"},
				"east": {"uv": [6, 11, 11, 12], "rotation": 270, "texture": "#0"},
				"south": {"uv": [6, 11, 9, 12], "rotation": 270, "texture": "#0"},
				"west": {"uv": [6, 11, 9, 12], "rotation": 270, "texture": "#0"},
				"up": {"uv": [6, 11, 9, 12], "rotation": 270, "texture": "#0"},
				"down": {"uv": [6, 11, 9, 12], "rotation": 270, "texture": "#0"}
			}
		},
		{
			"from": [6.035, 4.45233, 7.98711],
			"to": [6.395, 4.81233, 8.42711],
			"rotation": {"angle": 0, "axis": "y", "origin": [6.895, 4.81233, 9.70711]},
			"faces": {
				"north": {"uv": [6, 12, 7, 16], "rotation": 270, "texture": "#0"},
				"east": {"uv": [8, 12, 11, 16], "rotation": 270, "texture": "#0"},
				"south": {"uv": [6, 12, 7, 16], "rotation": 270, "texture": "#0"},
				"west": {"uv": [6, 12, 7, 16], "rotation": 270, "texture": "#0"},
				"up": {"uv": [6, 12, 7, 16], "rotation": 270, "texture": "#0"},
				"down": {"uv": [6, 12, 7, 16], "rotation": 270, "texture": "#0"}
			}
		},
		{
			"from": [6.035, 4.45233, 8.48711],
			"to": [6.395, 4.81233, 8.92711],
			"rotation": {"angle": 0, "axis": "y", "origin": [6.895, 4.81233, 9.70711]},
			"faces": {
				"north": {"uv": [6, 12, 7, 16], "rotation": 270, "texture": "#0"},
				"east": {"uv": [8, 12, 11, 16], "rotation": 270, "texture": "#0"},
				"south": {"uv": [6, 12, 7, 16], "rotation": 270, "texture": "#0"},
				"west": {"uv": [6, 12, 7, 16], "rotation": 270, "texture": "#0"},
				"up": {"uv": [6, 12, 7, 16], "rotation": 270, "texture": "#0"},
				"down": {"uv": [6, 12, 7, 16], "rotation": 270, "texture": "#0"}
			}
		},
		{
			"from": [6.035, 4.45233, 8.98711],
			"to": [6.395, 4.81233, 9.42711],
			"rotation": {"angle": 0, "axis": "y", "origin": [6.895, 4.81233, 9.70711]},
			"faces": {
				"north": {"uv": [6, 12, 7, 16], "rotation": 270, "texture": "#0"},
				"east": {"uv": [8, 12, 11, 16], "rotation": 270, "texture": "#0"},
				"south": {"uv": [6, 12, 7, 16], "rotation": 270, "texture": "#0"},
				"west": {"uv": [6, 12, 7, 16], "rotation": 270, "texture": "#0"},
				"up": {"uv": [6, 12, 7, 16], "rotation": 270, "texture": "#0"},
				"down": {"uv": [6, 12, 7, 16], "rotation": 270, "texture": "#0"}
			}
		},
		{
			"from": [6.035, 4.45233, 9.48711],
			"to": [6.395, 4.81233, 9.92711],
			"rotation": {"angle": 0, "axis": "y", "origin": [6.895, 4.81233, 9.70711]},
			"faces": {
				"north": {"uv": [6, 12, 7, 16], "rotation": 270, "texture": "#0"},
				"east": {"uv": [8, 12, 11, 16], "rotation": 270, "texture": "#0"},
				"south": {"uv": [6, 12, 7, 16], "rotation": 270, "texture": "#0"},
				"west": {"uv": [6, 12, 7, 16], "rotation": 270, "texture": "#0"},
				"up": {"uv": [6, 12, 7, 16], "rotation": 270, "texture": "#0"},
				"down": {"uv": [6, 12, 7, 16], "rotation": 270, "texture": "#0"}
			}
		},
		{
			"from": [6.035, 4.45233, 10.48711],
			"to": [6.395, 4.81233, 10.92711],
			"rotation": {"angle": 0, "axis": "y", "origin": [6.895, 4.81233, 9.70711]},
			"faces": {
				"north": {"uv": [6, 12, 7, 16], "rotation": 270, "texture": "#0"},
				"east": {"uv": [8, 12, 11, 16], "rotation": 270, "texture": "#0"},
				"south": {"uv": [6, 12, 7, 16], "rotation": 270, "texture": "#0"},
				"west": {"uv": [6, 12, 7, 16], "rotation": 270, "texture": "#0"},
				"up": {"uv": [6, 12, 7, 16], "rotation": 270, "texture": "#0"},
				"down": {"uv": [6, 12, 7, 16], "rotation": 270, "texture": "#0"}
			}
		},
		{
			"from": [6.035, 4.45233, 9.98711],
			"to": [6.395, 4.81233, 10.42711],
			"rotation": {"angle": 0, "axis": "y", "origin": [6.895, 4.81233, 9.70711]},
			"faces": {
				"north": {"uv": [6, 12, 7, 16], "rotation": 270, "texture": "#0"},
				"east": {"uv": [8, 12, 11, 16], "rotation": 270, "texture": "#0"},
				"south": {"uv": [6, 12, 7, 16], "rotation": 270, "texture": "#0"},
				"west": {"uv": [6, 12, 7, 16], "rotation": 270, "texture": "#0"},
				"up": {"uv": [6, 12, 7, 16], "rotation": 270, "texture": "#0"},
				"down": {"uv": [6, 12, 7, 16], "rotation": 270, "texture": "#0"}
			}
		},
		{
			"from": [6.035, 4.45233, 10.98711],
			"to": [6.395, 4.81233, 11.42711],
			"rotation": {"angle": 0, "axis": "y", "origin": [6.895, 4.81233, 9.70711]},
			"faces": {
				"north": {"uv": [6, 12, 7, 16], "rotation": 270, "texture": "#0"},
				"east": {"uv": [8, 12, 11, 16], "rotation": 270, "texture": "#0"},
				"south": {"uv": [6, 12, 7, 16], "rotation": 270, "texture": "#0"},
				"west": {"uv": [6, 12, 7, 16], "rotation": 270, "texture": "#0"},
				"up": {"uv": [6, 12, 7, 16], "rotation": 270, "texture": "#0"},
				"down": {"uv": [6, 12, 7, 16], "rotation": 270, "texture": "#0"}
			}
		},
		{
			"from": [5.78044, 3.94777, 7.98711],
			"to": [6.14044, 4.55777, 8.42711],
			"rotation": {"angle": 0, "axis": "y", "origin": [5.78044, 5.55777, 9.70711]},
			"faces": {
				"north": {"uv": [5, 10, 6, 14], "rotation": 90, "texture": "#0"},
				"east": {"uv": [7, 10, 10, 14], "rotation": 90, "texture": "#0"},
				"south": {"uv": [5, 10, 6, 14], "rotation": 90, "texture": "#0"},
				"west": {"uv": [5, 10, 6, 14], "rotation": 90, "texture": "#0"},
				"up": {"uv": [5, 10, 6, 14], "rotation": 90, "texture": "#0"},
				"down": {"uv": [5, 10, 6, 14], "rotation": 90, "texture": "#0"}
			}
		},
		{
			"from": [5.78044, 3.94777, 8.48711],
			"to": [6.14044, 4.55777, 8.92711],
			"rotation": {"angle": 0, "axis": "y", "origin": [5.78044, 5.55777, 9.70711]},
			"faces": {
				"north": {"uv": [5, 10, 6, 14], "rotation": 90, "texture": "#0"},
				"east": {"uv": [7, 10, 10, 14], "rotation": 90, "texture": "#0"},
				"south": {"uv": [5, 10, 6, 14], "rotation": 90, "texture": "#0"},
				"west": {"uv": [5, 10, 6, 14], "rotation": 90, "texture": "#0"},
				"up": {"uv": [5, 10, 6, 14], "rotation": 90, "texture": "#0"},
				"down": {"uv": [5, 10, 6, 14], "rotation": 90, "texture": "#0"}
			}
		},
		{
			"from": [5.78044, 3.94777, 8.98711],
			"to": [6.14044, 4.55777, 9.42711],
			"rotation": {"angle": 0, "axis": "y", "origin": [5.78044, 5.55777, 9.70711]},
			"faces": {
				"north": {"uv": [5, 10, 6, 14], "rotation": 90, "texture": "#0"},
				"east": {"uv": [7, 10, 10, 14], "rotation": 90, "texture": "#0"},
				"south": {"uv": [5, 10, 6, 14], "rotation": 90, "texture": "#0"},
				"west": {"uv": [5, 10, 6, 14], "rotation": 90, "texture": "#0"},
				"up": {"uv": [5, 10, 6, 14], "rotation": 90, "texture": "#0"},
				"down": {"uv": [5, 10, 6, 14], "rotation": 90, "texture": "#0"}
			}
		},
		{
			"from": [5.78044, 3.94777, 9.48711],
			"to": [6.14044, 4.55777, 9.92711],
			"rotation": {"angle": 0, "axis": "y", "origin": [5.78044, 5.55777, 9.70711]},
			"faces": {
				"north": {"uv": [5, 10, 6, 14], "rotation": 90, "texture": "#0"},
				"east": {"uv": [7, 10, 10, 14], "rotation": 90, "texture": "#0"},
				"south": {"uv": [5, 10, 6, 14], "rotation": 90, "texture": "#0"},
				"west": {"uv": [5, 10, 6, 14], "rotation": 90, "texture": "#0"},
				"up": {"uv": [5, 10, 6, 14], "rotation": 90, "texture": "#0"},
				"down": {"uv": [5, 10, 6, 14], "rotation": 90, "texture": "#0"}
			}
		},
		{
			"from": [5.78044, 3.94777, 10.48711],
			"to": [6.14044, 4.55777, 10.92711],
			"rotation": {"angle": 0, "axis": "y", "origin": [5.78044, 5.55777, 9.70711]},
			"faces": {
				"north": {"uv": [5, 10, 6, 14], "rotation": 90, "texture": "#0"},
				"east": {"uv": [7, 10, 10, 14], "rotation": 90, "texture": "#0"},
				"south": {"uv": [5, 10, 6, 14], "rotation": 90, "texture": "#0"},
				"west": {"uv": [5, 10, 6, 14], "rotation": 90, "texture": "#0"},
				"up": {"uv": [5, 10, 6, 14], "rotation": 90, "texture": "#0"},
				"down": {"uv": [5, 10, 6, 14], "rotation": 90, "texture": "#0"}
			}
		},
		{
			"from": [5.78044, 3.94777, 9.98711],
			"to": [6.14044, 4.55777, 10.42711],
			"rotation": {"angle": 0, "axis": "y", "origin": [5.78044, 5.55777, 9.70711]},
			"faces": {
				"north": {"uv": [5, 10, 6, 14], "rotation": 90, "texture": "#0"},
				"east": {"uv": [7, 10, 10, 14], "rotation": 90, "texture": "#0"},
				"south": {"uv": [5, 10, 6, 14], "rotation": 90, "texture": "#0"},
				"west": {"uv": [5, 10, 6, 14], "rotation": 90, "texture": "#0"},
				"up": {"uv": [5, 10, 6, 14], "rotation": 90, "texture": "#0"},
				"down": {"uv": [5, 10, 6, 14], "rotation": 90, "texture": "#0"}
			}
		},
		{
			"from": [5.78044, 3.94777, 10.98711],
			"to": [6.14044, 4.55777, 11.42711],
			"rotation": {"angle": 0, "axis": "y", "origin": [5.78044, 5.55777, 9.70711]},
			"faces": {
				"north": {"uv": [5, 10, 6, 14], "rotation": 90, "texture": "#0"},
				"east": {"uv": [7, 10, 10, 14], "rotation": 90, "texture": "#0"},
				"south": {"uv": [5, 10, 6, 14], "rotation": 90, "texture": "#0"},
				"west": {"uv": [5, 10, 6, 14], "rotation": 90, "texture": "#0"},
				"up": {"uv": [5, 10, 6, 14], "rotation": 90, "texture": "#0"},
				"down": {"uv": [5, 10, 6, 14], "rotation": 90, "texture": "#0"}
			}
		},
		{
			"from": [5.38211, 5.15943, 7.98711],
			"to": [5.74211, 5.51943, 8.42711],
			"rotation": {"angle": 45, "axis": "z", "origin": [6.74211, 5.51943, 9.70711]},
			"faces": {
				"north": {"uv": [6, 12, 7, 16], "rotation": 270, "texture": "#0"},
				"east": {"uv": [8, 12, 11, 16], "rotation": 270, "texture": "#0"},
				"south": {"uv": [6, 12, 7, 16], "rotation": 270, "texture": "#0"},
				"west": {"uv": [6, 12, 7, 16], "rotation": 270, "texture": "#0"},
				"up": {"uv": [6, 12, 7, 16], "rotation": 270, "texture": "#0"},
				"down": {"uv": [6, 12, 7, 16], "rotation": 270, "texture": "#0"}
			}
		},
		{
			"from": [5.38211, 5.15943, 8.48711],
			"to": [5.74211, 5.51943, 8.92711],
			"rotation": {"angle": 45, "axis": "z", "origin": [6.74211, 5.51943, 9.70711]},
			"faces": {
				"north": {"uv": [6, 12, 7, 16], "rotation": 270, "texture": "#0"},
				"east": {"uv": [8, 12, 11, 16], "rotation": 270, "texture": "#0"},
				"south": {"uv": [6, 12, 7, 16], "rotation": 270, "texture": "#0"},
				"west": {"uv": [6, 12, 7, 16], "rotation": 270, "texture": "#0"},
				"up": {"uv": [6, 12, 7, 16], "rotation": 270, "texture": "#0"},
				"down": {"uv": [6, 12, 7, 16], "rotation": 270, "texture": "#0"}
			}
		},
		{
			"from": [5.38211, 5.15943, 8.98711],
			"to": [5.74211, 5.51943, 9.42711],
			"rotation": {"angle": 45, "axis": "z", "origin": [6.74211, 5.51943, 9.70711]},
			"faces": {
				"north": {"uv": [6, 12, 7, 16], "rotation": 270, "texture": "#0"},
				"east": {"uv": [8, 12, 11, 16], "rotation": 270, "texture": "#0"},
				"south": {"uv": [6, 12, 7, 16], "rotation": 270, "texture": "#0"},
				"west": {"uv": [6, 12, 7, 16], "rotation": 270, "texture": "#0"},
				"up": {"uv": [6, 12, 7, 16], "rotation": 270, "texture": "#0"},
				"down": {"uv": [6, 12, 7, 16], "rotation": 270, "texture": "#0"}
			}
		},
		{
			"from": [5.38211, 5.15943, 9.48711],
			"to": [5.74211, 5.51943, 9.92711],
			"rotation": {"angle": 45, "axis": "z", "origin": [6.74211, 5.51943, 9.70711]},
			"faces": {
				"north": {"uv": [6, 12, 7, 16], "rotation": 270, "texture": "#0"},
				"east": {"uv": [8, 12, 11, 16], "rotation": 270, "texture": "#0"},
				"south": {"uv": [6, 12, 7, 16], "rotation": 270, "texture": "#0"},
				"west": {"uv": [6, 12, 7, 16], "rotation": 270, "texture": "#0"},
				"up": {"uv": [6, 12, 7, 16], "rotation": 270, "texture": "#0"},
				"down": {"uv": [6, 12, 7, 16], "rotation": 270, "texture": "#0"}
			}
		},
		{
			"from": [5.38211, 5.15943, 10.48711],
			"to": [5.74211, 5.51943, 10.92711],
			"rotation": {"angle": 45, "axis": "z", "origin": [6.74211, 5.51943, 9.70711]},
			"faces": {
				"north": {"uv": [6, 12, 7, 16], "rotation": 270, "texture": "#0"},
				"east": {"uv": [8, 12, 11, 16], "rotation": 270, "texture": "#0"},
				"south": {"uv": [6, 12, 7, 16], "rotation": 270, "texture": "#0"},
				"west": {"uv": [6, 12, 7, 16], "rotation": 270, "texture": "#0"},
				"up": {"uv": [6, 12, 7, 16], "rotation": 270, "texture": "#0"},
				"down": {"uv": [6, 12, 7, 16], "rotation": 270, "texture": "#0"}
			}
		},
		{
			"from": [5.38211, 5.15943, 9.98711],
			"to": [5.74211, 5.51943, 10.42711],
			"rotation": {"angle": 45, "axis": "z", "origin": [6.74211, 5.51943, 9.70711]},
			"faces": {
				"north": {"uv": [6, 12, 7, 16], "rotation": 270, "texture": "#0"},
				"east": {"uv": [8, 12, 11, 16], "rotation": 270, "texture": "#0"},
				"south": {"uv": [6, 12, 7, 16], "rotation": 270, "texture": "#0"},
				"west": {"uv": [6, 12, 7, 16], "rotation": 270, "texture": "#0"},
				"up": {"uv": [6, 12, 7, 16], "rotation": 270, "texture": "#0"},
				"down": {"uv": [6, 12, 7, 16], "rotation": 270, "texture": "#0"}
			}
		},
		{
			"from": [5.38211, 5.15943, 10.98711],
			"to": [5.74211, 5.51943, 11.42711],
			"rotation": {"angle": 45, "axis": "z", "origin": [6.74211, 5.51943, 9.70711]},
			"faces": {
				"north": {"uv": [6, 12, 7, 16], "rotation": 270, "texture": "#0"},
				"east": {"uv": [8, 12, 11, 16], "rotation": 270, "texture": "#0"},
				"south": {"uv": [6, 12, 7, 16], "rotation": 270, "texture": "#0"},
				"west": {"uv": [6, 12, 7, 16], "rotation": 270, "texture": "#0"},
				"up": {"uv": [6, 12, 7, 16], "rotation": 270, "texture": "#0"},
				"down": {"uv": [6, 12, 7, 16], "rotation": 270, "texture": "#0"}
			}
		},
		{
			"from": [5.7905, 1.20994, 8.15911],
			"to": [6.4895, 1.98394, 11.25511],
			"rotation": {"angle": 0, "axis": "y", "origin": [6.4895, 1.20994, 9.70711]},
			"faces": {
				"north": {"uv": [5, 10, 6, 14], "rotation": 270, "texture": "#0"},
				"east": {"uv": [6, 10, 9, 14], "rotation": 270, "texture": "#0"},
				"south": {"uv": [5, 10, 6, 14], "rotation": 270, "texture": "#0"},
				"west": {"uv": [6, 11, 7, 15], "rotation": 270, "texture": "#0"},
				"up": {"uv": [5, 10, 6, 14], "rotation": 270, "texture": "#0"},
				"down": {"uv": [5, 10, 6, 14], "rotation": 270, "texture": "#0"}
			}
		},
		{
			"from": [5.7905, 1.43664, 9.93381],
			"to": [6.4895, 2.21064, 10.70781],
			"rotation": {"angle": 45, "axis": "x", "origin": [6.4895, 0.66264, 10.70781]},
			"faces": {
				"north": {"uv": [5, 10, 6, 11], "texture": "#0"},
				"east": {"uv": [6, 10, 9, 11], "texture": "#0"},
				"south": {"uv": [5, 10, 6, 11], "texture": "#0"},
				"west": {"uv": [5, 12, 6, 13], "texture": "#0"},
				"up": {"uv": [5, 10, 6, 11], "texture": "#0"},
				"down": {"uv": [5, 10, 6, 11], "texture": "#0"}
			}
		},
		{
			"from": [5.7905, 1.75724, 11.02841],
			"to": [6.4895, 4.07924, 11.80241],
			"rotation": {"angle": 0, "axis": "y", "origin": [6.4895, 4.07924, 12.57641]},
			"faces": {
				"north": {"uv": [8, 11, 11, 12], "rotation": 270, "texture": "#0"},
				"east": {"uv": [9, 11, 14, 12], "rotation": 270, "texture": "#0"},
				"south": {"uv": [8, 11, 11, 12], "rotation": 270, "texture": "#0"},
				"west": {"uv": [8, 13, 11, 14], "rotation": 270, "texture": "#0"},
				"up": {"uv": [8, 11, 11, 12], "rotation": 270, "texture": "#0"},
				"down": {"uv": [8, 11, 11, 12], "rotation": 270, "texture": "#0"}
			}
		},
		{
			"from": [5.7905, 3.85084, 12.02741],
			"to": [6.4895, 4.39984, 12.57641],
			"rotation": {"angle": 45, "axis": "x", "origin": [6.4895, 5.17384, 11.80241]},
			"faces": {
				"north": {"uv": [6, 11, 7, 12], "texture": "#0"},
				"east": {"uv": [7, 11, 10, 12], "texture": "#0"},
				"south": {"uv": [6, 11, 7, 12], "texture": "#0"},
				"west": {"uv": [6, 13, 7, 14], "texture": "#0"},
				"up": {"uv": [6, 11, 7, 12], "texture": "#0"},
				"down": {"uv": [6, 11, 7, 12], "texture": "#0"}
			}
		},
		{
			"from": [5.7905, 3.62584, 8.70641],
			"to": [6.4895, 4.22484, 9.20541],
			"rotation": {"angle": 45, "axis": "x", "origin": [6.4895, 5.17384, 8.70641]},
			"faces": {
				"north": {"uv": [6, 11, 7, 12], "texture": "#0"},
				"east": {"uv": [7, 11, 10, 12], "texture": "#0"},
				"south": {"uv": [6, 11, 7, 12], "texture": "#0"},
				"west": {"uv": [6, 13, 7, 14], "texture": "#0"},
				"up": {"uv": [6, 11, 7, 12], "texture": "#0"},
				"down": {"uv": [6, 11, 7, 12], "texture": "#0"}
			}
		},
		{
			"from": [5.7905, 1.43664, 6.83781],
			"to": [6.4895, 2.21064, 7.61181],
			"rotation": {"angle": 45, "axis": "x", "origin": [6.4895, 0.66264, 7.61181]},
			"faces": {
				"north": {"uv": [5, 10, 6, 11], "texture": "#0"},
				"east": {"uv": [6, 10, 9, 11], "texture": "#0"},
				"south": {"uv": [5, 10, 6, 11], "texture": "#0"},
				"west": {"uv": [5, 12, 6, 13], "texture": "#0"},
				"up": {"uv": [5, 10, 6, 11], "texture": "#0"},
				"down": {"uv": [5, 10, 6, 11], "texture": "#0"}
			}
		},
		{
			"from": [5.7905, 1.75724, 7.61181],
			"to": [6.4895, 4.07924, 8.38581],
			"rotation": {"angle": 0, "axis": "y", "origin": [6.4895, 1.75724, 6.83781]},
			"faces": {
				"north": {"uv": [5, 10, 8, 11], "rotation": 270, "texture": "#0"},
				"east": {"uv": [6, 10, 11, 11], "rotation": 270, "texture": "#0"},
				"south": {"uv": [5, 10, 8, 11], "rotation": 270, "texture": "#0"},
				"west": {"uv": [5, 12, 8, 13], "rotation": 270, "texture": "#0"},
				"up": {"uv": [5, 10, 8, 11], "rotation": 270, "texture": "#0"},
				"down": {"uv": [5, 10, 8, 11], "rotation": 270, "texture": "#0"}
			}
		},
		{
			"from": [5.78044, 1.92377, 7.98711],
			"to": [6.40444, 3.94777, 11.41111],
			"rotation": {"angle": 0, "axis": "y", "origin": [6.40444, 3.94777, 9.53511]},
			"faces": {
				"north": {"uv": [5, 9.5, 12, 16], "rotation": 180, "texture": "#0"},
				"east": {"uv": [5, 9.5, 12, 16], "rotation": 180, "texture": "#0"},
				"south": {"uv": [5, 9.5, 12, 16], "rotation": 180, "texture": "#0"},
				"west": {"uv": [5, 9, 11.5, 16], "rotation": 90, "texture": "#0"},
				"up": {"uv": [5, 9.5, 12, 16], "rotation": 180, "texture": "#0"},
				"down": {"uv": [5, 9.5, 12, 16], "rotation": 180, "texture": "#0"}
			}
		},
		{
			"from": [8, 1.41421, 13.16421],
			"to": [9, 1.91421, 14.41421],
			"rotation": {"angle": 22.5, "axis": "x", "origin": [8, 4.41421, 13.41421]},
			"faces": {
				"north": {"uv": [7, 10, 8.5, 12.25], "rotation": 270, "texture": "#0"},
				"east": {"uv": [7, 10, 8.5, 12.25], "rotation": 270, "texture": "#0"},
				"south": {"uv": [7, 10, 8.5, 12.25], "rotation": 270, "texture": "#0"},
				"west": {"uv": [7, 10, 8.5, 12.25], "rotation": 270, "texture": "#0"},
				"up": {"uv": [7, 10, 8.5, 12.25], "rotation": 270, "texture": "#0"},
				"down": {"uv": [7, 10, 8.5, 12.25], "rotation": 270, "texture": "#0"}
			}
		},
		{
			"from": [8, 1.25989, 13.19004],
			"to": [9, 1.75989, 14.44004],
			"rotation": {"angle": 0, "axis": "y", "origin": [8, 4.25989, 12.19004]},
			"faces": {
				"north": {"uv": [7, 10, 8.5, 12.25], "rotation": 270, "texture": "#0"},
				"east": {"uv": [7, 10, 8.5, 12.25], "rotation": 270, "texture": "#0"},
				"south": {"uv": [7, 10, 8.5, 12.25], "rotation": 270, "texture": "#0"},
				"west": {"uv": [7, 10, 8.5, 12.25], "rotation": 270, "texture": "#0"},
				"up": {"uv": [7, 10, 8.5, 12.25], "rotation": 270, "texture": "#0"},
				"down": {"uv": [7, 10, 8.5, 12.25], "rotation": 270, "texture": "#0"}
			}
		},
		{
			"from": [8, -0.32589, 12.61162],
			"to": [9, 0.17411, 13.11162],
			"rotation": {"angle": -45, "axis": "x", "origin": [8, 2.67411, 11.61162]},
			"faces": {
				"north": {"uv": [7, 10, 8.5, 11.5], "rotation": 270, "texture": "#0"},
				"east": {"uv": [7, 10, 8.5, 11.5], "rotation": 270, "texture": "#0"},
				"south": {"uv": [7, 10, 8.5, 11.5], "rotation": 270, "texture": "#0"},
				"west": {"uv": [7, 10, 8.5, 11.5], "rotation": 270, "texture": "#0"},
				"up": {"uv": [7, 10, 8.5, 11.5], "rotation": 270, "texture": "#0"},
				"down": {"uv": [7, 10, 8.5, 11.5], "rotation": 270, "texture": "#0"}
			}
		},
		{
			"from": [8, 1.61344, 14.2936],
			"to": [9, 2.61344, 14.7936],
			"rotation": {"angle": 0, "axis": "y", "origin": [8, 4.61344, 13.2936]},
			"faces": {
				"north": {"uv": [7, 10, 9, 11.5], "rotation": 270, "texture": "#0"},
				"east": {"uv": [7, 10, 9, 11.5], "rotation": 270, "texture": "#0"},
				"south": {"uv": [7, 10, 9, 11.5], "rotation": 270, "texture": "#0"},
				"west": {"uv": [7, 10, 9, 11.5], "rotation": 270, "texture": "#0"},
				"up": {"uv": [7, 10, 9, 11.5], "rotation": 270, "texture": "#0"},
				"down": {"uv": [7, 10, 9, 11.5], "rotation": 270, "texture": "#0"}
			}
		},
		{
			"from": [8, 0.67411, 12.61162],
			"to": [9, 2.92411, 13.11162],
			"rotation": {"angle": -45, "axis": "x", "origin": [8, 3.67411, 11.61162]},
			"faces": {
				"north": {"uv": [6, 10, 9.25, 11.5], "rotation": 270, "texture": "#0"},
				"east": {"uv": [6, 10, 9.25, 11.5], "rotation": 270, "texture": "#0"},
				"south": {"uv": [6, 10, 9.25, 11.5], "rotation": 270, "texture": "#0"},
				"west": {"uv": [6, 10, 9.25, 11.5], "rotation": 270, "texture": "#0"},
				"up": {"uv": [6, 10, 9.25, 11.5], "rotation": 270, "texture": "#0"},
				"down": {"uv": [6, 10, 9.25, 11.5], "rotation": 270, "texture": "#0"}
			}
		},
		{
			"from": [8, 3.70444, 12.20261],
			"to": [9, 4.20444, 13.20261],
			"rotation": {"angle": 0, "axis": "y", "origin": [8, 2.70444, 10.20261]},
			"faces": {
				"north": {"uv": [7, 10, 9, 11.5], "texture": "#0"},
				"east": {"uv": [7, 10, 9, 11.5], "texture": "#0"},
				"south": {"uv": [7, 10, 9, 11.5], "texture": "#0"},
				"west": {"uv": [7, 10, 9, 11.5], "texture": "#0"},
				"up": {"uv": [7, 10, 9, 11.5], "texture": "#0"},
				"down": {"uv": [7, 10, 9, 11.5], "texture": "#0"}
			}
		},
		{
			"from": [9.995, 1.0161, 7.98711],
			"to": [10.605, 1.8761, 11.42711],
			"rotation": {"angle": 0, "axis": "y", "origin": [9.995, 1.0161, 9.70711]},
			"faces": {
				"north": {"uv": [5, 14, 6, 10], "rotation": 90, "texture": "#0"},
				"east": {"uv": [6, 14, 9, 10], "rotation": 90, "texture": "#0"},
				"south": {"uv": [5, 14, 7, 10], "rotation": 90, "texture": "#0"},
				"west": {"uv": [5, 14, 6, 10], "rotation": 90, "texture": "#0"},
				"up": {"uv": [5, 14, 6, 10], "rotation": 90, "texture": "#0"},
				"down": {"uv": [5, 14, 6, 10], "rotation": 90, "texture": "#0"}
			}
		},
		{
			"from": [9.995, 1.26799, 9.95899],
			"to": [10.605, 2.12799, 10.81899],
			"rotation": {"angle": 45, "axis": "x", "origin": [9.995, 0.40799, 10.81899]},
			"faces": {
				"north": {"uv": [7, 10, 6, 11], "texture": "#0"},
				"east": {"uv": [10, 10, 7, 11], "texture": "#0"},
				"south": {"uv": [7, 10, 6, 11], "texture": "#0"},
				"west": {"uv": [7, 10, 6, 11], "texture": "#0"},
				"up": {"uv": [7, 10, 6, 11], "texture": "#0"},
				"down": {"uv": [7, 10, 6, 11], "texture": "#0"}
			}
		},
		{
			"from": [9.995, 1.62421, 8.17522],
			"to": [10.605, 4.20421, 12.03522],
			"rotation": {"angle": 0, "axis": "y", "origin": [9.995, 4.20421, 12.89522]},
			"faces": {
				"north": {"uv": [6, 11, 9, 10], "rotation": 90, "texture": "#0"},
				"east": {"uv": [7, 11, 12, 10], "rotation": 90, "texture": "#0"},
				"south": {"uv": [6, 11, 9, 10], "rotation": 90, "texture": "#0"},
				"west": {"uv": [6, 11, 9, 10], "rotation": 90, "texture": "#0"},
				"up": {"uv": [6, 11, 9, 10], "rotation": 90, "texture": "#0"},
				"down": {"uv": [6, 11, 9, 10], "rotation": 90, "texture": "#0"}
			}
		},
		{
			"from": [9.995, 3.70044, 12.03522],
			"to": [10.605, 4.56044, 12.89522],
			"rotation": {"angle": 45, "axis": "x", "origin": [9.995, 5.42044, 12.03522]},
			"faces": {
				"north": {"uv": [7, 10, 6, 11], "texture": "#0"},
				"east": {"uv": [10, 10, 7, 11], "texture": "#0"},
				"south": {"uv": [7, 10, 6, 11], "texture": "#0"},
				"west": {"uv": [7, 10, 6, 11], "texture": "#0"},
				"up": {"uv": [7, 10, 6, 11], "texture": "#0"},
				"down": {"uv": [7, 10, 6, 11], "texture": "#0"}
			}
		},
		{
			"from": [9.995, 3.95233, 7.98711],
			"to": [10.605, 4.81233, 11.42711],
			"rotation": {"angle": 0, "axis": "y", "origin": [9.995, 4.81233, 9.70711]},
			"faces": {
				"north": {"uv": [6, 15, 7, 11], "rotation": 90, "texture": "#0"},
				"east": {"uv": [7, 15, 10, 11], "rotation": 90, "texture": "#0"},
				"south": {"uv": [6, 15, 7, 11], "rotation": 90, "texture": "#0"},
				"west": {"uv": [6, 15, 7, 11], "rotation": 90, "texture": "#0"},
				"up": {"uv": [6, 15, 7, 11], "rotation": 90, "texture": "#0"},
				"down": {"uv": [6, 15, 7, 11], "rotation": 90, "texture": "#0"}
			}
		},
		{
			"from": [9.995, 3.70044, 8.59522],
			"to": [10.605, 4.56044, 9.45522],
			"rotation": {"angle": 45, "axis": "x", "origin": [9.995, 5.42044, 8.59522]},
			"faces": {
				"north": {"uv": [7, 10, 6, 11], "texture": "#0"},
				"east": {"uv": [10, 10, 7, 11], "texture": "#0"},
				"south": {"uv": [7, 10, 6, 11], "texture": "#0"},
				"west": {"uv": [7, 10, 6, 11], "texture": "#0"},
				"up": {"uv": [7, 10, 6, 11], "texture": "#0"},
				"down": {"uv": [7, 10, 6, 11], "texture": "#0"}
			}
		},
		{
			"from": [9.995, 1.26799, 6.51899],
			"to": [10.605, 2.12799, 7.37899],
			"rotation": {"angle": 45, "axis": "x", "origin": [9.995, 0.40799, 7.37899]},
			"faces": {
				"north": {"uv": [6, 10, 5, 11], "texture": "#0"},
				"east": {"uv": [9, 10, 6, 11], "texture": "#0"},
				"south": {"uv": [6, 10, 5, 11], "texture": "#0"},
				"west": {"uv": [6, 10, 5, 11], "texture": "#0"},
				"up": {"uv": [6, 10, 5, 11], "texture": "#0"},
				"down": {"uv": [6, 10, 5, 11], "texture": "#0"}
			}
		},
		{
			"from": [9.995, 1.62421, 7.37899],
			"to": [10.605, 4.20421, 8.23899],
			"rotation": {"angle": 0, "axis": "y", "origin": [9.995, 1.62421, 6.51899]},
			"faces": {
				"north": {"uv": [5, 11, 8, 10], "rotation": 90, "texture": "#0"},
				"east": {"uv": [6, 11, 11, 10], "rotation": 90, "texture": "#0"},
				"south": {"uv": [5, 11, 8, 10], "rotation": 90, "texture": "#0"},
				"west": {"uv": [5, 11, 8, 10], "rotation": 90, "texture": "#0"},
				"up": {"uv": [5, 11, 8, 10], "rotation": 90, "texture": "#0"},
				"down": {"uv": [5, 11, 8, 10], "rotation": 90, "texture": "#0"}
			}
		},
		{
			"from": [8.425, 2.04462, 12.3734],
			"to": [8.575, 2.49462, 12.6734],
			"rotation": {"angle": -22.5, "axis": "x", "origin": [8, 3.94462, 10.0234]},
			"faces": {
				"north": {"uv": [3, 1, 3.45, 1.3], "rotation": 90, "texture": "#3"},
				"east": {"uv": [3, 1, 3.45, 1.3], "rotation": 90, "texture": "#3"},
				"south": {"uv": [3, 1, 3.45, 1.3], "rotation": 90, "texture": "#3"},
				"west": {"uv": [3, 1, 3.45, 1.3], "rotation": 90, "texture": "#3"},
				"up": {"uv": [3, 1, 3.45, 1.3], "rotation": 90, "texture": "#3"},
				"down": {"uv": [3, 1, 3.45, 1.3], "rotation": 90, "texture": "#3"}
			}
		},
		{
			"from": [8.35, 3.45444, 12.20261],
			"to": [8.65, 3.70444, 12.95261],
			"rotation": {"angle": 0, "axis": "y", "origin": [8, 2.70444, 10.20261]},
			"faces": {
				"north": {"uv": [3, 1, 3.75, 1.25], "texture": "#3"},
				"east": {"uv": [3, 1, 3.75, 1.25], "texture": "#3"},
				"south": {"uv": [3, 1, 3.75, 1.25], "texture": "#3"},
				"west": {"uv": [3, 1, 3.75, 1.25], "texture": "#3"},
				"up": {"uv": [3, 1, 3.75, 1.25], "texture": "#3"},
				"down": {"uv": [3, 1, 3.75, 1.25], "texture": "#3"}
			}
		},
		{
			"from": [8.375, 5.30444, 11.87418],
			"to": [8.625, 5.70444, 12.39918],
			"rotation": {"angle": 45, "axis": "x", "origin": [8, 3.70444, 10.12418]},
			"faces": {
				"north": {"uv": [3, 1, 3.525, 1.4], "texture": "#3"},
				"east": {"uv": [3, 1, 3.525, 1.4], "texture": "#3"},
				"south": {"uv": [3, 1, 3.525, 1.4], "texture": "#3"},
				"west": {"uv": [3, 1, 3.525, 1.4], "texture": "#3"},
				"up": {"uv": [3, 1, 3.525, 1.4], "texture": "#3"},
				"down": {"uv": [3, 1, 3.525, 1.4], "texture": "#3"}
			}
		},
		{
			"from": [10.235, 4.70751, 12.30516],
			"to": [10.345, 4.76751, 12.36516],
			"rotation": {"angle": 45, "axis": "x", "origin": [9.935, 5.42751, 11.83016]},
			"faces": {
				"north": {"uv": [2, 1, 1, 2], "texture": "#3"},
				"east": {"uv": [2, 1, 1, 2], "texture": "#3"},
				"south": {"uv": [2, 1, 1, 2], "texture": "#3"},
				"west": {"uv": [2, 1, 1, 2], "texture": "#3"},
				"up": {"uv": [2, 1, 1, 2], "texture": "#3"},
				"down": {"uv": [2, 1, 1, 2], "texture": "#3"}
			}
		},
		{
			"from": [10.245, 4.45044, 12.41022],
			"to": [10.355, 5.31044, 12.52022],
			"rotation": {"angle": 45, "axis": "x", "origin": [9.995, 5.42044, 12.03522]},
			"faces": {
				"north": {"uv": [7, 1, 6, 2], "texture": "#2"},
				"east": {"uv": [7, 1, 6, 2], "texture": "#2"},
				"south": {"uv": [7, 1, 6, 2], "texture": "#2"},
				"west": {"uv": [7, 1, 6, 2], "texture": "#2"},
				"up": {"uv": [7, 1, 6, 2], "texture": "#2"},
				"down": {"uv": [7, 1, 6, 2], "texture": "#2"}
			}
		},
		{
			"from": [10.245, 5.27544, 12.03522],
			"to": [10.355, 5.63544, 12.89522],
			"rotation": {"angle": 45, "axis": "x", "origin": [9.995, 5.42044, 12.03522]},
			"faces": {
				"north": {"uv": [7, 1, 6, 2], "texture": "#2"},
				"east": {"uv": [7, 1, 6, 2], "texture": "#2"},
				"south": {"uv": [7, 1, 6, 2], "texture": "#2"},
				"west": {"uv": [7, 1, 6, 2], "texture": "#2"},
				"up": {"uv": [7, 1, 6, 2], "texture": "#2"},
				"down": {"uv": [7, 1, 6, 2], "texture": "#2"}
			}
		},
		{
			"from": [10.195, 4.60144, 12.26122],
			"to": [10.255, 4.66144, 12.47122],
			"rotation": {"angle": 45, "axis": "x", "origin": [9.995, 5.32144, 11.93622]},
			"faces": {
				"north": {"uv": [2, 1, 1, 2], "texture": "#3"},
				"east": {"uv": [2, 1, 1, 2], "texture": "#3"},
				"south": {"uv": [2, 1, 1, 2], "texture": "#3"},
				"west": {"uv": [2, 1, 1, 2], "texture": "#3"},
				"up": {"uv": [2, 1, 1, 2], "texture": "#3"},
				"down": {"uv": [2, 1, 1, 2], "texture": "#3"}
			}
		},
		{
			"from": [10.345, 4.60144, 12.26122],
			"to": [10.405, 4.66144, 12.47122],
			"rotation": {"angle": 45, "axis": "x", "origin": [9.995, 5.32144, 11.93622]},
			"faces": {
				"north": {"uv": [2, 1, 1, 2], "texture": "#3"},
				"east": {"uv": [2, 1, 1, 2], "texture": "#3"},
				"south": {"uv": [2, 1, 1, 2], "texture": "#3"},
				"west": {"uv": [2, 1, 1, 2], "texture": "#3"},
				"up": {"uv": [2, 1, 1, 2], "texture": "#3"},
				"down": {"uv": [2, 1, 1, 2], "texture": "#3"}
			}
		},
		{
			"from": [10.235, 4.60144, 12.41122],
			"to": [10.345, 4.66144, 12.47122],
			"rotation": {"angle": 45, "axis": "x", "origin": [9.935, 5.32144, 11.93622]},
			"faces": {
				"north": {"uv": [2, 1, 1, 2], "texture": "#3"},
				"east": {"uv": [2, 1, 1, 2], "texture": "#3"},
				"south": {"uv": [2, 1, 1, 2], "texture": "#3"},
				"west": {"uv": [2, 1, 1, 2], "texture": "#3"},
				"up": {"uv": [2, 1, 1, 2], "texture": "#3"},
				"down": {"uv": [2, 1, 1, 2], "texture": "#3"}
			}
		},
		{
			"from": [7.69868, 5.94306, 8.02196],
			"to": [9.30868, 6.37806, 8.46196],
			"rotation": {"angle": 0, "axis": "y", "origin": [10.49868, 6.11806, 9.51696]},
			"faces": {
				"north": {"uv": [8, 15, 9, 13], "texture": "#1"},
				"east": {"uv": [8, 15, 9, 13], "texture": "#1"},
				"south": {"uv": [8, 15, 9, 13], "texture": "#1"},
				"west": {"uv": [8, 15, 9, 13], "texture": "#1"},
				"up": {"uv": [8, 15, 9, 13], "texture": "#1"},
				"down": {"uv": [8, 15, 9, 13], "texture": "#1"}
			}
		},
		{
			"from": [9.215, 5.14967, 8.02196],
			"to": [9.65, 6.00967, 8.46196],
			"rotation": {"angle": 0, "axis": "y", "origin": [9.39, 4.70967, 9.51696]},
			"faces": {
				"north": {"uv": [9, 12, 8, 14], "texture": "#1"},
				"east": {"uv": [9, 12, 8, 14], "texture": "#1"},
				"south": {"uv": [9, 12, 8, 14], "texture": "#1"},
				"west": {"uv": [9, 12, 8, 14], "texture": "#1"},
				"up": {"uv": [9, 12, 8, 14], "texture": "#1"},
				"down": {"uv": [9, 12, 8, 14], "texture": "#1"}
			}
		},
		{
			"from": [9.69018, 6.00076, 8.02196],
			"to": [10.12518, 6.21076, 8.46196],
			"rotation": {"angle": 22.5, "axis": "z", "origin": [9.86518, 4.81076, 9.51696]},
			"faces": {
				"north": {"uv": [9, 12, 8, 14], "texture": "#1"},
				"east": {"uv": [9, 12, 8, 14], "texture": "#1"},
				"south": {"uv": [9, 12, 8, 14], "texture": "#1"},
				"west": {"uv": [9, 12, 8, 14], "texture": "#1"},
				"up": {"uv": [9, 12, 8, 14], "texture": "#1"},
				"down": {"uv": [9, 12, 8, 14], "texture": "#1"}
			}
		},
		{
			"from": [10.05225, 6.36838, 8.02196],
			"to": [10.48725, 6.52838, 8.46196],
			"rotation": {"angle": 45, "axis": "z", "origin": [10.22725, 5.17838, 9.51696]},
			"faces": {
				"north": {"uv": [9, 12, 8, 14], "texture": "#1"},
				"east": {"uv": [9, 12, 8, 14], "texture": "#1"},
				"south": {"uv": [9, 12, 8, 14], "texture": "#1"},
				"west": {"uv": [9, 12, 8, 14], "texture": "#1"},
				"up": {"uv": [9, 12, 8, 14], "texture": "#1"},
				"down": {"uv": [9, 12, 8, 14], "texture": "#1"}
			}
		},
		{
			"from": [9.10642, 5.44622, 8.02196],
			"to": [9.26642, 5.88122, 8.46196],
			"rotation": {"angle": -22.5, "axis": "z", "origin": [10.45642, 5.62122, 9.51696]},
			"faces": {
				"north": {"uv": [8, 15, 9, 13], "texture": "#1"},
				"east": {"uv": [8, 15, 9, 13], "texture": "#1"},
				"south": {"uv": [8, 15, 9, 13], "texture": "#1"},
				"west": {"uv": [8, 15, 9, 13], "texture": "#1"},
				"up": {"uv": [8, 15, 9, 13], "texture": "#1"},
				"down": {"uv": [8, 15, 9, 13], "texture": "#1"}
			}
		},
		{
			"from": [7.74094, 5.44622, 8.02196],
			"to": [7.90094, 5.88122, 8.46196],
			"rotation": {"angle": 22.5, "axis": "z", "origin": [6.55094, 5.62122, 9.51696]},
			"faces": {
				"north": {"uv": [9, 15, 8, 13], "texture": "#1"},
				"east": {"uv": [9, 15, 8, 13], "texture": "#1"},
				"south": {"uv": [9, 15, 8, 13], "texture": "#1"},
				"west": {"uv": [9, 15, 8, 13], "texture": "#1"},
				"up": {"uv": [9, 15, 8, 13], "texture": "#1"},
				"down": {"uv": [9, 15, 8, 13], "texture": "#1"}
			}
		},
		{
			"from": [6.88217, 6.00076, 8.02196],
			"to": [7.31717, 6.21076, 8.46196],
			"rotation": {"angle": -22.5, "axis": "z", "origin": [7.14217, 4.81076, 9.51696]},
			"faces": {
				"north": {"uv": [8, 12, 9, 14], "texture": "#1"},
				"east": {"uv": [8, 12, 9, 14], "texture": "#1"},
				"south": {"uv": [8, 12, 9, 14], "texture": "#1"},
				"west": {"uv": [8, 12, 9, 14], "texture": "#1"},
				"up": {"uv": [8, 12, 9, 14], "texture": "#1"},
				"down": {"uv": [8, 12, 9, 14], "texture": "#1"}
			}
		},
		{
			"from": [6.52011, 6.36838, 8.02196],
			"to": [6.95511, 6.52838, 8.46196],
			"rotation": {"angle": -45, "axis": "z", "origin": [6.78011, 5.17838, 9.51696]},
			"faces": {
				"north": {"uv": [8, 12, 9, 14], "texture": "#1"},
				"east": {"uv": [8, 12, 9, 14], "texture": "#1"},
				"south": {"uv": [8, 12, 9, 14], "texture": "#1"},
				"west": {"uv": [8, 12, 9, 14], "texture": "#1"},
				"up": {"uv": [8, 12, 9, 14], "texture": "#1"},
				"down": {"uv": [8, 12, 9, 14], "texture": "#1"}
			}
		},
		{
			"from": [7.35736, 5.14967, 8.02196],
			"to": [7.79236, 6.00967, 8.46196],
			"rotation": {"angle": 0, "axis": "y", "origin": [7.61736, 4.70967, 9.51696]},
			"faces": {
				"north": {"uv": [8, 12, 9, 14], "texture": "#1"},
				"east": {"uv": [8, 12, 9, 14], "texture": "#1"},
				"south": {"uv": [8, 12, 9, 14], "texture": "#1"},
				"west": {"uv": [8, 12, 9, 14], "texture": "#1"},
				"up": {"uv": [8, 12, 9, 14], "texture": "#1"},
				"down": {"uv": [8, 12, 9, 14], "texture": "#1"}
			}
		},
		{
			"name": "hexadecagon",
			"from": [8.4, 2.7153, -2.22391],
			"to": [8.6, 3.11313, -1.22391],
			"rotation": {"angle": -45, "axis": "x", "origin": [7.75, 2.91421, -1.22391]},
			"faces": {
				"north": {"uv": [14, 6, 15.6, 11], "texture": "#1"},
				"east": {"uv": [14, 6, 15.6, 11], "texture": "#1"},
				"south": {"uv": [14, 6, 15.6, 11], "texture": "#1"},
				"west": {"uv": [14, 6, 15.6, 11], "texture": "#1"},
				"up": {"uv": [14, 6, 15.6, 11], "texture": "#1"},
				"down": {"uv": [14, 6, 15.6, 11], "texture": "#1"}
			}
		},
		{
			"name": "hexadecagon",
			"from": [8.4, 2.7153, -2.22391],
			"to": [8.6, 3.11313, -1.22391],
			"rotation": {"angle": -22.5, "axis": "x", "origin": [7.75, 2.91421, -1.22391]},
			"faces": {
				"north": {"uv": [14, 6, 15.6, 11], "texture": "#1"},
				"east": {"uv": [14, 6, 15.6, 11], "texture": "#1"},
				"south": {"uv": [14, 6, 15.6, 11], "texture": "#1"},
				"west": {"uv": [14, 6, 15.6, 11], "texture": "#1"},
				"up": {"uv": [14, 6, 15.6, 11], "texture": "#1"},
				"down": {"uv": [14, 6, 15.6, 11], "texture": "#1"}
			}
		},
		{
			"name": "hexadecagon",
			"from": [8.4, 2.7153, -2.22391],
			"to": [8.6, 3.11313, -1.22391],
			"rotation": {"angle": 0, "axis": "y", "origin": [7.75, 2.91421, -1.22391]},
			"faces": {
				"north": {"uv": [14, 6, 15.6, 11], "texture": "#1"},
				"east": {"uv": [14, 6, 15.6, 11], "texture": "#1"},
				"south": {"uv": [14, 6, 15.6, 11], "texture": "#1"},
				"west": {"uv": [14, 6, 15.6, 11], "texture": "#1"},
				"up": {"uv": [14, 6, 15.6, 11], "texture": "#1"},
				"down": {"uv": [14, 6, 15.6, 11], "texture": "#1"}
			}
		},
		{
			"name": "hexadecagon",
			"from": [8.4, 2.7153, -2.22391],
			"to": [8.6, 3.11313, -1.22391],
			"rotation": {"angle": 22.5, "axis": "x", "origin": [7.75, 2.91421, -1.22391]},
			"faces": {
				"north": {"uv": [14, 6, 15.6, 11], "texture": "#1"},
				"east": {"uv": [14, 6, 15.6, 11], "texture": "#1"},
				"south": {"uv": [14, 6, 15.6, 11], "texture": "#1"},
				"west": {"uv": [14, 6, 15.6, 11], "texture": "#1"},
				"up": {"uv": [14, 6, 15.6, 11], "texture": "#1"},
				"down": {"uv": [14, 6, 15.6, 11], "texture": "#1"}
			}
		},
		{
			"name": "hexadecagon",
			"from": [8.4, 2.7153, -2.22391],
			"to": [8.6, 3.11313, -1.22391],
			"rotation": {"angle": 45, "axis": "x", "origin": [7.75, 2.91421, -1.22391]},
			"faces": {
				"north": {"uv": [14, 6, 15.6, 11], "texture": "#1"},
				"east": {"uv": [14, 6, 15.6, 11], "texture": "#1"},
				"south": {"uv": [14, 6, 15.6, 11], "texture": "#1"},
				"west": {"uv": [14, 6, 15.6, 11], "texture": "#1"},
				"up": {"uv": [14, 6, 15.6, 11], "texture": "#1"},
				"down": {"uv": [14, 6, 15.6, 11], "texture": "#1"}
			}
		},
		{
			"name": "hexadecagon",
			"from": [8.4, 2.91421, -1.42282],
			"to": [8.6, 3.91421, -1.025],
			"rotation": {"angle": -22.5, "axis": "x", "origin": [7.75, 2.91421, -1.22391]},
			"faces": {
				"north": {"uv": [14, 6, 15.6, 11], "texture": "#1"},
				"east": {"uv": [14, 6, 15.6, 11], "texture": "#1"},
				"south": {"uv": [14, 6, 15.6, 11], "texture": "#1"},
				"west": {"uv": [14, 6, 15.6, 11], "texture": "#1"},
				"up": {"uv": [14, 6, 15.6, 11], "texture": "#1"},
				"down": {"uv": [14, 6, 15.6, 11], "texture": "#1"}
			}
		},
		{
			"name": "hexadecagon",
			"from": [8.4, 1.91421, -1.42282],
			"to": [8.6, 3.91421, -1.025],
			"rotation": {"angle": 0, "axis": "y", "origin": [7.75, 2.91421, -1.22391]},
			"faces": {
				"north": {"uv": [14, 6, 15.6, 11], "texture": "#1"},
				"east": {"uv": [14, 6, 15.6, 11], "texture": "#1"},
				"south": {"uv": [14, 6, 15.6, 11], "texture": "#1"},
				"west": {"uv": [14, 6, 15.6, 11], "texture": "#1"},
				"up": {"uv": [14, 6, 15.6, 11], "texture": "#1"},
				"down": {"uv": [14, 6, 15.6, 11], "texture": "#1"}
			}
		},
		{
			"name": "hexadecagon",
			"from": [8.4, 1.91421, -1.42282],
			"to": [8.6, 2.91421, -1.025],
			"rotation": {"angle": 22.5, "axis": "x", "origin": [7.75, 2.91421, -1.22391]},
			"faces": {
				"north": {"uv": [14, 6, 15.6, 11], "texture": "#1"},
				"east": {"uv": [14, 6, 15.6, 11], "texture": "#1"},
				"south": {"uv": [14, 6, 15.6, 11], "texture": "#1"},
				"west": {"uv": [14, 6, 15.6, 11], "texture": "#1"},
				"up": {"uv": [14, 6, 15.6, 11], "texture": "#1"},
				"down": {"uv": [14, 6, 15.6, 11], "texture": "#1"}
			}
		},
		{
			"from": [8.4, 1.91421, -1.025],
			"to": [8.6, 3.91421, 7.025],
			"rotation": {"angle": 0, "axis": "y", "origin": [8, 1.41421, 6]},
			"faces": {
				"north": {"uv": [14, 6, 15.6, 14.05], "rotation": 90, "texture": "#1"},
				"east": {"uv": [14, 6, 15.6, 14.05], "rotation": 90, "texture": "#1"},
				"south": {"uv": [14, 6, 15.6, 14.05], "rotation": 90, "texture": "#1"},
				"west": {"uv": [14, 6, 15.6, 14.05], "rotation": 90, "texture": "#1"},
				"up": {"uv": [14, 6, 15.6, 14.05], "rotation": 90, "texture": "#1"},
				"down": {"uv": [14, 6, 15.6, 14.05], "rotation": 90, "texture": "#1"}
			}
		},
		{
			"name": "hexadecagon",
			"from": [8.25, 1.81421, -1.42282],
			"to": [8.75, 1.91421, -1.025],
			"rotation": {"angle": 0, "axis": "y", "origin": [7.75, 2.91421, -1.22391]},
			"faces": {
				"north": {"uv": [1, 8.95, 2, 7.95], "texture": "#3"},
				"east": {"uv": [1, 8.95, 2, 7.95], "texture": "#3"},
				"south": {"uv": [1, 8.95, 2, 7.95], "texture": "#3"},
				"west": {"uv": [1, 8.95, 2, 7.95], "texture": "#3"},
				"up": {"uv": [1, 8.95, 2, 7.95], "texture": "#3"},
				"down": {"uv": [1, 8.95, 2, 7.95], "texture": "#3"}
			}
		},
		{
			"from": [8.25, 3.91421, -1.025],
			"to": [8.75, 4.01421, 7.025],
			"rotation": {"angle": 0, "axis": "y", "origin": [8, 1.16421, 6]},
			"faces": {
				"north": {"uv": [1, 7.95, 1.1, 16], "rotation": 90, "texture": "#3"},
				"east": {"uv": [1, 7.95, 1.1, 16], "rotation": 90, "texture": "#3"},
				"south": {"uv": [1, 7.95, 1.1, 16], "rotation": 90, "texture": "#3"},
				"west": {"uv": [1, 7.95, 1.1, 16], "rotation": 90, "texture": "#3"},
				"up": {"uv": [1, 7.95, 1.1, 16], "rotation": 90, "texture": "#3"},
				"down": {"uv": [1, 7.95, 1.1, 16], "rotation": 90, "texture": "#3"}
			}
		},
		{
			"from": [8.25, 1.81421, -1.025],
			"to": [8.75, 1.91421, 7.025],
			"rotation": {"angle": 0, "axis": "y", "origin": [8, -0.93579, 6]},
			"faces": {
				"north": {"uv": [1, 7.95, 1.1, 16], "rotation": 90, "texture": "#3"},
				"east": {"uv": [1, 7.95, 1.1, 16], "rotation": 90, "texture": "#3"},
				"south": {"uv": [1, 7.95, 1.1, 16], "rotation": 90, "texture": "#3"},
				"west": {"uv": [1, 7.95, 1.1, 16], "rotation": 90, "texture": "#3"},
				"up": {"uv": [1, 7.95, 1.1, 16], "rotation": 90, "texture": "#3"},
				"down": {"uv": [1, 7.95, 1.1, 16], "rotation": 90, "texture": "#3"}
			}
		},
		{
			"name": "hexadecagon",
			"from": [8.25, 3.91421, -1.42282],
			"to": [8.75, 4.01421, -1.025],
			"rotation": {"angle": 0, "axis": "y", "origin": [7.75, 2.91421, -1.22391]},
			"faces": {
				"north": {"uv": [1, 7.95, 2, 8.95], "texture": "#3"},
				"east": {"uv": [1, 7.95, 2, 8.95], "texture": "#3"},
				"south": {"uv": [1, 7.95, 2, 8.95], "texture": "#3"},
				"west": {"uv": [1, 7.95, 2, 8.95], "texture": "#3"},
				"up": {"uv": [1, 7.95, 2, 8.95], "texture": "#3"},
				"down": {"uv": [1, 7.95, 2, 8.95], "texture": "#3"}
			}
		},
		{
			"name": "hexadecagon",
			"from": [8.25, 3.91421, -1.42282],
			"to": [8.75, 4.01421, -1.025],
			"rotation": {"angle": -22.5, "axis": "x", "origin": [7.75, 2.91421, -1.22391]},
			"faces": {
				"north": {"uv": [1, 7.95, 2, 8.95], "texture": "#3"},
				"east": {"uv": [1, 7.95, 2, 8.95], "texture": "#3"},
				"south": {"uv": [1, 7.95, 2, 8.95], "texture": "#3"},
				"west": {"uv": [1, 7.95, 2, 8.95], "texture": "#3"},
				"up": {"uv": [1, 7.95, 2, 8.95], "texture": "#3"},
				"down": {"uv": [1, 7.95, 2, 8.95], "texture": "#3"}
			}
		},
		{
			"name": "hexadecagon",
			"from": [8.25, 3.96725, -1.44479],
			"to": [8.75, 4.06725, -1.04697],
			"rotation": {"angle": -45, "axis": "x", "origin": [7.75, 2.96725, -1.17088]},
			"faces": {
				"north": {"uv": [1, 7.95, 2, 8.95], "texture": "#3"},
				"east": {"uv": [1, 7.95, 2, 8.95], "texture": "#3"},
				"south": {"uv": [1, 7.95, 2, 8.95], "texture": "#3"},
				"west": {"uv": [1, 7.95, 2, 8.95], "texture": "#3"},
				"up": {"uv": [1, 7.95, 2, 8.95], "texture": "#3"},
				"down": {"uv": [1, 7.95, 2, 8.95], "texture": "#3"}
			}
		},
		{
			"name": "hexadecagon",
			"from": [8.25, 2.70959, -2.29521],
			"to": [8.75, 3.10742, -2.19521],
			"rotation": {"angle": 22.5, "axis": "x", "origin": [7.75, 2.9835, -1.19521]},
			"faces": {
				"north": {"uv": [1, 7.95, 2, 8.95], "rotation": 270, "texture": "#3"},
				"east": {"uv": [1, 7.95, 2, 8.95], "rotation": 270, "texture": "#3"},
				"south": {"uv": [1, 7.95, 2, 8.95], "rotation": 270, "texture": "#3"},
				"west": {"uv": [1, 7.95, 2, 8.95], "rotation": 270, "texture": "#3"},
				"up": {"uv": [1, 7.95, 2, 8.95], "rotation": 270, "texture": "#3"},
				"down": {"uv": [1, 7.95, 2, 8.95], "rotation": 270, "texture": "#3"}
			}
		},
		{
			"name": "hexadecagon",
			"from": [8.25, 2.7153, -2.32391],
			"to": [8.75, 3.11313, -2.22391],
			"rotation": {"angle": 0, "axis": "y", "origin": [7.75, 2.98921, -1.22391]},
			"faces": {
				"north": {"uv": [1, 7.95, 2, 8.95], "rotation": 270, "texture": "#3"},
				"east": {"uv": [1, 7.95, 2, 8.95], "rotation": 270, "texture": "#3"},
				"south": {"uv": [1, 7.95, 2, 8.95], "rotation": 270, "texture": "#3"},
				"west": {"uv": [1, 7.95, 2, 8.95], "rotation": 270, "texture": "#3"},
				"up": {"uv": [1, 7.95, 2, 8.95], "rotation": 270, "texture": "#3"},
				"down": {"uv": [1, 7.95, 2, 8.95], "rotation": 270, "texture": "#3"}
			}
		},
		{
			"name": "hexadecagon",
			"from": [8.25, 2.72101, -2.29521],
			"to": [8.75, 3.11883, -2.19521],
			"rotation": {"angle": -22.5, "axis": "x", "origin": [7.75, 2.84492, -1.19521]},
			"faces": {
				"north": {"uv": [2, 7.95, 1, 8.95], "rotation": 270, "texture": "#3"},
				"east": {"uv": [2, 7.95, 1, 8.95], "rotation": 270, "texture": "#3"},
				"south": {"uv": [2, 7.95, 1, 8.95], "rotation": 270, "texture": "#3"},
				"west": {"uv": [2, 7.95, 1, 8.95], "rotation": 270, "texture": "#3"},
				"up": {"uv": [2, 7.95, 1, 8.95], "rotation": 270, "texture": "#3"},
				"down": {"uv": [2, 7.95, 1, 8.95], "rotation": 270, "texture": "#3"}
			}
		},
		{
			"name": "hexadecagon",
			"from": [8.25, 1.76118, -1.44479],
			"to": [8.75, 1.86118, -1.04697],
			"rotation": {"angle": 45, "axis": "x", "origin": [7.75, 2.86118, -1.17088]},
			"faces": {
				"north": {"uv": [1, 8.95, 2, 7.95], "texture": "#3"},
				"east": {"uv": [1, 8.95, 2, 7.95], "texture": "#3"},
				"south": {"uv": [1, 8.95, 2, 7.95], "texture": "#3"},
				"west": {"uv": [1, 8.95, 2, 7.95], "texture": "#3"},
				"up": {"uv": [1, 8.95, 2, 7.95], "texture": "#3"},
				"down": {"uv": [1, 8.95, 2, 7.95], "texture": "#3"}
			}
		},
		{
			"name": "hexadecagon",
			"from": [8.25, 1.81421, -1.42282],
			"to": [8.75, 1.91421, -1.025],
			"rotation": {"angle": 22.5, "axis": "x", "origin": [7.75, 2.91421, -1.22391]},
			"faces": {
				"north": {"uv": [1, 8.95, 2, 7.95], "texture": "#3"},
				"east": {"uv": [1, 8.95, 2, 7.95], "texture": "#3"},
				"south": {"uv": [1, 8.95, 2, 7.95], "texture": "#3"},
				"west": {"uv": [1, 8.95, 2, 7.95], "texture": "#3"},
				"up": {"uv": [1, 8.95, 2, 7.95], "texture": "#3"},
				"down": {"uv": [1, 8.95, 2, 7.95], "texture": "#3"}
			}
		},
		{
			"from": [6.06, 4.40233, 8.41211],
			"to": [6.42, 4.76233, 8.50211],
			"rotation": {"angle": 0, "axis": "y", "origin": [6.92, 4.76233, 9.78211]},
			"faces": {
				"north": {"uv": [6, 12, 7, 16], "rotation": 270, "texture": "#2"},
				"east": {"uv": [8, 12, 11, 16], "rotation": 270, "texture": "#2"},
				"south": {"uv": [6, 12, 7, 16], "rotation": 270, "texture": "#2"},
				"west": {"uv": [6, 12, 7, 16], "rotation": 270, "texture": "#2"},
				"up": {"uv": [6, 12, 7, 16], "rotation": 270, "texture": "#2"},
				"down": {"uv": [6, 12, 7, 16], "rotation": 270, "texture": "#2"}
			}
		},
		{
			"from": [5.40711, 5.10943, 8.41211],
			"to": [5.76711, 5.46943, 8.50211],
			"rotation": {"angle": 45, "axis": "z", "origin": [6.76711, 5.46943, 9.78211]},
			"faces": {
				"north": {"uv": [6, 12, 7, 16], "rotation": 270, "texture": "#2"},
				"east": {"uv": [8, 12, 11, 16], "rotation": 270, "texture": "#2"},
				"south": {"uv": [6, 12, 7, 16], "rotation": 270, "texture": "#2"},
				"west": {"uv": [6, 12, 7, 16], "rotation": 270, "texture": "#2"},
				"up": {"uv": [6, 12, 7, 16], "rotation": 270, "texture": "#2"},
				"down": {"uv": [6, 12, 7, 16], "rotation": 270, "texture": "#2"}
			}
		},
		{
			"from": [5.80544, 3.89777, 8.41211],
			"to": [6.16544, 4.50777, 8.50211],
			"rotation": {"angle": 0, "axis": "y", "origin": [5.80544, 5.50777, 9.78211]},
			"faces": {
				"north": {"uv": [5, 10, 6, 14], "rotation": 90, "texture": "#2"},
				"east": {"uv": [7, 10, 10, 14], "rotation": 90, "texture": "#2"},
				"south": {"uv": [5, 10, 6, 14], "rotation": 90, "texture": "#2"},
				"west": {"uv": [5, 10, 6, 14], "rotation": 90, "texture": "#2"},
				"up": {"uv": [5, 10, 6, 14], "rotation": 90, "texture": "#2"},
				"down": {"uv": [5, 10, 6, 14], "rotation": 90, "texture": "#2"}
			}
		},
		{
			"from": [6.06, 4.40233, 8.91211],
			"to": [6.42, 4.76233, 9.00211],
			"rotation": {"angle": 0, "axis": "y", "origin": [6.92, 4.76233, 10.28211]},
			"faces": {
				"north": {"uv": [6, 12, 7, 16], "rotation": 270, "texture": "#2"},
				"east": {"uv": [8, 12, 11, 16], "rotation": 270, "texture": "#2"},
				"south": {"uv": [6, 12, 7, 16], "rotation": 270, "texture": "#2"},
				"west": {"uv": [6, 12, 7, 16], "rotation": 270, "texture": "#2"},
				"up": {"uv": [6, 12, 7, 16], "rotation": 270, "texture": "#2"},
				"down": {"uv": [6, 12, 7, 16], "rotation": 270, "texture": "#2"}
			}
		},
		{
			"from": [5.40711, 5.10943, 8.91211],
			"to": [5.76711, 5.46943, 9.00211],
			"rotation": {"angle": 45, "axis": "z", "origin": [6.76711, 5.46943, 10.28211]},
			"faces": {
				"north": {"uv": [6, 12, 7, 16], "rotation": 270, "texture": "#2"},
				"east": {"uv": [8, 12, 11, 16], "rotation": 270, "texture": "#2"},
				"south": {"uv": [6, 12, 7, 16], "rotation": 270, "texture": "#2"},
				"west": {"uv": [6, 12, 7, 16], "rotation": 270, "texture": "#2"},
				"up": {"uv": [6, 12, 7, 16], "rotation": 270, "texture": "#2"},
				"down": {"uv": [6, 12, 7, 16], "rotation": 270, "texture": "#2"}
			}
		},
		{
			"from": [5.80544, 3.89777, 8.91211],
			"to": [6.16544, 4.50777, 9.00211],
			"rotation": {"angle": 0, "axis": "y", "origin": [5.80544, 5.50777, 10.28211]},
			"faces": {
				"north": {"uv": [5, 10, 6, 14], "rotation": 90, "texture": "#2"},
				"east": {"uv": [7, 10, 10, 14], "rotation": 90, "texture": "#2"},
				"south": {"uv": [5, 10, 6, 14], "rotation": 90, "texture": "#2"},
				"west": {"uv": [5, 10, 6, 14], "rotation": 90, "texture": "#2"},
				"up": {"uv": [5, 10, 6, 14], "rotation": 90, "texture": "#2"},
				"down": {"uv": [5, 10, 6, 14], "rotation": 90, "texture": "#2"}
			}
		},
		{
			"from": [6.06, 4.40233, 9.41211],
			"to": [6.42, 4.76233, 9.50211],
			"rotation": {"angle": 0, "axis": "y", "origin": [6.92, 4.76233, 10.78211]},
			"faces": {
				"north": {"uv": [6, 12, 7, 16], "rotation": 270, "texture": "#2"},
				"east": {"uv": [8, 12, 11, 16], "rotation": 270, "texture": "#2"},
				"south": {"uv": [6, 12, 7, 16], "rotation": 270, "texture": "#2"},
				"west": {"uv": [6, 12, 7, 16], "rotation": 270, "texture": "#2"},
				"up": {"uv": [6, 12, 7, 16], "rotation": 270, "texture": "#2"},
				"down": {"uv": [6, 12, 7, 16], "rotation": 270, "texture": "#2"}
			}
		},
		{
			"from": [5.40711, 5.10943, 9.41211],
			"to": [5.76711, 5.46943, 9.50211],
			"rotation": {"angle": 45, "axis": "z", "origin": [6.76711, 5.46943, 10.78211]},
			"faces": {
				"north": {"uv": [6, 12, 7, 16], "rotation": 270, "texture": "#2"},
				"east": {"uv": [8, 12, 11, 16], "rotation": 270, "texture": "#2"},
				"south": {"uv": [6, 12, 7, 16], "rotation": 270, "texture": "#2"},
				"west": {"uv": [6, 12, 7, 16], "rotation": 270, "texture": "#2"},
				"up": {"uv": [6, 12, 7, 16], "rotation": 270, "texture": "#2"},
				"down": {"uv": [6, 12, 7, 16], "rotation": 270, "texture": "#2"}
			}
		},
		{
			"from": [5.80544, 3.89777, 9.41211],
			"to": [6.16544, 4.50777, 9.50211],
			"rotation": {"angle": 0, "axis": "y", "origin": [5.80544, 5.50777, 10.78211]},
			"faces": {
				"north": {"uv": [5, 10, 6, 14], "rotation": 90, "texture": "#2"},
				"east": {"uv": [7, 10, 10, 14], "rotation": 90, "texture": "#2"},
				"south": {"uv": [5, 10, 6, 14], "rotation": 90, "texture": "#2"},
				"west": {"uv": [5, 10, 6, 14], "rotation": 90, "texture": "#2"},
				"up": {"uv": [5, 10, 6, 14], "rotation": 90, "texture": "#2"},
				"down": {"uv": [5, 10, 6, 14], "rotation": 90, "texture": "#2"}
			}
		},
		{
			"from": [6.06, 4.40233, 9.91211],
			"to": [6.42, 4.76233, 10.00211],
			"rotation": {"angle": 0, "axis": "y", "origin": [6.92, 4.76233, 11.28211]},
			"faces": {
				"north": {"uv": [6, 12, 7, 16], "rotation": 270, "texture": "#2"},
				"east": {"uv": [8, 12, 11, 16], "rotation": 270, "texture": "#2"},
				"south": {"uv": [6, 12, 7, 16], "rotation": 270, "texture": "#2"},
				"west": {"uv": [6, 12, 7, 16], "rotation": 270, "texture": "#2"},
				"up": {"uv": [6, 12, 7, 16], "rotation": 270, "texture": "#2"},
				"down": {"uv": [6, 12, 7, 16], "rotation": 270, "texture": "#2"}
			}
		},
		{
			"from": [5.40711, 5.10943, 9.91211],
			"to": [5.76711, 5.46943, 10.00211],
			"rotation": {"angle": 45, "axis": "z", "origin": [6.76711, 5.46943, 11.28211]},
			"faces": {
				"north": {"uv": [6, 12, 7, 16], "rotation": 270, "texture": "#2"},
				"east": {"uv": [8, 12, 11, 16], "rotation": 270, "texture": "#2"},
				"south": {"uv": [6, 12, 7, 16], "rotation": 270, "texture": "#2"},
				"west": {"uv": [6, 12, 7, 16], "rotation": 270, "texture": "#2"},
				"up": {"uv": [6, 12, 7, 16], "rotation": 270, "texture": "#2"},
				"down": {"uv": [6, 12, 7, 16], "rotation": 270, "texture": "#2"}
			}
		},
		{
			"from": [5.80544, 3.89777, 9.91211],
			"to": [6.16544, 4.50777, 10.00211],
			"rotation": {"angle": 0, "axis": "y", "origin": [5.80544, 5.50777, 11.28211]},
			"faces": {
				"north": {"uv": [5, 10, 6, 14], "rotation": 90, "texture": "#2"},
				"east": {"uv": [7, 10, 10, 14], "rotation": 90, "texture": "#2"},
				"south": {"uv": [5, 10, 6, 14], "rotation": 90, "texture": "#2"},
				"west": {"uv": [5, 10, 6, 14], "rotation": 90, "texture": "#2"},
				"up": {"uv": [5, 10, 6, 14], "rotation": 90, "texture": "#2"},
				"down": {"uv": [5, 10, 6, 14], "rotation": 90, "texture": "#2"}
			}
		},
		{
			"from": [6.06, 4.40233, 10.41211],
			"to": [6.42, 4.76233, 10.50211],
			"rotation": {"angle": 0, "axis": "y", "origin": [6.92, 4.76233, 11.78211]},
			"faces": {
				"north": {"uv": [6, 12, 7, 16], "rotation": 270, "texture": "#2"},
				"east": {"uv": [8, 12, 11, 16], "rotation": 270, "texture": "#2"},
				"south": {"uv": [6, 12, 7, 16], "rotation": 270, "texture": "#2"},
				"west": {"uv": [6, 12, 7, 16], "rotation": 270, "texture": "#2"},
				"up": {"uv": [6, 12, 7, 16], "rotation": 270, "texture": "#2"},
				"down": {"uv": [6, 12, 7, 16], "rotation": 270, "texture": "#2"}
			}
		},
		{
			"from": [5.40711, 5.10943, 10.41211],
			"to": [5.76711, 5.46943, 10.50211],
			"rotation": {"angle": 45, "axis": "z", "origin": [6.76711, 5.46943, 11.78211]},
			"faces": {
				"north": {"uv": [6, 12, 7, 16], "rotation": 270, "texture": "#2"},
				"east": {"uv": [8, 12, 11, 16], "rotation": 270, "texture": "#2"},
				"south": {"uv": [6, 12, 7, 16], "rotation": 270, "texture": "#2"},
				"west": {"uv": [6, 12, 7, 16], "rotation": 270, "texture": "#2"},
				"up": {"uv": [6, 12, 7, 16], "rotation": 270, "texture": "#2"},
				"down": {"uv": [6, 12, 7, 16], "rotation": 270, "texture": "#2"}
			}
		},
		{
			"from": [5.80544, 3.89777, 10.41211],
			"to": [6.16544, 4.50777, 10.50211],
			"rotation": {"angle": 0, "axis": "y", "origin": [5.80544, 5.50777, 11.78211]},
			"faces": {
				"north": {"uv": [5, 10, 6, 14], "rotation": 90, "texture": "#2"},
				"east": {"uv": [7, 10, 10, 14], "rotation": 90, "texture": "#2"},
				"south": {"uv": [5, 10, 6, 14], "rotation": 90, "texture": "#2"},
				"west": {"uv": [5, 10, 6, 14], "rotation": 90, "texture": "#2"},
				"up": {"uv": [5, 10, 6, 14], "rotation": 90, "texture": "#2"},
				"down": {"uv": [5, 10, 6, 14], "rotation": 90, "texture": "#2"}
			}
		},
		{
			"from": [6.06, 4.40233, 10.91211],
			"to": [6.42, 4.76233, 11.00211],
			"rotation": {"angle": 0, "axis": "y", "origin": [6.92, 4.76233, 12.28211]},
			"faces": {
				"north": {"uv": [6, 12, 7, 16], "rotation": 270, "texture": "#2"},
				"east": {"uv": [8, 12, 11, 16], "rotation": 270, "texture": "#2"},
				"south": {"uv": [6, 12, 7, 16], "rotation": 270, "texture": "#2"},
				"west": {"uv": [6, 12, 7, 16], "rotation": 270, "texture": "#2"},
				"up": {"uv": [6, 12, 7, 16], "rotation": 270, "texture": "#2"},
				"down": {"uv": [6, 12, 7, 16], "rotation": 270, "texture": "#2"}
			}
		},
		{
			"from": [5.40711, 5.10943, 10.91211],
			"to": [5.76711, 5.46943, 11.00211],
			"rotation": {"angle": 45, "axis": "z", "origin": [6.76711, 5.46943, 12.28211]},
			"faces": {
				"north": {"uv": [6, 12, 7, 16], "rotation": 270, "texture": "#2"},
				"east": {"uv": [8, 12, 11, 16], "rotation": 270, "texture": "#2"},
				"south": {"uv": [6, 12, 7, 16], "rotation": 270, "texture": "#2"},
				"west": {"uv": [6, 12, 7, 16], "rotation": 270, "texture": "#2"},
				"up": {"uv": [6, 12, 7, 16], "rotation": 270, "texture": "#2"},
				"down": {"uv": [6, 12, 7, 16], "rotation": 270, "texture": "#2"}
			}
		},
		{
			"from": [5.80544, 3.89777, 10.91211],
			"to": [6.16544, 4.50777, 11.00211],
			"rotation": {"angle": 0, "axis": "y", "origin": [5.80544, 5.50777, 12.28211]},
			"faces": {
				"north": {"uv": [5, 10, 6, 14], "rotation": 90, "texture": "#2"},
				"east": {"uv": [7, 10, 10, 14], "rotation": 90, "texture": "#2"},
				"south": {"uv": [5, 10, 6, 14], "rotation": 90, "texture": "#2"},
				"west": {"uv": [5, 10, 6, 14], "rotation": 90, "texture": "#2"},
				"up": {"uv": [5, 10, 6, 14], "rotation": 90, "texture": "#2"},
				"down": {"uv": [5, 10, 6, 14], "rotation": 90, "texture": "#2"}
			}
		},
		{
			"from": [8.45, 4.01421, 6.225],
			"to": [8.55, 4.21421, 6.775],
			"rotation": {"angle": 0, "axis": "y", "origin": [8, 1.01421, 6]},
			"faces": {
				"north": {"uv": [1, 1, 1.2, 1.55], "rotation": 90, "texture": "#1"},
				"east": {"uv": [1, 1, 1.2, 1.55], "rotation": 90, "texture": "#1"},
				"south": {"uv": [1, 1, 1.2, 1.55], "rotation": 90, "texture": "#1"},
				"west": {"uv": [1, 1, 1.2, 1.55], "rotation": 90, "texture": "#1"},
				"up": {"uv": [1, 1, 1.2, 1.55], "rotation": 90, "texture": "#1"},
				"down": {"uv": [1, 1, 1.2, 1.55], "rotation": 90, "texture": "#1"}
			}
		},
		{
			"from": [8.45, 4.01421, 5.475],
			"to": [8.55, 4.21421, 6.025],
			"rotation": {"angle": 0, "axis": "y", "origin": [8, 1.01421, 6]},
			"faces": {
				"north": {"uv": [1, 1, 1.2, 1.55], "rotation": 90, "texture": "#1"},
				"east": {"uv": [1, 1, 1.2, 1.55], "rotation": 90, "texture": "#1"},
				"south": {"uv": [1, 1, 1.2, 1.55], "rotation": 90, "texture": "#1"},
				"west": {"uv": [1, 1, 1.2, 1.55], "rotation": 90, "texture": "#1"},
				"up": {"uv": [1, 1, 1.2, 1.55], "rotation": 90, "texture": "#1"},
				"down": {"uv": [1, 1, 1.2, 1.55], "rotation": 90, "texture": "#1"}
			}
		},
		{
			"from": [8.45, 4.01421, 4.725],
			"to": [8.55, 4.21421, 5.275],
			"rotation": {"angle": 0, "axis": "y", "origin": [8, 1.01421, 6]},
			"faces": {
				"north": {"uv": [1, 1, 1.2, 1.55], "rotation": 90, "texture": "#1"},
				"east": {"uv": [1, 1, 1.2, 1.55], "rotation": 90, "texture": "#1"},
				"south": {"uv": [1, 1, 1.2, 1.55], "rotation": 90, "texture": "#1"},
				"west": {"uv": [1, 1, 1.2, 1.55], "rotation": 90, "texture": "#1"},
				"up": {"uv": [1, 1, 1.2, 1.55], "rotation": 90, "texture": "#1"},
				"down": {"uv": [1, 1, 1.2, 1.55], "rotation": 90, "texture": "#1"}
			}
		},
		{
			"from": [8.45, 4.01421, 3.975],
			"to": [8.55, 4.21421, 4.525],
			"rotation": {"angle": 0, "axis": "y", "origin": [8, 1.01421, 6]},
			"faces": {
				"north": {"uv": [1, 1, 1.2, 1.55], "rotation": 90, "texture": "#1"},
				"east": {"uv": [1, 1, 1.2, 1.55], "rotation": 90, "texture": "#1"},
				"south": {"uv": [1, 1, 1.2, 1.55], "rotation": 90, "texture": "#1"},
				"west": {"uv": [1, 1, 1.2, 1.55], "rotation": 90, "texture": "#1"},
				"up": {"uv": [1, 1, 1.2, 1.55], "rotation": 90, "texture": "#1"},
				"down": {"uv": [1, 1, 1.2, 1.55], "rotation": 90, "texture": "#1"}
			}
		},
		{
			"from": [8.45, 4.01421, 2.475],
			"to": [8.55, 4.21421, 3.025],
			"rotation": {"angle": 0, "axis": "y", "origin": [8, 1.01421, 6]},
			"faces": {
				"north": {"uv": [1, 1, 1.2, 1.55], "rotation": 90, "texture": "#1"},
				"east": {"uv": [1, 1, 1.2, 1.55], "rotation": 90, "texture": "#1"},
				"south": {"uv": [1, 1, 1.2, 1.55], "rotation": 90, "texture": "#1"},
				"west": {"uv": [1, 1, 1.2, 1.55], "rotation": 90, "texture": "#1"},
				"up": {"uv": [1, 1, 1.2, 1.55], "rotation": 90, "texture": "#1"},
				"down": {"uv": [1, 1, 1.2, 1.55], "rotation": 90, "texture": "#1"}
			}
		},
		{
			"from": [8.45, 4.01421, -1.275],
			"to": [8.55, 4.21421, -0.725],
			"rotation": {"angle": 0, "axis": "y", "origin": [8, 1.01421, 6]},
			"faces": {
				"north": {"uv": [1, 1, 1.2, 1.55], "rotation": 90, "texture": "#1"},
				"east": {"uv": [1, 1, 1.2, 1.55], "rotation": 90, "texture": "#1"},
				"south": {"uv": [1, 1, 1.2, 1.55], "rotation": 90, "texture": "#1"},
				"west": {"uv": [1, 1, 1.2, 1.55], "rotation": 90, "texture": "#1"},
				"up": {"uv": [1, 1, 1.2, 1.55], "rotation": 90, "texture": "#1"},
				"down": {"uv": [1, 1, 1.2, 1.55], "rotation": 90, "texture": "#1"}
			}
		},
		{
			"from": [8.45, 6.58921, -0.275],
			"to": [8.55, 6.78921, 0.275],
			"rotation": {"angle": -22.5, "axis": "x", "origin": [8, 1.01421, 6]},
			"faces": {
				"north": {"uv": [1, 1, 1.2, 1.55], "rotation": 90, "texture": "#1"},
				"east": {"uv": [1, 1, 1.2, 1.55], "rotation": 90, "texture": "#1"},
				"south": {"uv": [1, 1, 1.2, 1.55], "rotation": 90, "texture": "#1"},
				"west": {"uv": [1, 1, 1.2, 1.55], "rotation": 90, "texture": "#1"},
				"up": {"uv": [1, 1, 1.2, 1.55], "rotation": 90, "texture": "#1"},
				"down": {"uv": [1, 1, 1.2, 1.55], "rotation": 90, "texture": "#1"}
			}
		},
		{
			"from": [8.45, -0.11079, -2.65],
			"to": [8.55, 0.43921, -2.4],
			"rotation": {"angle": 22.5, "axis": "x", "origin": [8, 1.01421, 6]},
			"faces": {
				"north": {"uv": [1, 1, 1.25, 1.55], "texture": "#1"},
				"east": {"uv": [1, 1, 1.25, 1.55], "texture": "#1"},
				"south": {"uv": [1, 1, 1.25, 1.55], "texture": "#1"},
				"west": {"uv": [1, 1, 1.25, 1.55], "texture": "#1"},
				"up": {"uv": [1, 1, 1.25, 1.55], "texture": "#1"},
				"down": {"uv": [1, 1, 1.25, 1.55], "texture": "#1"}
			}
		},
		{
			"from": [8.45, 2.63921, -2.45],
			"to": [8.55, 3.18921, -2.2],
			"rotation": {"angle": 0, "axis": "y", "origin": [8, 1.01421, 6]},
			"faces": {
				"north": {"uv": [1, 1, 1.25, 1.55], "texture": "#1"},
				"east": {"uv": [1, 1, 1.25, 1.55], "texture": "#1"},
				"south": {"uv": [1, 1, 1.25, 1.55], "texture": "#1"},
				"west": {"uv": [1, 1, 1.25, 1.55], "texture": "#1"},
				"up": {"uv": [1, 1, 1.25, 1.55], "texture": "#1"},
				"down": {"uv": [1, 1, 1.25, 1.55], "texture": "#1"}
			}
		},
		{
			"from": [8.45, 4.01421, -0.525],
			"to": [8.55, 4.21421, 0.025],
			"rotation": {"angle": 0, "axis": "y", "origin": [8, 1.01421, 6]},
			"faces": {
				"north": {"uv": [1, 1, 1.2, 1.55], "rotation": 90, "texture": "#1"},
				"east": {"uv": [1, 1, 1.2, 1.55], "rotation": 90, "texture": "#1"},
				"south": {"uv": [1, 1, 1.2, 1.55], "rotation": 90, "texture": "#1"},
				"west": {"uv": [1, 1, 1.2, 1.55], "rotation": 90, "texture": "#1"},
				"up": {"uv": [1, 1, 1.2, 1.55], "rotation": 90, "texture": "#1"},
				"down": {"uv": [1, 1, 1.2, 1.55], "rotation": 90, "texture": "#1"}
			}
		},
		{
			"from": [8.45, 4.01421, 0.225],
			"to": [8.55, 4.21421, 0.775],
			"rotation": {"angle": 0, "axis": "y", "origin": [8, 1.01421, 6]},
			"faces": {
				"north": {"uv": [1, 1, 1.2, 1.55], "rotation": 90, "texture": "#1"},
				"east": {"uv": [1, 1, 1.2, 1.55], "rotation": 90, "texture": "#1"},
				"south": {"uv": [1, 1, 1.2, 1.55], "rotation": 90, "texture": "#1"},
				"west": {"uv": [1, 1, 1.2, 1.55], "rotation": 90, "texture": "#1"},
				"up": {"uv": [1, 1, 1.2, 1.55], "rotation": 90, "texture": "#1"},
				"down": {"uv": [1, 1, 1.2, 1.55], "rotation": 90, "texture": "#1"}
			}
		},
		{
			"from": [8.45, 4.01421, 3.225],
			"to": [8.55, 4.21421, 3.775],
			"rotation": {"angle": 0, "axis": "y", "origin": [8, 1.01421, 6]},
			"faces": {
				"north": {"uv": [1, 1, 1.2, 1.55], "rotation": 90, "texture": "#1"},
				"east": {"uv": [1, 1, 1.2, 1.55], "rotation": 90, "texture": "#1"},
				"south": {"uv": [1, 1, 1.2, 1.55], "rotation": 90, "texture": "#1"},
				"west": {"uv": [1, 1, 1.2, 1.55], "rotation": 90, "texture": "#1"},
				"up": {"uv": [1, 1, 1.2, 1.55], "rotation": 90, "texture": "#1"},
				"down": {"uv": [1, 1, 1.2, 1.55], "rotation": 90, "texture": "#1"}
			}
		},
		{
			"from": [8.45, 4.01421, 1.725],
			"to": [8.55, 4.21421, 2.275],
			"rotation": {"angle": 0, "axis": "y", "origin": [8, 1.01421, 6]},
			"faces": {
				"north": {"uv": [1, 1, 1.2, 1.55], "rotation": 90, "texture": "#1"},
				"east": {"uv": [1, 1, 1.2, 1.55], "rotation": 90, "texture": "#1"},
				"south": {"uv": [1, 1, 1.2, 1.55], "rotation": 90, "texture": "#1"},
				"west": {"uv": [1, 1, 1.2, 1.55], "rotation": 90, "texture": "#1"},
				"up": {"uv": [1, 1, 1.2, 1.55], "rotation": 90, "texture": "#1"},
				"down": {"uv": [1, 1, 1.2, 1.55], "rotation": 90, "texture": "#1"}
			}
		},
		{
			"from": [8.45, 4.01421, 0.975],
			"to": [8.55, 4.21421, 1.525],
			"rotation": {"angle": 0, "axis": "y", "origin": [8, 1.01421, 6]},
			"faces": {
				"north": {"uv": [1, 1, 1.2, 1.55], "rotation": 90, "texture": "#1"},
				"east": {"uv": [1, 1, 1.2, 1.55], "rotation": 90, "texture": "#1"},
				"south": {"uv": [1, 1, 1.2, 1.55], "rotation": 90, "texture": "#1"},
				"west": {"uv": [1, 1, 1.2, 1.55], "rotation": 90, "texture": "#1"},
				"up": {"uv": [1, 1, 1.2, 1.55], "rotation": 90, "texture": "#1"},
				"down": {"uv": [1, 1, 1.2, 1.55], "rotation": 90, "texture": "#1"}
			}
		},
		{
			"from": [8.45, 1.61079, 1.725],
			"to": [8.55, 1.81079, 2.275],
			"rotation": {"angle": 0, "axis": "y", "origin": [8, 4.81079, 6]},
			"faces": {
				"north": {"uv": [1.2, 1, 1.4, 1.55], "rotation": 90, "texture": "#1"},
				"east": {"uv": [1.2, 1, 1.4, 1.55], "rotation": 90, "texture": "#1"},
				"south": {"uv": [1.2, 1, 1.4, 1.55], "rotation": 90, "texture": "#1"},
				"west": {"uv": [1.2, 1, 1.4, 1.55], "rotation": 90, "texture": "#1"},
				"up": {"uv": [1.2, 1, 1.4, 1.55], "rotation": 90, "texture": "#1"},
				"down": {"uv": [1.2, 1, 1.4, 1.55], "rotation": 90, "texture": "#1"}
			}
		},
		{
			"from": [8.45, 1.61079, 3.225],
			"to": [8.55, 1.81079, 3.775],
			"rotation": {"angle": 0, "axis": "y", "origin": [8, 4.81079, 6]},
			"faces": {
				"north": {"uv": [1.2, 1, 1.4, 1.55], "rotation": 90, "texture": "#1"},
				"east": {"uv": [1.2, 1, 1.4, 1.55], "rotation": 90, "texture": "#1"},
				"south": {"uv": [1.2, 1, 1.4, 1.55], "rotation": 90, "texture": "#1"},
				"west": {"uv": [1.2, 1, 1.4, 1.55], "rotation": 90, "texture": "#1"},
				"up": {"uv": [1.2, 1, 1.4, 1.55], "rotation": 90, "texture": "#1"},
				"down": {"uv": [1.2, 1, 1.4, 1.55], "rotation": 90, "texture": "#1"}
			}
		},
		{
			"from": [8.45, 1.61079, 0.225],
			"to": [8.55, 1.81079, 0.775],
			"rotation": {"angle": 0, "axis": "y", "origin": [8, 4.81079, 6]},
			"faces": {
				"north": {"uv": [1.2, 1, 1.4, 1.55], "rotation": 90, "texture": "#1"},
				"east": {"uv": [1.2, 1, 1.4, 1.55], "rotation": 90, "texture": "#1"},
				"south": {"uv": [1.2, 1, 1.4, 1.55], "rotation": 90, "texture": "#1"},
				"west": {"uv": [1.2, 1, 1.4, 1.55], "rotation": 90, "texture": "#1"},
				"up": {"uv": [1.2, 1, 1.4, 1.55], "rotation": 90, "texture": "#1"},
				"down": {"uv": [1.2, 1, 1.4, 1.55], "rotation": 90, "texture": "#1"}
			}
		},
		{
			"from": [8.45, 1.61079, -0.525],
			"to": [8.55, 1.81079, 0.025],
			"rotation": {"angle": 0, "axis": "y", "origin": [8, 4.81079, 6]},
			"faces": {
				"north": {"uv": [1.2, 1, 1.4, 1.55], "rotation": 90, "texture": "#1"},
				"east": {"uv": [1.2, 1, 1.4, 1.55], "rotation": 90, "texture": "#1"},
				"south": {"uv": [1.2, 1, 1.4, 1.55], "rotation": 90, "texture": "#1"},
				"west": {"uv": [1.2, 1, 1.4, 1.55], "rotation": 90, "texture": "#1"},
				"up": {"uv": [1.2, 1, 1.4, 1.55], "rotation": 90, "texture": "#1"},
				"down": {"uv": [1.2, 1, 1.4, 1.55], "rotation": 90, "texture": "#1"}
			}
		},
		{
			"from": [8.45, 5.38579, -2.65],
			"to": [8.55, 5.93579, -2.4],
			"rotation": {"angle": -22.5, "axis": "x", "origin": [8, 4.81079, 6]},
			"faces": {
				"north": {"uv": [1, 1.55, 1.25, 2.1], "texture": "#1"},
				"east": {"uv": [1, 1.55, 1.25, 2.1], "texture": "#1"},
				"south": {"uv": [1, 1.55, 1.25, 2.1], "texture": "#1"},
				"west": {"uv": [1, 1.55, 1.25, 2.1], "texture": "#1"},
				"up": {"uv": [1, 1.55, 1.25, 2.1], "texture": "#1"},
				"down": {"uv": [1, 1.55, 1.25, 2.1], "texture": "#1"}
			}
		},
		{
			"from": [8.45, -0.96421, -0.275],
			"to": [8.55, -0.76421, 0.275],
			"rotation": {"angle": 22.5, "axis": "x", "origin": [8, 4.81079, 6]},
			"faces": {
				"north": {"uv": [1.2, 1, 1.4, 1.55], "rotation": 90, "texture": "#1"},
				"east": {"uv": [1.2, 1, 1.4, 1.55], "rotation": 90, "texture": "#1"},
				"south": {"uv": [1.2, 1, 1.4, 1.55], "rotation": 90, "texture": "#1"},
				"west": {"uv": [1.2, 1, 1.4, 1.55], "rotation": 90, "texture": "#1"},
				"up": {"uv": [1.2, 1, 1.4, 1.55], "rotation": 90, "texture": "#1"},
				"down": {"uv": [1.2, 1, 1.4, 1.55], "rotation": 90, "texture": "#1"}
			}
		},
		{
			"from": [8.45, 1.61079, -1.275],
			"to": [8.55, 1.81079, -0.725],
			"rotation": {"angle": 0, "axis": "y", "origin": [8, 4.81079, 6]},
			"faces": {
				"north": {"uv": [1.2, 1, 1.4, 1.55], "rotation": 90, "texture": "#1"},
				"east": {"uv": [1.2, 1, 1.4, 1.55], "rotation": 90, "texture": "#1"},
				"south": {"uv": [1.2, 1, 1.4, 1.55], "rotation": 90, "texture": "#1"},
				"west": {"uv": [1.2, 1, 1.4, 1.55], "rotation": 90, "texture": "#1"},
				"up": {"uv": [1.2, 1, 1.4, 1.55], "rotation": 90, "texture": "#1"},
				"down": {"uv": [1.2, 1, 1.4, 1.55], "rotation": 90, "texture": "#1"}
			}
		},
		{
			"from": [8.45, 1.61079, 2.475],
			"to": [8.55, 1.81079, 3.025],
			"rotation": {"angle": 0, "axis": "y", "origin": [8, 4.81079, 6]},
			"faces": {
				"north": {"uv": [1.2, 1, 1.4, 1.55], "rotation": 90, "texture": "#1"},
				"east": {"uv": [1.2, 1, 1.4, 1.55], "rotation": 90, "texture": "#1"},
				"south": {"uv": [1.2, 1, 1.4, 1.55], "rotation": 90, "texture": "#1"},
				"west": {"uv": [1.2, 1, 1.4, 1.55], "rotation": 90, "texture": "#1"},
				"up": {"uv": [1.2, 1, 1.4, 1.55], "rotation": 90, "texture": "#1"},
				"down": {"uv": [1.2, 1, 1.4, 1.55], "rotation": 90, "texture": "#1"}
			}
		},
		{
			"from": [8.45, 1.61079, 3.975],
			"to": [8.55, 1.81079, 4.525],
			"rotation": {"angle": 0, "axis": "y", "origin": [8, 4.81079, 6]},
			"faces": {
				"north": {"uv": [1.2, 1, 1.4, 1.55], "rotation": 90, "texture": "#1"},
				"east": {"uv": [1.2, 1, 1.4, 1.55], "rotation": 90, "texture": "#1"},
				"south": {"uv": [1.2, 1, 1.4, 1.55], "rotation": 90, "texture": "#1"},
				"west": {"uv": [1.2, 1, 1.4, 1.55], "rotation": 90, "texture": "#1"},
				"up": {"uv": [1.2, 1, 1.4, 1.55], "rotation": 90, "texture": "#1"},
				"down": {"uv": [1.2, 1, 1.4, 1.55], "rotation": 90, "texture": "#1"}
			}
		},
		{
			"from": [8.45, 1.61079, 4.725],
			"to": [8.55, 1.81079, 5.275],
			"rotation": {"angle": 0, "axis": "y", "origin": [8, 4.81079, 6]},
			"faces": {
				"north": {"uv": [1.2, 1, 1.4, 1.55], "rotation": 90, "texture": "#1"},
				"east": {"uv": [1.2, 1, 1.4, 1.55], "rotation": 90, "texture": "#1"},
				"south": {"uv": [1.2, 1, 1.4, 1.55], "rotation": 90, "texture": "#1"},
				"west": {"uv": [1.2, 1, 1.4, 1.55], "rotation": 90, "texture": "#1"},
				"up": {"uv": [1.2, 1, 1.4, 1.55], "rotation": 90, "texture": "#1"},
				"down": {"uv": [1.2, 1, 1.4, 1.55], "rotation": 90, "texture": "#1"}
			}
		},
		{
			"from": [8.45, 1.61079, 5.475],
			"to": [8.55, 1.81079, 6.025],
			"rotation": {"angle": 0, "axis": "y", "origin": [8, 4.81079, 6]},
			"faces": {
				"north": {"uv": [1.2, 1, 1.4, 1.55], "rotation": 90, "texture": "#1"},
				"east": {"uv": [1.2, 1, 1.4, 1.55], "rotation": 90, "texture": "#1"},
				"south": {"uv": [1.2, 1, 1.4, 1.55], "rotation": 90, "texture": "#1"},
				"west": {"uv": [1.2, 1, 1.4, 1.55], "rotation": 90, "texture": "#1"},
				"up": {"uv": [1.2, 1, 1.4, 1.55], "rotation": 90, "texture": "#1"},
				"down": {"uv": [1.2, 1, 1.4, 1.55], "rotation": 90, "texture": "#1"}
			}
		},
		{
			"from": [8.45, 1.61079, 6.225],
			"to": [8.55, 1.81079, 6.775],
			"rotation": {"angle": 0, "axis": "y", "origin": [8, 4.81079, 6]},
			"faces": {
				"north": {"uv": [1.2, 1, 1.4, 1.55], "rotation": 90, "texture": "#1"},
				"east": {"uv": [1.2, 1, 1.4, 1.55], "rotation": 90, "texture": "#1"},
				"south": {"uv": [1.2, 1, 1.4, 1.55], "rotation": 90, "texture": "#1"},
				"west": {"uv": [1.2, 1, 1.4, 1.55], "rotation": 90, "texture": "#1"},
				"up": {"uv": [1.2, 1, 1.4, 1.55], "rotation": 90, "texture": "#1"},
				"down": {"uv": [1.2, 1, 1.4, 1.55], "rotation": 90, "texture": "#1"}
			}
		},
		{
			"from": [8.45, 1.61079, 0.975],
			"to": [8.55, 1.81079, 1.525],
			"rotation": {"angle": 0, "axis": "y", "origin": [8, 4.81079, 6]},
			"faces": {
				"north": {"uv": [1.2, 1, 1.4, 1.55], "rotation": 90, "texture": "#1"},
				"east": {"uv": [1.2, 1, 1.4, 1.55], "rotation": 90, "texture": "#1"},
				"south": {"uv": [1.2, 1, 1.4, 1.55], "rotation": 90, "texture": "#1"},
				"west": {"uv": [1.2, 1, 1.4, 1.55], "rotation": 90, "texture": "#1"},
				"up": {"uv": [1.2, 1, 1.4, 1.55], "rotation": 90, "texture": "#1"},
				"down": {"uv": [1.2, 1, 1.4, 1.55], "rotation": 90, "texture": "#1"}
			}
		}
	],
	"display": {
		"thirdperson_righthand": {
			"rotation": [53.38, 7.56, -13.01],
			"translation": [0, 8, 1.5],
			"scale": [1.5, 1.5, 1.5]
		},
		"thirdperson_lefthand": {
			"rotation": [53.38, 7.56, -13.01],
			"translation": [0, 8, 1.5],
			"scale": [1.5, 1.5, 1.5]
		},
		"firstperson_righthand": {
			"rotation": [5.75, 13.75, 0],
			"translation": [0.25, 7, 3]
		},
		"firstperson_lefthand": {
			"rotation": [5.75, 13.75, 0],
			"translation": [0.25, 7, 3]
		},
		"ground": {
			"translation": [0, 2.75, 0]
		},
		"gui": {
			"rotation": [57.28, 36.03, -24.1],
			"translation": [3, 3.75, 1],
			"scale": [1.5, 1.5, 1.5]
		},
		"head": {
			"rotation": [-99.1, 26.84, 109.41],
			"translation": [-5.75, -8, 10],
			"scale": [2, 2, 2]
		},
		"fixed": {
			"rotation": [0, 90, 0],
			"translation": [1.75, 5, 0]
		}
	},
	"groups": [
		{
			"name": "group",
			"origin": [8, 1.41421, 9],
			"color": 0,
			"nbt": "{}",
			"armAnimationEnabled": false,
			"children": [
				0,
				1,
				2,
				3,
				4,
				5,
				6,
				7,
				8,
				{
					"name": "group",
					"origin": [8, 1.41421, 9],
					"color": 0,
					"nbt": "{}",
					"armAnimationEnabled": false,
					"children": [9, 10, 11, 12, 13, 14, 15, 16]
				},
				{
					"name": "group",
					"origin": [6.97, 4.81233, 12.70711],
					"color": 0,
					"nbt": "{}",
					"armAnimationEnabled": false,
					"children": [
						17,
						18,
						19,
						20,
						21,
						22,
						23,
						{
							"name": "group",
							"origin": [6.97, 4.81233, 12.70711],
							"color": 0,
							"nbt": "{}",
							"armAnimationEnabled": false,
							"children": [
								24,
								25,
								26,
								27,
								28,
								29,
								30,
								{
									"name": "group",
									"origin": [6.97, 4.81233, 12.70711],
									"color": 0,
									"nbt": "{}",
									"armAnimationEnabled": false,
									"children": [31, 32, 33, 34, 35, 36, 37]
								}
							]
						}
					]
				},
				{
					"name": "group",
					"origin": [8, 1.41421, 9],
					"color": 0,
					"nbt": "{}",
					"armAnimationEnabled": false,
					"children": [38, 39, 40, 41, 42, 43, 44, 45]
				},
				{
					"name": "group",
					"origin": [8, 2.70444, 10.20261],
					"color": 0,
					"nbt": "{}",
					"armAnimationEnabled": false,
					"children": [46, 47, 48, 49, 50, 51]
				},
				{
					"name": "group",
					"origin": [6.40444, 3.94777, 9.53511],
					"color": 0,
					"nbt": "{}",
					"armAnimationEnabled": false,
					"children": [52, 53, 54, 55, 56, 57, 58, 59]
				}
			]
		},
		{
			"name": "group",
			"origin": [8, 3.70444, 10.12418],
			"color": 0,
			"nbt": "{}",
			"armAnimationEnabled": false,
			"children": [60, 61, 62]
		},
		{
			"name": "group",
			"origin": [9.935, 5.32144, 11.93622],
			"color": 0,
			"nbt": "{}",
			"armAnimationEnabled": false,
			"children": [63, 64, 65, 66, 67, 68]
		},
		{
			"name": "group",
			"origin": [7.61736, 4.70967, 9.51696],
			"color": 0,
			"nbt": "{}",
			"armAnimationEnabled": false,
			"children": [69, 70, 71, 72, 73, 74, 75, 76, 77]
		},
		{
			"name": "hexadecagon",
			"origin": [8, 8, 8],
			"color": 0,
			"nbt": "{}",
			"armAnimationEnabled": false,
			"children": [78, 79, 80, 81, 82, 83, 84, 85, 86]
		},
		{
			"name": "group",
			"origin": [7.75, 2.91421, -1.22391],
			"color": 0,
			"nbt": "{}",
			"armAnimationEnabled": false,
			"children": [87, 88, 89, 90, 91, 92, 93, 94, 95, 96, 97]
		},
		{
			"name": "group",
			"origin": [5.80544, 5.50777, 9.78211],
			"color": 0,
			"nbt": "{}",
			"armAnimationEnabled": false,
			"children": [
				98,
				99,
				100,
				{
					"name": "group",
					"origin": [5.80544, 5.50777, 9.78211],
					"color": 0,
					"nbt": "{}",
					"armAnimationEnabled": false,
					"children": [101, 102, 103]
				},
				{
					"name": "group",
					"origin": [5.80544, 5.50777, 9.78211],
					"color": 0,
					"nbt": "{}",
					"armAnimationEnabled": false,
					"children": [104, 105, 106]
				},
				{
					"name": "group",
					"origin": [5.80544, 5.50777, 9.78211],
					"color": 0,
					"nbt": "{}",
					"armAnimationEnabled": false,
					"children": [107, 108, 109]
				},
				{
					"name": "group",
					"origin": [5.80544, 5.50777, 9.78211],
					"color": 0,
					"nbt": "{}",
					"armAnimationEnabled": false,
					"children": [110, 111, 112]
				},
				{
					"name": "group",
					"origin": [5.80544, 5.50777, 12.28211],
					"color": 0,
					"nbt": "{}",
					"armAnimationEnabled": false,
					"children": [113, 114, 115]
				}
			]
		},
		{
			"name": "group",
			"origin": [8, 4.81079, 6],
			"color": 0,
			"nbt": "{}",
			"armAnimationEnabled": false,
			"children": [116, 117, 118, 119, 120, 121, 122, 123, 124, 125, 126, 127, 128, 129, 130, 131, 132, 133, 134, 135, 136, 137, 138, 139, 140, 141, 142]
		}
	]
}