{
	"credit": "Made with Blockbench",
	"textures": {
		"0": "items/han_hat_01",
		"1": "items/han_hat_02",
		"2": "items/han_hat_03",
		"particle": "han_hat_01"
	},
	"elements": [
		{
			"from": [3.25, 0.25, 7.5],
			"to": [12.75, 4.25, 8.5],
			"rotation": {"angle": 0, "axis": "y", "origin": [8, 10.5, 8]},
			"faces": {
				"north": {"uv": [0, 8, 16, 12], "texture": "#0"},
				"east": {"uv": [14, 8, 16, 12], "texture": "#0"},
				"south": {"uv": [0, 8, 16, 12], "texture": "#0"},
				"west": {"uv": [0, 8, 2, 12], "texture": "#0"},
				"up": {"uv": [0, 8, 16, 12], "texture": "#0"},
				"down": {"uv": [0, 10, 16, 12], "texture": "#0"}
			}
		},
		{
			"from": [1.5, 6.25, 6.75],
			"to": [14.5, 11.25, 8.5],
			"rotation": {"angle": 0, "axis": "y", "origin": [8, 10.5, 8]},
			"faces": {
				"north": {"uv": [0, 4, 16, 13], "texture": "#0"},
				"east": {"uv": [12, 4, 16, 13], "texture": "#0"},
				"south": {"uv": [0, 4, 16, 13], "texture": "#0"},
				"west": {"uv": [0, 4, 4, 13], "texture": "#0"},
				"up": {"uv": [0, 4, 16, 13], "texture": "#0"},
				"down": {"uv": [0, 4, 16, 13], "texture": "#0"}
			}
		},
		{
			"from": [8.75, 9.5, 6.5],
			"to": [12.5, 11.25, 6.75],
			"rotation": {"angle": 0, "axis": "y", "origin": [10.625, 10.375, 6.625]},
			"faces": {
				"north": {"uv": [3, 10, 8, 15], "texture": "#0"},
				"east": {"uv": [11, 10, 16, 15], "texture": "#0"},
				"south": {"uv": [11, 10, 16, 15], "texture": "#0"},
				"west": {"uv": [11, 10, 16, 15], "texture": "#0"},
				"up": {"uv": [11, 10, 16, 15], "texture": "#0"},
				"down": {"uv": [11, 10, 16, 15], "texture": "#0"}
			}
		},
		{
			"from": [3.5, 9.5, 6.5],
			"to": [7.25, 11.25, 6.75],
			"rotation": {"angle": 0, "axis": "y", "origin": [5.375, 10.375, 6.625]},
			"faces": {
				"north": {"uv": [8, 10, 3, 15], "texture": "#0"},
				"east": {"uv": [16, 10, 11, 15], "texture": "#0"},
				"south": {"uv": [16, 10, 11, 15], "texture": "#0"},
				"west": {"uv": [16, 10, 11, 15], "texture": "#0"},
				"up": {"uv": [16, 10, 11, 15], "texture": "#0"},
				"down": {"uv": [16, 10, 11, 15], "texture": "#0"}
			}
		},
		{
			"from": [3.25, 4.25, 6.5],
			"to": [12.75, 6.25, 8.5],
			"rotation": {"angle": 0, "axis": "y", "origin": [8, 10.5, 8]},
			"faces": {
				"north": {"uv": [0, 12, 16, 16], "texture": "#0"},
				"east": {"uv": [0, 12, 16, 16], "texture": "#0"},
				"south": {"uv": [0, 12, 16, 16], "texture": "#0"},
				"west": {"uv": [0, 12, 16, 16], "texture": "#0"},
				"up": {"uv": [0, 12, 16, 16], "texture": "#0"},
				"down": {"uv": [0, 12, 16, 16], "texture": "#0"}
			}
		},
		{
			"from": [12.75, 4.25, 7],
			"to": [13.75, 6.25, 8.5],
			"rotation": {"angle": 0, "axis": "y", "origin": [8, 10.5, 8]},
			"faces": {
				"north": {"uv": [0, 12, 3, 15], "texture": "#0"},
				"east": {"uv": [0, 12, 3, 15], "texture": "#0"},
				"south": {"uv": [0, 12, 3, 15], "texture": "#0"},
				"west": {"uv": [0, 12, 3, 15], "texture": "#0"},
				"up": {"uv": [0, 12, 3, 15], "texture": "#0"},
				"down": {"uv": [0, 12, 3, 15], "texture": "#0"}
			}
		},
		{
			"from": [2.25, 4.25, 7],
			"to": [3.25, 6.25, 8.5],
			"rotation": {"angle": 0, "axis": "y", "origin": [8, 10.5, 8]},
			"faces": {
				"north": {"uv": [13, 12, 16, 15], "texture": "#0"},
				"east": {"uv": [13, 12, 16, 15], "texture": "#0"},
				"south": {"uv": [13, 12, 16, 15], "texture": "#0"},
				"west": {"uv": [13, 12, 16, 15], "texture": "#0"},
				"up": {"uv": [13, 12, 16, 15], "texture": "#0"},
				"down": {"uv": [13, 12, 16, 15], "texture": "#0"}
			}
		},
		{
			"from": [1.5, 11.25, 7.5],
			"to": [14.5, 14.25, 8.5],
			"rotation": {"angle": 0, "axis": "y", "origin": [8, 10.5, 8]},
			"faces": {
				"north": {"uv": [0, 0, 16, 4], "texture": "#0"},
				"east": {"uv": [14, 0, 16, 4], "texture": "#0"},
				"south": {"uv": [0, 0, 16, 4], "texture": "#0"},
				"west": {"uv": [0, 0, 2, 4], "texture": "#0"},
				"up": {"uv": [0, 0, 16, 1], "texture": "#0"},
				"down": {"uv": [0, 0, 16, 4], "texture": "#0"}
			}
		},
		{
			"from": [4.75, 14.25, 7.5],
			"to": [11.25, 15.25, 8.5],
			"rotation": {"angle": 0, "axis": "y", "origin": [8, 10.5, 8]},
			"faces": {
				"north": {"uv": [0, 0, 16, 4], "texture": "#0"},
				"east": {"uv": [14, 0, 16, 4], "texture": "#0"},
				"south": {"uv": [0, 0, 16, 4], "texture": "#0"},
				"west": {"uv": [0, 0, 2, 4], "texture": "#0"},
				"up": {"uv": [0, 0, 16, 1], "texture": "#0"},
				"down": {"uv": [0, 0, 16, 4], "texture": "#0"}
			}
		},
		{
			"from": [3.75, 11.25, 7],
			"to": [12.25, 12.75, 7.5],
			"rotation": {"angle": 0, "axis": "y", "origin": [8, 10.5, 8]},
			"faces": {
				"north": {"uv": [0, 2, 16, 6], "texture": "#0"},
				"east": {"uv": [14, 2, 16, 6], "texture": "#0"},
				"south": {"uv": [0, 2, 16, 6], "texture": "#0"},
				"west": {"uv": [0, 2, 2, 6], "texture": "#0"},
				"up": {"uv": [0, 2, 16, 3], "texture": "#0"},
				"down": {"uv": [0, 2, 16, 6], "texture": "#0"}
			}
		},
		{
			"from": [7.25, 7.5, 6.25],
			"to": [8.75, 11.5, 7.5],
			"rotation": {"angle": 0, "axis": "y", "origin": [8, 10.5, 8]},
			"faces": {
				"north": {"uv": [2, 11, 3.5, 15], "texture": "#0"},
				"east": {"uv": [2, 11, 3.5, 15], "texture": "#0"},
				"south": {"uv": [2, 11, 3.5, 15], "texture": "#0"},
				"west": {"uv": [2, 11, 3.5, 15], "texture": "#0"},
				"up": {"uv": [2, 11, 3.5, 15], "texture": "#0"},
				"down": {"uv": [2, 11, 3.5, 15], "texture": "#0"}
			}
		},
		{
			"from": [7.2, 6.75, 6],
			"to": [8.8, 10, 7.5],
			"rotation": {"angle": 22.5, "axis": "x", "origin": [8, 9.375, 6.875]},
			"faces": {
				"north": {"uv": [2, 11, 3.6, 14.25], "texture": "#0"},
				"east": {"uv": [2, 11, 3.6, 14.25], "texture": "#0"},
				"south": {"uv": [2, 11, 3.6, 14.25], "texture": "#0"},
				"west": {"uv": [2, 11, 3.6, 14.25], "texture": "#0"},
				"up": {"uv": [2, 11, 3.6, 14.25], "texture": "#0"},
				"down": {"uv": [2, 11, 3.6, 14.25], "texture": "#0"}
			}
		},
		{
			"from": [8.25, 6.25, 5.25],
			"to": [9.75, 7.75, 7.5],
			"rotation": {"angle": 22.5, "axis": "z", "origin": [9, 7, 6.375]},
			"faces": {
				"north": {"uv": [2, 11, 3.5, 12.5], "texture": "#0"},
				"east": {"uv": [2, 11, 3.5, 12.5], "texture": "#0"},
				"south": {"uv": [2, 11, 3.5, 12.5], "texture": "#0"},
				"west": {"uv": [2, 11, 3.5, 12.5], "texture": "#0"},
				"up": {"uv": [2, 11, 3.5, 12.5], "texture": "#0"},
				"down": {"uv": [2, 11, 3.5, 12.5], "texture": "#0"}
			}
		},
		{
			"from": [6.875, 6, 4.75],
			"to": [9.125, 7.5, 7],
			"rotation": {"angle": 22.5, "axis": "x", "origin": [8, 6.75, 4.875]},
			"faces": {
				"north": {"uv": [2, 11, 4.25, 12], "texture": "#0"},
				"east": {"uv": [2, 11, 4.25, 12], "texture": "#0"},
				"south": {"uv": [2, 11, 4.25, 12], "texture": "#0"},
				"west": {"uv": [2, 11, 4.25, 12], "texture": "#0"},
				"up": {"uv": [2, 11, 4.25, 12], "texture": "#0"},
				"down": {"uv": [2, 11, 4.25, 12], "texture": "#0"}
			}
		},
		{
			"from": [6.25, 6.25, 5.25],
			"to": [7.75, 7.75, 7.5],
			"rotation": {"angle": -22.5, "axis": "z", "origin": [7, 7, 6.375]},
			"faces": {
				"north": {"uv": [4, 11, 5.5, 12.5], "texture": "#0"},
				"east": {"uv": [4, 11, 5.5, 12.5], "texture": "#0"},
				"south": {"uv": [4, 11, 5.5, 12.5], "texture": "#0"},
				"west": {"uv": [4, 11, 5.5, 12.5], "texture": "#0"},
				"up": {"uv": [4, 11, 5.5, 12.5], "texture": "#0"},
				"down": {"uv": [4, 11, 5.5, 12.5], "texture": "#0"}
			}
		},
		{
			"from": [11.05511, 13.28556, 3.88599],
			"to": [13.16938, 16.00277, 5.95565],
			"rotation": {"angle": -22.5, "axis": "x", "origin": [12.11225, 17.19009, 6.28247]},
			"faces": {
				"north": {"uv": [3.2, 6, 5.8, 7.9], "rotation": 180, "texture": "#2"},
				"east": {"uv": [3.2, 6, 5.8, 7.9], "rotation": 180, "texture": "#2"},
				"south": {"uv": [3.2, 6, 5.8, 7.9], "rotation": 180, "texture": "#2"},
				"west": {"uv": [3.2, 6, 5.8, 7.9], "rotation": 180, "texture": "#2"},
				"up": {"uv": [3.2, 6, 5.8, 7.9], "rotation": 180, "texture": "#2"},
				"down": {"uv": [3.2, 6, 5.8, 7.9], "rotation": 180, "texture": "#2"}
			}
		},
		{
			"from": [10.85511, 13.46865, 8.27446],
			"to": [13.36938, 15.8883, 10.64167],
			"rotation": {"angle": 45, "axis": "x", "origin": [12.11225, 17.19009, 6.28247]},
			"faces": {
				"north": {"uv": [3.2, 8, 5.8, 9.9], "rotation": 180, "texture": "#2"},
				"east": {"uv": [3.2, 8, 5.8, 9.9], "rotation": 180, "texture": "#2"},
				"south": {"uv": [3.2, 8, 5.8, 9.9], "rotation": 180, "texture": "#2"},
				"west": {"uv": [3.2, 8, 5.8, 9.9], "rotation": 180, "texture": "#2"},
				"up": {"uv": [3.2, 8, 5.8, 9.9], "rotation": 180, "texture": "#2"},
				"down": {"uv": [3.2, 8, 5.8, 9.9], "rotation": 180, "texture": "#2"}
			}
		},
		{
			"from": [11.269, 15.27173, 4.71763],
			"to": [12.95549, 17.06678, 6.35952],
			"rotation": {"angle": 0, "axis": "y", "origin": [12.11225, 17.19009, 6.28247]},
			"faces": {
				"north": {"uv": [3.2, 5, 5.8, 6.9], "rotation": 180, "texture": "#2"},
				"east": {"uv": [3.2, 5, 5.8, 6.9], "rotation": 180, "texture": "#2"},
				"south": {"uv": [3.2, 5, 5.8, 6.9], "rotation": 180, "texture": "#2"},
				"west": {"uv": [3.2, 5, 5.8, 6.9], "rotation": 180, "texture": "#2"},
				"up": {"uv": [3.2, 5, 5.8, 6.9], "rotation": 180, "texture": "#2"},
				"down": {"uv": [3.2, 5, 5.8, 6.9], "rotation": 180, "texture": "#2"}
			}
		},
		{
			"from": [11.48288, 16.53473, 5.0864],
			"to": [12.74161, 18.17977, 6.18665],
			"rotation": {"angle": 22.5, "axis": "x", "origin": [12.11225, 17.19009, 6.28247]},
			"faces": {
				"north": {"uv": [3.2, 4, 5.8, 5.9], "rotation": 180, "texture": "#2"},
				"east": {"uv": [3.2, 4, 5.8, 5.9], "rotation": 180, "texture": "#2"},
				"south": {"uv": [3.2, 4, 5.8, 5.9], "rotation": 180, "texture": "#2"},
				"west": {"uv": [3.2, 4, 5.8, 5.9], "rotation": 180, "texture": "#2"},
				"up": {"uv": [3.2, 4, 5.8, 5.9], "rotation": 180, "texture": "#2"},
				"down": {"uv": [3.2, 4, 5.8, 5.9], "rotation": 180, "texture": "#2"}
			}
		},
		{
			"from": [11.64676, 18.00801, 5.68305],
			"to": [12.57773, 19.5447, 6.45554],
			"rotation": {"angle": 0, "axis": "y", "origin": [12.11225, 17.19009, 6.28247]},
			"faces": {
				"north": {"uv": [3.2, 3, 5.8, 4.9], "rotation": 180, "texture": "#2"},
				"east": {"uv": [3.2, 3, 5.8, 4.9], "rotation": 180, "texture": "#2"},
				"south": {"uv": [3.2, 3, 5.8, 4.9], "rotation": 180, "texture": "#2"},
				"west": {"uv": [3.2, 3, 5.8, 4.9], "rotation": 180, "texture": "#2"},
				"up": {"uv": [3.2, 3, 5.8, 4.9], "rotation": 180, "texture": "#2"},
				"down": {"uv": [3.2, 3, 5.8, 4.9], "rotation": 180, "texture": "#2"}
			}
		},
		{
			"from": [11.76064, 19.25786, 5.79693],
			"to": [12.46385, 20.50843, 6.34166],
			"rotation": {"angle": 0, "axis": "y", "origin": [12.11225, 17.19009, 6.28247]},
			"faces": {
				"north": {"uv": [3.2, 2, 5.8, 3.9], "rotation": 180, "texture": "#2"},
				"east": {"uv": [3.2, 2, 5.8, 3.9], "rotation": 180, "texture": "#2"},
				"south": {"uv": [3.2, 2, 5.8, 3.9], "rotation": 180, "texture": "#2"},
				"west": {"uv": [3.2, 2, 5.8, 3.9], "rotation": 180, "texture": "#2"},
				"up": {"uv": [3.2, 2, 5.8, 3.9], "rotation": 180, "texture": "#2"},
				"down": {"uv": [3.2, 2, 5.8, 3.9], "rotation": 180, "texture": "#2"}
			}
		},
		{
			"from": [11.9884, 20.28546, 5.91081],
			"to": [12.23609, 21.62499, 6.22778],
			"rotation": {"angle": 0, "axis": "y", "origin": [12.11225, 17.19009, 6.28247]},
			"faces": {
				"north": {"uv": [3.2, 1.2, 5.8, 3.1], "rotation": 180, "texture": "#2"},
				"east": {"uv": [3.2, 1.2, 5.8, 3.1], "rotation": 180, "texture": "#2"},
				"south": {"uv": [3.2, 1.2, 5.8, 3.1], "rotation": 180, "texture": "#2"},
				"west": {"uv": [3.2, 1.2, 5.8, 3.1], "rotation": 180, "texture": "#2"},
				"up": {"uv": [3.2, 1.2, 5.8, 3.1], "rotation": 180, "texture": "#2"},
				"down": {"uv": [3.2, 1.2, 5.8, 3.1], "rotation": 180, "texture": "#2"}
			}
		},
		{
			"from": [2.83062, 13.28556, 3.88599],
			"to": [4.94489, 16.00277, 5.95565],
			"rotation": {"angle": -22.5, "axis": "x", "origin": [3.88775, 17.19009, 6.28247]},
			"faces": {
				"north": {"uv": [5.8, 6, 3.2, 7.9], "rotation": 180, "texture": "#2"},
				"east": {"uv": [5.8, 6, 3.2, 7.9], "rotation": 180, "texture": "#2"},
				"south": {"uv": [5.8, 6, 3.2, 7.9], "rotation": 180, "texture": "#2"},
				"west": {"uv": [5.8, 6, 3.2, 7.9], "rotation": 180, "texture": "#2"},
				"up": {"uv": [5.8, 6, 3.2, 7.9], "rotation": 180, "texture": "#2"},
				"down": {"uv": [5.8, 6, 3.2, 7.9], "rotation": 180, "texture": "#2"}
			}
		},
		{
			"from": [2.63062, 13.46865, 8.27446],
			"to": [5.14489, 15.8883, 10.64167],
			"rotation": {"angle": 45, "axis": "x", "origin": [3.88775, 17.19009, 6.28247]},
			"faces": {
				"north": {"uv": [5.8, 8, 3.2, 9.9], "rotation": 180, "texture": "#2"},
				"east": {"uv": [5.8, 8, 3.2, 9.9], "rotation": 180, "texture": "#2"},
				"south": {"uv": [5.8, 8, 3.2, 9.9], "rotation": 180, "texture": "#2"},
				"west": {"uv": [5.8, 8, 3.2, 9.9], "rotation": 180, "texture": "#2"},
				"up": {"uv": [5.8, 8, 3.2, 9.9], "rotation": 180, "texture": "#2"},
				"down": {"uv": [5.8, 8, 3.2, 9.9], "rotation": 180, "texture": "#2"}
			}
		},
		{
			"from": [3.04451, 15.27173, 4.71763],
			"to": [4.731, 17.06678, 6.35952],
			"rotation": {"angle": 0, "axis": "y", "origin": [3.88775, 17.19009, 6.28247]},
			"faces": {
				"north": {"uv": [5.8, 5, 3.2, 6.9], "rotation": 180, "texture": "#2"},
				"east": {"uv": [5.8, 5, 3.2, 6.9], "rotation": 180, "texture": "#2"},
				"south": {"uv": [5.8, 5, 3.2, 6.9], "rotation": 180, "texture": "#2"},
				"west": {"uv": [5.8, 5, 3.2, 6.9], "rotation": 180, "texture": "#2"},
				"up": {"uv": [5.8, 5, 3.2, 6.9], "rotation": 180, "texture": "#2"},
				"down": {"uv": [5.8, 5, 3.2, 6.9], "rotation": 180, "texture": "#2"}
			}
		},
		{
			"from": [3.25839, 16.53473, 5.0864],
			"to": [4.51712, 18.17977, 6.18665],
			"rotation": {"angle": 22.5, "axis": "x", "origin": [3.88775, 17.19009, 6.28247]},
			"faces": {
				"north": {"uv": [5.8, 4, 3.2, 5.9], "rotation": 180, "texture": "#2"},
				"east": {"uv": [5.8, 4, 3.2, 5.9], "rotation": 180, "texture": "#2"},
				"south": {"uv": [5.8, 4, 3.2, 5.9], "rotation": 180, "texture": "#2"},
				"west": {"uv": [5.8, 4, 3.2, 5.9], "rotation": 180, "texture": "#2"},
				"up": {"uv": [5.8, 4, 3.2, 5.9], "rotation": 180, "texture": "#2"},
				"down": {"uv": [5.8, 4, 3.2, 5.9], "rotation": 180, "texture": "#2"}
			}
		},
		{
			"from": [3.42227, 18.00801, 5.68305],
			"to": [4.35324, 19.5447, 6.45554],
			"rotation": {"angle": 0, "axis": "y", "origin": [3.88775, 17.19009, 6.28247]},
			"faces": {
				"north": {"uv": [5.8, 3, 3.2, 4.9], "rotation": 180, "texture": "#2"},
				"east": {"uv": [5.8, 3, 3.2, 4.9], "rotation": 180, "texture": "#2"},
				"south": {"uv": [5.8, 3, 3.2, 4.9], "rotation": 180, "texture": "#2"},
				"west": {"uv": [5.8, 3, 3.2, 4.9], "rotation": 180, "texture": "#2"},
				"up": {"uv": [5.8, 3, 3.2, 4.9], "rotation": 180, "texture": "#2"},
				"down": {"uv": [5.8, 3, 3.2, 4.9], "rotation": 180, "texture": "#2"}
			}
		},
		{
			"from": [3.53615, 19.25786, 5.79693],
			"to": [4.23936, 20.50843, 6.34166],
			"rotation": {"angle": 0, "axis": "y", "origin": [3.88775, 17.19009, 6.28247]},
			"faces": {
				"north": {"uv": [5.8, 2, 3.2, 3.9], "rotation": 180, "texture": "#2"},
				"east": {"uv": [5.8, 2, 3.2, 3.9], "rotation": 180, "texture": "#2"},
				"south": {"uv": [5.8, 2, 3.2, 3.9], "rotation": 180, "texture": "#2"},
				"west": {"uv": [5.8, 2, 3.2, 3.9], "rotation": 180, "texture": "#2"},
				"up": {"uv": [5.8, 2, 3.2, 3.9], "rotation": 180, "texture": "#2"},
				"down": {"uv": [5.8, 2, 3.2, 3.9], "rotation": 180, "texture": "#2"}
			}
		},
		{
			"from": [3.76391, 20.28546, 5.91081],
			"to": [4.0116, 21.62499, 6.22778],
			"rotation": {"angle": 0, "axis": "y", "origin": [3.88775, 17.19009, 6.28247]},
			"faces": {
				"north": {"uv": [5.8, 1.2, 3.2, 3.1], "rotation": 180, "texture": "#2"},
				"east": {"uv": [5.8, 1.2, 3.2, 3.1], "rotation": 180, "texture": "#2"},
				"south": {"uv": [5.8, 1.2, 3.2, 3.1], "rotation": 180, "texture": "#2"},
				"west": {"uv": [5.8, 1.2, 3.2, 3.1], "rotation": 180, "texture": "#2"},
				"up": {"uv": [5.8, 1.2, 3.2, 3.1], "rotation": 180, "texture": "#2"},
				"down": {"uv": [5.8, 1.2, 3.2, 3.1], "rotation": 180, "texture": "#2"}
			}
		},
		{
			"from": [4.25, 1.75, 7.475],
			"to": [11.75, 5, 7.475],
			"rotation": {"angle": 0, "axis": "y", "origin": [8, 10.5, 8]},
			"faces": {
				"north": {"uv": [2, 7, 16, 12], "texture": "#1"},
				"east": {"uv": [0, 16, 0, 16], "texture": "#1"},
				"south": {"uv": [0, 16, 0, 16], "texture": "#1"},
				"west": {"uv": [0, 16, 0, 16], "texture": "#1"},
				"up": {"uv": [0, 16, 0, 16], "texture": "#1"},
				"down": {"uv": [0, 16, 0, 16], "texture": "#1"}
			}
		},
		{
			"from": [8.75, 7.75, 6.725],
			"to": [13.75, 10.5, 6.725],
			"rotation": {"angle": 0, "axis": "y", "origin": [10.5, 8.375, 6.725]},
			"faces": {
				"north": {"uv": [1, 1, 8, 5], "texture": "#1"},
				"east": {"uv": [16, 0, 16, 0], "texture": "#1"},
				"south": {"uv": [16, 0, 16, 0], "texture": "#1"},
				"west": {"uv": [16, 0, 16, 0], "texture": "#1"},
				"up": {"uv": [16, 0, 16, 0], "texture": "#1"},
				"down": {"uv": [16, 0, 16, 0], "texture": "#1"}
			}
		},
		{
			"from": [2.25, 7.75, 6.725],
			"to": [7.25, 10.5, 6.725],
			"rotation": {"angle": 0, "axis": "y", "origin": [5.5, 8.375, 6.725]},
			"faces": {
				"north": {"uv": [8, 1, 1, 5], "texture": "#1"},
				"east": {"uv": [16, 0, 16, 0], "texture": "#1"},
				"south": {"uv": [16, 0, 16, 0], "texture": "#1"},
				"west": {"uv": [16, 0, 16, 0], "texture": "#1"},
				"up": {"uv": [16, 0, 16, 0], "texture": "#1"},
				"down": {"uv": [16, 0, 16, 0], "texture": "#1"}
			}
		},
		{
			"from": [9.093, 1.78, 6.74797],
			"to": [9.557, 2.505, 7.15397],
			"rotation": {"angle": 0, "axis": "y", "origin": [9.325, 1.83543, 7.13479]},
			"faces": {
				"north": {"uv": [3.2, 1.1, 5.7, 9.8], "texture": "#2"},
				"east": {"uv": [3.2, 1.1, 5.7, 9.8], "texture": "#2"},
				"south": {"uv": [3.2, 1.1, 5.7, 9.8], "texture": "#2"},
				"west": {"uv": [3.2, 1.1, 5.7, 9.8], "texture": "#2"},
				"up": {"uv": [3.2, 1.1, 5.7, 9.8], "texture": "#2"},
				"down": {"uv": [3.2, 1.1, 5.7, 9.8], "texture": "#2"}
			}
		},
		{
			"from": [8.9915, 0.90831, 6.75764],
			"to": [9.6585, 2.06831, 7.33764],
			"rotation": {"angle": -45, "axis": "x", "origin": [9.325, 1.83543, 7.13479]},
			"faces": {
				"north": {"uv": [3.2, 1.1, 5.7, 9.8], "texture": "#2"},
				"east": {"uv": [3.2, 1.1, 5.7, 9.8], "texture": "#2"},
				"south": {"uv": [3.2, 1.1, 5.7, 9.8], "texture": "#2"},
				"west": {"uv": [3.2, 1.1, 5.7, 9.8], "texture": "#2"},
				"up": {"uv": [3.2, 1.1, 5.7, 9.8], "texture": "#2"},
				"down": {"uv": [3.2, 1.1, 5.7, 9.8], "texture": "#2"}
			}
		},
		{
			"from": [5.1, 3.35, 6.1],
			"to": [6.25, 5.35, 7.1],
			"rotation": {"angle": 22.5, "axis": "x", "origin": [5.675, 4.35, 6.6]},
			"faces": {
				"north": {"uv": [5.7, 1.1, 3.2, 9.8], "texture": "#2"},
				"east": {"uv": [5.7, 1.1, 3.2, 9.8], "texture": "#2"},
				"south": {"uv": [5.7, 1.1, 3.2, 9.8], "texture": "#2"},
				"west": {"uv": [5.7, 1.1, 3.2, 9.8], "texture": "#2"},
				"up": {"uv": [5.7, 1.1, 3.2, 9.8], "texture": "#2"},
				"down": {"uv": [5.7, 1.1, 3.2, 9.8], "texture": "#2"}
			}
		},
		{
			"from": [5.275, 2.39515, 6.02165],
			"to": [6.075, 3.64515, 6.72165],
			"rotation": {"angle": -22.5, "axis": "x", "origin": [5.675, 3.19515, 6.12165]},
			"faces": {
				"north": {"uv": [5.7, 1.1, 3.2, 9.8], "texture": "#2"},
				"east": {"uv": [5.7, 1.1, 3.2, 9.8], "texture": "#2"},
				"south": {"uv": [5.7, 1.1, 3.2, 9.8], "texture": "#2"},
				"west": {"uv": [5.7, 1.1, 3.2, 9.8], "texture": "#2"},
				"up": {"uv": [5.7, 1.1, 3.2, 9.8], "texture": "#2"},
				"down": {"uv": [5.7, 1.1, 3.2, 9.8], "texture": "#2"}
			}
		},
		{
			"from": [5.45, 1.64515, 6.19665],
			"to": [5.9, 2.89515, 6.54665],
			"rotation": {"angle": -22.5, "axis": "x", "origin": [5.675, 3.19515, 6.12165]},
			"faces": {
				"north": {"uv": [5.7, 1.1, 3.2, 9.8], "texture": "#2"},
				"east": {"uv": [5.7, 1.1, 3.2, 9.8], "texture": "#2"},
				"south": {"uv": [5.7, 1.1, 3.2, 9.8], "texture": "#2"},
				"west": {"uv": [5.7, 1.1, 3.2, 9.8], "texture": "#2"},
				"up": {"uv": [5.7, 1.1, 3.2, 9.8], "texture": "#2"},
				"down": {"uv": [5.7, 1.1, 3.2, 9.8], "texture": "#2"}
			}
		},
		{
			"from": [6.443, 1.78, 6.74797],
			"to": [6.907, 2.505, 7.15397],
			"rotation": {"angle": 0, "axis": "y", "origin": [6.675, 1.83543, 7.13479]},
			"faces": {
				"north": {"uv": [5.7, 1.1, 3.2, 9.8], "texture": "#2"},
				"east": {"uv": [5.7, 1.1, 3.2, 9.8], "texture": "#2"},
				"south": {"uv": [5.7, 1.1, 3.2, 9.8], "texture": "#2"},
				"west": {"uv": [5.7, 1.1, 3.2, 9.8], "texture": "#2"},
				"up": {"uv": [5.7, 1.1, 3.2, 9.8], "texture": "#2"},
				"down": {"uv": [5.7, 1.1, 3.2, 9.8], "texture": "#2"}
			}
		},
		{
			"from": [6.3415, 0.90831, 6.75764],
			"to": [7.0085, 2.06831, 7.33764],
			"rotation": {"angle": -45, "axis": "x", "origin": [6.675, 1.83543, 7.13479]},
			"faces": {
				"north": {"uv": [5.7, 1.1, 3.2, 9.8], "texture": "#2"},
				"east": {"uv": [5.7, 1.1, 3.2, 9.8], "texture": "#2"},
				"south": {"uv": [5.7, 1.1, 3.2, 9.8], "texture": "#2"},
				"west": {"uv": [5.7, 1.1, 3.2, 9.8], "texture": "#2"},
				"up": {"uv": [5.7, 1.1, 3.2, 9.8], "texture": "#2"},
				"down": {"uv": [5.7, 1.1, 3.2, 9.8], "texture": "#2"}
			}
		},
		{
			"from": [9.75, 3.35, 6.1],
			"to": [10.9, 5.35, 7.1],
			"rotation": {"angle": 22.5, "axis": "x", "origin": [10.325, 4.35, 6.6]},
			"faces": {
				"north": {"uv": [3.2, 1.1, 5.7, 9.8], "texture": "#2"},
				"east": {"uv": [3.2, 1.1, 5.7, 9.8], "texture": "#2"},
				"south": {"uv": [3.2, 1.1, 5.7, 9.8], "texture": "#2"},
				"west": {"uv": [3.2, 1.1, 5.7, 9.8], "texture": "#2"},
				"up": {"uv": [3.2, 1.1, 5.7, 9.8], "texture": "#2"},
				"down": {"uv": [3.2, 1.1, 5.7, 9.8], "texture": "#2"}
			}
		},
		{
			"from": [9.925, 2.39515, 6.02165],
			"to": [10.725, 3.64515, 6.72165],
			"rotation": {"angle": -22.5, "axis": "x", "origin": [10.325, 3.19515, 6.12165]},
			"faces": {
				"north": {"uv": [3.2, 1.1, 5.7, 9.8], "texture": "#2"},
				"east": {"uv": [3.2, 1.1, 5.7, 9.8], "texture": "#2"},
				"south": {"uv": [3.2, 1.1, 5.7, 9.8], "texture": "#2"},
				"west": {"uv": [3.2, 1.1, 5.7, 9.8], "texture": "#2"},
				"up": {"uv": [3.2, 1.1, 5.7, 9.8], "texture": "#2"},
				"down": {"uv": [3.2, 1.1, 5.7, 9.8], "texture": "#2"}
			}
		},
		{
			"from": [10.1, 1.64515, 6.19665],
			"to": [10.55, 2.89515, 6.54665],
			"rotation": {"angle": -22.5, "axis": "x", "origin": [10.325, 3.19515, 6.12165]},
			"faces": {
				"north": {"uv": [3.2, 1.1, 5.7, 9.8], "texture": "#2"},
				"east": {"uv": [3.2, 1.1, 5.7, 9.8], "texture": "#2"},
				"south": {"uv": [3.2, 1.1, 5.7, 9.8], "texture": "#2"},
				"west": {"uv": [3.2, 1.1, 5.7, 9.8], "texture": "#2"},
				"up": {"uv": [3.2, 1.1, 5.7, 9.8], "texture": "#2"},
				"down": {"uv": [3.2, 1.1, 5.7, 9.8], "texture": "#2"}
			}
		},
		{
			"from": [0.75, 8.5, 20.75],
			"to": [14.5, 10.5, 21.5],
			"rotation": {"angle": 0, "axis": "y", "origin": [7.625, 9.5, 21.125]},
			"faces": {
				"north": {"uv": [9.1, 2.2, 11, 4.8], "rotation": 90, "texture": "#2"},
				"east": {"uv": [9.1, 2.2, 11, 4.8], "rotation": 90, "texture": "#2"},
				"south": {"uv": [9.1, 2.2, 11, 4.8], "rotation": 90, "texture": "#2"},
				"west": {"uv": [9.1, 2.2, 11, 4.8], "rotation": 90, "texture": "#2"},
				"up": {"uv": [9.1, 2.2, 11, 4.8], "rotation": 90, "texture": "#2"},
				"down": {"uv": [9.1, 2.2, 11, 4.8], "rotation": 90, "texture": "#2"}
			}
		},
		{
			"from": [14.5, 8.5, 7.5],
			"to": [15.25, 10.5, 20.75],
			"rotation": {"angle": 0, "axis": "y", "origin": [14.875, 9.5, 14.375]},
			"faces": {
				"north": {"uv": [9.1, 2.2, 11, 3.7], "rotation": 90, "texture": "#2"},
				"east": {"uv": [9.1, 2.2, 11, 4.7], "rotation": 90, "texture": "#2"},
				"south": {"uv": [9.1, 2.2, 11, 3.7], "rotation": 90, "texture": "#2"},
				"west": {"uv": [9.1, 2.2, 11, 4.7], "rotation": 90, "texture": "#2"},
				"up": {"uv": [9.1, 2.2, 11, 4.7], "texture": "#2"},
				"down": {"uv": [9.1, 2.2, 11, 4.7], "texture": "#2"}
			}
		},
		{
			"from": [0.75, 8.5, 7.5],
			"to": [1.5, 10.5, 20.75],
			"rotation": {"angle": 0, "axis": "y", "origin": [1.125, 9.5, 14.375]},
			"faces": {
				"north": {"uv": [9.1, 3.7, 11, 2.2], "rotation": 90, "texture": "#2"},
				"east": {"uv": [9.1, 4.7, 11, 2.2], "rotation": 90, "texture": "#2"},
				"south": {"uv": [9.1, 3.7, 11, 2.2], "rotation": 90, "texture": "#2"},
				"west": {"uv": [9.1, 4.7, 11, 2.2], "rotation": 90, "texture": "#2"},
				"up": {"uv": [11, 2.2, 9.1, 4.7], "texture": "#2"},
				"down": {"uv": [11, 2.2, 9.1, 4.7], "texture": "#2"}
			}
		}
	],
	"display": {
		"thirdperson_righthand": {
			"rotation": [57.96, 32.74, -15.82],
			"translation": [-0.25, 0, -1],
			"scale": [0.35, 0.35, 0.35]
		},
		"thirdperson_lefthand": {
			"rotation": [57.96, 32.74, -15.82],
			"translation": [-0.25, 0, -1],
			"scale": [0.35, 0.35, 0.35]
		},
		"firstperson_righthand": {
			"rotation": [-180, 67, -180],
			"translation": [4.5, 0.75, -4.25],
			"scale": [0.5, 0.5, 0.5]
		},
		"firstperson_lefthand": {
			"rotation": [-180, 67, -180],
			"translation": [4.5, 0.75, -4.25],
			"scale": [0.5, 0.5, 0.5]
		},
		"ground": {
			"scale": [0.6, 0.6, 0.6]
		},
		"gui": {
			"rotation": [-164.78, 23.12, -180],
			"translation": [-2, -0.75, 10],
			"scale": [0.8, 0.8, 0.8]
		},
		"head": {
			"translation": [0, 0.5, -7.5],
			"scale": [1.15, 1.15, 1.15]
		},
		"fixed": {
			"translation": [0, -2.25, 0]
		}
	},
	"groups": [
		{
			"name": "hat",
			"origin": [8, 10.5, 8],
			"color": 0,
			"nbt": "{}",
			"armAnimationEnabled": false,
			"children": [0, 1, 2, 3, 4, 5, 6, 7, 8, 9]
		},
		{
			"name": "n",
			"origin": [7, 7, 6.375],
			"color": 0,
			"nbt": "{}",
			"armAnimationEnabled": false,
			"children": [10, 11, 12, 13, 14]
		},
		{
			"name": "bb",
			"origin": [9.61225, 17.10116, 4.46818],
			"color": 0,
			"nbt": "{}",
			"armAnimationEnabled": false,
			"children": [
				15,
				16,
				17,
				18,
				19,
				20,
				21,
				{
					"name": "bb",
					"origin": [9.61225, 17.10116, 4.46818],
					"color": 0,
					"nbt": "{}",
					"armAnimationEnabled": false,
					"children": [22, 23, 24, 25, 26, 27, 28]
				}
			]
		},
		{
			"name": "pa",
			"origin": [5.5, 8.375, 6.725],
			"color": 0,
			"nbt": "{}",
			"armAnimationEnabled": false,
			"children": [29, 30, 31]
		},
		{
			"name": "up t",
			"origin": [11.25, 4.35, 6.6],
			"color": 0,
			"nbt": "{}",
			"armAnimationEnabled": false,
			"children": [
				{
					"name": "down t",
					"origin": [11.25, 4.35, 6.6],
					"color": 0,
					"nbt": "{}",
					"armAnimationEnabled": false,
					"children": [32, 33]
				},
				{
					"name": "up t",
					"origin": [11.25, 4.35, 6.6],
					"color": 0,
					"nbt": "{}",
					"armAnimationEnabled": false,
					"children": [
						{
							"name": "group",
							"origin": [10.825, 3.19515, 6.12165],
							"color": 0,
							"nbt": "{}",
							"armAnimationEnabled": false,
							"children": [34, 35, 36]
						},
						{
							"name": "down t",
							"origin": [11.25, 4.35, 6.6],
							"color": 0,
							"nbt": "{}",
							"armAnimationEnabled": false,
							"children": [37, 38]
						}
					]
				},
				{
					"name": "group",
					"origin": [10.825, 3.19515, 6.12165],
					"color": 0,
					"nbt": "{}",
					"armAnimationEnabled": false,
					"children": [39, 40, 41]
				}
			]
		},
		{
			"name": "group",
			"origin": [1.125, 9.5, 14.375],
			"color": 0,
			"nbt": "{}",
			"armAnimationEnabled": false,
			"children": [42, 43, 44]
		}
	]
}