{
	"credit": "Made with Blockbench",
	"texture_size": [800, 600],
	"textures": {
		"0": "items/me0"
	},
	"elements": [
		{
			"from": [-15, 0, 7],
			"to": [31, 32, 8],
			"faces": {
				"north": {"uv": [0, 0, 16, 12.65934], "texture": "#0"},
				"east": {"uv": [0, 0, 0.02, 0.85333], "texture": "#missing"},
				"south": {"uv": [0, 0, 16, 12.65934], "texture": "#0"},
				"west": {"uv": [0, 0, 0.02, 0.85333], "texture": "#missing"},
				"up": {"uv": [0, 0, 0.96, 0.02667], "texture": "#missing"},
				"down": {"uv": [0, 0, 0.96, 0.02667], "texture": "#missing"}
			}
		}
	],
	"display": {
		"gui": {
			"translation": [-72.25, 21.25, -12],
			"scale": [4, 4, 1]
		}
	}
}