{
	"credit": "Made with Blockbench",
	"textures": {
		"stone_swordf": "items/stone_swordf"
	},
	"elements": [
		{
			"name": "Voxels",
			"from": [1, 12, 1],
			"to": [15, 12.5, 2],
			"faces": {
				"north": {"uv": [7, 11.75, 0, 12], "texture": "#stone_swordf"},
				"east": {"uv": [7.5, 9.75, 7, 10], "texture": "#stone_swordf"},
				"south": {"uv": [0, 11.5, 7, 11.75], "texture": "#stone_swordf"},
				"west": {"uv": [7, 9.5, 7.5, 9.75], "texture": "#stone_swordf"},
				"up": {"uv": [0, 15.5, 7, 15], "texture": "#stone_swordf"},
				"down": {"uv": [0, 15.5, 7, 16], "texture": "#stone_swordf"}
			}
		},
		{
			"name": "Voxels",
			"from": [1.5, 11.5, 1],
			"to": [15.5, 12, 2],
			"faces": {
				"north": {"uv": [7, 11.25, 0, 11.5], "texture": "#stone_swordf"},
				"east": {"uv": [7, 8.75, 6.5, 9], "texture": "#stone_swordf"},
				"south": {"uv": [0, 11, 7, 11.25], "texture": "#stone_swordf"},
				"west": {"uv": [6.5, 8.5, 7, 8.75], "texture": "#stone_swordf"},
				"up": {"uv": [0, 14.5, 7, 14], "texture": "#stone_swordf"},
				"down": {"uv": [0, 14.5, 7, 15], "texture": "#stone_swordf"}
			}
		},
		{
			"name": "Voxels",
			"from": [1.5, 12.5, 1],
			"to": [14.5, 13, 2],
			"faces": {
				"north": {"uv": [6.5, 10.75, 0, 11], "texture": "#stone_swordf"},
				"east": {"uv": [7, 9.25, 6.5, 9.5], "texture": "#stone_swordf"},
				"south": {"uv": [0, 10.5, 6.5, 10.75], "texture": "#stone_swordf"},
				"west": {"uv": [6.5, 9, 7, 9.25], "texture": "#stone_swordf"},
				"up": {"uv": [0, 13.5, 6.5, 13], "texture": "#stone_swordf"},
				"down": {"uv": [0, 13.5, 6.5, 14], "texture": "#stone_swordf"}
			}
		},
		{
			"name": "Voxels",
			"from": [2, 13, 1],
			"to": [7.5, 13.5, 2],
			"faces": {
				"north": {"uv": [11.75, 14.75, 9, 15], "texture": "#stone_swordf"},
				"east": {"uv": [5.5, 8.75, 5, 9], "texture": "#stone_swordf"},
				"south": {"uv": [11.75, 14.5, 14.5, 14.75], "texture": "#stone_swordf"},
				"west": {"uv": [5, 8.5, 5.5, 8.75], "texture": "#stone_swordf"},
				"up": {"uv": [0, 8.5, 2.75, 8], "texture": "#stone_swordf"},
				"down": {"uv": [0, 8.5, 2.75, 9], "texture": "#stone_swordf"}
			}
		},
		{
			"name": "Voxels",
			"from": [2.5, 11, 1],
			"to": [14.5, 11.5, 2],
			"faces": {
				"north": {"uv": [6, 10.25, 0, 10.5], "texture": "#stone_swordf"},
				"east": {"uv": [7, 10.75, 6.5, 11], "texture": "#stone_swordf"},
				"south": {"uv": [0, 10, 6, 10.25], "texture": "#stone_swordf"},
				"west": {"uv": [6.5, 10.5, 7, 10.75], "texture": "#stone_swordf"},
				"up": {"uv": [0, 12.5, 6, 12], "texture": "#stone_swordf"},
				"down": {"uv": [0, 12.5, 6, 13], "texture": "#stone_swordf"}
			}
		},
		{
			"name": "Voxels",
			"from": [2.5, 13.5, 1],
			"to": [7, 14, 2],
			"faces": {
				"north": {"uv": [16, 14, 13.75, 14.25], "texture": "#stone_swordf"},
				"east": {"uv": [8, 8.75, 7.5, 9], "texture": "#stone_swordf"},
				"south": {"uv": [13.75, 13.75, 16, 14], "texture": "#stone_swordf"},
				"west": {"uv": [7.5, 8.5, 8, 8.75], "texture": "#stone_swordf"},
				"up": {"uv": [8, 16, 10.25, 15.5], "texture": "#stone_swordf"},
				"down": {"uv": [10.25, 15.5, 12.5, 16], "texture": "#stone_swordf"}
			}
		},
		{
			"name": "Voxels",
			"from": [3, 10.5, 1],
			"to": [8.5, 11, 2],
			"faces": {
				"north": {"uv": [11.75, 14.25, 9, 14.5], "texture": "#stone_swordf"},
				"east": {"uv": [7.5, 8.25, 7, 8.5], "texture": "#stone_swordf"},
				"south": {"uv": [11.75, 14.25, 14.5, 14.5], "texture": "#stone_swordf"},
				"west": {"uv": [7, 8, 7.5, 8.25], "texture": "#stone_swordf"},
				"up": {"uv": [2.75, 10, 5.5, 9.5], "texture": "#stone_swordf"},
				"down": {"uv": [0, 9, 2.75, 9.5], "texture": "#stone_swordf"}
			}
		},
		{
			"name": "Voxels",
			"from": [3.5, 10, 1],
			"to": [7, 10.5, 2],
			"faces": {
				"north": {"uv": [14.75, 13.5, 13, 13.75], "texture": "#stone_swordf"},
				"east": {"uv": [8, 9.25, 7.5, 9.5], "texture": "#stone_swordf"},
				"south": {"uv": [9, 13.25, 10.75, 13.5], "texture": "#stone_swordf"},
				"west": {"uv": [7.5, 9, 8, 9.25], "texture": "#stone_swordf"},
				"up": {"uv": [11.75, 15.5, 13.5, 15], "texture": "#stone_swordf"},
				"down": {"uv": [10, 15, 11.75, 15.5], "texture": "#stone_swordf"}
			}
		},
		{
			"name": "Voxels",
			"from": [3.5, 14, 1],
			"to": [6.5, 14.5, 2],
			"faces": {
				"north": {"uv": [16, 14.25, 14.5, 14.5], "texture": "#stone_swordf"},
				"east": {"uv": [7.5, 9, 7, 9.25], "texture": "#stone_swordf"},
				"south": {"uv": [10.75, 13.25, 12.25, 13.5], "texture": "#stone_swordf"},
				"west": {"uv": [7, 9.25, 7.5, 9.5], "texture": "#stone_swordf"},
				"up": {"uv": [5.5, 8.5, 7, 8], "texture": "#stone_swordf"},
				"down": {"uv": [5.5, 9.5, 7, 10], "texture": "#stone_swordf"}
			}
		},
		{
			"name": "Voxels",
			"from": [4.5, 9.5, 1],
			"to": [6, 10, 2],
			"faces": {
				"north": {"uv": [8.75, 13.75, 8, 14], "texture": "#stone_swordf"},
				"east": {"uv": [8, 10, 7.5, 10.25], "texture": "#stone_swordf"},
				"south": {"uv": [8, 13.5, 8.75, 13.75], "texture": "#stone_swordf"},
				"west": {"uv": [7.5, 10.25, 8, 10.5], "texture": "#stone_swordf"},
				"up": {"uv": [6, 12.5, 6.75, 12], "texture": "#stone_swordf"},
				"down": {"uv": [6, 12.5, 6.75, 13], "texture": "#stone_swordf"}
			}
		},
		{
			"name": "Voxels",
			"from": [7, 4.5, 0.5],
			"to": [9, 5, 2.5],
			"faces": {
				"north": {"uv": [7, 10.25, 6, 10.5], "texture": "#stone_swordf"},
				"east": {"uv": [16, 15, 15, 15.25], "texture": "#stone_swordf"},
				"south": {"uv": [6, 10, 7, 10.25], "texture": "#stone_swordf"},
				"west": {"uv": [15, 15.25, 16, 15.5], "texture": "#stone_swordf"},
				"up": {"uv": [5.5, 9.5, 6.5, 8.5], "texture": "#stone_swordf"},
				"down": {"uv": [8, 14, 9, 15], "texture": "#stone_swordf"}
			}
		},
		{
			"name": "Voxels",
			"from": [7.5, 5, 1],
			"to": [8.5, 10.5, 2],
			"faces": {
				"north": {"uv": [7.5, 10.5, 7, 13.25], "texture": "#stone_swordf"},
				"east": {"uv": [8, 10.5, 7.5, 13.25], "texture": "#stone_swordf"},
				"south": {"uv": [7, 13.25, 7.5, 16], "texture": "#stone_swordf"},
				"west": {"uv": [7.5, 13.25, 8, 16], "texture": "#stone_swordf"},
				"up": {"uv": [6.5, 13.5, 7, 13], "texture": "#stone_swordf"},
				"down": {"uv": [6.5, 13.5, 7, 14], "texture": "#stone_swordf"}
			}
		},
		{
			"name": "Voxels",
			"from": [8.5, 13, 1],
			"to": [14, 13.5, 2],
			"faces": {
				"north": {"uv": [11.75, 14.5, 9, 14.75], "texture": "#stone_swordf"},
				"east": {"uv": [5.5, 8, 5, 8.25], "texture": "#stone_swordf"},
				"south": {"uv": [11.75, 14.75, 14.5, 15], "texture": "#stone_swordf"},
				"west": {"uv": [5, 8.25, 5.5, 8.5], "texture": "#stone_swordf"},
				"up": {"uv": [2.75, 9.5, 5.5, 9], "texture": "#stone_swordf"},
				"down": {"uv": [0, 9.5, 2.75, 10], "texture": "#stone_swordf"}
			}
		},
		{
			"name": "Voxels",
			"from": [9, 13.5, 1],
			"to": [13.5, 14, 2],
			"faces": {
				"north": {"uv": [13.75, 13.75, 11.5, 14], "texture": "#stone_swordf"},
				"east": {"uv": [7.5, 10, 7, 10.25], "texture": "#stone_swordf"},
				"south": {"uv": [11.5, 14, 13.75, 14.25], "texture": "#stone_swordf"},
				"west": {"uv": [7, 10.25, 7.5, 10.5], "texture": "#stone_swordf"},
				"up": {"uv": [2.75, 9, 5, 8.5], "texture": "#stone_swordf"},
				"down": {"uv": [2.75, 8, 5, 8.5], "texture": "#stone_swordf"}
			}
		},
		{
			"name": "Voxels",
			"from": [9.5, 10.5, 1],
			"to": [13.5, 11, 2],
			"faces": {
				"north": {"uv": [11, 13.5, 9, 13.75], "texture": "#stone_swordf"},
				"east": {"uv": [7.5, 8.5, 7, 8.75], "texture": "#stone_swordf"},
				"south": {"uv": [11, 13.5, 13, 13.75], "texture": "#stone_swordf"},
				"west": {"uv": [7, 8.75, 7.5, 9], "texture": "#stone_swordf"},
				"up": {"uv": [12.5, 16, 14.5, 15.5], "texture": "#stone_swordf"},
				"down": {"uv": [8, 15, 10, 15.5], "texture": "#stone_swordf"}
			}
		},
		{
			"name": "Voxels",
			"from": [9.5, 14, 1],
			"to": [12.5, 14.5, 2],
			"faces": {
				"north": {"uv": [16, 14.75, 14.5, 15], "texture": "#stone_swordf"},
				"east": {"uv": [8, 9.5, 7.5, 9.75], "texture": "#stone_swordf"},
				"south": {"uv": [14.5, 14.5, 16, 14.75], "texture": "#stone_swordf"},
				"west": {"uv": [7.5, 9.75, 8, 10], "texture": "#stone_swordf"},
				"up": {"uv": [13.5, 15.5, 15, 15], "texture": "#stone_swordf"},
				"down": {"uv": [14.5, 15.5, 16, 16], "texture": "#stone_swordf"}
			}
		},
		{
			"name": "Voxels",
			"from": [10, 10, 1],
			"to": [12.5, 10.5, 2],
			"faces": {
				"north": {"uv": [16, 13.5, 14.75, 13.75], "texture": "#stone_swordf"},
				"east": {"uv": [8, 8, 7.5, 8.25], "texture": "#stone_swordf"},
				"south": {"uv": [12.25, 13.25, 13.5, 13.5], "texture": "#stone_swordf"},
				"west": {"uv": [7.5, 8.25, 8, 8.5], "texture": "#stone_swordf"},
				"up": {"uv": [10.25, 14.25, 11.5, 13.75], "texture": "#stone_swordf"},
				"down": {"uv": [9, 13.75, 10.25, 14.25], "texture": "#stone_swordf"}
			}
		}
	],
	"display": {
		"thirdperson_righthand": {
			"rotation": [25, -20, 0],
			"translation": [-1, -0.7, 4],
			"scale": [0.5, 0.5, 0.5]
		},
		"thirdperson_lefthand": {
			"rotation": [25, -20, 0],
			"translation": [-1, -0.7, 4],
			"scale": [0.5, 0.5, 0.5]
		},
		"firstperson_righthand": {
			"rotation": [0, 1.25, 0],
			"translation": [6.25, 0, 0],
			"scale": [0.5, 0.5, 0.5]
		},
		"firstperson_lefthand": {
			"rotation": [0, 1.25, 0],
			"translation": [6.25, 0, 0],
			"scale": [0.5, 0.5, 0.5]
		},
		"ground": {
			"translation": [0, 2, 6],
			"scale": [0.8, 0.8, 0.8]
		},
		"gui": {
			"rotation": [0, -17, 0],
			"translation": [-1.5, -1.5, 5],
			"scale": [0.7, 0.7, 0.7]
		},
		"head": {
			"translation": [0, 8.45, 3.5],
			"scale": [0.6, 0.6, 0.6]
		},
		"fixed": {
			"rotation": [0, -22, 0],
			"translation": [-1, 0, 2.0869],
			"scale": [0.5, 0.5, 0.5]
		}
	}
}