{"texture_size":[64,64],"textures":{"1":"items/wing05"},"elements":[{"from":[10,-10.5,8],"to":[32,26.5,8],"rotation":{"angle":-22.5,"axis":"y","origin":[21,8,8]},"faces":{"north":{"uv":[0,0,5.5,9.25],"texture":"#1"},"east":{"uv":[0,0,0,9.25],"texture":"#1"},"south":{"uv":[5.5,0,0,9.25],"texture":"#1"},"west":{"uv":[0,0,0,9.25],"texture":"#1"},"up":{"uv":[5.5,0,0,0],"texture":"#1"},"down":{"uv":[5.5,0,0,0],"texture":"#1"}}},{"from":[-16,-10.5,8],"to":[6,26.5,8],"rotation":{"angle":22.5,"axis":"y","origin":[-5,8,8]},"faces":{"north":{"uv":[5.5,0,0,9.25],"texture":"#1"},"east":{"uv":[0,0,0,9.25],"texture":"#1"},"south":{"uv":[0,0,5.5,9.25],"texture":"#1"},"west":{"uv":[0,0,0,9.25],"texture":"#1"},"up":{"uv":[0,0,5.5,0],"texture":"#1"},"down":{"uv":[0,0,5.5,0],"texture":"#1"}}}],"display":{"thirdperson_righthand":{"rotation":[67,0,0],"translation":[-5.5,-7.5,10.5],"scale":[0.7,0.7,0.7]},"thirdperson_lefthand":{"rotation":[67,0,0],"translation":[-5.5,-7.5,10.5],"scale":[0.7,0.7,0.7]},"firstperson_righthand":{"scale":[0,0,0]},"firstperson_lefthand":{"scale":[0,0,0]},"ground":{"translation":[0,10,0],"scale":[0.5,0.5,0.5]},"gui":{"rotation":[20,-160,0],"translation":[0.25,0,0],"scale":[0.3,0.3,0.3]},"head":{"translation":[0,-13,8.75],"scale":[1.2,1.2,1.2]}}}