{
	"credit": "Made with Blockbench",
	"textures": {
		"particle": "normal/concrete",
		"concrete": "normal/concrete",
		"terracotta": "normal/terracotta",
		"wool": "normal/wool"
	},
	"elements": [
		{
			"from": [9, -8, 15],
			"to": [10, -7, 16],
			"faces": {
				"north": {"uv": [0, 6, 3, 9], "texture": "#concrete"},
				"east": {"uv": [0, 6, 3, 9], "texture": "#concrete"},
				"south": {"uv": [0, 6, 3, 9], "texture": "#concrete"},
				"west": {"uv": [0, 6, 3, 9], "texture": "#concrete"},
				"up": {"uv": [0, 6, 3, 9], "texture": "#concrete"},
				"down": {"uv": [0, 6, 3, 9], "texture": "#concrete"}
			}
		},
		{
			"from": [8, -8, 15],
			"to": [9, -7, 16],
			"faces": {
				"north": {"uv": [0, 6, 3, 9], "texture": "#concrete"},
				"east": {"uv": [0, 6, 3, 9], "texture": "#concrete"},
				"south": {"uv": [0, 6, 3, 9], "texture": "#concrete"},
				"west": {"uv": [0, 6, 3, 9], "texture": "#concrete"},
				"up": {"uv": [0, 6, 3, 9], "texture": "#concrete"},
				"down": {"uv": [0, 6, 3, 9], "texture": "#concrete"}
			}
		},
		{
			"from": [7, -8, 15],
			"to": [8, -7, 16],
			"faces": {
				"north": {"uv": [0, 6, 3, 9], "texture": "#concrete"},
				"east": {"uv": [0, 6, 3, 9], "texture": "#concrete"},
				"south": {"uv": [0, 6, 3, 9], "texture": "#concrete"},
				"west": {"uv": [0, 6, 3, 9], "texture": "#concrete"},
				"up": {"uv": [0, 6, 3, 9], "texture": "#concrete"},
				"down": {"uv": [0, 6, 3, 9], "texture": "#concrete"}
			}
		},
		{
			"from": [8, -7, 15],
			"to": [9, -6, 16],
			"faces": {
				"north": {"uv": [0, 6, 3, 9], "texture": "#concrete"},
				"east": {"uv": [0, 6, 3, 9], "texture": "#concrete"},
				"south": {"uv": [0, 6, 3, 9], "texture": "#concrete"},
				"west": {"uv": [0, 6, 3, 9], "texture": "#concrete"},
				"up": {"uv": [0, 6, 3, 9], "texture": "#concrete"},
				"down": {"uv": [0, 6, 3, 9], "texture": "#concrete"}
			}
		},
		{
			"from": [9, -9, 14],
			"to": [10, -8, 15],
			"faces": {
				"north": {"uv": [0, 6, 3, 9], "texture": "#terracotta"},
				"east": {"uv": [0, 6, 3, 9], "texture": "#terracotta"},
				"south": {"uv": [0, 6, 3, 9], "texture": "#terracotta"},
				"west": {"uv": [0, 6, 3, 9], "texture": "#terracotta"},
				"up": {"uv": [0, 6, 3, 9], "texture": "#terracotta"},
				"down": {"uv": [0, 6, 3, 9], "texture": "#terracotta"}
			}
		},
		{
			"from": [8, -9, 14],
			"to": [9, -8, 15],
			"faces": {
				"north": {"uv": [0, 6, 3, 9], "texture": "#terracotta"},
				"east": {"uv": [0, 6, 3, 9], "texture": "#terracotta"},
				"south": {"uv": [0, 6, 3, 9], "texture": "#terracotta"},
				"west": {"uv": [0, 6, 3, 9], "texture": "#terracotta"},
				"up": {"uv": [0, 6, 3, 9], "texture": "#terracotta"},
				"down": {"uv": [0, 6, 3, 9], "texture": "#terracotta"}
			}
		},
		{
			"from": [7, -9, 14],
			"to": [8, -8, 15],
			"faces": {
				"north": {"uv": [0, 6, 3, 9], "texture": "#terracotta"},
				"east": {"uv": [0, 6, 3, 9], "texture": "#terracotta"},
				"south": {"uv": [0, 6, 3, 9], "texture": "#terracotta"},
				"west": {"uv": [0, 6, 3, 9], "texture": "#terracotta"},
				"up": {"uv": [0, 6, 3, 9], "texture": "#terracotta"},
				"down": {"uv": [0, 6, 3, 9], "texture": "#terracotta"}
			}
		},
		{
			"from": [10, -8, 14],
			"to": [11, -7, 15],
			"faces": {
				"north": {"uv": [0, 6, 3, 9], "texture": "#concrete"},
				"east": {"uv": [0, 6, 3, 9], "texture": "#concrete"},
				"south": {"uv": [0, 6, 3, 9], "texture": "#concrete"},
				"west": {"uv": [0, 6, 3, 9], "texture": "#concrete"},
				"up": {"uv": [0, 6, 3, 9], "texture": "#concrete"},
				"down": {"uv": [0, 6, 3, 9], "texture": "#concrete"}
			}
		},
		{
			"from": [9, -8, 14],
			"to": [10, -7, 15],
			"faces": {
				"north": {"uv": [0, 6, 3, 9], "texture": "#wool"},
				"east": {"uv": [0, 6, 3, 9], "texture": "#wool"},
				"south": {"uv": [0, 6, 3, 9], "texture": "#wool"},
				"west": {"uv": [0, 6, 3, 9], "texture": "#wool"},
				"up": {"uv": [0, 6, 3, 9], "texture": "#wool"},
				"down": {"uv": [0, 6, 3, 9], "texture": "#wool"}
			}
		},
		{
			"from": [8, -8, 14],
			"to": [9, -7, 15],
			"faces": {
				"north": {"uv": [0, 6, 3, 9], "texture": "#wool"},
				"east": {"uv": [0, 6, 3, 9], "texture": "#wool"},
				"south": {"uv": [0, 6, 3, 9], "texture": "#wool"},
				"west": {"uv": [0, 6, 3, 9], "texture": "#wool"},
				"up": {"uv": [0, 6, 3, 9], "texture": "#wool"},
				"down": {"uv": [0, 6, 3, 9], "texture": "#wool"}
			}
		},
		{
			"from": [7, -8, 14],
			"to": [8, -7, 15],
			"faces": {
				"north": {"uv": [0, 6, 3, 9], "texture": "#wool"},
				"east": {"uv": [0, 6, 3, 9], "texture": "#wool"},
				"south": {"uv": [0, 6, 3, 9], "texture": "#wool"},
				"west": {"uv": [0, 6, 3, 9], "texture": "#wool"},
				"up": {"uv": [0, 6, 3, 9], "texture": "#wool"},
				"down": {"uv": [0, 6, 3, 9], "texture": "#wool"}
			}
		},
		{
			"from": [6, -8, 14],
			"to": [7, -7, 15],
			"faces": {
				"north": {"uv": [0, 6, 3, 9], "texture": "#concrete"},
				"east": {"uv": [0, 6, 3, 9], "texture": "#concrete"},
				"south": {"uv": [0, 6, 3, 9], "texture": "#concrete"},
				"west": {"uv": [0, 6, 3, 9], "texture": "#concrete"},
				"up": {"uv": [0, 6, 3, 9], "texture": "#concrete"},
				"down": {"uv": [0, 6, 3, 9], "texture": "#concrete"}
			}
		},
		{
			"from": [9, -7, 14],
			"to": [10, -6, 15],
			"faces": {
				"north": {"uv": [0, 6, 3, 9], "texture": "#concrete"},
				"east": {"uv": [0, 6, 3, 9], "texture": "#concrete"},
				"south": {"uv": [0, 6, 3, 9], "texture": "#concrete"},
				"west": {"uv": [0, 6, 3, 9], "texture": "#concrete"},
				"up": {"uv": [0, 6, 3, 9], "texture": "#concrete"},
				"down": {"uv": [0, 6, 3, 9], "texture": "#concrete"}
			}
		},
		{
			"from": [7, -7, 14],
			"to": [8, -6, 15],
			"faces": {
				"north": {"uv": [0, 6, 3, 9], "texture": "#concrete"},
				"east": {"uv": [0, 6, 3, 9], "texture": "#concrete"},
				"south": {"uv": [0, 6, 3, 9], "texture": "#concrete"},
				"west": {"uv": [0, 6, 3, 9], "texture": "#concrete"},
				"up": {"uv": [0, 6, 3, 9], "texture": "#concrete"},
				"down": {"uv": [0, 6, 3, 9], "texture": "#concrete"}
			}
		},
		{
			"from": [8, -6, 14],
			"to": [9, -5, 15],
			"faces": {
				"north": {"uv": [0, 6, 3, 9], "texture": "#wool"},
				"east": {"uv": [0, 6, 3, 9], "texture": "#wool"},
				"south": {"uv": [0, 6, 3, 9], "texture": "#wool"},
				"west": {"uv": [0, 6, 3, 9], "texture": "#wool"},
				"up": {"uv": [0, 6, 3, 9], "texture": "#wool"},
				"down": {"uv": [0, 6, 3, 9], "texture": "#wool"}
			}
		},
		{
			"from": [8, -5, 14],
			"to": [9, -4, 15],
			"faces": {
				"north": {"uv": [0, 6, 3, 9], "texture": "#wool"},
				"east": {"uv": [0, 6, 3, 9], "texture": "#wool"},
				"south": {"uv": [0, 6, 3, 9], "texture": "#wool"},
				"west": {"uv": [0, 6, 3, 9], "texture": "#wool"},
				"up": {"uv": [0, 6, 3, 9], "texture": "#wool"},
				"down": {"uv": [0, 6, 3, 9], "texture": "#wool"}
			}
		},
		{
			"from": [8, -10, 13],
			"to": [9, -9, 14],
			"faces": {
				"north": {"uv": [0, 3, 3, 6], "texture": "#concrete"},
				"east": {"uv": [0, 3, 3, 6], "texture": "#concrete"},
				"south": {"uv": [0, 3, 3, 6], "texture": "#concrete"},
				"west": {"uv": [0, 3, 3, 6], "texture": "#concrete"},
				"up": {"uv": [0, 3, 3, 6], "texture": "#concrete"},
				"down": {"uv": [0, 3, 3, 6], "texture": "#concrete"}
			}
		},
		{
			"from": [9, -9, 13],
			"to": [10, -8, 14],
			"faces": {
				"north": {"uv": [0, 6, 3, 9], "texture": "#terracotta"},
				"east": {"uv": [0, 6, 3, 9], "texture": "#terracotta"},
				"south": {"uv": [0, 6, 3, 9], "texture": "#terracotta"},
				"west": {"uv": [0, 6, 3, 9], "texture": "#terracotta"},
				"up": {"uv": [0, 6, 3, 9], "texture": "#terracotta"},
				"down": {"uv": [0, 6, 3, 9], "texture": "#terracotta"}
			}
		},
		{
			"from": [8, -9, 13],
			"to": [9, -8, 14],
			"faces": {
				"north": {"uv": [0, 3, 3, 6], "texture": "#wool"},
				"east": {"uv": [0, 3, 3, 6], "texture": "#wool"},
				"south": {"uv": [0, 3, 3, 6], "texture": "#wool"},
				"west": {"uv": [0, 3, 3, 6], "texture": "#wool"},
				"up": {"uv": [0, 3, 3, 6], "texture": "#wool"},
				"down": {"uv": [0, 3, 3, 6], "texture": "#wool"}
			}
		},
		{
			"from": [7, -9, 13],
			"to": [8, -8, 14],
			"faces": {
				"north": {"uv": [0, 6, 3, 9], "texture": "#terracotta"},
				"east": {"uv": [0, 6, 3, 9], "texture": "#terracotta"},
				"south": {"uv": [0, 6, 3, 9], "texture": "#terracotta"},
				"west": {"uv": [0, 6, 3, 9], "texture": "#terracotta"},
				"up": {"uv": [0, 6, 3, 9], "texture": "#terracotta"},
				"down": {"uv": [0, 6, 3, 9], "texture": "#terracotta"}
			}
		},
		{
			"from": [10, -8, 13],
			"to": [11, -7, 14],
			"faces": {
				"north": {"uv": [0, 6, 3, 9], "texture": "#concrete"},
				"east": {"uv": [0, 6, 3, 9], "texture": "#concrete"},
				"south": {"uv": [0, 6, 3, 9], "texture": "#concrete"},
				"west": {"uv": [0, 6, 3, 9], "texture": "#concrete"},
				"up": {"uv": [0, 6, 3, 9], "texture": "#concrete"},
				"down": {"uv": [0, 6, 3, 9], "texture": "#concrete"}
			}
		},
		{
			"from": [8, -8, 13],
			"to": [9, -7, 14],
			"faces": {
				"north": {"uv": [0, 6, 3, 9], "texture": "#wool"},
				"east": {"uv": [0, 6, 3, 9], "texture": "#wool"},
				"south": {"uv": [0, 6, 3, 9], "texture": "#wool"},
				"west": {"uv": [0, 6, 3, 9], "texture": "#wool"},
				"up": {"uv": [0, 6, 3, 9], "texture": "#wool"},
				"down": {"uv": [0, 6, 3, 9], "texture": "#wool"}
			}
		},
		{
			"from": [7, -8, 13],
			"to": [8, -7, 14],
			"faces": {
				"north": {"uv": [0, 6, 3, 9], "texture": "#wool"},
				"east": {"uv": [0, 6, 3, 9], "texture": "#wool"},
				"south": {"uv": [0, 6, 3, 9], "texture": "#wool"},
				"west": {"uv": [0, 6, 3, 9], "texture": "#wool"},
				"up": {"uv": [0, 6, 3, 9], "texture": "#wool"},
				"down": {"uv": [0, 6, 3, 9], "texture": "#wool"}
			}
		},
		{
			"from": [6, -8, 13],
			"to": [7, -7, 14],
			"faces": {
				"north": {"uv": [0, 6, 3, 9], "texture": "#concrete"},
				"east": {"uv": [0, 6, 3, 9], "texture": "#concrete"},
				"south": {"uv": [0, 6, 3, 9], "texture": "#concrete"},
				"west": {"uv": [0, 6, 3, 9], "texture": "#concrete"},
				"up": {"uv": [0, 6, 3, 9], "texture": "#concrete"},
				"down": {"uv": [0, 6, 3, 9], "texture": "#concrete"}
			}
		},
		{
			"from": [10, -7, 13],
			"to": [11, -6, 14],
			"faces": {
				"north": {"uv": [0, 6, 3, 9], "texture": "#concrete"},
				"east": {"uv": [0, 6, 3, 9], "texture": "#concrete"},
				"south": {"uv": [0, 6, 3, 9], "texture": "#concrete"},
				"west": {"uv": [0, 6, 3, 9], "texture": "#concrete"},
				"up": {"uv": [0, 6, 3, 9], "texture": "#concrete"},
				"down": {"uv": [0, 6, 3, 9], "texture": "#concrete"}
			}
		},
		{
			"from": [9, -7, 13],
			"to": [10, -6, 14],
			"faces": {
				"north": {"uv": [0, 6, 3, 9], "texture": "#wool"},
				"east": {"uv": [0, 6, 3, 9], "texture": "#wool"},
				"south": {"uv": [0, 6, 3, 9], "texture": "#wool"},
				"west": {"uv": [0, 6, 3, 9], "texture": "#wool"},
				"up": {"uv": [0, 6, 3, 9], "texture": "#wool"},
				"down": {"uv": [0, 6, 3, 9], "texture": "#wool"}
			}
		},
		{
			"from": [6, -7, 13],
			"to": [7, -6, 14],
			"faces": {
				"north": {"uv": [0, 6, 3, 9], "texture": "#concrete"},
				"east": {"uv": [0, 6, 3, 9], "texture": "#concrete"},
				"south": {"uv": [0, 6, 3, 9], "texture": "#concrete"},
				"west": {"uv": [0, 6, 3, 9], "texture": "#concrete"},
				"up": {"uv": [0, 6, 3, 9], "texture": "#concrete"},
				"down": {"uv": [0, 6, 3, 9], "texture": "#concrete"}
			}
		},
		{
			"from": [9, -6, 13],
			"to": [10, -5, 14],
			"faces": {
				"north": {"uv": [0, 6, 3, 9], "texture": "#wool"},
				"east": {"uv": [0, 6, 3, 9], "texture": "#wool"},
				"south": {"uv": [0, 6, 3, 9], "texture": "#wool"},
				"west": {"uv": [0, 6, 3, 9], "texture": "#wool"},
				"up": {"uv": [0, 6, 3, 9], "texture": "#wool"},
				"down": {"uv": [0, 6, 3, 9], "texture": "#wool"}
			}
		},
		{
			"from": [7, -6, 13],
			"to": [8, -5, 14],
			"faces": {
				"north": {"uv": [0, 6, 3, 9], "texture": "#wool"},
				"east": {"uv": [0, 6, 3, 9], "texture": "#wool"},
				"south": {"uv": [0, 6, 3, 9], "texture": "#wool"},
				"west": {"uv": [0, 6, 3, 9], "texture": "#wool"},
				"up": {"uv": [0, 6, 3, 9], "texture": "#wool"},
				"down": {"uv": [0, 6, 3, 9], "texture": "#wool"}
			}
		},
		{
			"from": [9, -5, 13],
			"to": [10, -4, 14],
			"faces": {
				"north": {"uv": [0, 6, 3, 9], "texture": "#wool"},
				"east": {"uv": [0, 6, 3, 9], "texture": "#wool"},
				"south": {"uv": [0, 6, 3, 9], "texture": "#wool"},
				"west": {"uv": [0, 6, 3, 9], "texture": "#wool"},
				"up": {"uv": [0, 6, 3, 9], "texture": "#wool"},
				"down": {"uv": [0, 6, 3, 9], "texture": "#wool"}
			}
		},
		{
			"from": [8, -5, 13],
			"to": [9, -4, 14],
			"faces": {
				"north": {"uv": [0, 6, 3, 9], "texture": "#wool"},
				"east": {"uv": [0, 6, 3, 9], "texture": "#wool"},
				"south": {"uv": [0, 6, 3, 9], "texture": "#wool"},
				"west": {"uv": [0, 6, 3, 9], "texture": "#wool"},
				"up": {"uv": [0, 6, 3, 9], "texture": "#wool"},
				"down": {"uv": [0, 6, 3, 9], "texture": "#wool"}
			}
		},
		{
			"from": [7, -5, 13],
			"to": [8, -4, 14],
			"faces": {
				"north": {"uv": [0, 6, 3, 9], "texture": "#wool"},
				"east": {"uv": [0, 6, 3, 9], "texture": "#wool"},
				"south": {"uv": [0, 6, 3, 9], "texture": "#wool"},
				"west": {"uv": [0, 6, 3, 9], "texture": "#wool"},
				"up": {"uv": [0, 6, 3, 9], "texture": "#wool"},
				"down": {"uv": [0, 6, 3, 9], "texture": "#wool"}
			}
		},
		{
			"from": [8, -4, 13],
			"to": [9, -3, 14],
			"faces": {
				"north": {"uv": [0, 6, 3, 9], "texture": "#concrete"},
				"east": {"uv": [0, 6, 3, 9], "texture": "#concrete"},
				"south": {"uv": [0, 6, 3, 9], "texture": "#concrete"},
				"west": {"uv": [0, 6, 3, 9], "texture": "#concrete"},
				"up": {"uv": [0, 6, 3, 9], "texture": "#concrete"},
				"down": {"uv": [0, 6, 3, 9], "texture": "#concrete"}
			}
		},
		{
			"from": [8, -3, 13],
			"to": [9, -2, 14],
			"faces": {
				"north": {"uv": [0, 12, 3, 15], "texture": "#concrete"},
				"east": {"uv": [0, 12, 3, 15], "texture": "#concrete"},
				"south": {"uv": [0, 12, 3, 15], "texture": "#concrete"},
				"west": {"uv": [0, 12, 3, 15], "texture": "#concrete"},
				"up": {"uv": [0, 12, 3, 15], "texture": "#concrete"},
				"down": {"uv": [0, 12, 3, 15], "texture": "#concrete"}
			}
		},
		{
			"from": [8, -2, 13],
			"to": [9, -1, 14],
			"faces": {
				"north": {"uv": [0, 12, 3, 15], "texture": "#concrete"},
				"east": {"uv": [0, 12, 3, 15], "texture": "#concrete"},
				"south": {"uv": [0, 12, 3, 15], "texture": "#concrete"},
				"west": {"uv": [0, 12, 3, 15], "texture": "#concrete"},
				"up": {"uv": [0, 12, 3, 15], "texture": "#concrete"},
				"down": {"uv": [0, 12, 3, 15], "texture": "#concrete"}
			}
		},
		{
			"from": [8, -1, 13],
			"to": [9, 0, 14],
			"faces": {
				"north": {"uv": [0, 12, 3, 15], "texture": "#concrete"},
				"east": {"uv": [0, 12, 3, 15], "texture": "#concrete"},
				"south": {"uv": [0, 12, 3, 15], "texture": "#concrete"},
				"west": {"uv": [0, 12, 3, 15], "texture": "#concrete"},
				"up": {"uv": [0, 12, 3, 15], "texture": "#concrete"},
				"down": {"uv": [0, 12, 3, 15], "texture": "#concrete"}
			}
		},
		{
			"from": [8, 0, 13],
			"to": [9, 1, 14],
			"faces": {
				"north": {"uv": [0, 12, 3, 15], "texture": "#wool"},
				"east": {"uv": [0, 12, 3, 15], "texture": "#wool"},
				"south": {"uv": [0, 12, 3, 15], "texture": "#wool"},
				"west": {"uv": [0, 12, 3, 15], "texture": "#wool"},
				"up": {"uv": [0, 12, 3, 15], "texture": "#wool"},
				"down": {"uv": [0, 12, 3, 15], "texture": "#wool"}
			}
		},
		{
			"from": [9, -9, 12],
			"to": [10, -8, 13],
			"faces": {
				"north": {"uv": [0, 6, 3, 9], "texture": "#terracotta"},
				"east": {"uv": [0, 6, 3, 9], "texture": "#terracotta"},
				"south": {"uv": [0, 6, 3, 9], "texture": "#terracotta"},
				"west": {"uv": [0, 6, 3, 9], "texture": "#terracotta"},
				"up": {"uv": [0, 6, 3, 9], "texture": "#terracotta"},
				"down": {"uv": [0, 6, 3, 9], "texture": "#terracotta"}
			}
		},
		{
			"from": [8, -9, 12],
			"to": [9, -8, 13],
			"faces": {
				"north": {"uv": [0, 6, 3, 9], "texture": "#terracotta"},
				"east": {"uv": [0, 6, 3, 9], "texture": "#terracotta"},
				"south": {"uv": [0, 6, 3, 9], "texture": "#terracotta"},
				"west": {"uv": [0, 6, 3, 9], "texture": "#terracotta"},
				"up": {"uv": [0, 6, 3, 9], "texture": "#terracotta"},
				"down": {"uv": [0, 6, 3, 9], "texture": "#terracotta"}
			}
		},
		{
			"from": [7, -9, 12],
			"to": [8, -8, 13],
			"faces": {
				"north": {"uv": [0, 6, 3, 9], "texture": "#terracotta"},
				"east": {"uv": [0, 6, 3, 9], "texture": "#terracotta"},
				"south": {"uv": [0, 6, 3, 9], "texture": "#terracotta"},
				"west": {"uv": [0, 6, 3, 9], "texture": "#terracotta"},
				"up": {"uv": [0, 6, 3, 9], "texture": "#terracotta"},
				"down": {"uv": [0, 6, 3, 9], "texture": "#terracotta"}
			}
		},
		{
			"from": [10, -8, 12],
			"to": [11, -7, 13],
			"faces": {
				"north": {"uv": [0, 6, 3, 9], "texture": "#concrete"},
				"east": {"uv": [0, 6, 3, 9], "texture": "#concrete"},
				"south": {"uv": [0, 6, 3, 9], "texture": "#concrete"},
				"west": {"uv": [0, 6, 3, 9], "texture": "#concrete"},
				"up": {"uv": [0, 6, 3, 9], "texture": "#concrete"},
				"down": {"uv": [0, 6, 3, 9], "texture": "#concrete"}
			}
		},
		{
			"from": [9, -8, 12],
			"to": [10, -7, 13],
			"faces": {
				"north": {"uv": [0, 6, 3, 9], "texture": "#wool"},
				"east": {"uv": [0, 6, 3, 9], "texture": "#wool"},
				"south": {"uv": [0, 6, 3, 9], "texture": "#wool"},
				"west": {"uv": [0, 6, 3, 9], "texture": "#wool"},
				"up": {"uv": [0, 6, 3, 9], "texture": "#wool"},
				"down": {"uv": [0, 6, 3, 9], "texture": "#wool"}
			}
		},
		{
			"from": [8, -8, 12],
			"to": [9, -7, 13],
			"faces": {
				"north": {"uv": [0, 6, 3, 9], "texture": "#wool"},
				"east": {"uv": [0, 6, 3, 9], "texture": "#wool"},
				"south": {"uv": [0, 6, 3, 9], "texture": "#wool"},
				"west": {"uv": [0, 6, 3, 9], "texture": "#wool"},
				"up": {"uv": [0, 6, 3, 9], "texture": "#wool"},
				"down": {"uv": [0, 6, 3, 9], "texture": "#wool"}
			}
		},
		{
			"from": [7, -8, 12],
			"to": [8, -7, 13],
			"faces": {
				"north": {"uv": [0, 6, 3, 9], "texture": "#wool"},
				"east": {"uv": [0, 6, 3, 9], "texture": "#wool"},
				"south": {"uv": [0, 6, 3, 9], "texture": "#wool"},
				"west": {"uv": [0, 6, 3, 9], "texture": "#wool"},
				"up": {"uv": [0, 6, 3, 9], "texture": "#wool"},
				"down": {"uv": [0, 6, 3, 9], "texture": "#wool"}
			}
		},
		{
			"from": [6, -8, 12],
			"to": [7, -7, 13],
			"faces": {
				"north": {"uv": [0, 6, 3, 9], "texture": "#concrete"},
				"east": {"uv": [0, 6, 3, 9], "texture": "#concrete"},
				"south": {"uv": [0, 6, 3, 9], "texture": "#concrete"},
				"west": {"uv": [0, 6, 3, 9], "texture": "#concrete"},
				"up": {"uv": [0, 6, 3, 9], "texture": "#concrete"},
				"down": {"uv": [0, 6, 3, 9], "texture": "#concrete"}
			}
		},
		{
			"from": [9, -7, 12],
			"to": [10, -6, 13],
			"faces": {
				"north": {"uv": [0, 6, 3, 9], "texture": "#concrete"},
				"east": {"uv": [0, 6, 3, 9], "texture": "#concrete"},
				"south": {"uv": [0, 6, 3, 9], "texture": "#concrete"},
				"west": {"uv": [0, 6, 3, 9], "texture": "#concrete"},
				"up": {"uv": [0, 6, 3, 9], "texture": "#concrete"},
				"down": {"uv": [0, 6, 3, 9], "texture": "#concrete"}
			}
		},
		{
			"from": [8, -7, 12],
			"to": [9, -6, 13],
			"faces": {
				"north": {"uv": [0, 6, 3, 9], "texture": "#wool"},
				"east": {"uv": [0, 6, 3, 9], "texture": "#wool"},
				"south": {"uv": [0, 6, 3, 9], "texture": "#wool"},
				"west": {"uv": [0, 6, 3, 9], "texture": "#wool"},
				"up": {"uv": [0, 6, 3, 9], "texture": "#wool"},
				"down": {"uv": [0, 6, 3, 9], "texture": "#wool"}
			}
		},
		{
			"from": [7, -7, 12],
			"to": [8, -6, 13],
			"faces": {
				"north": {"uv": [0, 6, 3, 9], "texture": "#concrete"},
				"east": {"uv": [0, 6, 3, 9], "texture": "#concrete"},
				"south": {"uv": [0, 6, 3, 9], "texture": "#concrete"},
				"west": {"uv": [0, 6, 3, 9], "texture": "#concrete"},
				"up": {"uv": [0, 6, 3, 9], "texture": "#concrete"},
				"down": {"uv": [0, 6, 3, 9], "texture": "#concrete"}
			}
		},
		{
			"from": [8, -6, 12],
			"to": [9, -5, 13],
			"faces": {
				"north": {"uv": [0, 6, 3, 9], "texture": "#wool"},
				"east": {"uv": [0, 6, 3, 9], "texture": "#wool"},
				"south": {"uv": [0, 6, 3, 9], "texture": "#wool"},
				"west": {"uv": [0, 6, 3, 9], "texture": "#wool"},
				"up": {"uv": [0, 6, 3, 9], "texture": "#wool"},
				"down": {"uv": [0, 6, 3, 9], "texture": "#wool"}
			}
		},
		{
			"from": [8, -5, 12],
			"to": [9, -4, 13],
			"faces": {
				"north": {"uv": [0, 6, 3, 9], "texture": "#wool"},
				"east": {"uv": [0, 6, 3, 9], "texture": "#wool"},
				"south": {"uv": [0, 6, 3, 9], "texture": "#wool"},
				"west": {"uv": [0, 6, 3, 9], "texture": "#wool"},
				"up": {"uv": [0, 6, 3, 9], "texture": "#wool"},
				"down": {"uv": [0, 6, 3, 9], "texture": "#wool"}
			}
		},
		{
			"from": [8, 0, 12],
			"to": [9, 1, 13],
			"faces": {
				"north": {"uv": [0, 12, 3, 15], "texture": "#terracotta"},
				"east": {"uv": [0, 12, 3, 15], "texture": "#terracotta"},
				"south": {"uv": [0, 12, 3, 15], "texture": "#terracotta"},
				"west": {"uv": [0, 12, 3, 15], "texture": "#terracotta"},
				"up": {"uv": [0, 12, 3, 15], "texture": "#terracotta"},
				"down": {"uv": [0, 12, 3, 15], "texture": "#terracotta"}
			}
		},
		{
			"from": [8, 1, 12],
			"to": [9, 2, 13],
			"faces": {
				"north": {"uv": [0, 12, 3, 15], "texture": "#wool"},
				"east": {"uv": [0, 12, 3, 15], "texture": "#wool"},
				"south": {"uv": [0, 12, 3, 15], "texture": "#wool"},
				"west": {"uv": [0, 12, 3, 15], "texture": "#wool"},
				"up": {"uv": [0, 12, 3, 15], "texture": "#wool"},
				"down": {"uv": [0, 12, 3, 15], "texture": "#wool"}
			}
		},
		{
			"from": [9, -8, 11],
			"to": [10, -7, 12],
			"faces": {
				"north": {"uv": [0, 6, 3, 9], "texture": "#concrete"},
				"east": {"uv": [0, 6, 3, 9], "texture": "#concrete"},
				"south": {"uv": [0, 6, 3, 9], "texture": "#concrete"},
				"west": {"uv": [0, 6, 3, 9], "texture": "#concrete"},
				"up": {"uv": [0, 6, 3, 9], "texture": "#concrete"},
				"down": {"uv": [0, 6, 3, 9], "texture": "#concrete"}
			}
		},
		{
			"from": [8, -8, 11],
			"to": [9, -7, 12],
			"faces": {
				"north": {"uv": [0, 6, 3, 9], "texture": "#concrete"},
				"east": {"uv": [0, 6, 3, 9], "texture": "#concrete"},
				"south": {"uv": [0, 6, 3, 9], "texture": "#concrete"},
				"west": {"uv": [0, 6, 3, 9], "texture": "#concrete"},
				"up": {"uv": [0, 6, 3, 9], "texture": "#concrete"},
				"down": {"uv": [0, 6, 3, 9], "texture": "#concrete"}
			}
		},
		{
			"from": [7, -8, 11],
			"to": [8, -7, 12],
			"faces": {
				"north": {"uv": [0, 6, 3, 9], "texture": "#concrete"},
				"east": {"uv": [0, 6, 3, 9], "texture": "#concrete"},
				"south": {"uv": [0, 6, 3, 9], "texture": "#concrete"},
				"west": {"uv": [0, 6, 3, 9], "texture": "#concrete"},
				"up": {"uv": [0, 6, 3, 9], "texture": "#concrete"},
				"down": {"uv": [0, 6, 3, 9], "texture": "#concrete"}
			}
		},
		{
			"from": [8, -7, 11],
			"to": [9, -6, 12],
			"faces": {
				"north": {"uv": [0, 6, 3, 9], "texture": "#concrete"},
				"east": {"uv": [0, 6, 3, 9], "texture": "#concrete"},
				"south": {"uv": [0, 6, 3, 9], "texture": "#concrete"},
				"west": {"uv": [0, 6, 3, 9], "texture": "#concrete"},
				"up": {"uv": [0, 6, 3, 9], "texture": "#concrete"},
				"down": {"uv": [0, 6, 3, 9], "texture": "#concrete"}
			}
		},
		{
			"from": [8, 1, 11],
			"to": [9, 2, 12],
			"faces": {
				"north": {"uv": [0, 12, 3, 15], "texture": "#terracotta"},
				"east": {"uv": [0, 12, 3, 15], "texture": "#terracotta"},
				"south": {"uv": [0, 12, 3, 15], "texture": "#terracotta"},
				"west": {"uv": [0, 12, 3, 15], "texture": "#terracotta"},
				"up": {"uv": [0, 12, 3, 15], "texture": "#terracotta"},
				"down": {"uv": [0, 12, 3, 15], "texture": "#terracotta"}
			}
		},
		{
			"from": [8, 2, 11],
			"to": [9, 3, 12],
			"faces": {
				"north": {"uv": [0, 12, 3, 15], "texture": "#wool"},
				"east": {"uv": [0, 12, 3, 15], "texture": "#wool"},
				"south": {"uv": [0, 12, 3, 15], "texture": "#wool"},
				"west": {"uv": [0, 12, 3, 15], "texture": "#wool"},
				"up": {"uv": [0, 12, 3, 15], "texture": "#wool"},
				"down": {"uv": [0, 12, 3, 15], "texture": "#wool"}
			}
		},
		{
			"from": [8, 2, 10],
			"to": [9, 3, 11],
			"faces": {
				"north": {"uv": [0, 12, 3, 15], "texture": "#concrete"},
				"east": {"uv": [0, 12, 3, 15], "texture": "#concrete"},
				"south": {"uv": [0, 12, 3, 15], "texture": "#concrete"},
				"west": {"uv": [0, 12, 3, 15], "texture": "#concrete"},
				"up": {"uv": [0, 12, 3, 15], "texture": "#concrete"},
				"down": {"uv": [0, 12, 3, 15], "texture": "#concrete"}
			}
		},
		{
			"from": [9, -14, 9],
			"to": [10, -13, 10],
			"faces": {
				"north": {"uv": [0, 12, 3, 15], "texture": "#concrete"},
				"east": {"uv": [0, 12, 3, 15], "texture": "#concrete"},
				"south": {"uv": [0, 12, 3, 15], "texture": "#concrete"},
				"west": {"uv": [0, 12, 3, 15], "texture": "#concrete"},
				"up": {"uv": [0, 12, 3, 15], "texture": "#concrete"},
				"down": {"uv": [0, 12, 3, 15], "texture": "#concrete"}
			}
		},
		{
			"from": [8, -14, 9],
			"to": [9, -13, 10],
			"faces": {
				"north": {"uv": [0, 12, 3, 15], "texture": "#terracotta"},
				"east": {"uv": [0, 12, 3, 15], "texture": "#terracotta"},
				"south": {"uv": [0, 12, 3, 15], "texture": "#terracotta"},
				"west": {"uv": [0, 12, 3, 15], "texture": "#terracotta"},
				"up": {"uv": [0, 12, 3, 15], "texture": "#terracotta"},
				"down": {"uv": [0, 12, 3, 15], "texture": "#terracotta"}
			}
		},
		{
			"from": [8, -13, 9],
			"to": [9, -12, 10],
			"faces": {
				"north": {"uv": [0, 12, 3, 15], "texture": "#terracotta"},
				"east": {"uv": [0, 12, 3, 15], "texture": "#terracotta"},
				"south": {"uv": [0, 12, 3, 15], "texture": "#terracotta"},
				"west": {"uv": [0, 12, 3, 15], "texture": "#terracotta"},
				"up": {"uv": [0, 12, 3, 15], "texture": "#terracotta"},
				"down": {"uv": [0, 12, 3, 15], "texture": "#terracotta"}
			}
		},
		{
			"from": [8, 2, 9],
			"to": [9, 3, 10],
			"faces": {
				"north": {"uv": [0, 12, 3, 15], "texture": "#concrete"},
				"east": {"uv": [0, 12, 3, 15], "texture": "#concrete"},
				"south": {"uv": [0, 12, 3, 15], "texture": "#concrete"},
				"west": {"uv": [0, 12, 3, 15], "texture": "#concrete"},
				"up": {"uv": [0, 12, 3, 15], "texture": "#concrete"},
				"down": {"uv": [0, 12, 3, 15], "texture": "#concrete"}
			}
		},
		{
			"from": [9, -15, 8],
			"to": [10, -14, 9],
			"faces": {
				"north": {"uv": [0, 12, 3, 15], "texture": "#concrete"},
				"east": {"uv": [0, 12, 3, 15], "texture": "#concrete"},
				"south": {"uv": [0, 12, 3, 15], "texture": "#concrete"},
				"west": {"uv": [0, 12, 3, 15], "texture": "#concrete"},
				"up": {"uv": [0, 12, 3, 15], "texture": "#concrete"},
				"down": {"uv": [0, 12, 3, 15], "texture": "#concrete"}
			}
		},
		{
			"from": [8, -15, 8],
			"to": [9, -14, 9],
			"faces": {
				"north": {"uv": [0, 12, 3, 15], "texture": "#terracotta"},
				"east": {"uv": [0, 12, 3, 15], "texture": "#terracotta"},
				"south": {"uv": [0, 12, 3, 15], "texture": "#terracotta"},
				"west": {"uv": [0, 12, 3, 15], "texture": "#terracotta"},
				"up": {"uv": [0, 12, 3, 15], "texture": "#terracotta"},
				"down": {"uv": [0, 12, 3, 15], "texture": "#terracotta"}
			}
		},
		{
			"from": [9, -14, 8],
			"to": [10, -13, 9],
			"faces": {
				"north": {"uv": [0, 12, 3, 15], "texture": "#concrete"},
				"east": {"uv": [0, 12, 3, 15], "texture": "#concrete"},
				"south": {"uv": [0, 12, 3, 15], "texture": "#concrete"},
				"west": {"uv": [0, 12, 3, 15], "texture": "#concrete"},
				"up": {"uv": [0, 12, 3, 15], "texture": "#concrete"},
				"down": {"uv": [0, 12, 3, 15], "texture": "#concrete"}
			}
		},
		{
			"from": [8, -14, 8],
			"to": [9, -13, 9],
			"faces": {
				"north": {"uv": [0, 12, 3, 15], "texture": "#concrete"},
				"east": {"uv": [0, 12, 3, 15], "texture": "#concrete"},
				"south": {"uv": [0, 12, 3, 15], "texture": "#concrete"},
				"west": {"uv": [0, 12, 3, 15], "texture": "#concrete"},
				"up": {"uv": [0, 12, 3, 15], "texture": "#concrete"},
				"down": {"uv": [0, 12, 3, 15], "texture": "#concrete"}
			}
		},
		{
			"from": [7, -14, 8],
			"to": [8, -13, 9],
			"faces": {
				"north": {"uv": [0, 12, 3, 15], "texture": "#terracotta"},
				"east": {"uv": [0, 12, 3, 15], "texture": "#terracotta"},
				"south": {"uv": [0, 12, 3, 15], "texture": "#terracotta"},
				"west": {"uv": [0, 12, 3, 15], "texture": "#terracotta"},
				"up": {"uv": [0, 12, 3, 15], "texture": "#terracotta"},
				"down": {"uv": [0, 12, 3, 15], "texture": "#terracotta"}
			}
		},
		{
			"from": [9, -13, 8],
			"to": [10, -12, 9],
			"faces": {
				"north": {"uv": [0, 12, 3, 15], "texture": "#wool"},
				"east": {"uv": [0, 12, 3, 15], "texture": "#wool"},
				"south": {"uv": [0, 12, 3, 15], "texture": "#wool"},
				"west": {"uv": [0, 12, 3, 15], "texture": "#wool"},
				"up": {"uv": [0, 12, 3, 15], "texture": "#wool"},
				"down": {"uv": [0, 12, 3, 15], "texture": "#wool"}
			}
		},
		{
			"from": [8, -13, 8],
			"to": [9, -12, 9],
			"faces": {
				"north": {"uv": [0, 12, 3, 15], "texture": "#concrete"},
				"east": {"uv": [0, 12, 3, 15], "texture": "#concrete"},
				"south": {"uv": [0, 12, 3, 15], "texture": "#concrete"},
				"west": {"uv": [0, 12, 3, 15], "texture": "#concrete"},
				"up": {"uv": [0, 12, 3, 15], "texture": "#concrete"},
				"down": {"uv": [0, 12, 3, 15], "texture": "#concrete"}
			}
		},
		{
			"from": [7, -13, 8],
			"to": [8, -12, 9],
			"faces": {
				"north": {"uv": [0, 12, 3, 15], "texture": "#concrete"},
				"east": {"uv": [0, 12, 3, 15], "texture": "#concrete"},
				"south": {"uv": [0, 12, 3, 15], "texture": "#concrete"},
				"west": {"uv": [0, 12, 3, 15], "texture": "#concrete"},
				"up": {"uv": [0, 12, 3, 15], "texture": "#concrete"},
				"down": {"uv": [0, 12, 3, 15], "texture": "#concrete"}
			}
		},
		{
			"from": [8, -12, 8],
			"to": [9, -11, 9],
			"faces": {
				"north": {"uv": [0, 12, 3, 15], "texture": "#terracotta"},
				"east": {"uv": [0, 12, 3, 15], "texture": "#terracotta"},
				"south": {"uv": [0, 12, 3, 15], "texture": "#terracotta"},
				"west": {"uv": [0, 12, 3, 15], "texture": "#terracotta"},
				"up": {"uv": [0, 12, 3, 15], "texture": "#terracotta"},
				"down": {"uv": [0, 12, 3, 15], "texture": "#terracotta"}
			}
		},
		{
			"from": [7, -12, 8],
			"to": [8, -11, 9],
			"faces": {
				"north": {"uv": [0, 12, 3, 15], "texture": "#wool"},
				"east": {"uv": [0, 12, 3, 15], "texture": "#wool"},
				"south": {"uv": [0, 12, 3, 15], "texture": "#wool"},
				"west": {"uv": [0, 12, 3, 15], "texture": "#wool"},
				"up": {"uv": [0, 12, 3, 15], "texture": "#wool"},
				"down": {"uv": [0, 12, 3, 15], "texture": "#wool"}
			}
		},
		{
			"from": [8, -11, 8],
			"to": [9, -10, 9],
			"faces": {
				"north": {"uv": [0, 12, 3, 15], "texture": "#terracotta"},
				"east": {"uv": [0, 12, 3, 15], "texture": "#terracotta"},
				"south": {"uv": [0, 12, 3, 15], "texture": "#terracotta"},
				"west": {"uv": [0, 12, 3, 15], "texture": "#terracotta"},
				"up": {"uv": [0, 12, 3, 15], "texture": "#terracotta"},
				"down": {"uv": [0, 12, 3, 15], "texture": "#terracotta"}
			}
		},
		{
			"from": [8, -10, 8],
			"to": [9, -9, 9],
			"faces": {
				"north": {"uv": [0, 12, 3, 15], "texture": "#terracotta"},
				"east": {"uv": [0, 12, 3, 15], "texture": "#terracotta"},
				"south": {"uv": [0, 12, 3, 15], "texture": "#terracotta"},
				"west": {"uv": [0, 12, 3, 15], "texture": "#terracotta"},
				"up": {"uv": [0, 12, 3, 15], "texture": "#terracotta"},
				"down": {"uv": [0, 12, 3, 15], "texture": "#terracotta"}
			}
		},
		{
			"from": [8, 1, 8],
			"to": [9, 2, 9],
			"faces": {
				"north": {"uv": [0, 12, 3, 15], "texture": "#terracotta"},
				"east": {"uv": [0, 12, 3, 15], "texture": "#terracotta"},
				"south": {"uv": [0, 12, 3, 15], "texture": "#terracotta"},
				"west": {"uv": [0, 12, 3, 15], "texture": "#terracotta"},
				"up": {"uv": [0, 12, 3, 15], "texture": "#terracotta"},
				"down": {"uv": [0, 12, 3, 15], "texture": "#terracotta"}
			}
		},
		{
			"from": [8, 2, 8],
			"to": [9, 3, 9],
			"faces": {
				"north": {"uv": [0, 12, 3, 15], "texture": "#wool"},
				"east": {"uv": [0, 12, 3, 15], "texture": "#wool"},
				"south": {"uv": [0, 12, 3, 15], "texture": "#wool"},
				"west": {"uv": [0, 12, 3, 15], "texture": "#wool"},
				"up": {"uv": [0, 12, 3, 15], "texture": "#wool"},
				"down": {"uv": [0, 12, 3, 15], "texture": "#wool"}
			}
		},
		{
			"from": [8, -15, 7],
			"to": [9, -14, 8],
			"faces": {
				"north": {"uv": [0, 12, 3, 15], "texture": "#wool"},
				"east": {"uv": [0, 12, 3, 15], "texture": "#wool"},
				"south": {"uv": [0, 12, 3, 15], "texture": "#wool"},
				"west": {"uv": [0, 12, 3, 15], "texture": "#wool"},
				"up": {"uv": [0, 12, 3, 15], "texture": "#wool"},
				"down": {"uv": [0, 12, 3, 15], "texture": "#wool"}
			}
		},
		{
			"from": [9, -14, 7],
			"to": [10, -13, 8],
			"faces": {
				"north": {"uv": [0, 12, 3, 15], "texture": "#wool"},
				"east": {"uv": [0, 12, 3, 15], "texture": "#wool"},
				"south": {"uv": [0, 12, 3, 15], "texture": "#wool"},
				"west": {"uv": [0, 12, 3, 15], "texture": "#wool"},
				"up": {"uv": [0, 12, 3, 15], "texture": "#wool"},
				"down": {"uv": [0, 12, 3, 15], "texture": "#wool"}
			}
		},
		{
			"from": [8, -14, 7],
			"to": [9, -13, 8],
			"faces": {
				"north": {"uv": [0, 12, 3, 15], "texture": "#terracotta"},
				"east": {"uv": [0, 12, 3, 15], "texture": "#terracotta"},
				"south": {"uv": [0, 12, 3, 15], "texture": "#terracotta"},
				"west": {"uv": [0, 12, 3, 15], "texture": "#terracotta"},
				"up": {"uv": [0, 12, 3, 15], "texture": "#terracotta"},
				"down": {"uv": [0, 12, 3, 15], "texture": "#terracotta"}
			}
		},
		{
			"from": [7, -14, 7],
			"to": [8, -13, 8],
			"faces": {
				"north": {"uv": [0, 12, 3, 15], "texture": "#terracotta"},
				"east": {"uv": [0, 12, 3, 15], "texture": "#terracotta"},
				"south": {"uv": [0, 12, 3, 15], "texture": "#terracotta"},
				"west": {"uv": [0, 12, 3, 15], "texture": "#terracotta"},
				"up": {"uv": [0, 12, 3, 15], "texture": "#terracotta"},
				"down": {"uv": [0, 12, 3, 15], "texture": "#terracotta"}
			}
		},
		{
			"from": [9, -13, 7],
			"to": [10, -12, 8],
			"faces": {
				"north": {"uv": [0, 12, 3, 15], "texture": "#terracotta"},
				"east": {"uv": [0, 12, 3, 15], "texture": "#terracotta"},
				"south": {"uv": [0, 12, 3, 15], "texture": "#terracotta"},
				"west": {"uv": [0, 12, 3, 15], "texture": "#terracotta"},
				"up": {"uv": [0, 12, 3, 15], "texture": "#terracotta"},
				"down": {"uv": [0, 12, 3, 15], "texture": "#terracotta"}
			}
		},
		{
			"from": [8, -13, 7],
			"to": [9, -12, 8],
			"faces": {
				"north": {"uv": [0, 12, 3, 15], "texture": "#terracotta"},
				"east": {"uv": [0, 12, 3, 15], "texture": "#terracotta"},
				"south": {"uv": [0, 12, 3, 15], "texture": "#terracotta"},
				"west": {"uv": [0, 12, 3, 15], "texture": "#terracotta"},
				"up": {"uv": [0, 12, 3, 15], "texture": "#terracotta"},
				"down": {"uv": [0, 12, 3, 15], "texture": "#terracotta"}
			}
		},
		{
			"from": [7, -13, 7],
			"to": [8, -12, 8],
			"faces": {
				"north": {"uv": [0, 12, 3, 15], "texture": "#terracotta"},
				"east": {"uv": [0, 12, 3, 15], "texture": "#terracotta"},
				"south": {"uv": [0, 12, 3, 15], "texture": "#terracotta"},
				"west": {"uv": [0, 12, 3, 15], "texture": "#terracotta"},
				"up": {"uv": [0, 12, 3, 15], "texture": "#terracotta"},
				"down": {"uv": [0, 12, 3, 15], "texture": "#terracotta"}
			}
		},
		{
			"from": [9, -12, 7],
			"to": [10, -11, 8],
			"faces": {
				"north": {"uv": [0, 12, 3, 15], "texture": "#concrete"},
				"east": {"uv": [0, 12, 3, 15], "texture": "#concrete"},
				"south": {"uv": [0, 12, 3, 15], "texture": "#concrete"},
				"west": {"uv": [0, 12, 3, 15], "texture": "#concrete"},
				"up": {"uv": [0, 12, 3, 15], "texture": "#concrete"},
				"down": {"uv": [0, 12, 3, 15], "texture": "#concrete"}
			}
		},
		{
			"from": [8, -12, 7],
			"to": [9, -11, 8],
			"faces": {
				"north": {"uv": [0, 12, 3, 15], "texture": "#terracotta"},
				"east": {"uv": [0, 12, 3, 15], "texture": "#terracotta"},
				"south": {"uv": [0, 12, 3, 15], "texture": "#terracotta"},
				"west": {"uv": [0, 12, 3, 15], "texture": "#terracotta"},
				"up": {"uv": [0, 12, 3, 15], "texture": "#terracotta"},
				"down": {"uv": [0, 12, 3, 15], "texture": "#terracotta"}
			}
		},
		{
			"from": [7, -12, 7],
			"to": [8, -11, 8],
			"faces": {
				"north": {"uv": [0, 12, 3, 15], "texture": "#concrete"},
				"east": {"uv": [0, 12, 3, 15], "texture": "#concrete"},
				"south": {"uv": [0, 12, 3, 15], "texture": "#concrete"},
				"west": {"uv": [0, 12, 3, 15], "texture": "#concrete"},
				"up": {"uv": [0, 12, 3, 15], "texture": "#concrete"},
				"down": {"uv": [0, 12, 3, 15], "texture": "#concrete"}
			}
		},
		{
			"from": [9, -11, 7],
			"to": [10, -10, 8],
			"faces": {
				"north": {"uv": [0, 12, 3, 15], "texture": "#concrete"},
				"east": {"uv": [0, 12, 3, 15], "texture": "#concrete"},
				"south": {"uv": [0, 12, 3, 15], "texture": "#concrete"},
				"west": {"uv": [0, 12, 3, 15], "texture": "#concrete"},
				"up": {"uv": [0, 12, 3, 15], "texture": "#concrete"},
				"down": {"uv": [0, 12, 3, 15], "texture": "#concrete"}
			}
		},
		{
			"from": [8, -11, 7],
			"to": [9, -10, 8],
			"faces": {
				"north": {"uv": [0, 12, 3, 15], "texture": "#concrete"},
				"east": {"uv": [0, 12, 3, 15], "texture": "#concrete"},
				"south": {"uv": [0, 12, 3, 15], "texture": "#concrete"},
				"west": {"uv": [0, 12, 3, 15], "texture": "#concrete"},
				"up": {"uv": [0, 12, 3, 15], "texture": "#concrete"},
				"down": {"uv": [0, 12, 3, 15], "texture": "#concrete"}
			}
		},
		{
			"from": [7, -11, 7],
			"to": [8, -10, 8],
			"faces": {
				"north": {"uv": [0, 12, 3, 15], "texture": "#concrete"},
				"east": {"uv": [0, 12, 3, 15], "texture": "#concrete"},
				"south": {"uv": [0, 12, 3, 15], "texture": "#concrete"},
				"west": {"uv": [0, 12, 3, 15], "texture": "#concrete"},
				"up": {"uv": [0, 12, 3, 15], "texture": "#concrete"},
				"down": {"uv": [0, 12, 3, 15], "texture": "#concrete"}
			}
		},
		{
			"from": [9, -10, 7],
			"to": [10, -9, 8],
			"faces": {
				"north": {"uv": [0, 12, 3, 15], "texture": "#wool"},
				"east": {"uv": [0, 12, 3, 15], "texture": "#wool"},
				"south": {"uv": [0, 12, 3, 15], "texture": "#wool"},
				"west": {"uv": [0, 12, 3, 15], "texture": "#wool"},
				"up": {"uv": [0, 12, 3, 15], "texture": "#wool"},
				"down": {"uv": [0, 12, 3, 15], "texture": "#wool"}
			}
		},
		{
			"from": [8, -10, 7],
			"to": [9, -9, 8],
			"faces": {
				"north": {"uv": [0, 12, 3, 15], "texture": "#concrete"},
				"east": {"uv": [0, 12, 3, 15], "texture": "#concrete"},
				"south": {"uv": [0, 12, 3, 15], "texture": "#concrete"},
				"west": {"uv": [0, 12, 3, 15], "texture": "#concrete"},
				"up": {"uv": [0, 12, 3, 15], "texture": "#concrete"},
				"down": {"uv": [0, 12, 3, 15], "texture": "#concrete"}
			}
		},
		{
			"from": [7, -10, 7],
			"to": [8, -9, 8],
			"faces": {
				"north": {"uv": [0, 12, 3, 15], "texture": "#wool"},
				"east": {"uv": [0, 12, 3, 15], "texture": "#wool"},
				"south": {"uv": [0, 12, 3, 15], "texture": "#wool"},
				"west": {"uv": [0, 12, 3, 15], "texture": "#wool"},
				"up": {"uv": [0, 12, 3, 15], "texture": "#wool"},
				"down": {"uv": [0, 12, 3, 15], "texture": "#wool"}
			}
		},
		{
			"from": [8, -9, 7],
			"to": [9, -8, 8],
			"faces": {
				"north": {"uv": [0, 12, 3, 15], "texture": "#terracotta"},
				"east": {"uv": [0, 12, 3, 15], "texture": "#terracotta"},
				"south": {"uv": [0, 12, 3, 15], "texture": "#terracotta"},
				"west": {"uv": [0, 12, 3, 15], "texture": "#terracotta"},
				"up": {"uv": [0, 12, 3, 15], "texture": "#terracotta"},
				"down": {"uv": [0, 12, 3, 15], "texture": "#terracotta"}
			}
		},
		{
			"from": [8, 0, 7],
			"to": [9, 1, 8],
			"faces": {
				"north": {"uv": [0, 12, 3, 15], "texture": "#terracotta"},
				"east": {"uv": [0, 12, 3, 15], "texture": "#terracotta"},
				"south": {"uv": [0, 12, 3, 15], "texture": "#terracotta"},
				"west": {"uv": [0, 12, 3, 15], "texture": "#terracotta"},
				"up": {"uv": [0, 12, 3, 15], "texture": "#terracotta"},
				"down": {"uv": [0, 12, 3, 15], "texture": "#terracotta"}
			}
		},
		{
			"from": [8, 1, 7],
			"to": [9, 2, 8],
			"faces": {
				"north": {"uv": [0, 12, 3, 15], "texture": "#wool"},
				"east": {"uv": [0, 12, 3, 15], "texture": "#wool"},
				"south": {"uv": [0, 12, 3, 15], "texture": "#wool"},
				"west": {"uv": [0, 12, 3, 15], "texture": "#wool"},
				"up": {"uv": [0, 12, 3, 15], "texture": "#wool"},
				"down": {"uv": [0, 12, 3, 15], "texture": "#wool"}
			}
		},
		{
			"from": [8, -11, 6],
			"to": [9, -10, 7],
			"faces": {
				"north": {"uv": [0, 12, 3, 15], "texture": "#terracotta"},
				"east": {"uv": [0, 12, 3, 15], "texture": "#terracotta"},
				"south": {"uv": [0, 12, 3, 15], "texture": "#terracotta"},
				"west": {"uv": [0, 12, 3, 15], "texture": "#terracotta"},
				"up": {"uv": [0, 12, 3, 15], "texture": "#terracotta"},
				"down": {"uv": [0, 12, 3, 15], "texture": "#terracotta"}
			}
		},
		{
			"from": [9, -10, 6],
			"to": [10, -9, 7],
			"faces": {
				"north": {"uv": [0, 12, 3, 15], "texture": "#terracotta"},
				"east": {"uv": [0, 12, 3, 15], "texture": "#terracotta"},
				"south": {"uv": [0, 12, 3, 15], "texture": "#terracotta"},
				"west": {"uv": [0, 12, 3, 15], "texture": "#terracotta"},
				"up": {"uv": [0, 12, 3, 15], "texture": "#terracotta"},
				"down": {"uv": [0, 12, 3, 15], "texture": "#terracotta"}
			}
		},
		{
			"from": [8, -10, 6],
			"to": [9, -9, 7],
			"faces": {
				"north": {"uv": [0, 12, 3, 15], "texture": "#concrete"},
				"east": {"uv": [0, 12, 3, 15], "texture": "#concrete"},
				"south": {"uv": [0, 12, 3, 15], "texture": "#concrete"},
				"west": {"uv": [0, 12, 3, 15], "texture": "#concrete"},
				"up": {"uv": [0, 12, 3, 15], "texture": "#concrete"},
				"down": {"uv": [0, 12, 3, 15], "texture": "#concrete"}
			}
		},
		{
			"from": [7, -10, 6],
			"to": [8, -9, 7],
			"faces": {
				"north": {"uv": [0, 12, 3, 15], "texture": "#concrete"},
				"east": {"uv": [0, 12, 3, 15], "texture": "#concrete"},
				"south": {"uv": [0, 12, 3, 15], "texture": "#concrete"},
				"west": {"uv": [0, 12, 3, 15], "texture": "#concrete"},
				"up": {"uv": [0, 12, 3, 15], "texture": "#concrete"},
				"down": {"uv": [0, 12, 3, 15], "texture": "#concrete"}
			}
		},
		{
			"from": [9, -9, 6],
			"to": [10, -8, 7],
			"faces": {
				"north": {"uv": [0, 12, 3, 15], "texture": "#concrete"},
				"east": {"uv": [0, 12, 3, 15], "texture": "#concrete"},
				"south": {"uv": [0, 12, 3, 15], "texture": "#concrete"},
				"west": {"uv": [0, 12, 3, 15], "texture": "#concrete"},
				"up": {"uv": [0, 12, 3, 15], "texture": "#concrete"},
				"down": {"uv": [0, 12, 3, 15], "texture": "#concrete"}
			}
		},
		{
			"from": [8, -9, 6],
			"to": [9, -8, 7],
			"faces": {
				"north": {"uv": [0, 12, 3, 15], "texture": "#concrete"},
				"east": {"uv": [0, 12, 3, 15], "texture": "#concrete"},
				"south": {"uv": [0, 12, 3, 15], "texture": "#concrete"},
				"west": {"uv": [0, 12, 3, 15], "texture": "#concrete"},
				"up": {"uv": [0, 12, 3, 15], "texture": "#concrete"},
				"down": {"uv": [0, 12, 3, 15], "texture": "#concrete"}
			}
		},
		{
			"from": [7, -9, 6],
			"to": [8, -8, 7],
			"faces": {
				"north": {"uv": [0, 12, 3, 15], "texture": "#concrete"},
				"east": {"uv": [0, 12, 3, 15], "texture": "#concrete"},
				"south": {"uv": [0, 12, 3, 15], "texture": "#concrete"},
				"west": {"uv": [0, 12, 3, 15], "texture": "#concrete"},
				"up": {"uv": [0, 12, 3, 15], "texture": "#concrete"},
				"down": {"uv": [0, 12, 3, 15], "texture": "#concrete"}
			}
		},
		{
			"from": [9, -8, 6],
			"to": [10, -7, 7],
			"faces": {
				"north": {"uv": [0, 12, 3, 15], "texture": "#wool"},
				"east": {"uv": [0, 12, 3, 15], "texture": "#wool"},
				"south": {"uv": [0, 12, 3, 15], "texture": "#wool"},
				"west": {"uv": [0, 12, 3, 15], "texture": "#wool"},
				"up": {"uv": [0, 12, 3, 15], "texture": "#wool"},
				"down": {"uv": [0, 12, 3, 15], "texture": "#wool"}
			}
		},
		{
			"from": [8, -8, 6],
			"to": [9, -7, 7],
			"faces": {
				"north": {"uv": [0, 12, 3, 15], "texture": "#terracotta"},
				"east": {"uv": [0, 12, 3, 15], "texture": "#terracotta"},
				"south": {"uv": [0, 12, 3, 15], "texture": "#terracotta"},
				"west": {"uv": [0, 12, 3, 15], "texture": "#terracotta"},
				"up": {"uv": [0, 12, 3, 15], "texture": "#terracotta"},
				"down": {"uv": [0, 12, 3, 15], "texture": "#terracotta"}
			}
		},
		{
			"from": [7, -8, 6],
			"to": [8, -7, 7],
			"faces": {
				"north": {"uv": [0, 12, 3, 15], "texture": "#wool"},
				"east": {"uv": [0, 12, 3, 15], "texture": "#wool"},
				"south": {"uv": [0, 12, 3, 15], "texture": "#wool"},
				"west": {"uv": [0, 12, 3, 15], "texture": "#wool"},
				"up": {"uv": [0, 12, 3, 15], "texture": "#wool"},
				"down": {"uv": [0, 12, 3, 15], "texture": "#wool"}
			}
		},
		{
			"from": [8, -7, 6],
			"to": [9, -6, 7],
			"faces": {
				"north": {"uv": [0, 12, 3, 15], "texture": "#terracotta"},
				"east": {"uv": [0, 12, 3, 15], "texture": "#terracotta"},
				"south": {"uv": [0, 12, 3, 15], "texture": "#terracotta"},
				"west": {"uv": [0, 12, 3, 15], "texture": "#terracotta"},
				"up": {"uv": [0, 12, 3, 15], "texture": "#terracotta"},
				"down": {"uv": [0, 12, 3, 15], "texture": "#terracotta"}
			}
		},
		{
			"from": [8, -6, 6],
			"to": [9, -5, 7],
			"faces": {
				"north": {"uv": [0, 12, 3, 15], "texture": "#terracotta"},
				"east": {"uv": [0, 12, 3, 15], "texture": "#terracotta"},
				"south": {"uv": [0, 12, 3, 15], "texture": "#terracotta"},
				"west": {"uv": [0, 12, 3, 15], "texture": "#terracotta"},
				"up": {"uv": [0, 12, 3, 15], "texture": "#terracotta"},
				"down": {"uv": [0, 12, 3, 15], "texture": "#terracotta"}
			}
		},
		{
			"from": [8, -5, 6],
			"to": [9, -4, 7],
			"faces": {
				"north": {"uv": [0, 12, 3, 15], "texture": "#terracotta"},
				"east": {"uv": [0, 12, 3, 15], "texture": "#terracotta"},
				"south": {"uv": [0, 12, 3, 15], "texture": "#terracotta"},
				"west": {"uv": [0, 12, 3, 15], "texture": "#terracotta"},
				"up": {"uv": [0, 12, 3, 15], "texture": "#terracotta"},
				"down": {"uv": [0, 12, 3, 15], "texture": "#terracotta"}
			}
		},
		{
			"from": [8, -1, 6],
			"to": [9, 0, 7],
			"faces": {
				"north": {"uv": [0, 12, 3, 15], "texture": "#terracotta"},
				"east": {"uv": [0, 12, 3, 15], "texture": "#terracotta"},
				"south": {"uv": [0, 12, 3, 15], "texture": "#terracotta"},
				"west": {"uv": [0, 12, 3, 15], "texture": "#terracotta"},
				"up": {"uv": [0, 12, 3, 15], "texture": "#terracotta"},
				"down": {"uv": [0, 12, 3, 15], "texture": "#terracotta"}
			}
		},
		{
			"from": [8, 0, 6],
			"to": [9, 1, 7],
			"faces": {
				"north": {"uv": [0, 12, 3, 15], "texture": "#wool"},
				"east": {"uv": [0, 12, 3, 15], "texture": "#wool"},
				"south": {"uv": [0, 12, 3, 15], "texture": "#wool"},
				"west": {"uv": [0, 12, 3, 15], "texture": "#wool"},
				"up": {"uv": [0, 12, 3, 15], "texture": "#wool"},
				"down": {"uv": [0, 12, 3, 15], "texture": "#wool"}
			}
		},
		{
			"from": [8, -10, 5],
			"to": [9, -9, 6],
			"faces": {
				"north": {"uv": [0, 12, 3, 15], "texture": "#terracotta"},
				"east": {"uv": [0, 12, 3, 15], "texture": "#terracotta"},
				"south": {"uv": [0, 12, 3, 15], "texture": "#terracotta"},
				"west": {"uv": [0, 12, 3, 15], "texture": "#terracotta"},
				"up": {"uv": [0, 12, 3, 15], "texture": "#terracotta"},
				"down": {"uv": [0, 12, 3, 15], "texture": "#terracotta"}
			}
		},
		{
			"from": [8, -9, 5],
			"to": [9, -8, 6],
			"faces": {
				"north": {"uv": [0, 12, 3, 15], "texture": "#terracotta"},
				"east": {"uv": [0, 12, 3, 15], "texture": "#terracotta"},
				"south": {"uv": [0, 12, 3, 15], "texture": "#terracotta"},
				"west": {"uv": [0, 12, 3, 15], "texture": "#terracotta"},
				"up": {"uv": [0, 12, 3, 15], "texture": "#terracotta"},
				"down": {"uv": [0, 12, 3, 15], "texture": "#terracotta"}
			}
		},
		{
			"from": [9, -8, 5],
			"to": [10, -7, 6],
			"faces": {
				"north": {"uv": [0, 12, 3, 15], "texture": "#terracotta"},
				"east": {"uv": [0, 12, 3, 15], "texture": "#terracotta"},
				"south": {"uv": [0, 12, 3, 15], "texture": "#terracotta"},
				"west": {"uv": [0, 12, 3, 15], "texture": "#terracotta"},
				"up": {"uv": [0, 12, 3, 15], "texture": "#terracotta"},
				"down": {"uv": [0, 12, 3, 15], "texture": "#terracotta"}
			}
		},
		{
			"from": [8, -8, 5],
			"to": [9, -7, 6],
			"faces": {
				"north": {"uv": [0, 12, 3, 15], "texture": "#concrete"},
				"east": {"uv": [0, 12, 3, 15], "texture": "#concrete"},
				"south": {"uv": [0, 12, 3, 15], "texture": "#concrete"},
				"west": {"uv": [0, 12, 3, 15], "texture": "#concrete"},
				"up": {"uv": [0, 12, 3, 15], "texture": "#concrete"},
				"down": {"uv": [0, 12, 3, 15], "texture": "#concrete"}
			}
		},
		{
			"from": [7, -8, 5],
			"to": [8, -7, 6],
			"faces": {
				"north": {"uv": [0, 12, 3, 15], "texture": "#concrete"},
				"east": {"uv": [0, 12, 3, 15], "texture": "#concrete"},
				"south": {"uv": [0, 12, 3, 15], "texture": "#concrete"},
				"west": {"uv": [0, 12, 3, 15], "texture": "#concrete"},
				"up": {"uv": [0, 12, 3, 15], "texture": "#concrete"},
				"down": {"uv": [0, 12, 3, 15], "texture": "#concrete"}
			}
		},
		{
			"from": [9, -7, 5],
			"to": [10, -6, 6],
			"faces": {
				"north": {"uv": [0, 12, 3, 15], "texture": "#concrete"},
				"east": {"uv": [0, 12, 3, 15], "texture": "#concrete"},
				"south": {"uv": [0, 12, 3, 15], "texture": "#concrete"},
				"west": {"uv": [0, 12, 3, 15], "texture": "#concrete"},
				"up": {"uv": [0, 12, 3, 15], "texture": "#concrete"},
				"down": {"uv": [0, 12, 3, 15], "texture": "#concrete"}
			}
		},
		{
			"from": [8, -7, 5],
			"to": [9, -6, 6],
			"faces": {
				"north": {"uv": [0, 12, 3, 15], "texture": "#concrete"},
				"east": {"uv": [0, 12, 3, 15], "texture": "#concrete"},
				"south": {"uv": [0, 12, 3, 15], "texture": "#concrete"},
				"west": {"uv": [0, 12, 3, 15], "texture": "#concrete"},
				"up": {"uv": [0, 12, 3, 15], "texture": "#concrete"},
				"down": {"uv": [0, 12, 3, 15], "texture": "#concrete"}
			}
		},
		{
			"from": [7, -7, 5],
			"to": [8, -6, 6],
			"faces": {
				"north": {"uv": [0, 12, 3, 15], "texture": "#concrete"},
				"east": {"uv": [0, 12, 3, 15], "texture": "#concrete"},
				"south": {"uv": [0, 12, 3, 15], "texture": "#concrete"},
				"west": {"uv": [0, 12, 3, 15], "texture": "#concrete"},
				"up": {"uv": [0, 12, 3, 15], "texture": "#concrete"},
				"down": {"uv": [0, 12, 3, 15], "texture": "#concrete"}
			}
		},
		{
			"from": [9, -6, 5],
			"to": [10, -5, 6],
			"faces": {
				"north": {"uv": [0, 12, 3, 15], "texture": "#concrete"},
				"east": {"uv": [0, 12, 3, 15], "texture": "#concrete"},
				"south": {"uv": [0, 12, 3, 15], "texture": "#concrete"},
				"west": {"uv": [0, 12, 3, 15], "texture": "#concrete"},
				"up": {"uv": [0, 12, 3, 15], "texture": "#concrete"},
				"down": {"uv": [0, 12, 3, 15], "texture": "#concrete"}
			}
		},
		{
			"from": [8, -6, 5],
			"to": [9, -5, 6],
			"faces": {
				"north": {"uv": [0, 12, 3, 15], "texture": "#terracotta"},
				"east": {"uv": [0, 12, 3, 15], "texture": "#terracotta"},
				"south": {"uv": [0, 12, 3, 15], "texture": "#terracotta"},
				"west": {"uv": [0, 12, 3, 15], "texture": "#terracotta"},
				"up": {"uv": [0, 12, 3, 15], "texture": "#terracotta"},
				"down": {"uv": [0, 12, 3, 15], "texture": "#terracotta"}
			}
		},
		{
			"from": [7, -6, 5],
			"to": [8, -5, 6],
			"faces": {
				"north": {"uv": [0, 12, 3, 15], "texture": "#concrete"},
				"east": {"uv": [0, 12, 3, 15], "texture": "#concrete"},
				"south": {"uv": [0, 12, 3, 15], "texture": "#concrete"},
				"west": {"uv": [0, 12, 3, 15], "texture": "#concrete"},
				"up": {"uv": [0, 12, 3, 15], "texture": "#concrete"},
				"down": {"uv": [0, 12, 3, 15], "texture": "#concrete"}
			}
		},
		{
			"from": [9, -5, 5],
			"to": [10, -4, 6],
			"faces": {
				"north": {"uv": [0, 12, 3, 15], "texture": "#wool"},
				"east": {"uv": [0, 12, 3, 15], "texture": "#wool"},
				"south": {"uv": [0, 12, 3, 15], "texture": "#wool"},
				"west": {"uv": [0, 12, 3, 15], "texture": "#wool"},
				"up": {"uv": [0, 12, 3, 15], "texture": "#wool"},
				"down": {"uv": [0, 12, 3, 15], "texture": "#wool"}
			}
		},
		{
			"from": [8, -5, 5],
			"to": [9, -4, 6],
			"faces": {
				"north": {"uv": [0, 12, 3, 15], "texture": "#terracotta"},
				"east": {"uv": [0, 12, 3, 15], "texture": "#terracotta"},
				"south": {"uv": [0, 12, 3, 15], "texture": "#terracotta"},
				"west": {"uv": [0, 12, 3, 15], "texture": "#terracotta"},
				"up": {"uv": [0, 12, 3, 15], "texture": "#terracotta"},
				"down": {"uv": [0, 12, 3, 15], "texture": "#terracotta"}
			}
		},
		{
			"from": [7, -5, 5],
			"to": [8, -4, 6],
			"faces": {
				"north": {"uv": [0, 12, 3, 15], "texture": "#wool"},
				"east": {"uv": [0, 12, 3, 15], "texture": "#wool"},
				"south": {"uv": [0, 12, 3, 15], "texture": "#wool"},
				"west": {"uv": [0, 12, 3, 15], "texture": "#wool"},
				"up": {"uv": [0, 12, 3, 15], "texture": "#wool"},
				"down": {"uv": [0, 12, 3, 15], "texture": "#wool"}
			}
		},
		{
			"from": [8, -4, 5],
			"to": [9, -3, 6],
			"faces": {
				"north": {"uv": [0, 12, 3, 15], "texture": "#terracotta"},
				"east": {"uv": [0, 12, 3, 15], "texture": "#terracotta"},
				"south": {"uv": [0, 12, 3, 15], "texture": "#terracotta"},
				"west": {"uv": [0, 12, 3, 15], "texture": "#terracotta"},
				"up": {"uv": [0, 12, 3, 15], "texture": "#terracotta"},
				"down": {"uv": [0, 12, 3, 15], "texture": "#terracotta"}
			}
		},
		{
			"from": [8, -3, 5],
			"to": [9, -2, 6],
			"faces": {
				"north": {"uv": [0, 12, 3, 15], "texture": "#concrete"},
				"east": {"uv": [0, 12, 3, 15], "texture": "#concrete"},
				"south": {"uv": [0, 12, 3, 15], "texture": "#concrete"},
				"west": {"uv": [0, 12, 3, 15], "texture": "#concrete"},
				"up": {"uv": [0, 12, 3, 15], "texture": "#concrete"},
				"down": {"uv": [0, 12, 3, 15], "texture": "#concrete"}
			}
		},
		{
			"from": [8, -2, 5],
			"to": [9, -1, 6],
			"faces": {
				"north": {"uv": [0, 12, 3, 15], "texture": "#concrete"},
				"east": {"uv": [0, 12, 3, 15], "texture": "#concrete"},
				"south": {"uv": [0, 12, 3, 15], "texture": "#concrete"},
				"west": {"uv": [0, 12, 3, 15], "texture": "#concrete"},
				"up": {"uv": [0, 12, 3, 15], "texture": "#concrete"},
				"down": {"uv": [0, 12, 3, 15], "texture": "#concrete"}
			}
		},
		{
			"from": [8, -1, 5],
			"to": [9, 0, 6],
			"faces": {
				"north": {"uv": [0, 12, 3, 15], "texture": "#wool"},
				"east": {"uv": [0, 12, 3, 15], "texture": "#wool"},
				"south": {"uv": [0, 12, 3, 15], "texture": "#wool"},
				"west": {"uv": [0, 12, 3, 15], "texture": "#wool"},
				"up": {"uv": [0, 12, 3, 15], "texture": "#wool"},
				"down": {"uv": [0, 12, 3, 15], "texture": "#wool"}
			}
		},
		{
			"from": [8, -8, 4],
			"to": [9, -7, 5],
			"faces": {
				"north": {"uv": [0, 12, 3, 15], "texture": "#concrete"},
				"east": {"uv": [0, 12, 3, 15], "texture": "#concrete"},
				"south": {"uv": [0, 12, 3, 15], "texture": "#concrete"},
				"west": {"uv": [0, 12, 3, 15], "texture": "#concrete"},
				"up": {"uv": [0, 12, 3, 15], "texture": "#concrete"},
				"down": {"uv": [0, 12, 3, 15], "texture": "#concrete"}
			}
		},
		{
			"from": [8, -7, 4],
			"to": [9, -6, 5],
			"faces": {
				"north": {"uv": [0, 12, 3, 15], "texture": "#wool"},
				"east": {"uv": [0, 12, 3, 15], "texture": "#wool"},
				"south": {"uv": [0, 12, 3, 15], "texture": "#wool"},
				"west": {"uv": [0, 12, 3, 15], "texture": "#wool"},
				"up": {"uv": [0, 12, 3, 15], "texture": "#wool"},
				"down": {"uv": [0, 12, 3, 15], "texture": "#wool"}
			}
		}
	],
	"display": {
		"thirdperson_righthand": {
			"rotation": [0, -180, 0],
			"translation": [0.25, 20, 0.75]
		},
		"thirdperson_lefthand": {
			"rotation": [0, -180, 0],
			"translation": [-0.5, 20, 0.75]
		},
		"firstperson_righthand": {
			"rotation": [0, -180, 0],
			"translation": [5.5, 19, 0]
		},
		"firstperson_lefthand": {
			"rotation": [0, -180, 0],
			"translation": [5.5, 19, 0]
		},
		"ground": {
			"translation": [0, 19.75, 0]
		},
		"gui": {
			"rotation": [45, 45, 0],
			"translation": [-1.5, 10.25, 0]
		},
		"head": {
			"translation": [0, 24.5, 4]
		}
	},
	"groups": [
		{
			"name": "bone",
			"origin": [0, 0, 0],
			"color": 0,
			"children": [0, 1, 2, 3, 4, 5, 6, 7, 8, 9, 10, 11, 12, 13, 14, 15, 16, 17, 18, 19, 20, 21, 22, 23, 24, 25, 26, 27, 28, 29, 30, 31, 32, 33, 34, 35, 36, 37, 38, 39, 40, 41, 42, 43, 44, 45, 46, 47, 48, 49, 50, 51, 52, 53, 54, 55, 56, 57, 58, 59, 60, 61, 62, 63, 64, 65, 66, 67, 68, 69, 70, 71, 72, 73, 74, 75, 76, 77, 78, 79, 80, 81, 82, 83, 84, 85, 86, 87, 88, 89, 90, 91, 92, 93, 94, 95, 96, 97, 98, 99, 100, 101, 102, 103, 104, 105, 106, 107, 108, 109, 110, 111, 112, 113, 114, 115, 116, 117, 118, 119, 120, 121, 122, 123, 124, 125, 126, 127, 128, 129, 130]
		}
	]
}