{
	"credit": "Made with Blockbench",
	"texture_size": [64, 64],
	"textures": {
		"0": "items/rabbit",
		"particle": "items/rabbit"
	},
	"elements": [
		{
			"from": [7, -16, 7],
			"to": [9, 13, 9],
			"faces": {
				"north": {"uv": [0, 2.5, 0.5, 9.75], "texture": "#0"},
				"east": {"uv": [0.5, 2.5, 1, 9.75], "texture": "#0"},
				"south": {"texture": "#0"},
				"west": {"uv": [1.5, 2.5, 2, 9.75], "texture": "#0"},
				"up": {"uv": [8.75, 8, 8.25, 7.5], "texture": "#0"},
				"down": {"uv": [9, 6, 8.5, 6.5], "texture": "#0"}
			}
		},
		{
			"from": [5, 11, 7],
			"to": [11, 12, 9],
			"faces": {
				"north": {"uv": [6.5, 3.75, 8, 4], "texture": "#0"},
				"east": {"uv": [4.25, 8.75, 4.75, 9], "texture": "#0"},
				"south": {"uv": [8, 3.75, 9.5, 4], "texture": "#0"},
				"west": {"uv": [4.75, 8.75, 5.25, 9], "texture": "#0"},
				"up": {"uv": [5, 7.25, 3.5, 6.75], "texture": "#0"},
				"down": {"uv": [6.5, 6.75, 5, 7.25], "texture": "#0"}
			}
		},
		{
			"from": [1, 12, 7],
			"to": [15, 13, 9],
			"faces": {
				"north": {"uv": [6.5, 3.25, 10, 3.5], "texture": "#0"},
				"east": {"uv": [5.25, 8.75, 5.75, 9], "texture": "#0"},
				"south": {"uv": [6.5, 3.5, 10, 3.75], "texture": "#0"},
				"west": {"uv": [7, 8.75, 7.5, 9], "texture": "#0"},
				"up": {"uv": [9.75, 1.5, 6.25, 1], "texture": "#0"},
				"down": {"uv": [9.75, 1.5, 6.25, 2], "texture": "#0"}
			}
		},
		{
			"from": [-1, 13, 7],
			"to": [17, 14, 9],
			"faces": {
				"north": {"uv": [2, 6.5, 6.5, 6.75], "texture": "#0"},
				"east": {"uv": [7.5, 8.75, 8, 9], "texture": "#0"},
				"south": {"uv": [6.5, 2.5, 11, 2.75], "texture": "#0"},
				"west": {"uv": [8.75, 7.5, 9.25, 7.75], "texture": "#0"},
				"up": {"uv": [10.25, 5, 5.75, 4.5], "texture": "#0"},
				"down": {"uv": [10.25, 5, 5.75, 5.5], "texture": "#0"}
			}
		},
		{
			"from": [0, 22, 7],
			"to": [16, 23, 9],
			"faces": {
				"north": {"uv": [6.5, 2.75, 10.5, 3], "texture": "#0"},
				"east": {"uv": [8.75, 7.75, 9.25, 8], "texture": "#0"},
				"south": {"uv": [6.5, 3, 10.5, 3.25], "texture": "#0"},
				"west": {"uv": [8, 8.75, 8.5, 9], "texture": "#0"},
				"up": {"uv": [10.25, 0.5, 6.25, 0], "texture": "#0"},
				"down": {"uv": [10.25, 0.5, 6.25, 1], "texture": "#0"}
			}
		},
		{
			"from": [0, 23, 7],
			"to": [5, 31, 9],
			"faces": {
				"north": {"uv": [2, 4, 3.25, 6], "texture": "#0"},
				"east": {"uv": [6.5, 6, 7, 8], "texture": "#0"},
				"south": {"uv": [3.25, 4, 4.5, 6], "texture": "#0"},
				"west": {"uv": [2, 6.75, 2.5, 8.75], "texture": "#0"},
				"up": {"uv": [6.25, 7.75, 5, 7.25], "texture": "#0"},
				"down": {"uv": [8.25, 7.5, 7, 8], "texture": "#0"}
			}
		},
		{
			"from": [11, 23, 7],
			"to": [16, 31, 9],
			"faces": {
				"north": {"uv": [4.5, 4, 5.75, 6], "texture": "#0"},
				"east": {"uv": [2.5, 6.75, 3, 8.75], "texture": "#0"},
				"south": {"uv": [5, 0, 6.25, 2], "texture": "#0"},
				"west": {"uv": [3, 6.75, 3.5, 8.75], "texture": "#0"},
				"up": {"uv": [4.75, 8.25, 3.5, 7.75], "texture": "#0"},
				"down": {"uv": [6, 7.75, 4.75, 8.25], "texture": "#0"}
			}
		},
		{
			"from": [-1, 19, 7],
			"to": [17, 22, 9],
			"faces": {
				"north": {"uv": [2, 2.5, 6.5, 3.25], "texture": "#0"},
				"east": {"uv": [7, 8, 7.5, 8.75], "texture": "#0"},
				"south": {"uv": [2, 3.25, 6.5, 4], "texture": "#0"},
				"west": {"uv": [7.5, 8, 8, 8.75], "texture": "#0"},
				"up": {"uv": [10.25, 6, 5.75, 5.5], "texture": "#0"},
				"down": {"uv": [6.5, 6, 2, 6.5], "texture": "#0"}
			}
		},
		{
			"from": [-2, 14, 7],
			"to": [18, 19, 9],
			"faces": {
				"north": {"uv": [0, 0, 5, 1.25], "texture": "#0"},
				"east": {"uv": [6, 7.75, 6.5, 9], "texture": "#0"},
				"south": {"uv": [0, 1.25, 5, 2.5], "texture": "#0"},
				"west": {"uv": [6.5, 8, 7, 9.25], "texture": "#0"},
				"up": {"uv": [10, 2.5, 5, 2], "texture": "#0"},
				"down": {"uv": [10.75, 4, 5.75, 4.5], "texture": "#0"}
			}
		},
		{
			"from": [5, 23, 7],
			"to": [11, 25, 9],
			"faces": {
				"north": {"uv": [7, 6, 8.5, 6.5], "texture": "#0"},
				"east": {"uv": [8.5, 6.5, 9, 7], "texture": "#0"},
				"south": {"uv": [7, 6.5, 8.5, 7], "texture": "#0"},
				"west": {"uv": [8.5, 7, 9, 7.5], "texture": "#0"},
				"up": {"uv": [8.5, 7.5, 7, 7], "texture": "#0"},
				"down": {"uv": [5, 7.25, 3.5, 7.75], "texture": "#0"}
			}
		},
		{
			"from": [1, 31, 7],
			"to": [4, 32, 9],
			"faces": {
				"north": {"uv": [8, 8.5, 8.75, 8.75], "texture": "#0"},
				"east": {"uv": [8.75, 8, 9.25, 8.25], "texture": "#0"},
				"south": {"uv": [2, 8.75, 2.75, 9], "texture": "#0"},
				"west": {"uv": [8.75, 8.25, 9.25, 8.5], "texture": "#0"},
				"up": {"uv": [8.75, 8.5, 8, 8], "texture": "#0"},
				"down": {"uv": [4.25, 8.25, 3.5, 8.75], "texture": "#0"}
			}
		},
		{
			"from": [12, 31, 7],
			"to": [15, 32, 9],
			"faces": {
				"north": {"uv": [2.75, 8.75, 3.5, 9], "texture": "#0"},
				"east": {"uv": [8.5, 8.75, 9, 9], "texture": "#0"},
				"south": {"uv": [3.5, 8.75, 4.25, 9], "texture": "#0"},
				"west": {"uv": [8.75, 8.5, 9.25, 8.75], "texture": "#0"},
				"up": {"uv": [5, 8.75, 4.25, 8.25], "texture": "#0"},
				"down": {"uv": [5.75, 8.25, 5, 8.75], "texture": "#0"}
			}
		}
	],
	"display": {
		"thirdperson_righthand": {
			"rotation": [0, -90, 0],
			"translation": [0, 9, 1.25],
			"scale": [0.5, 0.5, 0.5]
		},
		"thirdperson_lefthand": {
			"rotation": [0, 90, 0],
			"translation": [0, 9, 1.25],
			"scale": [0.5, 0.5, 0.5]
		},
		"firstperson_righthand": {
			"translation": [1.75, 0.75, 0],
			"scale": [0.5, 0.5, 0.5]
		},
		"firstperson_lefthand": {
			"translation": [1.75, 0.75, 0],
			"scale": [0.5, 0.5, 0.5]
		},
		"ground": {
			"translation": [0, 9.5, 0],
			"scale": [0.5, 0.5, 0.5]
		},
		"gui": {
			"rotation": [45, 45, 0],
			"scale": [0.5, 0.5, 0.5]
		}
	},
	"groups": [
		{
			"name": "pick",
			"origin": [0, 0, 0],
			"color": 0,
			"children": [0, 1, 2, 3, 4, 5, 6, 7, 8, 9, 10, 11]
		}
	]
}