{
	"credit": "Made with Blockbench",
	"texture_size": [64, 64],
	"textures": {
		"5": "items/wing01"
	},
	"elements": [
		{
			"from": [11.45732, 9.27317, 7.80708],
			"to": [13.55497, 9.35911, 8.18208],
			"rotation": {"angle": 45, "axis": "z", "origin": [11.64872, 9.45286, 7.86958]},
			"faces": {
				"north": {"uv": [6.00002, 3.25002, 6.49998, 3.49998], "texture": "#5"},
				"east": {"uv": [7.50002, 4.00002, 7.74998, 4.24998], "texture": "#5"},
				"south": {"uv": [6.00002, 3.50002, 6.49998, 3.74998], "texture": "#5"},
				"west": {"uv": [7.50002, 4.25002, 7.74998, 4.49998], "texture": "#5"},
				"up": {"uv": [6.49998, 3.99998, 6.00002, 3.75002], "texture": "#5"},
				"down": {"uv": [6.49998, 4.00002, 6.00002, 4.24998], "texture": "#5"}
			}
		},
		{
			"from": [12.23253, 8.61139, 7.80708],
			"to": [14.48253, 8.92389, 8.18208],
			"rotation": {"angle": -22.5, "axis": "z", "origin": [14.29503, 8.73639, 7.86958]},
			"faces": {
				"north": {"uv": [6.00002, 4.25002, 6.49998, 4.49998], "texture": "#5"},
				"east": {"uv": [7.50002, 4.50002, 7.74998, 4.74998], "texture": "#5"},
				"south": {"uv": [6.00002, 4.50002, 6.49998, 4.74998], "texture": "#5"},
				"west": {"uv": [7.50002, 4.75002, 7.74998, 4.99998], "texture": "#5"},
				"up": {"uv": [6.49998, 4.99998, 6.00002, 4.75002], "texture": "#5"},
				"down": {"uv": [6.49998, 5.00002, 6.00002, 5.24998], "texture": "#5"}
			}
		},
		{
			"from": [11.81095, 9.31452, 7.80708],
			"to": [12.57267, 9.43952, 8.18208],
			"rotation": {"angle": 0, "axis": "z", "origin": [12.38517, 9.43952, 7.86958]},
			"faces": {
				"north": {"uv": [7.50002, 5.00002, 7.74998, 5.24998], "texture": "#5"},
				"east": {"uv": [7.50002, 5.25002, 7.74998, 5.49998], "texture": "#5"},
				"south": {"uv": [7.50002, 5.50002, 7.74998, 5.74998], "texture": "#5"},
				"west": {"uv": [7.50002, 5.75002, 7.74998, 5.99998], "texture": "#5"},
				"up": {"uv": [7.99998, 4.24998, 7.75002, 4.00002], "texture": "#5"},
				"down": {"uv": [7.99998, 4.25002, 7.75002, 4.49998], "texture": "#5"}
			}
		},
		{
			"from": [11.4141, 9.23325, 7.80708],
			"to": [11.9141, 9.327, 8.18208],
			"rotation": {"angle": 22.5, "axis": "z", "origin": [11.7266, 9.35825, 7.86958]},
			"faces": {
				"north": {"uv": [7.75002, 4.50002, 7.99998, 4.74998], "texture": "#5"},
				"east": {"uv": [7.75002, 4.75002, 7.99998, 4.99998], "texture": "#5"},
				"south": {"uv": [7.75002, 5.00002, 7.99998, 5.24998], "texture": "#5"},
				"west": {"uv": [7.75002, 5.25002, 7.99998, 5.49998], "texture": "#5"},
				"up": {"uv": [7.99998, 5.74998, 7.75002, 5.50002], "texture": "#5"},
				"down": {"uv": [7.99998, 5.75002, 7.75002, 5.99998], "texture": "#5"}
			}
		},
		{
			"from": [11.33622, 9.32786, 7.80708],
			"to": [13.58622, 9.42161, 8.18208],
			"rotation": {"angle": 45, "axis": "z", "origin": [11.64872, 9.45286, 7.86958]},
			"faces": {
				"north": {"uv": [6.00002, 5.25002, 6.49998, 5.49998], "texture": "#5"},
				"east": {"uv": [8.00002, 2.25002, 8.24998, 2.49998], "texture": "#5"},
				"south": {"uv": [6.00002, 5.50002, 6.49998, 5.74998], "texture": "#5"},
				"west": {"uv": [8.00002, 2.50002, 8.24998, 2.74998], "texture": "#5"},
				"up": {"uv": [6.49998, 5.99998, 6.00002, 5.75002], "texture": "#5"},
				"down": {"uv": [6.99998, 3.25002, 6.50002, 3.49998], "texture": "#5"}
			}
		},
		{
			"from": [13.07442, 10.70057, 7.80708],
			"to": [13.26192, 11.13807, 8.18208],
			"rotation": {"angle": -22.5, "axis": "z", "origin": [13.04317, 11.01307, 7.86958]},
			"faces": {
				"north": {"uv": [8.00002, 2.75002, 8.24998, 2.99998], "texture": "#5"},
				"east": {"uv": [8.00002, 3.00002, 8.24998, 3.24998], "texture": "#5"},
				"south": {"uv": [8.00002, 3.25002, 8.24998, 3.49998], "texture": "#5"},
				"west": {"uv": [8.00002, 3.50002, 8.24998, 3.74998], "texture": "#5"},
				"up": {"uv": [8.24998, 3.99998, 8.00002, 3.75002], "texture": "#5"},
				"down": {"uv": [8.24998, 4.00002, 8.00002, 4.24998], "texture": "#5"}
			}
		},
		{
			"from": [13.11988, 10.92909, 7.80708],
			"to": [13.80738, 11.11659, 8.18208],
			"rotation": {"angle": 0, "axis": "z", "origin": [13.40113, 11.08534, 7.86958]},
			"faces": {
				"north": {"uv": [8.00002, 4.25002, 8.24998, 4.49998], "texture": "#5"},
				"east": {"uv": [8.00002, 4.50002, 8.24998, 4.74998], "texture": "#5"},
				"south": {"uv": [8.00002, 4.75002, 8.24998, 4.99998], "texture": "#5"},
				"west": {"uv": [8.00002, 5.00002, 8.24998, 5.24998], "texture": "#5"},
				"up": {"uv": [8.24998, 5.49998, 8.00002, 5.25002], "texture": "#5"},
				"down": {"uv": [8.24998, 5.50002, 8.00002, 5.74998], "texture": "#5"}
			}
		},
		{
			"from": [13.67293, 11.0391, 7.80708],
			"to": [14.36043, 11.2266, 8.18208],
			"rotation": {"angle": 22.5, "axis": "z", "origin": [13.95418, 11.19535, 7.86958]},
			"faces": {
				"north": {"uv": [8.00002, 5.75002, 8.24998, 5.99998], "texture": "#5"},
				"east": {"uv": [0.00002, 8.25002, 0.24998, 8.49998], "texture": "#5"},
				"south": {"uv": [0.25002, 8.25002, 0.49998, 8.49998], "texture": "#5"},
				"west": {"uv": [0.50002, 8.25002, 0.74998, 8.49998], "texture": "#5"},
				"up": {"uv": [0.99998, 8.49998, 0.75002, 8.25002], "texture": "#5"},
				"down": {"uv": [1.24998, 8.25002, 1.00002, 8.49998], "texture": "#5"}
			}
		},
		{
			"from": [14.31754, 11.19219, 7.80708],
			"to": [14.63004, 11.37969, 8.18208],
			"rotation": {"angle": 0, "axis": "z", "origin": [14.59879, 11.34844, 7.86958]},
			"faces": {
				"north": {"uv": [1.25002, 8.25002, 1.49998, 8.49998], "texture": "#5"},
				"east": {"uv": [1.50002, 8.25002, 1.74998, 8.49998], "texture": "#5"},
				"south": {"uv": [1.75002, 8.25002, 1.99998, 8.49998], "texture": "#5"},
				"west": {"uv": [2.00002, 8.25002, 2.24998, 8.49998], "texture": "#5"},
				"up": {"uv": [2.49998, 8.49998, 2.25002, 8.25002], "texture": "#5"},
				"down": {"uv": [2.74998, 8.25002, 2.50002, 8.49998], "texture": "#5"}
			}
		},
		{
			"from": [14.49559, 11.3022, 7.80708],
			"to": [14.93309, 11.4897, 8.18208],
			"rotation": {"angle": 22.5, "axis": "z", "origin": [14.77684, 11.45845, 7.86958]},
			"faces": {
				"north": {"uv": [2.75002, 8.25002, 2.99998, 8.49998], "texture": "#5"},
				"east": {"uv": [3.00002, 8.25002, 3.24998, 8.49998], "texture": "#5"},
				"south": {"uv": [3.25002, 8.25002, 3.49998, 8.49998], "texture": "#5"},
				"west": {"uv": [3.50002, 8.25002, 3.74998, 8.49998], "texture": "#5"},
				"up": {"uv": [3.99998, 8.49998, 3.75002, 8.25002], "texture": "#5"},
				"down": {"uv": [4.24998, 8.25002, 4.00002, 8.49998], "texture": "#5"}
			}
		},
		{
			"from": [14.90924, 11.35961, 7.80708],
			"to": [15.34674, 11.54711, 8.18208],
			"rotation": {"angle": 0, "axis": "z", "origin": [15.19049, 11.51586, 7.86958]},
			"faces": {
				"north": {"uv": [4.25002, 8.25002, 4.49998, 8.49998], "texture": "#5"},
				"east": {"uv": [4.50002, 8.25002, 4.74998, 8.49998], "texture": "#5"},
				"south": {"uv": [4.75002, 8.25002, 4.99998, 8.49998], "texture": "#5"},
				"west": {"uv": [5.00002, 8.25002, 5.24998, 8.49998], "texture": "#5"},
				"up": {"uv": [5.49998, 8.49998, 5.25002, 8.25002], "texture": "#5"},
				"down": {"uv": [5.74998, 8.25002, 5.50002, 8.49998], "texture": "#5"}
			}
		},
		{
			"from": [15.21229, 11.46962, 7.80708],
			"to": [16.02479, 11.65712, 8.18208],
			"rotation": {"angle": 22.5, "axis": "z", "origin": [15.49354, 11.62587, 7.86958]},
			"faces": {
				"north": {"uv": [5.75002, 8.25002, 5.99998, 8.49998], "texture": "#5"},
				"east": {"uv": [6.00002, 8.25002, 6.24998, 8.49998], "texture": "#5"},
				"south": {"uv": [6.25002, 8.25002, 6.49998, 8.49998], "texture": "#5"},
				"west": {"uv": [6.50002, 8.25002, 6.74998, 8.49998], "texture": "#5"},
				"up": {"uv": [6.99998, 8.49998, 6.75002, 8.25002], "texture": "#5"},
				"down": {"uv": [7.24998, 8.25002, 7.00002, 8.49998], "texture": "#5"}
			}
		},
		{
			"from": [15.97239, 11.79554, 7.80708],
			"to": [16.53489, 11.85804, 8.18208],
			"rotation": {"angle": 0, "axis": "z", "origin": [16.25364, 11.82679, 7.86958]},
			"faces": {
				"north": {"uv": [7.25002, 8.25002, 7.49998, 8.49998], "texture": "#5"},
				"east": {"uv": [7.50002, 8.25002, 7.74998, 8.49998], "texture": "#5"},
				"south": {"uv": [7.75002, 8.25002, 7.99998, 8.49998], "texture": "#5"},
				"west": {"uv": [8.00002, 8.25002, 8.24998, 8.49998], "texture": "#5"},
				"up": {"uv": [8.49998, 8.49998, 8.25002, 8.25002], "texture": "#5"},
				"down": {"uv": [8.49998, 2.25002, 8.25002, 2.49998], "texture": "#5"}
			}
		},
		{
			"from": [15.35684, 11.68553, 7.80708],
			"to": [16.54434, 11.74803, 8.18208],
			"rotation": {"angle": 22.5, "axis": "z", "origin": [16.26309, 11.71678, 7.86958]},
			"faces": {
				"north": {"uv": [8.25002, 2.50002, 8.49998, 2.74998], "texture": "#5"},
				"east": {"uv": [8.25002, 2.75002, 8.49998, 2.99998], "texture": "#5"},
				"south": {"uv": [8.25002, 3.00002, 8.49998, 3.24998], "texture": "#5"},
				"west": {"uv": [8.25002, 3.25002, 8.49998, 3.49998], "texture": "#5"},
				"up": {"uv": [8.49998, 3.74998, 8.25002, 3.50002], "texture": "#5"},
				"down": {"uv": [8.49998, 3.75002, 8.25002, 3.99998], "texture": "#5"}
			}
		},
		{
			"from": [14.93556, 11.13308, 7.80708],
			"to": [15.62306, 11.32058, 8.18208],
			"rotation": {"angle": 45, "axis": "z", "origin": [15.21681, 11.16433, 7.86958]},
			"faces": {
				"north": {"uv": [8.25002, 4.00002, 8.49998, 4.24998], "texture": "#5"},
				"east": {"uv": [8.25002, 4.25002, 8.49998, 4.49998], "texture": "#5"},
				"south": {"uv": [8.25002, 4.50002, 8.49998, 4.74998], "texture": "#5"},
				"west": {"uv": [8.25002, 4.75002, 8.49998, 4.99998], "texture": "#5"},
				"up": {"uv": [8.49998, 5.24998, 8.25002, 5.00002], "texture": "#5"},
				"down": {"uv": [8.49998, 5.25002, 8.25002, 5.49998], "texture": "#5"}
			}
		},
		{
			"from": [14.94684, 9.00201, 7.80708],
			"to": [15.19684, 10.00201, 8.18208],
			"rotation": {"angle": -45, "axis": "z", "origin": [15.13434, 9.68951, 7.86958]},
			"faces": {
				"north": {"uv": [8.25002, 5.50002, 8.49998, 5.74998], "texture": "#5"},
				"east": {"uv": [8.25002, 5.75002, 8.49998, 5.99998], "texture": "#5"},
				"south": {"uv": [8.25002, 6.00002, 8.49998, 6.24998], "texture": "#5"},
				"west": {"uv": [8.25002, 6.25002, 8.49998, 6.49998], "texture": "#5"},
				"up": {"uv": [8.49998, 6.74998, 8.25002, 6.50002], "texture": "#5"},
				"down": {"uv": [8.49998, 6.75002, 8.25002, 6.99998], "texture": "#5"}
			}
		},
		{
			"from": [15.20777, 10.07679, 7.80708],
			"to": [15.95777, 10.32679, 8.18208],
			"rotation": {"angle": 22.5, "axis": "z", "origin": [15.89527, 10.13929, 7.86958]},
			"faces": {
				"north": {"uv": [8.25002, 7.00002, 8.49998, 7.24998], "texture": "#5"},
				"east": {"uv": [8.25002, 7.25002, 8.49998, 7.49998], "texture": "#5"},
				"south": {"uv": [8.25002, 7.50002, 8.49998, 7.74998], "texture": "#5"},
				"west": {"uv": [8.25002, 7.75002, 8.49998, 7.99998], "texture": "#5"},
				"up": {"uv": [8.49998, 8.24998, 8.25002, 8.00002], "texture": "#5"},
				"down": {"uv": [0.24998, 8.50002, 0.00002, 8.74998], "texture": "#5"}
			}
		},
		{
			"from": [15.85193, 10.10547, 7.80708],
			"to": [16.60193, 10.35547, 8.18208],
			"rotation": {"angle": 0, "axis": "z", "origin": [16.53943, 10.16797, 7.86958]},
			"faces": {
				"north": {"uv": [0.25002, 8.50002, 0.49998, 8.74998], "texture": "#5"},
				"east": {"uv": [0.50002, 8.50002, 0.74998, 8.74998], "texture": "#5"},
				"south": {"uv": [0.75002, 8.50002, 0.99998, 8.74998], "texture": "#5"},
				"west": {"uv": [1.00002, 8.50002, 1.24998, 8.74998], "texture": "#5"},
				"up": {"uv": [1.49998, 8.74998, 1.25002, 8.50002], "texture": "#5"},
				"down": {"uv": [1.74998, 8.50002, 1.50002, 8.74998], "texture": "#5"}
			}
		},
		{
			"from": [16.45803, 9.88545, 7.80708],
			"to": [17.83303, 10.13545, 8.18208],
			"rotation": {"angle": -22.5, "axis": "z", "origin": [17.14553, 9.94795, 7.86958]},
			"faces": {
				"north": {"uv": [1.75002, 8.50002, 1.99998, 8.74998], "texture": "#5"},
				"east": {"uv": [2.00002, 8.50002, 2.24998, 8.74998], "texture": "#5"},
				"south": {"uv": [2.25002, 8.50002, 2.49998, 8.74998], "texture": "#5"},
				"west": {"uv": [2.50002, 8.50002, 2.74998, 8.74998], "texture": "#5"},
				"up": {"uv": [2.99998, 8.74998, 2.75002, 8.50002], "texture": "#5"},
				"down": {"uv": [3.24998, 8.50002, 3.00002, 8.74998], "texture": "#5"}
			}
		},
		{
			"from": [17.79783, 9.50655, 7.80708],
			"to": [18.17283, 10.00655, 8.18208],
			"rotation": {"angle": -45, "axis": "z", "origin": [18.11033, 10.06905, 7.86958]},
			"faces": {
				"north": {"uv": [3.25002, 8.50002, 3.49998, 8.74998], "texture": "#5"},
				"east": {"uv": [3.50002, 8.50002, 3.74998, 8.74998], "texture": "#5"},
				"south": {"uv": [3.75002, 8.50002, 3.99998, 8.74998], "texture": "#5"},
				"west": {"uv": [4.00002, 8.50002, 4.24998, 8.74998], "texture": "#5"},
				"up": {"uv": [4.49998, 8.74998, 4.25002, 8.50002], "texture": "#5"},
				"down": {"uv": [4.74998, 8.50002, 4.50002, 8.74998], "texture": "#5"}
			}
		},
		{
			"from": [17.91859, 10.19117, 7.80708],
			"to": [18.54359, 10.56617, 8.18208],
			"rotation": {"angle": 22.5, "axis": "z", "origin": [18.60609, 10.25367, 7.86958]},
			"faces": {
				"north": {"uv": [4.75002, 8.50002, 4.99998, 8.74998], "texture": "#5"},
				"east": {"uv": [5.00002, 8.50002, 5.24998, 8.74998], "texture": "#5"},
				"south": {"uv": [5.25002, 8.50002, 5.49998, 8.74998], "texture": "#5"},
				"west": {"uv": [5.50002, 8.50002, 5.74998, 8.74998], "texture": "#5"},
				"up": {"uv": [5.99998, 8.74998, 5.75002, 8.50002], "texture": "#5"},
				"down": {"uv": [6.24998, 8.50002, 6.00002, 8.74998], "texture": "#5"}
			}
		},
		{
			"from": [18.36332, 10.55145, 7.80708],
			"to": [19.86332, 10.80145, 8.18208],
			"rotation": {"angle": 45, "axis": "z", "origin": [18.92582, 10.61395, 7.86958]},
			"faces": {
				"north": {"uv": [6.50002, 3.50002, 6.99998, 3.74998], "texture": "#5"},
				"east": {"uv": [6.25002, 8.50002, 6.49998, 8.74998], "texture": "#5"},
				"south": {"uv": [6.50002, 3.75002, 6.99998, 3.99998], "texture": "#5"},
				"west": {"uv": [6.50002, 8.50002, 6.74998, 8.74998], "texture": "#5"},
				"up": {"uv": [6.99998, 4.24998, 6.50002, 4.00002], "texture": "#5"},
				"down": {"uv": [6.99998, 4.25002, 6.50002, 4.49998], "texture": "#5"}
			}
		},
		{
			"from": [19.44119, 11.44317, 7.80708],
			"to": [20.19119, 11.66192, 8.18208],
			"rotation": {"angle": 22.5, "axis": "z", "origin": [20.12869, 11.50567, 7.86958]},
			"faces": {
				"north": {"uv": [6.75002, 8.50002, 6.99998, 8.74998], "texture": "#5"},
				"east": {"uv": [7.00002, 8.50002, 7.24998, 8.74998], "texture": "#5"},
				"south": {"uv": [7.25002, 8.50002, 7.49998, 8.74998], "texture": "#5"},
				"west": {"uv": [7.50002, 8.50002, 7.74998, 8.74998], "texture": "#5"},
				"up": {"uv": [7.99998, 8.74998, 7.75002, 8.50002], "texture": "#5"},
				"down": {"uv": [8.24998, 8.50002, 8.00002, 8.74998], "texture": "#5"}
			}
		},
		{
			"from": [20.00141, 11.85129, 7.80708],
			"to": [21.75141, 11.97629, 8.18208],
			"rotation": {"angle": 45, "axis": "z", "origin": [20.56391, 11.91379, 7.86958]},
			"faces": {
				"north": {"uv": [6.50002, 4.50002, 6.99998, 4.74998], "texture": "#5"},
				"east": {"uv": [8.25002, 8.50002, 8.49998, 8.74998], "texture": "#5"},
				"south": {"uv": [6.50002, 4.75002, 6.99998, 4.99998], "texture": "#5"},
				"west": {"uv": [8.50002, 8.50002, 8.74998, 8.74998], "texture": "#5"},
				"up": {"uv": [6.99998, 5.24998, 6.50002, 5.00002], "texture": "#5"},
				"down": {"uv": [6.99998, 5.25002, 6.50002, 5.49998], "texture": "#5"}
			}
		},
		{
			"from": [17.34871, 12.22299, 7.80708],
			"to": [21.47371, 12.34799, 8.18208],
			"rotation": {"angle": 22.5, "axis": "z", "origin": [20.28621, 12.28549, 7.86958]},
			"faces": {
				"north": {"uv": [6.00002, 2.25002, 6.99998, 2.49998], "texture": "#5"},
				"east": {"uv": [8.50002, 2.25002, 8.74998, 2.49998], "texture": "#5"},
				"south": {"uv": [6.00002, 2.50002, 6.99998, 2.74998], "texture": "#5"},
				"west": {"uv": [8.50002, 2.50002, 8.74998, 2.74998], "texture": "#5"},
				"up": {"uv": [6.99998, 2.99998, 6.00002, 2.75002], "texture": "#5"},
				"down": {"uv": [6.99998, 3.00002, 6.00002, 3.24998], "texture": "#5"}
			}
		},
		{
			"from": [15.27912, 11.14194, 7.80708],
			"to": [17.66389, 11.26694, 8.18208],
			"rotation": {"angle": 0, "axis": "z", "origin": [16.47639, 11.20444, 7.86958]},
			"faces": {
				"north": {"uv": [6.50002, 5.50002, 6.99998, 5.74998], "texture": "#5"},
				"east": {"uv": [8.50002, 2.75002, 8.74998, 2.99998], "texture": "#5"},
				"south": {"uv": [6.50002, 5.75002, 6.99998, 5.99998], "texture": "#5"},
				"west": {"uv": [8.50002, 3.00002, 8.74998, 3.24998], "texture": "#5"},
				"up": {"uv": [7.49998, 2.49998, 7.00002, 2.25002], "texture": "#5"},
				"down": {"uv": [7.49998, 2.50002, 7.00002, 2.74998], "texture": "#5"}
			}
		},
		{
			"from": [16.2906, 3.99054, 7.92208],
			"to": [16.3356, 5.37288, 8.13708],
			"rotation": {"angle": 22.5, "axis": "z", "origin": [15.80824, 5.18111, 7.84208]},
			"faces": {
				"north": {"uv": [8.50002, 3.25002, 8.74998, 3.49998], "texture": "#5"},
				"east": {"uv": [8.50002, 3.50002, 8.74998, 3.74998], "texture": "#5"},
				"south": {"uv": [8.50002, 3.75002, 8.74998, 3.99998], "texture": "#5"},
				"west": {"uv": [8.50002, 4.00002, 8.74998, 4.24998], "texture": "#5"},
				"up": {"uv": [8.74998, 4.49998, 8.50002, 4.25002], "texture": "#5"},
				"down": {"uv": [8.74998, 4.50002, 8.50002, 4.74998], "texture": "#5"}
			}
		},
		{
			"from": [15.26005, 5.21325, 7.92208],
			"to": [15.37005, 5.30325, 8.13708],
			"rotation": {"angle": -45, "axis": "z", "origin": [15.80824, 5.18111, 7.84208]},
			"faces": {
				"north": {"uv": [8.50002, 4.75002, 8.74998, 4.99998], "texture": "#5"},
				"east": {"uv": [8.50002, 5.00002, 8.74998, 5.24998], "texture": "#5"},
				"south": {"uv": [8.50002, 5.25002, 8.74998, 5.49998], "texture": "#5"},
				"west": {"uv": [8.50002, 5.50002, 8.74998, 5.74998], "texture": "#5"},
				"up": {"uv": [8.74998, 5.99998, 8.50002, 5.75002], "texture": "#5"},
				"down": {"uv": [8.74998, 6.00002, 8.50002, 6.24998], "texture": "#5"}
			}
		},
		{
			"from": [15.36014, 5.37164, 7.92208],
			"to": [15.72014, 5.46164, 8.13708],
			"rotation": {"angle": -22.5, "axis": "z", "origin": [15.80824, 5.18111, 7.84208]},
			"faces": {
				"north": {"uv": [8.50002, 6.25002, 8.74998, 6.49998], "texture": "#5"},
				"east": {"uv": [8.50002, 6.50002, 8.74998, 6.74998], "texture": "#5"},
				"south": {"uv": [8.50002, 6.75002, 8.74998, 6.99998], "texture": "#5"},
				"west": {"uv": [8.50002, 7.00002, 8.74998, 7.24998], "texture": "#5"},
				"up": {"uv": [8.74998, 7.49998, 8.50002, 7.25002], "texture": "#5"},
				"down": {"uv": [8.74998, 7.50002, 8.50002, 7.74998], "texture": "#5"}
			}
		},
		{
			"from": [15.7442, 5.384, 7.92208],
			"to": [16.0142, 5.474, 8.13708],
			"rotation": {"angle": 0, "axis": "z", "origin": [15.80824, 5.18111, 7.84208]},
			"faces": {
				"north": {"uv": [8.50002, 7.75002, 8.74998, 7.99998], "texture": "#5"},
				"east": {"uv": [8.50002, 8.00002, 8.74998, 8.24998], "texture": "#5"},
				"south": {"uv": [8.50002, 8.25002, 8.74998, 8.49998], "texture": "#5"},
				"west": {"uv": [0.00002, 8.75002, 0.24998, 8.99998], "texture": "#5"},
				"up": {"uv": [0.49998, 8.99998, 0.25002, 8.75002], "texture": "#5"},
				"down": {"uv": [0.74998, 8.75002, 0.50002, 8.99998], "texture": "#5"}
			}
		},
		{
			"from": [16.0206, 5.28288, 7.92208],
			"to": [16.2906, 5.37288, 8.13708],
			"rotation": {"angle": 22.5, "axis": "z", "origin": [15.80824, 5.18111, 7.84208]},
			"faces": {
				"north": {"uv": [0.75002, 8.75002, 0.99998, 8.99998], "texture": "#5"},
				"east": {"uv": [1.00002, 8.75002, 1.24998, 8.99998], "texture": "#5"},
				"south": {"uv": [1.25002, 8.75002, 1.49998, 8.99998], "texture": "#5"},
				"west": {"uv": [1.50002, 8.75002, 1.74998, 8.99998], "texture": "#5"},
				"up": {"uv": [1.99998, 8.99998, 1.75002, 8.75002], "texture": "#5"},
				"down": {"uv": [2.24998, 8.75002, 2.00002, 8.99998], "texture": "#5"}
			}
		},
		{
			"from": [15.62596, 4.72167, 7.92208],
			"to": [15.71596, 4.99167, 8.13708],
			"rotation": {"angle": -22.5, "axis": "z", "origin": [15.80824, 5.18111, 7.84208]},
			"faces": {
				"north": {"uv": [2.25002, 8.75002, 2.49998, 8.99998], "texture": "#5"},
				"east": {"uv": [2.50002, 8.75002, 2.74998, 8.99998], "texture": "#5"},
				"south": {"uv": [2.75002, 8.75002, 2.99998, 8.99998], "texture": "#5"},
				"west": {"uv": [3.00002, 8.75002, 3.24998, 8.99998], "texture": "#5"},
				"up": {"uv": [3.49998, 8.99998, 3.25002, 8.75002], "texture": "#5"},
				"down": {"uv": [3.74998, 8.75002, 3.50002, 8.99998], "texture": "#5"}
			}
		},
		{
			"from": [15.5329, 4.9927, 7.92208],
			"to": [15.6229, 5.2627, 8.13708],
			"rotation": {"angle": 0, "axis": "z", "origin": [15.80824, 5.18111, 7.84208]},
			"faces": {
				"north": {"uv": [3.75002, 8.75002, 3.99998, 8.99998], "texture": "#5"},
				"east": {"uv": [4.00002, 8.75002, 4.24998, 8.99998], "texture": "#5"},
				"south": {"uv": [4.25002, 8.75002, 4.49998, 8.99998], "texture": "#5"},
				"west": {"uv": [4.50002, 8.75002, 4.74998, 8.99998], "texture": "#5"},
				"up": {"uv": [4.99998, 8.99998, 4.75002, 8.75002], "texture": "#5"},
				"down": {"uv": [5.24998, 8.75002, 5.00002, 8.99998], "texture": "#5"}
			}
		},
		{
			"from": [15.55064, 5.2787, 7.92208],
			"to": [15.64064, 5.5487, 8.13708],
			"rotation": {"angle": 22.5, "axis": "z", "origin": [15.80824, 5.18111, 7.84208]},
			"faces": {
				"north": {"uv": [5.25002, 8.75002, 5.49998, 8.99998], "texture": "#5"},
				"east": {"uv": [5.50002, 8.75002, 5.74998, 8.99998], "texture": "#5"},
				"south": {"uv": [5.75002, 8.75002, 5.99998, 8.99998], "texture": "#5"},
				"west": {"uv": [6.00002, 8.75002, 6.24998, 8.99998], "texture": "#5"},
				"up": {"uv": [6.49998, 8.99998, 6.25002, 8.75002], "texture": "#5"},
				"down": {"uv": [6.74998, 8.75002, 6.50002, 8.99998], "texture": "#5"}
			}
		},
		{
			"from": [15.62596, 4.67667, 7.92208],
			"to": [17.00831, 4.72167, 8.13708],
			"rotation": {"angle": -22.5, "axis": "z", "origin": [15.80824, 5.18111, 7.84208]},
			"faces": {
				"north": {"uv": [6.75002, 8.75002, 6.99998, 8.99998], "texture": "#5"},
				"east": {"uv": [7.00002, 8.75002, 7.24998, 8.99998], "texture": "#5"},
				"south": {"uv": [7.25002, 8.75002, 7.49998, 8.99998], "texture": "#5"},
				"west": {"uv": [7.50002, 8.75002, 7.74998, 8.99998], "texture": "#5"},
				"up": {"uv": [7.99998, 8.99998, 7.75002, 8.75002], "texture": "#5"},
				"down": {"uv": [8.24998, 8.75002, 8.00002, 8.99998], "texture": "#5"}
			}
		},
		{
			"from": [16.72392, 4.25582, 7.92208],
			"to": [16.75107, 4.28298, 8.13708],
			"rotation": {"angle": 0, "axis": "z", "origin": [15.80824, 5.18111, 7.84208]},
			"faces": {
				"north": {"uv": [8.25002, 8.75002, 8.49998, 8.99998], "texture": "#5"},
				"east": {"uv": [8.50002, 8.75002, 8.74998, 8.99998], "texture": "#5"},
				"south": {"uv": [8.75002, 8.75002, 8.99998, 8.99998], "texture": "#5"},
				"west": {"uv": [8.75002, 0.00002, 8.99998, 0.24998], "texture": "#5"},
				"up": {"uv": [8.99998, 0.49998, 8.75002, 0.25002], "texture": "#5"},
				"down": {"uv": [8.99998, 0.50002, 8.75002, 0.74998], "texture": "#5"}
			}
		},
		{
			"from": [15.33529, 5.25538, 7.92208],
			"to": [15.36091, 5.34538, 8.13708],
			"rotation": {"angle": -22.5, "axis": "z", "origin": [15.80824, 5.18111, 7.84208]},
			"faces": {
				"north": {"uv": [8.75002, 0.75002, 8.99998, 0.99998], "texture": "#5"},
				"east": {"uv": [8.75002, 1.00002, 8.99998, 1.24998], "texture": "#5"},
				"south": {"uv": [8.75002, 1.25002, 8.99998, 1.49998], "texture": "#5"},
				"west": {"uv": [8.75002, 1.50002, 8.99998, 1.74998], "texture": "#5"},
				"up": {"uv": [8.99998, 1.99998, 8.75002, 1.75002], "texture": "#5"},
				"down": {"uv": [8.99998, 2.00002, 8.75002, 2.24998], "texture": "#5"}
			}
		},
		{
			"from": [16.99875, 8.57798, 7.93208],
			"to": [18.91867, 8.64048, 8.05708],
			"rotation": {"angle": -22.5, "axis": "z", "origin": [17.12375, 8.60923, 7.86958]},
			"faces": {
				"north": {"uv": [7.00002, 2.75002, 7.49998, 2.99998], "texture": "#5"},
				"east": {"uv": [8.75002, 2.25002, 8.99998, 2.49998], "texture": "#5"},
				"south": {"uv": [7.00002, 3.00002, 7.49998, 3.24998], "texture": "#5"},
				"west": {"uv": [8.75002, 2.50002, 8.99998, 2.74998], "texture": "#5"},
				"up": {"uv": [7.49998, 3.49998, 7.00002, 3.25002], "texture": "#5"},
				"down": {"uv": [7.49998, 3.50002, 7.00002, 3.74998], "texture": "#5"}
			}
		},
		{
			"from": [17.03586, 8.51353, 7.93208],
			"to": [18.84055, 8.59166, 8.05708],
			"rotation": {"angle": -22.5, "axis": "z", "origin": [17.12375, 8.60923, 7.86958]},
			"faces": {
				"north": {"uv": [7.00002, 3.75002, 7.49998, 3.99998], "texture": "#5"},
				"east": {"uv": [8.75002, 2.75002, 8.99998, 2.99998], "texture": "#5"},
				"south": {"uv": [7.00002, 4.00002, 7.49998, 4.24998], "texture": "#5"},
				"west": {"uv": [8.75002, 3.00002, 8.99998, 3.24998], "texture": "#5"},
				"up": {"uv": [7.49998, 4.49998, 7.00002, 4.25002], "texture": "#5"},
				"down": {"uv": [7.49998, 4.50002, 7.00002, 4.74998], "texture": "#5"}
			}
		},
		{
			"from": [15.8774, 7.95195, 7.93208],
			"to": [16.3774, 8.07695, 8.05708],
			"rotation": {"angle": 0, "axis": "z", "origin": [16.1899, 8.01445, 7.86958]},
			"faces": {
				"north": {"uv": [8.75002, 3.25002, 8.99998, 3.49998], "texture": "#5"},
				"east": {"uv": [8.75002, 3.50002, 8.99998, 3.74998], "texture": "#5"},
				"south": {"uv": [8.75002, 3.75002, 8.99998, 3.99998], "texture": "#5"},
				"west": {"uv": [8.75002, 4.00002, 8.99998, 4.24998], "texture": "#5"},
				"up": {"uv": [8.99998, 4.49998, 8.75002, 4.25002], "texture": "#5"},
				"down": {"uv": [8.99998, 4.50002, 8.75002, 4.74998], "texture": "#5"}
			}
		},
		{
			"from": [16.25253, 8.07629, 7.93208],
			"to": [16.75253, 8.20129, 8.05708],
			"rotation": {"angle": 22.5, "axis": "z", "origin": [16.69003, 8.13879, 7.86958]},
			"faces": {
				"north": {"uv": [8.75002, 4.75002, 8.99998, 4.99998], "texture": "#5"},
				"east": {"uv": [8.75002, 5.00002, 8.99998, 5.24998], "texture": "#5"},
				"south": {"uv": [8.75002, 5.25002, 8.99998, 5.49998], "texture": "#5"},
				"west": {"uv": [8.75002, 5.50002, 8.99998, 5.74998], "texture": "#5"},
				"up": {"uv": [8.99998, 5.99998, 8.75002, 5.75002], "texture": "#5"},
				"down": {"uv": [8.99998, 6.00002, 8.75002, 6.24998], "texture": "#5"}
			}
		},
		{
			"from": [16.92652, 7.95973, 7.93208],
			"to": [17.05152, 8.33473, 8.05708],
			"rotation": {"angle": -45, "axis": "z", "origin": [16.98902, 8.39723, 7.86958]},
			"faces": {
				"north": {"uv": [8.75002, 6.25002, 8.99998, 6.49998], "texture": "#5"},
				"east": {"uv": [8.75002, 6.50002, 8.99998, 6.74998], "texture": "#5"},
				"south": {"uv": [8.75002, 6.75002, 8.99998, 6.99998], "texture": "#5"},
				"west": {"uv": [8.75002, 7.00002, 8.99998, 7.24998], "texture": "#5"},
				"up": {"uv": [8.99998, 7.49998, 8.75002, 7.25002], "texture": "#5"},
				"down": {"uv": [8.99998, 7.50002, 8.75002, 7.74998], "texture": "#5"}
			}
		},
		{
			"from": [17.01546, 8.22452, 7.93208],
			"to": [17.14046, 8.59952, 8.05708],
			"rotation": {"angle": -22.5, "axis": "z", "origin": [17.07796, 8.66202, 7.86958]},
			"faces": {
				"north": {"uv": [8.75002, 7.75002, 8.99998, 7.99998], "texture": "#5"},
				"east": {"uv": [8.75002, 8.00002, 8.99998, 8.24998], "texture": "#5"},
				"south": {"uv": [8.75002, 8.25002, 8.99998, 8.49998], "texture": "#5"},
				"west": {"uv": [8.75002, 8.50002, 8.99998, 8.74998], "texture": "#5"},
				"up": {"uv": [0.24998, 9.24998, 0.00002, 9.00002], "texture": "#5"},
				"down": {"uv": [0.49998, 9.00002, 0.25002, 9.24998], "texture": "#5"}
			}
		},
		{
			"from": [17.01546, 7.24957, 7.93208],
			"to": [17.14046, 7.62457, 8.05708],
			"rotation": {"angle": 22.5, "axis": "z", "origin": [17.07796, 7.18707, 7.86958]},
			"faces": {
				"north": {"uv": [0.50002, 9.00002, 0.74998, 9.24998], "texture": "#5"},
				"east": {"uv": [0.75002, 9.00002, 0.99998, 9.24998], "texture": "#5"},
				"south": {"uv": [1.00002, 9.00002, 1.24998, 9.24998], "texture": "#5"},
				"west": {"uv": [1.25002, 9.00002, 1.49998, 9.24998], "texture": "#5"},
				"up": {"uv": [1.74998, 9.24998, 1.50002, 9.00002], "texture": "#5"},
				"down": {"uv": [1.99998, 9.00002, 1.75002, 9.24998], "texture": "#5"}
			}
		},
		{
			"from": [16.92652, 7.51437, 7.93208],
			"to": [17.05152, 7.88937, 8.05708],
			"rotation": {"angle": 45, "axis": "z", "origin": [16.98902, 7.45187, 7.86958]},
			"faces": {
				"north": {"uv": [2.00002, 9.00002, 2.24998, 9.24998], "texture": "#5"},
				"east": {"uv": [2.25002, 9.00002, 2.49998, 9.24998], "texture": "#5"},
				"south": {"uv": [2.50002, 9.00002, 2.74998, 9.24998], "texture": "#5"},
				"west": {"uv": [2.75002, 9.00002, 2.99998, 9.24998], "texture": "#5"},
				"up": {"uv": [3.24998, 9.24998, 3.00002, 9.00002], "texture": "#5"},
				"down": {"uv": [3.49998, 9.00002, 3.25002, 9.24998], "texture": "#5"}
			}
		},
		{
			"from": [16.37753, 7.6478, 7.93208],
			"to": [16.75253, 7.7728, 8.05708],
			"rotation": {"angle": -22.5, "axis": "z", "origin": [16.69003, 7.7103, 7.86958]},
			"faces": {
				"north": {"uv": [3.50002, 9.00002, 3.74998, 9.24998], "texture": "#5"},
				"east": {"uv": [3.75002, 9.00002, 3.99998, 9.24998], "texture": "#5"},
				"south": {"uv": [4.00002, 9.00002, 4.24998, 9.24998], "texture": "#5"},
				"west": {"uv": [4.25002, 9.00002, 4.49998, 9.24998], "texture": "#5"},
				"up": {"uv": [4.74998, 9.24998, 4.50002, 9.00002], "texture": "#5"},
				"down": {"uv": [4.99998, 9.00002, 4.75002, 9.24998], "texture": "#5"}
			}
		},
		{
			"from": [16.99875, 7.20861, 7.93208],
			"to": [18.91867, 7.27111, 8.05708],
			"rotation": {"angle": 22.5, "axis": "z", "origin": [17.12375, 7.23986, 7.86958]},
			"faces": {
				"north": {"uv": [7.00002, 4.75002, 7.49998, 4.99998], "texture": "#5"},
				"east": {"uv": [5.00002, 9.00002, 5.24998, 9.24998], "texture": "#5"},
				"south": {"uv": [7.00002, 5.00002, 7.49998, 5.24998], "texture": "#5"},
				"west": {"uv": [5.25002, 9.00002, 5.49998, 9.24998], "texture": "#5"},
				"up": {"uv": [7.49998, 5.49998, 7.00002, 5.25002], "texture": "#5"},
				"down": {"uv": [7.49998, 5.50002, 7.00002, 5.74998], "texture": "#5"}
			}
		},
		{
			"from": [17.11398, 7.26916, 7.93208],
			"to": [18.75851, 7.39611, 8.05708],
			"rotation": {"angle": 22.5, "axis": "z", "origin": [17.12375, 7.23986, 7.86958]},
			"faces": {
				"north": {"uv": [7.00002, 5.75002, 7.49998, 5.99998], "texture": "#5"},
				"east": {"uv": [5.50002, 9.00002, 5.74998, 9.24998], "texture": "#5"},
				"south": {"uv": [7.50002, 2.25002, 7.99998, 2.49998], "texture": "#5"},
				"west": {"uv": [5.75002, 9.00002, 5.99998, 9.24998], "texture": "#5"},
				"up": {"uv": [7.99998, 2.74998, 7.50002, 2.50002], "texture": "#5"},
				"down": {"uv": [7.99998, 2.75002, 7.50002, 2.99998], "texture": "#5"}
			}
		},
		{
			"from": [18.78131, 7.91339, 7.93208],
			"to": [18.81903, 7.95111, 8.05708],
			"rotation": {"angle": -45, "axis": "z", "origin": [18.78778, 7.93585, 7.86958]},
			"faces": {
				"north": {"uv": [6.00002, 9.00002, 6.24998, 9.24998], "texture": "#5"},
				"east": {"uv": [6.25002, 9.00002, 6.49998, 9.24998], "texture": "#5"},
				"south": {"uv": [6.50002, 9.00002, 6.74998, 9.24998], "texture": "#5"},
				"west": {"uv": [6.75002, 9.00002, 6.99998, 9.24998], "texture": "#5"},
				"up": {"uv": [7.24998, 9.24998, 7.00002, 9.00002], "texture": "#5"},
				"down": {"uv": [7.49998, 9.00002, 7.25002, 9.24998], "texture": "#5"}
			}
		},
		{
			"from": [15.97115, 7.76445, 7.93208],
			"to": [16.5649, 7.88945, 8.05708],
			"rotation": {"angle": 0, "axis": "y", "origin": [16.28365, 7.82695, 7.86958]},
			"faces": {
				"north": {"uv": [7.50002, 9.00002, 7.74998, 9.24998], "texture": "#5"},
				"east": {"uv": [7.75002, 9.00002, 7.99998, 9.24998], "texture": "#5"},
				"south": {"uv": [8.00002, 9.00002, 8.24998, 9.24998], "texture": "#5"},
				"west": {"uv": [8.25002, 9.00002, 8.49998, 9.24998], "texture": "#5"},
				"up": {"uv": [8.74998, 9.24998, 8.50002, 9.00002], "texture": "#5"},
				"down": {"uv": [8.99998, 9.00002, 8.75002, 9.24998], "texture": "#5"}
			}
		},
		{
			"from": [15.97115, 7.7332, 7.93208],
			"to": [16.35396, 7.8582, 8.05708],
			"rotation": {"angle": 22.5, "axis": "z", "origin": [16.28365, 7.7957, 7.86958]},
			"faces": {
				"north": {"uv": [9.00002, 9.00002, 9.24998, 9.24998], "texture": "#5"},
				"east": {"uv": [9.00002, 0.00002, 9.24998, 0.24998], "texture": "#5"},
				"south": {"uv": [9.00002, 0.25002, 9.24998, 0.49998], "texture": "#5"},
				"west": {"uv": [9.00002, 0.50002, 9.24998, 0.74998], "texture": "#5"},
				"up": {"uv": [9.24998, 0.99998, 9.00002, 0.75002], "texture": "#5"},
				"down": {"uv": [9.24998, 1.00002, 9.00002, 1.24998], "texture": "#5"}
			}
		},
		{
			"from": [15.12361, 8.24313, 7.80708],
			"to": [15.37361, 9.49313, 8.18208],
			"rotation": {"angle": 45, "axis": "z", "origin": [15.31111, 8.80563, 7.86958]},
			"faces": {
				"north": {"uv": [9.00002, 1.25002, 9.24998, 1.49998], "texture": "#5"},
				"east": {"uv": [9.00002, 1.50002, 9.24998, 1.74998], "texture": "#5"},
				"south": {"uv": [9.00002, 1.75002, 9.24998, 1.99998], "texture": "#5"},
				"west": {"uv": [9.00002, 2.00002, 9.24998, 2.24998], "texture": "#5"},
				"up": {"uv": [9.24998, 2.49998, 9.00002, 2.25002], "texture": "#5"},
				"down": {"uv": [9.24998, 2.50002, 9.00002, 2.74998], "texture": "#5"}
			}
		},
		{
			"from": [10.82882, 5.07713, 7.80708],
			"to": [12.70382, 5.20213, 8.18208],
			"rotation": {"angle": -22.5, "axis": "z", "origin": [11.39132, 5.13963, 7.86958]},
			"faces": {
				"north": {"uv": [7.50002, 3.00002, 7.99998, 3.24998], "texture": "#5"},
				"east": {"uv": [9.00002, 2.75002, 9.24998, 2.99998], "texture": "#5"},
				"south": {"uv": [7.50002, 3.25002, 7.99998, 3.49998], "texture": "#5"},
				"west": {"uv": [9.00002, 3.00002, 9.24998, 3.24998], "texture": "#5"},
				"up": {"uv": [7.99998, 3.74998, 7.50002, 3.50002], "texture": "#5"},
				"down": {"uv": [7.99998, 3.75002, 7.50002, 3.99998], "texture": "#5"}
			}
		},
		{
			"from": [10.72716, 4.8811, 7.80708],
			"to": [11.35216, 5.0061, 8.18208],
			"rotation": {"angle": -45, "axis": "z", "origin": [11.28966, 4.9436, 7.86958]},
			"faces": {
				"north": {"uv": [9.00002, 3.25002, 9.24998, 3.49998], "texture": "#5"},
				"east": {"uv": [9.00002, 3.50002, 9.24998, 3.74998], "texture": "#5"},
				"south": {"uv": [9.00002, 3.75002, 9.24998, 3.99998], "texture": "#5"},
				"west": {"uv": [9.00002, 4.00002, 9.24998, 4.24998], "texture": "#5"},
				"up": {"uv": [9.24998, 4.49998, 9.00002, 4.25002], "texture": "#5"},
				"down": {"uv": [9.24998, 4.50002, 9.00002, 4.74998], "texture": "#5"}
			}
		},
		{
			"from": [11.27076, 4.63519, 7.80708],
			"to": [12.64576, 4.88519, 8.18208],
			"rotation": {"angle": -22.5, "axis": "z", "origin": [11.83326, 4.69769, 7.86958]},
			"faces": {
				"north": {"uv": [9.00002, 4.75002, 9.24998, 4.99998], "texture": "#5"},
				"east": {"uv": [9.00002, 5.00002, 9.24998, 5.24998], "texture": "#5"},
				"south": {"uv": [9.00002, 5.25002, 9.24998, 5.49998], "texture": "#5"},
				"west": {"uv": [9.00002, 5.50002, 9.24998, 5.74998], "texture": "#5"},
				"up": {"uv": [9.24998, 5.99998, 9.00002, 5.75002], "texture": "#5"},
				"down": {"uv": [9.24998, 6.00002, 9.00002, 6.24998], "texture": "#5"}
			}
		},
		{
			"from": [12.55999, 4.32902, 7.80708],
			"to": [13.80999, 4.57902, 8.18208],
			"rotation": {"angle": 0, "axis": "z", "origin": [13.12249, 4.39152, 7.86958]},
			"faces": {
				"north": {"uv": [9.00002, 6.25002, 9.24998, 6.49998], "texture": "#5"},
				"east": {"uv": [9.00002, 6.50002, 9.24998, 6.74998], "texture": "#5"},
				"south": {"uv": [9.00002, 6.75002, 9.24998, 6.99998], "texture": "#5"},
				"west": {"uv": [9.00002, 7.00002, 9.24998, 7.24998], "texture": "#5"},
				"up": {"uv": [9.24998, 7.49998, 9.00002, 7.25002], "texture": "#5"},
				"down": {"uv": [9.24998, 7.50002, 9.00002, 7.74998], "texture": "#5"}
			}
		},
		{
			"from": [12.57999, 4.57962, 7.80708],
			"to": [13.70499, 4.70462, 8.18208],
			"rotation": {"angle": 0, "axis": "y", "origin": [13.14249, 4.64212, 7.86958]},
			"faces": {
				"north": {"uv": [9.00002, 7.75002, 9.24998, 7.99998], "texture": "#5"},
				"east": {"uv": [9.00002, 8.00002, 9.24998, 8.24998], "texture": "#5"},
				"south": {"uv": [9.00002, 8.25002, 9.24998, 8.49998], "texture": "#5"},
				"west": {"uv": [9.00002, 8.50002, 9.24998, 8.74998], "texture": "#5"},
				"up": {"uv": [9.24998, 8.99998, 9.00002, 8.75002], "texture": "#5"},
				"down": {"uv": [0.24998, 9.25002, 0.00002, 9.49998], "texture": "#5"}
			}
		},
		{
			"from": [13.07999, 4.70462, 7.80708],
			"to": [13.70499, 4.76712, 8.18208],
			"rotation": {"angle": 0, "axis": "y", "origin": [13.14249, 4.64212, 7.86958]},
			"faces": {
				"north": {"uv": [0.25002, 9.25002, 0.49998, 9.49998], "texture": "#5"},
				"east": {"uv": [0.50002, 9.25002, 0.74998, 9.49998], "texture": "#5"},
				"south": {"uv": [0.75002, 9.25002, 0.99998, 9.49998], "texture": "#5"},
				"west": {"uv": [1.00002, 9.25002, 1.24998, 9.49998], "texture": "#5"},
				"up": {"uv": [1.49998, 9.49998, 1.25002, 9.25002], "texture": "#5"},
				"down": {"uv": [1.74998, 9.25002, 1.50002, 9.49998], "texture": "#5"}
			}
		},
		{
			"from": [13.62307, 4.61305, 7.80708],
			"to": [14.49807, 4.80055, 8.18208],
			"rotation": {"angle": 22.5, "axis": "z", "origin": [13.68557, 4.67555, 7.86958]},
			"faces": {
				"north": {"uv": [1.75002, 9.25002, 1.99998, 9.49998], "texture": "#5"},
				"east": {"uv": [2.00002, 9.25002, 2.24998, 9.49998], "texture": "#5"},
				"south": {"uv": [2.25002, 9.25002, 2.49998, 9.49998], "texture": "#5"},
				"west": {"uv": [2.50002, 9.25002, 2.74998, 9.49998], "texture": "#5"},
				"up": {"uv": [2.99998, 9.49998, 2.75002, 9.25002], "texture": "#5"},
				"down": {"uv": [3.24998, 9.25002, 3.00002, 9.49998], "texture": "#5"}
			}
		},
		{
			"from": [14.33347, 4.99527, 7.80708],
			"to": [15.20847, 5.18277, 8.18208],
			"rotation": {"angle": 45, "axis": "z", "origin": [14.52097, 5.05777, 7.86958]},
			"faces": {
				"north": {"uv": [3.25002, 9.25002, 3.49998, 9.49998], "texture": "#5"},
				"east": {"uv": [3.50002, 9.25002, 3.74998, 9.49998], "texture": "#5"},
				"south": {"uv": [3.75002, 9.25002, 3.99998, 9.49998], "texture": "#5"},
				"west": {"uv": [4.00002, 9.25002, 4.24998, 9.49998], "texture": "#5"},
				"up": {"uv": [4.49998, 9.49998, 4.25002, 9.25002], "texture": "#5"},
				"down": {"uv": [4.74998, 9.25002, 4.50002, 9.49998], "texture": "#5"}
			}
		},
		{
			"from": [14.91957, 5.43443, 7.80708],
			"to": [15.10707, 6.55943, 8.18208],
			"rotation": {"angle": -22.5, "axis": "z", "origin": [15.04457, 5.62193, 7.86958]},
			"faces": {
				"north": {"uv": [4.75002, 9.25002, 4.99998, 9.49998], "texture": "#5"},
				"east": {"uv": [5.00002, 9.25002, 5.24998, 9.49998], "texture": "#5"},
				"south": {"uv": [5.25002, 9.25002, 5.49998, 9.49998], "texture": "#5"},
				"west": {"uv": [5.50002, 9.25002, 5.74998, 9.49998], "texture": "#5"},
				"up": {"uv": [5.99998, 9.49998, 5.75002, 9.25002], "texture": "#5"},
				"down": {"uv": [6.24998, 9.25002, 6.00002, 9.49998], "texture": "#5"}
			}
		},
		{
			"from": [15.28785, 6.4109, 7.80708],
			"to": [15.47535, 7.4109, 8.18208],
			"rotation": {"angle": 0, "axis": "z", "origin": [15.41285, 6.5984, 7.86958]},
			"faces": {
				"north": {"uv": [6.25002, 9.25002, 6.49998, 9.49998], "texture": "#5"},
				"east": {"uv": [6.50002, 9.25002, 6.74998, 9.49998], "texture": "#5"},
				"south": {"uv": [6.75002, 9.25002, 6.99998, 9.49998], "texture": "#5"},
				"west": {"uv": [7.00002, 9.25002, 7.24998, 9.49998], "texture": "#5"},
				"up": {"uv": [7.49998, 9.49998, 7.25002, 9.25002], "texture": "#5"},
				"down": {"uv": [7.74998, 9.25002, 7.50002, 9.49998], "texture": "#5"}
			}
		},
		{
			"from": [15.25442, 7.32898, 7.80708],
			"to": [15.44192, 8.20398, 8.18208],
			"rotation": {"angle": 22.5, "axis": "z", "origin": [15.37942, 7.51648, 7.86958]},
			"faces": {
				"north": {"uv": [7.75002, 9.25002, 7.99998, 9.49998], "texture": "#5"},
				"east": {"uv": [8.00002, 9.25002, 8.24998, 9.49998], "texture": "#5"},
				"south": {"uv": [8.25002, 9.25002, 8.49998, 9.49998], "texture": "#5"},
				"west": {"uv": [8.50002, 9.25002, 8.74998, 9.49998], "texture": "#5"},
				"up": {"uv": [8.99998, 9.49998, 8.75002, 9.25002], "texture": "#5"},
				"down": {"uv": [9.24998, 9.25002, 9.00002, 9.49998], "texture": "#5"}
			}
		},
		{
			"from": [14.92003, 8.04889, 7.80708],
			"to": [15.10753, 9.04889, 8.18208],
			"rotation": {"angle": 45, "axis": "z", "origin": [15.04503, 8.23639, 7.86958]},
			"faces": {
				"north": {"uv": [9.25002, 9.25002, 9.49998, 9.49998], "texture": "#5"},
				"east": {"uv": [9.25002, 0.00002, 9.49998, 0.24998], "texture": "#5"},
				"south": {"uv": [9.25002, 0.25002, 9.49998, 0.49998], "texture": "#5"},
				"west": {"uv": [9.25002, 0.50002, 9.49998, 0.74998], "texture": "#5"},
				"up": {"uv": [9.49998, 0.99998, 9.25002, 0.75002], "texture": "#5"},
				"down": {"uv": [9.49998, 1.00002, 9.25002, 1.24998], "texture": "#5"}
			}
		},
		{
			"from": [13.74326, 4.53952, 7.80708],
			"to": [14.99326, 4.78952, 8.18208],
			"rotation": {"angle": 22.5, "axis": "z", "origin": [14.30576, 4.60202, 7.86958]},
			"faces": {
				"north": {"uv": [9.25002, 1.25002, 9.49998, 1.49998], "texture": "#5"},
				"east": {"uv": [9.25002, 1.50002, 9.49998, 1.74998], "texture": "#5"},
				"south": {"uv": [9.25002, 1.75002, 9.49998, 1.99998], "texture": "#5"},
				"west": {"uv": [9.25002, 2.00002, 9.49998, 2.24998], "texture": "#5"},
				"up": {"uv": [9.49998, 2.49998, 9.25002, 2.25002], "texture": "#5"},
				"down": {"uv": [9.49998, 2.50002, 9.25002, 2.74998], "texture": "#5"}
			}
		},
		{
			"from": [14.7559, 5.18682, 7.80708],
			"to": [16.0059, 5.43682, 8.18208],
			"rotation": {"angle": 45, "axis": "z", "origin": [15.3184, 5.24932, 7.86958]},
			"faces": {
				"north": {"uv": [9.25002, 2.75002, 9.49998, 2.99998], "texture": "#5"},
				"east": {"uv": [9.25002, 3.00002, 9.49998, 3.24998], "texture": "#5"},
				"south": {"uv": [9.25002, 3.25002, 9.49998, 3.49998], "texture": "#5"},
				"west": {"uv": [9.25002, 3.50002, 9.49998, 3.74998], "texture": "#5"},
				"up": {"uv": [9.49998, 3.99998, 9.25002, 3.75002], "texture": "#5"},
				"down": {"uv": [9.49998, 4.00002, 9.25002, 4.24998], "texture": "#5"}
			}
		},
		{
			"from": [15.81874, 5.67236, 7.80708],
			"to": [16.06874, 6.29736, 8.18208],
			"rotation": {"angle": -22.5, "axis": "z", "origin": [16.00624, 6.23486, 7.86958]},
			"faces": {
				"north": {"uv": [9.25002, 4.25002, 9.49998, 4.49998], "texture": "#5"},
				"east": {"uv": [9.25002, 4.50002, 9.49998, 4.74998], "texture": "#5"},
				"south": {"uv": [9.25002, 4.75002, 9.49998, 4.99998], "texture": "#5"},
				"west": {"uv": [9.25002, 5.00002, 9.49998, 5.24998], "texture": "#5"},
				"up": {"uv": [9.49998, 5.49998, 9.25002, 5.25002], "texture": "#5"},
				"down": {"uv": [9.49998, 5.50002, 9.25002, 5.74998], "texture": "#5"}
			}
		},
		{
			"from": [15.8379, 6.26868, 7.80708],
			"to": [16.0879, 7.64368, 8.18208],
			"rotation": {"angle": 0, "axis": "z", "origin": [16.0254, 6.83118, 7.86958]},
			"faces": {
				"north": {"uv": [9.25002, 5.75002, 9.49998, 5.99998], "texture": "#5"},
				"east": {"uv": [9.25002, 6.00002, 9.49998, 6.24998], "texture": "#5"},
				"south": {"uv": [9.25002, 6.25002, 9.49998, 6.49998], "texture": "#5"},
				"west": {"uv": [9.25002, 6.50002, 9.49998, 6.74998], "texture": "#5"},
				"up": {"uv": [9.49998, 6.99998, 9.25002, 6.75002], "texture": "#5"},
				"down": {"uv": [9.49998, 7.00002, 9.25002, 7.24998], "texture": "#5"}
			}
		},
		{
			"from": [15.6274, 7.57695, 7.80708],
			"to": [15.8774, 8.45195, 8.18208],
			"rotation": {"angle": 22.5, "axis": "z", "origin": [15.8149, 8.13945, 7.86958]},
			"faces": {
				"north": {"uv": [9.25002, 7.25002, 9.49998, 7.49998], "texture": "#5"},
				"east": {"uv": [9.25002, 7.50002, 9.49998, 7.74998], "texture": "#5"},
				"south": {"uv": [9.25002, 7.75002, 9.49998, 7.99998], "texture": "#5"},
				"west": {"uv": [9.25002, 8.00002, 9.49998, 8.24998], "texture": "#5"},
				"up": {"uv": [9.49998, 8.49998, 9.25002, 8.25002], "texture": "#5"},
				"down": {"uv": [9.49998, 8.50002, 9.25002, 8.74998], "texture": "#5"}
			}
		},
		{
			"from": [10.53514, 3.54777, 7.80317],
			"to": [21.12889, 12.95402, 7.80317],
			"rotation": {"angle": 0, "axis": "y", "origin": [18.84764, 3.76652, 7.83442]},
			"faces": {
				"north": {"uv": [0.00002, 6.00002, 2.74998, 8.24998], "texture": "#5"},
				"east": {"uv": [0.00002, 0.00002, -0.00002, 2.24998], "texture": "#5"},
				"south": {"uv": [2.75002, 6.00002, 5.49998, 8.24998], "texture": "#5"},
				"west": {"uv": [0.00002, 0.00002, -0.00002, 2.24998], "texture": "#5"},
				"up": {"uv": [2.74998, 0.00002, 0.00002, -0.00002], "texture": "#5"},
				"down": {"uv": [2.74998, 0.00002, 0.00002, -0.00002], "texture": "#5"}
			}
		},
		{
			"from": [10.53514, 3.54777, 8.18598],
			"to": [21.12889, 12.95402, 8.18598],
			"rotation": {"angle": 0, "axis": "y", "origin": [18.84764, 3.76652, 8.15473]},
			"faces": {
				"north": {"uv": [5.50002, 6.00002, 8.24998, 8.24998], "texture": "#5"},
				"east": {"uv": [0.00002, 0.00002, -0.00002, 2.24998], "texture": "#5"},
				"south": {"uv": [6.00002, 0.00002, 8.74998, 2.24998], "texture": "#5"},
				"west": {"uv": [0.00002, 0.00002, -0.00002, 2.24998], "texture": "#5"},
				"up": {"uv": [2.74998, 0.00002, 0.00002, -0.00002], "texture": "#5"},
				"down": {"uv": [2.74998, 0.00002, 0.00002, -0.00002], "texture": "#5"}
			}
		},
		{
			"from": [7.41014, 0.92277, 8.02973],
			"to": [31.87889, 12.45402, 8.02973],
			"rotation": {"angle": 0, "axis": "z", "origin": [20.20702, 5.87589, 8.02973]},
			"faces": {
				"north": {"uv": [0.00002, 0.00002, 5.99998, 2.99998], "texture": "#5"},
				"east": {"uv": [0.00002, 0.00002, -0.00002, 2.99998], "texture": "#5"},
				"south": {"uv": [0.00002, 3.00002, 5.99998, 5.99998], "texture": "#5"},
				"west": {"uv": [0.00002, 0.00002, -0.00002, 2.99998], "texture": "#5"},
				"up": {"uv": [5.99998, 0.00002, 0.00002, -0.00002], "texture": "#5"},
				"down": {"uv": [5.99998, 0.00002, 0.00002, -0.00002], "texture": "#5"}
			}
		},
		{
			"from": [2.44503, 9.27317, 7.80708],
			"to": [4.54268, 9.35911, 8.18208],
			"rotation": {"angle": -45, "axis": "z", "origin": [4.35128, 9.45286, 7.86958]},
			"faces": {
				"north": {"uv": [6.49998, 3.25002, 6.00002, 3.49998], "texture": "#5"},
				"east": {"uv": [7.74998, 4.25002, 7.50002, 4.49998], "texture": "#5"},
				"south": {"uv": [6.49998, 3.50002, 6.00002, 3.74998], "texture": "#5"},
				"west": {"uv": [7.74998, 4.00002, 7.50002, 4.24998], "texture": "#5"},
				"up": {"uv": [6.00002, 3.99998, 6.49998, 3.75002], "texture": "#5"},
				"down": {"uv": [6.00002, 4.00002, 6.49998, 4.24998], "texture": "#5"}
			}
		},
		{
			"from": [1.51747, 8.61139, 7.80708],
			"to": [3.76747, 8.92389, 8.18208],
			"rotation": {"angle": 22.5, "axis": "z", "origin": [1.70497, 8.73639, 7.86958]},
			"faces": {
				"north": {"uv": [6.49998, 4.25002, 6.00002, 4.49998], "texture": "#5"},
				"east": {"uv": [7.74998, 4.75002, 7.50002, 4.99998], "texture": "#5"},
				"south": {"uv": [6.49998, 4.50002, 6.00002, 4.74998], "texture": "#5"},
				"west": {"uv": [7.74998, 4.50002, 7.50002, 4.74998], "texture": "#5"},
				"up": {"uv": [6.00002, 4.99998, 6.49998, 4.75002], "texture": "#5"},
				"down": {"uv": [6.00002, 5.00002, 6.49998, 5.24998], "texture": "#5"}
			}
		},
		{
			"from": [3.42733, 9.31452, 7.80708],
			"to": [4.18905, 9.43952, 8.18208],
			"rotation": {"angle": 0, "axis": "y", "origin": [3.61483, 9.43952, 7.86958]},
			"faces": {
				"north": {"uv": [7.74998, 5.00002, 7.50002, 5.24998], "texture": "#5"},
				"east": {"uv": [7.74998, 5.75002, 7.50002, 5.99998], "texture": "#5"},
				"south": {"uv": [7.74998, 5.50002, 7.50002, 5.74998], "texture": "#5"},
				"west": {"uv": [7.74998, 5.25002, 7.50002, 5.49998], "texture": "#5"},
				"up": {"uv": [7.75002, 4.24998, 7.99998, 4.00002], "texture": "#5"},
				"down": {"uv": [7.75002, 4.25002, 7.99998, 4.49998], "texture": "#5"}
			}
		},
		{
			"from": [4.0859, 9.23325, 7.80708],
			"to": [4.5859, 9.327, 8.18208],
			"rotation": {"angle": -22.5, "axis": "z", "origin": [4.2734, 9.35825, 7.86958]},
			"faces": {
				"north": {"uv": [7.99998, 4.50002, 7.75002, 4.74998], "texture": "#5"},
				"east": {"uv": [7.99998, 5.25002, 7.75002, 5.49998], "texture": "#5"},
				"south": {"uv": [7.99998, 5.00002, 7.75002, 5.24998], "texture": "#5"},
				"west": {"uv": [7.99998, 4.75002, 7.75002, 4.99998], "texture": "#5"},
				"up": {"uv": [7.75002, 5.74998, 7.99998, 5.50002], "texture": "#5"},
				"down": {"uv": [7.75002, 5.75002, 7.99998, 5.99998], "texture": "#5"}
			}
		},
		{
			"from": [2.41378, 9.32786, 7.80708],
			"to": [4.66378, 9.42161, 8.18208],
			"rotation": {"angle": -45, "axis": "z", "origin": [4.35128, 9.45286, 7.86958]},
			"faces": {
				"north": {"uv": [6.49998, 5.25002, 6.00002, 5.49998], "texture": "#5"},
				"east": {"uv": [8.24998, 2.50002, 8.00002, 2.74998], "texture": "#5"},
				"south": {"uv": [6.49998, 5.50002, 6.00002, 5.74998], "texture": "#5"},
				"west": {"uv": [8.24998, 2.25002, 8.00002, 2.49998], "texture": "#5"},
				"up": {"uv": [6.00002, 5.99998, 6.49998, 5.75002], "texture": "#5"},
				"down": {"uv": [6.50002, 3.25002, 6.99998, 3.49998], "texture": "#5"}
			}
		},
		{
			"from": [2.73808, 10.70057, 7.80708],
			"to": [2.92558, 11.13807, 8.18208],
			"rotation": {"angle": 22.5, "axis": "z", "origin": [2.95683, 11.01307, 7.86958]},
			"faces": {
				"north": {"uv": [8.24998, 2.75002, 8.00002, 2.99998], "texture": "#5"},
				"east": {"uv": [8.24998, 3.50002, 8.00002, 3.74998], "texture": "#5"},
				"south": {"uv": [8.24998, 3.25002, 8.00002, 3.49998], "texture": "#5"},
				"west": {"uv": [8.24998, 3.00002, 8.00002, 3.24998], "texture": "#5"},
				"up": {"uv": [8.00002, 3.99998, 8.24998, 3.75002], "texture": "#5"},
				"down": {"uv": [8.00002, 4.00002, 8.24998, 4.24998], "texture": "#5"}
			}
		},
		{
			"from": [2.19262, 10.92909, 7.80708],
			"to": [2.88012, 11.11659, 8.18208],
			"rotation": {"angle": 0, "axis": "y", "origin": [2.59887, 11.08534, 7.86958]},
			"faces": {
				"north": {"uv": [8.24998, 4.25002, 8.00002, 4.49998], "texture": "#5"},
				"east": {"uv": [8.24998, 5.00002, 8.00002, 5.24998], "texture": "#5"},
				"south": {"uv": [8.24998, 4.75002, 8.00002, 4.99998], "texture": "#5"},
				"west": {"uv": [8.24998, 4.50002, 8.00002, 4.74998], "texture": "#5"},
				"up": {"uv": [8.00002, 5.49998, 8.24998, 5.25002], "texture": "#5"},
				"down": {"uv": [8.00002, 5.50002, 8.24998, 5.74998], "texture": "#5"}
			}
		},
		{
			"from": [1.63957, 11.0391, 7.80708],
			"to": [2.32707, 11.2266, 8.18208],
			"rotation": {"angle": -22.5, "axis": "z", "origin": [2.04582, 11.19535, 7.86958]},
			"faces": {
				"north": {"uv": [8.24998, 5.75002, 8.00002, 5.99998], "texture": "#5"},
				"east": {"uv": [0.74998, 8.25002, 0.50002, 8.49998], "texture": "#5"},
				"south": {"uv": [0.49998, 8.25002, 0.25002, 8.49998], "texture": "#5"},
				"west": {"uv": [0.24998, 8.25002, 0.00002, 8.49998], "texture": "#5"},
				"up": {"uv": [0.75002, 8.49998, 0.99998, 8.25002], "texture": "#5"},
				"down": {"uv": [1.00002, 8.25002, 1.24998, 8.49998], "texture": "#5"}
			}
		},
		{
			"from": [1.36996, 11.19219, 7.80708],
			"to": [1.68246, 11.37969, 8.18208],
			"rotation": {"angle": 0, "axis": "y", "origin": [1.40121, 11.34844, 7.86958]},
			"faces": {
				"north": {"uv": [1.49998, 8.25002, 1.25002, 8.49998], "texture": "#5"},
				"east": {"uv": [2.24998, 8.25002, 2.00002, 8.49998], "texture": "#5"},
				"south": {"uv": [1.99998, 8.25002, 1.75002, 8.49998], "texture": "#5"},
				"west": {"uv": [1.74998, 8.25002, 1.50002, 8.49998], "texture": "#5"},
				"up": {"uv": [2.25002, 8.49998, 2.49998, 8.25002], "texture": "#5"},
				"down": {"uv": [2.50002, 8.25002, 2.74998, 8.49998], "texture": "#5"}
			}
		},
		{
			"from": [1.06691, 11.3022, 7.80708],
			"to": [1.50441, 11.4897, 8.18208],
			"rotation": {"angle": -22.5, "axis": "z", "origin": [1.22316, 11.45845, 7.86958]},
			"faces": {
				"north": {"uv": [2.99998, 8.25002, 2.75002, 8.49998], "texture": "#5"},
				"east": {"uv": [3.74998, 8.25002, 3.50002, 8.49998], "texture": "#5"},
				"south": {"uv": [3.49998, 8.25002, 3.25002, 8.49998], "texture": "#5"},
				"west": {"uv": [3.24998, 8.25002, 3.00002, 8.49998], "texture": "#5"},
				"up": {"uv": [3.75002, 8.49998, 3.99998, 8.25002], "texture": "#5"},
				"down": {"uv": [4.00002, 8.25002, 4.24998, 8.49998], "texture": "#5"}
			}
		},
		{
			"from": [0.65326, 11.35961, 7.80708],
			"to": [1.09076, 11.54711, 8.18208],
			"rotation": {"angle": 0, "axis": "y", "origin": [0.80951, 11.51586, 7.86958]},
			"faces": {
				"north": {"uv": [4.49998, 8.25002, 4.25002, 8.49998], "texture": "#5"},
				"east": {"uv": [5.24998, 8.25002, 5.00002, 8.49998], "texture": "#5"},
				"south": {"uv": [4.99998, 8.25002, 4.75002, 8.49998], "texture": "#5"},
				"west": {"uv": [4.74998, 8.25002, 4.50002, 8.49998], "texture": "#5"},
				"up": {"uv": [5.25002, 8.49998, 5.49998, 8.25002], "texture": "#5"},
				"down": {"uv": [5.50002, 8.25002, 5.74998, 8.49998], "texture": "#5"}
			}
		},
		{
			"from": [-0.02479, 11.46962, 7.80708],
			"to": [0.78771, 11.65712, 8.18208],
			"rotation": {"angle": -22.5, "axis": "z", "origin": [0.50646, 11.62587, 7.86958]},
			"faces": {
				"north": {"uv": [5.99998, 8.25002, 5.75002, 8.49998], "texture": "#5"},
				"east": {"uv": [6.74998, 8.25002, 6.50002, 8.49998], "texture": "#5"},
				"south": {"uv": [6.49998, 8.25002, 6.25002, 8.49998], "texture": "#5"},
				"west": {"uv": [6.24998, 8.25002, 6.00002, 8.49998], "texture": "#5"},
				"up": {"uv": [6.75002, 8.49998, 6.99998, 8.25002], "texture": "#5"},
				"down": {"uv": [7.00002, 8.25002, 7.24998, 8.49998], "texture": "#5"}
			}
		},
		{
			"from": [-0.53489, 11.79554, 7.80708],
			"to": [0.02761, 11.85804, 8.18208],
			"rotation": {"angle": 0, "axis": "y", "origin": [-0.25364, 11.82679, 7.86958]},
			"faces": {
				"north": {"uv": [7.49998, 8.25002, 7.25002, 8.49998], "texture": "#5"},
				"east": {"uv": [8.24998, 8.25002, 8.00002, 8.49998], "texture": "#5"},
				"south": {"uv": [7.99998, 8.25002, 7.75002, 8.49998], "texture": "#5"},
				"west": {"uv": [7.74998, 8.25002, 7.50002, 8.49998], "texture": "#5"},
				"up": {"uv": [8.25002, 8.49998, 8.49998, 8.25002], "texture": "#5"},
				"down": {"uv": [8.25002, 2.25002, 8.49998, 2.49998], "texture": "#5"}
			}
		},
		{
			"from": [-0.54434, 11.68553, 7.80708],
			"to": [0.64316, 11.74803, 8.18208],
			"rotation": {"angle": -22.5, "axis": "z", "origin": [-0.26309, 11.71678, 7.86958]},
			"faces": {
				"north": {"uv": [8.49998, 2.50002, 8.25002, 2.74998], "texture": "#5"},
				"east": {"uv": [8.49998, 3.25002, 8.25002, 3.49998], "texture": "#5"},
				"south": {"uv": [8.49998, 3.00002, 8.25002, 3.24998], "texture": "#5"},
				"west": {"uv": [8.49998, 2.75002, 8.25002, 2.99998], "texture": "#5"},
				"up": {"uv": [8.25002, 3.74998, 8.49998, 3.50002], "texture": "#5"},
				"down": {"uv": [8.25002, 3.75002, 8.49998, 3.99998], "texture": "#5"}
			}
		},
		{
			"from": [0.37694, 11.13308, 7.80708],
			"to": [1.06444, 11.32058, 8.18208],
			"rotation": {"angle": -45, "axis": "z", "origin": [0.78319, 11.16433, 7.86958]},
			"faces": {
				"north": {"uv": [8.49998, 4.00002, 8.25002, 4.24998], "texture": "#5"},
				"east": {"uv": [8.49998, 4.75002, 8.25002, 4.99998], "texture": "#5"},
				"south": {"uv": [8.49998, 4.50002, 8.25002, 4.74998], "texture": "#5"},
				"west": {"uv": [8.49998, 4.25002, 8.25002, 4.49998], "texture": "#5"},
				"up": {"uv": [8.25002, 5.24998, 8.49998, 5.00002], "texture": "#5"},
				"down": {"uv": [8.25002, 5.25002, 8.49998, 5.49998], "texture": "#5"}
			}
		},
		{
			"from": [0.80316, 9.00201, 7.80708],
			"to": [1.05316, 10.00201, 8.18208],
			"rotation": {"angle": 45, "axis": "z", "origin": [0.86566, 9.68951, 7.86958]},
			"faces": {
				"north": {"uv": [8.49998, 5.50002, 8.25002, 5.74998], "texture": "#5"},
				"east": {"uv": [8.49998, 6.25002, 8.25002, 6.49998], "texture": "#5"},
				"south": {"uv": [8.49998, 6.00002, 8.25002, 6.24998], "texture": "#5"},
				"west": {"uv": [8.49998, 5.75002, 8.25002, 5.99998], "texture": "#5"},
				"up": {"uv": [8.25002, 6.74998, 8.49998, 6.50002], "texture": "#5"},
				"down": {"uv": [8.25002, 6.75002, 8.49998, 6.99998], "texture": "#5"}
			}
		},
		{
			"from": [0.04223, 10.07679, 7.80708],
			"to": [0.79223, 10.32679, 8.18208],
			"rotation": {"angle": -22.5, "axis": "z", "origin": [0.10473, 10.13929, 7.86958]},
			"faces": {
				"north": {"uv": [8.49998, 7.00002, 8.25002, 7.24998], "texture": "#5"},
				"east": {"uv": [8.49998, 7.75002, 8.25002, 7.99998], "texture": "#5"},
				"south": {"uv": [8.49998, 7.50002, 8.25002, 7.74998], "texture": "#5"},
				"west": {"uv": [8.49998, 7.25002, 8.25002, 7.49998], "texture": "#5"},
				"up": {"uv": [8.25002, 8.24998, 8.49998, 8.00002], "texture": "#5"},
				"down": {"uv": [0.00002, 8.50002, 0.24998, 8.74998], "texture": "#5"}
			}
		},
		{
			"from": [-0.60193, 10.10547, 7.80708],
			"to": [0.14807, 10.35547, 8.18208],
			"rotation": {"angle": 0, "axis": "y", "origin": [-0.53943, 10.16797, 7.86958]},
			"faces": {
				"north": {"uv": [0.49998, 8.50002, 0.25002, 8.74998], "texture": "#5"},
				"east": {"uv": [1.24998, 8.50002, 1.00002, 8.74998], "texture": "#5"},
				"south": {"uv": [0.99998, 8.50002, 0.75002, 8.74998], "texture": "#5"},
				"west": {"uv": [0.74998, 8.50002, 0.50002, 8.74998], "texture": "#5"},
				"up": {"uv": [1.25002, 8.74998, 1.49998, 8.50002], "texture": "#5"},
				"down": {"uv": [1.50002, 8.50002, 1.74998, 8.74998], "texture": "#5"}
			}
		},
		{
			"from": [-1.83303, 9.88545, 7.80708],
			"to": [-0.45803, 10.13545, 8.18208],
			"rotation": {"angle": 22.5, "axis": "z", "origin": [-1.14553, 9.94795, 7.86958]},
			"faces": {
				"north": {"uv": [1.99998, 8.50002, 1.75002, 8.74998], "texture": "#5"},
				"east": {"uv": [2.74998, 8.50002, 2.50002, 8.74998], "texture": "#5"},
				"south": {"uv": [2.49998, 8.50002, 2.25002, 8.74998], "texture": "#5"},
				"west": {"uv": [2.24998, 8.50002, 2.00002, 8.74998], "texture": "#5"},
				"up": {"uv": [2.75002, 8.74998, 2.99998, 8.50002], "texture": "#5"},
				"down": {"uv": [3.00002, 8.50002, 3.24998, 8.74998], "texture": "#5"}
			}
		},
		{
			"from": [-2.17283, 9.50655, 7.80708],
			"to": [-1.79783, 10.00655, 8.18208],
			"rotation": {"angle": 45, "axis": "z", "origin": [-2.11033, 10.06905, 7.86958]},
			"faces": {
				"north": {"uv": [3.49998, 8.50002, 3.25002, 8.74998], "texture": "#5"},
				"east": {"uv": [4.24998, 8.50002, 4.00002, 8.74998], "texture": "#5"},
				"south": {"uv": [3.99998, 8.50002, 3.75002, 8.74998], "texture": "#5"},
				"west": {"uv": [3.74998, 8.50002, 3.50002, 8.74998], "texture": "#5"},
				"up": {"uv": [4.25002, 8.74998, 4.49998, 8.50002], "texture": "#5"},
				"down": {"uv": [4.50002, 8.50002, 4.74998, 8.74998], "texture": "#5"}
			}
		},
		{
			"from": [-2.54359, 10.19117, 7.80708],
			"to": [-1.91859, 10.56617, 8.18208],
			"rotation": {"angle": -22.5, "axis": "z", "origin": [-2.60609, 10.25367, 7.86958]},
			"faces": {
				"north": {"uv": [4.99998, 8.50002, 4.75002, 8.74998], "texture": "#5"},
				"east": {"uv": [5.74998, 8.50002, 5.50002, 8.74998], "texture": "#5"},
				"south": {"uv": [5.49998, 8.50002, 5.25002, 8.74998], "texture": "#5"},
				"west": {"uv": [5.24998, 8.50002, 5.00002, 8.74998], "texture": "#5"},
				"up": {"uv": [5.75002, 8.74998, 5.99998, 8.50002], "texture": "#5"},
				"down": {"uv": [6.00002, 8.50002, 6.24998, 8.74998], "texture": "#5"}
			}
		},
		{
			"from": [-3.86332, 10.55145, 7.80708],
			"to": [-2.36332, 10.80145, 8.18208],
			"rotation": {"angle": -45, "axis": "z", "origin": [-2.92582, 10.61395, 7.86958]},
			"faces": {
				"north": {"uv": [6.99998, 3.50002, 6.50002, 3.74998], "texture": "#5"},
				"east": {"uv": [6.74998, 8.50002, 6.50002, 8.74998], "texture": "#5"},
				"south": {"uv": [6.99998, 3.75002, 6.50002, 3.99998], "texture": "#5"},
				"west": {"uv": [6.49998, 8.50002, 6.25002, 8.74998], "texture": "#5"},
				"up": {"uv": [6.50002, 4.24998, 6.99998, 4.00002], "texture": "#5"},
				"down": {"uv": [6.50002, 4.25002, 6.99998, 4.49998], "texture": "#5"}
			}
		},
		{
			"from": [-4.19119, 11.44317, 7.80708],
			"to": [-3.44119, 11.66192, 8.18208],
			"rotation": {"angle": -22.5, "axis": "z", "origin": [-4.12869, 11.50567, 7.86958]},
			"faces": {
				"north": {"uv": [6.99998, 8.50002, 6.75002, 8.74998], "texture": "#5"},
				"east": {"uv": [7.74998, 8.50002, 7.50002, 8.74998], "texture": "#5"},
				"south": {"uv": [7.49998, 8.50002, 7.25002, 8.74998], "texture": "#5"},
				"west": {"uv": [7.24998, 8.50002, 7.00002, 8.74998], "texture": "#5"},
				"up": {"uv": [7.75002, 8.74998, 7.99998, 8.50002], "texture": "#5"},
				"down": {"uv": [8.00002, 8.50002, 8.24998, 8.74998], "texture": "#5"}
			}
		},
		{
			"from": [-5.75141, 11.85129, 7.80708],
			"to": [-4.00141, 11.97629, 8.18208],
			"rotation": {"angle": -45, "axis": "z", "origin": [-4.56391, 11.91379, 7.86958]},
			"faces": {
				"north": {"uv": [6.99998, 4.50002, 6.50002, 4.74998], "texture": "#5"},
				"east": {"uv": [8.74998, 8.50002, 8.50002, 8.74998], "texture": "#5"},
				"south": {"uv": [6.99998, 4.75002, 6.50002, 4.99998], "texture": "#5"},
				"west": {"uv": [8.49998, 8.50002, 8.25002, 8.74998], "texture": "#5"},
				"up": {"uv": [6.50002, 5.24998, 6.99998, 5.00002], "texture": "#5"},
				"down": {"uv": [6.50002, 5.25002, 6.99998, 5.49998], "texture": "#5"}
			}
		},
		{
			"from": [-5.47371, 12.22299, 7.80708],
			"to": [-1.34871, 12.34799, 8.18208],
			"rotation": {"angle": -22.5, "axis": "z", "origin": [-4.28621, 12.28549, 7.86958]},
			"faces": {
				"north": {"uv": [6.99998, 2.25002, 6.00002, 2.49998], "texture": "#5"},
				"east": {"uv": [8.74998, 2.50002, 8.50002, 2.74998], "texture": "#5"},
				"south": {"uv": [6.99998, 2.50002, 6.00002, 2.74998], "texture": "#5"},
				"west": {"uv": [8.74998, 2.25002, 8.50002, 2.49998], "texture": "#5"},
				"up": {"uv": [6.00002, 2.99998, 6.99998, 2.75002], "texture": "#5"},
				"down": {"uv": [6.00002, 3.00002, 6.99998, 3.24998], "texture": "#5"}
			}
		},
		{
			"from": [-1.66389, 11.14194, 7.80708],
			"to": [0.72088, 11.26694, 8.18208],
			"rotation": {"angle": 0, "axis": "y", "origin": [-0.47639, 11.20444, 7.86958]},
			"faces": {
				"north": {"uv": [6.99998, 5.50002, 6.50002, 5.74998], "texture": "#5"},
				"east": {"uv": [8.74998, 3.00002, 8.50002, 3.24998], "texture": "#5"},
				"south": {"uv": [6.99998, 5.75002, 6.50002, 5.99998], "texture": "#5"},
				"west": {"uv": [8.74998, 2.75002, 8.50002, 2.99998], "texture": "#5"},
				"up": {"uv": [7.00002, 2.49998, 7.49998, 2.25002], "texture": "#5"},
				"down": {"uv": [7.00002, 2.50002, 7.49998, 2.74998], "texture": "#5"}
			}
		},
		{
			"from": [-0.3356, 3.99054, 7.92208],
			"to": [-0.2906, 5.37288, 8.13708],
			"rotation": {"angle": -22.5, "axis": "z", "origin": [0.19176, 5.18111, 7.84208]},
			"faces": {
				"north": {"uv": [8.74998, 3.25002, 8.50002, 3.49998], "texture": "#5"},
				"east": {"uv": [8.74998, 4.00002, 8.50002, 4.24998], "texture": "#5"},
				"south": {"uv": [8.74998, 3.75002, 8.50002, 3.99998], "texture": "#5"},
				"west": {"uv": [8.74998, 3.50002, 8.50002, 3.74998], "texture": "#5"},
				"up": {"uv": [8.50002, 4.49998, 8.74998, 4.25002], "texture": "#5"},
				"down": {"uv": [8.50002, 4.50002, 8.74998, 4.74998], "texture": "#5"}
			}
		},
		{
			"from": [0.62995, 5.21325, 7.92208],
			"to": [0.73995, 5.30325, 8.13708],
			"rotation": {"angle": 45, "axis": "z", "origin": [0.19176, 5.18111, 7.84208]},
			"faces": {
				"north": {"uv": [8.74998, 4.75002, 8.50002, 4.99998], "texture": "#5"},
				"east": {"uv": [8.74998, 5.50002, 8.50002, 5.74998], "texture": "#5"},
				"south": {"uv": [8.74998, 5.25002, 8.50002, 5.49998], "texture": "#5"},
				"west": {"uv": [8.74998, 5.00002, 8.50002, 5.24998], "texture": "#5"},
				"up": {"uv": [8.50002, 5.99998, 8.74998, 5.75002], "texture": "#5"},
				"down": {"uv": [8.50002, 6.00002, 8.74998, 6.24998], "texture": "#5"}
			}
		},
		{
			"from": [0.27986, 5.37164, 7.92208],
			"to": [0.63986, 5.46164, 8.13708],
			"rotation": {"angle": 22.5, "axis": "z", "origin": [0.19176, 5.18111, 7.84208]},
			"faces": {
				"north": {"uv": [8.74998, 6.25002, 8.50002, 6.49998], "texture": "#5"},
				"east": {"uv": [8.74998, 7.00002, 8.50002, 7.24998], "texture": "#5"},
				"south": {"uv": [8.74998, 6.75002, 8.50002, 6.99998], "texture": "#5"},
				"west": {"uv": [8.74998, 6.50002, 8.50002, 6.74998], "texture": "#5"},
				"up": {"uv": [8.50002, 7.49998, 8.74998, 7.25002], "texture": "#5"},
				"down": {"uv": [8.50002, 7.50002, 8.74998, 7.74998], "texture": "#5"}
			}
		},
		{
			"from": [-0.0142, 5.384, 7.92208],
			"to": [0.2558, 5.474, 8.13708],
			"rotation": {"angle": 0, "axis": "y", "origin": [0.19176, 5.18111, 7.84208]},
			"faces": {
				"north": {"uv": [8.74998, 7.75002, 8.50002, 7.99998], "texture": "#5"},
				"east": {"uv": [0.24998, 8.75002, 0.00002, 8.99998], "texture": "#5"},
				"south": {"uv": [8.74998, 8.25002, 8.50002, 8.49998], "texture": "#5"},
				"west": {"uv": [8.74998, 8.00002, 8.50002, 8.24998], "texture": "#5"},
				"up": {"uv": [0.25002, 8.99998, 0.49998, 8.75002], "texture": "#5"},
				"down": {"uv": [0.50002, 8.75002, 0.74998, 8.99998], "texture": "#5"}
			}
		},
		{
			"from": [-0.2906, 5.28288, 7.92208],
			"to": [-0.0206, 5.37288, 8.13708],
			"rotation": {"angle": -22.5, "axis": "z", "origin": [0.19176, 5.18111, 7.84208]},
			"faces": {
				"north": {"uv": [0.99998, 8.75002, 0.75002, 8.99998], "texture": "#5"},
				"east": {"uv": [1.74998, 8.75002, 1.50002, 8.99998], "texture": "#5"},
				"south": {"uv": [1.49998, 8.75002, 1.25002, 8.99998], "texture": "#5"},
				"west": {"uv": [1.24998, 8.75002, 1.00002, 8.99998], "texture": "#5"},
				"up": {"uv": [1.75002, 8.99998, 1.99998, 8.75002], "texture": "#5"},
				"down": {"uv": [2.00002, 8.75002, 2.24998, 8.99998], "texture": "#5"}
			}
		},
		{
			"from": [0.28404, 4.72167, 7.92208],
			"to": [0.37404, 4.99167, 8.13708],
			"rotation": {"angle": 22.5, "axis": "z", "origin": [0.19176, 5.18111, 7.84208]},
			"faces": {
				"north": {"uv": [2.49998, 8.75002, 2.25002, 8.99998], "texture": "#5"},
				"east": {"uv": [3.24998, 8.75002, 3.00002, 8.99998], "texture": "#5"},
				"south": {"uv": [2.99998, 8.75002, 2.75002, 8.99998], "texture": "#5"},
				"west": {"uv": [2.74998, 8.75002, 2.50002, 8.99998], "texture": "#5"},
				"up": {"uv": [3.25002, 8.99998, 3.49998, 8.75002], "texture": "#5"},
				"down": {"uv": [3.50002, 8.75002, 3.74998, 8.99998], "texture": "#5"}
			}
		},
		{
			"from": [0.3771, 4.9927, 7.92208],
			"to": [0.4671, 5.2627, 8.13708],
			"rotation": {"angle": 0, "axis": "y", "origin": [0.19176, 5.18111, 7.84208]},
			"faces": {
				"north": {"uv": [3.99998, 8.75002, 3.75002, 8.99998], "texture": "#5"},
				"east": {"uv": [4.74998, 8.75002, 4.50002, 8.99998], "texture": "#5"},
				"south": {"uv": [4.49998, 8.75002, 4.25002, 8.99998], "texture": "#5"},
				"west": {"uv": [4.24998, 8.75002, 4.00002, 8.99998], "texture": "#5"},
				"up": {"uv": [4.75002, 8.99998, 4.99998, 8.75002], "texture": "#5"},
				"down": {"uv": [5.00002, 8.75002, 5.24998, 8.99998], "texture": "#5"}
			}
		},
		{
			"from": [0.35936, 5.2787, 7.92208],
			"to": [0.44936, 5.5487, 8.13708],
			"rotation": {"angle": -22.5, "axis": "z", "origin": [0.19176, 5.18111, 7.84208]},
			"faces": {
				"north": {"uv": [5.49998, 8.75002, 5.25002, 8.99998], "texture": "#5"},
				"east": {"uv": [6.24998, 8.75002, 6.00002, 8.99998], "texture": "#5"},
				"south": {"uv": [5.99998, 8.75002, 5.75002, 8.99998], "texture": "#5"},
				"west": {"uv": [5.74998, 8.75002, 5.50002, 8.99998], "texture": "#5"},
				"up": {"uv": [6.25002, 8.99998, 6.49998, 8.75002], "texture": "#5"},
				"down": {"uv": [6.50002, 8.75002, 6.74998, 8.99998], "texture": "#5"}
			}
		},
		{
			"from": [-1.00831, 4.67667, 7.92208],
			"to": [0.37404, 4.72167, 8.13708],
			"rotation": {"angle": 22.5, "axis": "z", "origin": [0.19176, 5.18111, 7.84208]},
			"faces": {
				"north": {"uv": [6.99998, 8.75002, 6.75002, 8.99998], "texture": "#5"},
				"east": {"uv": [7.74998, 8.75002, 7.50002, 8.99998], "texture": "#5"},
				"south": {"uv": [7.49998, 8.75002, 7.25002, 8.99998], "texture": "#5"},
				"west": {"uv": [7.24998, 8.75002, 7.00002, 8.99998], "texture": "#5"},
				"up": {"uv": [7.75002, 8.99998, 7.99998, 8.75002], "texture": "#5"},
				"down": {"uv": [8.00002, 8.75002, 8.24998, 8.99998], "texture": "#5"}
			}
		},
		{
			"from": [-0.75107, 4.25582, 7.92208],
			"to": [-0.72392, 4.28298, 8.13708],
			"rotation": {"angle": 0, "axis": "y", "origin": [0.19176, 5.18111, 7.84208]},
			"faces": {
				"north": {"uv": [8.49998, 8.75002, 8.25002, 8.99998], "texture": "#5"},
				"east": {"uv": [8.99998, 0.00002, 8.75002, 0.24998], "texture": "#5"},
				"south": {"uv": [8.99998, 8.75002, 8.75002, 8.99998], "texture": "#5"},
				"west": {"uv": [8.74998, 8.75002, 8.50002, 8.99998], "texture": "#5"},
				"up": {"uv": [8.75002, 0.49998, 8.99998, 0.25002], "texture": "#5"},
				"down": {"uv": [8.75002, 0.50002, 8.99998, 0.74998], "texture": "#5"}
			}
		},
		{
			"from": [0.63909, 5.25538, 7.92208],
			"to": [0.66471, 5.34538, 8.13708],
			"rotation": {"angle": 22.5, "axis": "z", "origin": [0.19176, 5.18111, 7.84208]},
			"faces": {
				"north": {"uv": [8.99998, 0.75002, 8.75002, 0.99998], "texture": "#5"},
				"east": {"uv": [8.99998, 1.50002, 8.75002, 1.74998], "texture": "#5"},
				"south": {"uv": [8.99998, 1.25002, 8.75002, 1.49998], "texture": "#5"},
				"west": {"uv": [8.99998, 1.00002, 8.75002, 1.24998], "texture": "#5"},
				"up": {"uv": [8.75002, 1.99998, 8.99998, 1.75002], "texture": "#5"},
				"down": {"uv": [8.75002, 2.00002, 8.99998, 2.24998], "texture": "#5"}
			}
		},
		{
			"from": [-2.91867, 8.57798, 7.93208],
			"to": [-0.99875, 8.64048, 8.05708],
			"rotation": {"angle": 22.5, "axis": "z", "origin": [-1.12375, 8.60923, 7.86958]},
			"faces": {
				"north": {"uv": [7.49998, 2.75002, 7.00002, 2.99998], "texture": "#5"},
				"east": {"uv": [8.99998, 2.50002, 8.75002, 2.74998], "texture": "#5"},
				"south": {"uv": [7.49998, 3.00002, 7.00002, 3.24998], "texture": "#5"},
				"west": {"uv": [8.99998, 2.25002, 8.75002, 2.49998], "texture": "#5"},
				"up": {"uv": [7.00002, 3.49998, 7.49998, 3.25002], "texture": "#5"},
				"down": {"uv": [7.00002, 3.50002, 7.49998, 3.74998], "texture": "#5"}
			}
		},
		{
			"from": [-2.84055, 8.51353, 7.93208],
			"to": [-1.03586, 8.59166, 8.05708],
			"rotation": {"angle": 22.5, "axis": "z", "origin": [-1.12375, 8.60923, 7.86958]},
			"faces": {
				"north": {"uv": [7.49998, 3.75002, 7.00002, 3.99998], "texture": "#5"},
				"east": {"uv": [8.99998, 3.00002, 8.75002, 3.24998], "texture": "#5"},
				"south": {"uv": [7.49998, 4.00002, 7.00002, 4.24998], "texture": "#5"},
				"west": {"uv": [8.99998, 2.75002, 8.75002, 2.99998], "texture": "#5"},
				"up": {"uv": [7.00002, 4.49998, 7.49998, 4.25002], "texture": "#5"},
				"down": {"uv": [7.00002, 4.50002, 7.49998, 4.74998], "texture": "#5"}
			}
		},
		{
			"from": [-0.3774, 7.95195, 7.93208],
			"to": [0.1226, 8.07695, 8.05708],
			"rotation": {"angle": 0, "axis": "y", "origin": [-0.1899, 8.01445, 7.86958]},
			"faces": {
				"north": {"uv": [8.99998, 3.25002, 8.75002, 3.49998], "texture": "#5"},
				"east": {"uv": [8.99998, 4.00002, 8.75002, 4.24998], "texture": "#5"},
				"south": {"uv": [8.99998, 3.75002, 8.75002, 3.99998], "texture": "#5"},
				"west": {"uv": [8.99998, 3.50002, 8.75002, 3.74998], "texture": "#5"},
				"up": {"uv": [8.75002, 4.49998, 8.99998, 4.25002], "texture": "#5"},
				"down": {"uv": [8.75002, 4.50002, 8.99998, 4.74998], "texture": "#5"}
			}
		},
		{
			"from": [-0.75253, 8.07629, 7.93208],
			"to": [-0.25253, 8.20129, 8.05708],
			"rotation": {"angle": -22.5, "axis": "z", "origin": [-0.69003, 8.13879, 7.86958]},
			"faces": {
				"north": {"uv": [8.99998, 4.75002, 8.75002, 4.99998], "texture": "#5"},
				"east": {"uv": [8.99998, 5.50002, 8.75002, 5.74998], "texture": "#5"},
				"south": {"uv": [8.99998, 5.25002, 8.75002, 5.49998], "texture": "#5"},
				"west": {"uv": [8.99998, 5.00002, 8.75002, 5.24998], "texture": "#5"},
				"up": {"uv": [8.75002, 5.99998, 8.99998, 5.75002], "texture": "#5"},
				"down": {"uv": [8.75002, 6.00002, 8.99998, 6.24998], "texture": "#5"}
			}
		},
		{
			"from": [-1.05152, 7.95973, 7.93208],
			"to": [-0.92652, 8.33473, 8.05708],
			"rotation": {"angle": 45, "axis": "z", "origin": [-0.98902, 8.39723, 7.86958]},
			"faces": {
				"north": {"uv": [8.99998, 6.25002, 8.75002, 6.49998], "texture": "#5"},
				"east": {"uv": [8.99998, 7.00002, 8.75002, 7.24998], "texture": "#5"},
				"south": {"uv": [8.99998, 6.75002, 8.75002, 6.99998], "texture": "#5"},
				"west": {"uv": [8.99998, 6.50002, 8.75002, 6.74998], "texture": "#5"},
				"up": {"uv": [8.75002, 7.49998, 8.99998, 7.25002], "texture": "#5"},
				"down": {"uv": [8.75002, 7.50002, 8.99998, 7.74998], "texture": "#5"}
			}
		},
		{
			"from": [-1.14046, 8.22452, 7.93208],
			"to": [-1.01546, 8.59952, 8.05708],
			"rotation": {"angle": 22.5, "axis": "z", "origin": [-1.07796, 8.66202, 7.86958]},
			"faces": {
				"north": {"uv": [8.99998, 7.75002, 8.75002, 7.99998], "texture": "#5"},
				"east": {"uv": [8.99998, 8.50002, 8.75002, 8.74998], "texture": "#5"},
				"south": {"uv": [8.99998, 8.25002, 8.75002, 8.49998], "texture": "#5"},
				"west": {"uv": [8.99998, 8.00002, 8.75002, 8.24998], "texture": "#5"},
				"up": {"uv": [0.00002, 9.24998, 0.24998, 9.00002], "texture": "#5"},
				"down": {"uv": [0.25002, 9.00002, 0.49998, 9.24998], "texture": "#5"}
			}
		},
		{
			"from": [-1.14046, 7.24957, 7.93208],
			"to": [-1.01546, 7.62457, 8.05708],
			"rotation": {"angle": -22.5, "axis": "z", "origin": [-1.07796, 7.18707, 7.86958]},
			"faces": {
				"north": {"uv": [0.74998, 9.00002, 0.50002, 9.24998], "texture": "#5"},
				"east": {"uv": [1.49998, 9.00002, 1.25002, 9.24998], "texture": "#5"},
				"south": {"uv": [1.24998, 9.00002, 1.00002, 9.24998], "texture": "#5"},
				"west": {"uv": [0.99998, 9.00002, 0.75002, 9.24998], "texture": "#5"},
				"up": {"uv": [1.50002, 9.24998, 1.74998, 9.00002], "texture": "#5"},
				"down": {"uv": [1.75002, 9.00002, 1.99998, 9.24998], "texture": "#5"}
			}
		},
		{
			"from": [-1.05152, 7.51437, 7.93208],
			"to": [-0.92652, 7.88937, 8.05708],
			"rotation": {"angle": -45, "axis": "z", "origin": [-0.98902, 7.45187, 7.86958]},
			"faces": {
				"north": {"uv": [2.24998, 9.00002, 2.00002, 9.24998], "texture": "#5"},
				"east": {"uv": [2.99998, 9.00002, 2.75002, 9.24998], "texture": "#5"},
				"south": {"uv": [2.74998, 9.00002, 2.50002, 9.24998], "texture": "#5"},
				"west": {"uv": [2.49998, 9.00002, 2.25002, 9.24998], "texture": "#5"},
				"up": {"uv": [3.00002, 9.24998, 3.24998, 9.00002], "texture": "#5"},
				"down": {"uv": [3.25002, 9.00002, 3.49998, 9.24998], "texture": "#5"}
			}
		},
		{
			"from": [-0.75253, 7.6478, 7.93208],
			"to": [-0.37753, 7.7728, 8.05708],
			"rotation": {"angle": 22.5, "axis": "z", "origin": [-0.69003, 7.7103, 7.86958]},
			"faces": {
				"north": {"uv": [3.74998, 9.00002, 3.50002, 9.24998], "texture": "#5"},
				"east": {"uv": [4.49998, 9.00002, 4.25002, 9.24998], "texture": "#5"},
				"south": {"uv": [4.24998, 9.00002, 4.00002, 9.24998], "texture": "#5"},
				"west": {"uv": [3.99998, 9.00002, 3.75002, 9.24998], "texture": "#5"},
				"up": {"uv": [4.50002, 9.24998, 4.74998, 9.00002], "texture": "#5"},
				"down": {"uv": [4.75002, 9.00002, 4.99998, 9.24998], "texture": "#5"}
			}
		},
		{
			"from": [-2.91867, 7.20861, 7.93208],
			"to": [-0.99875, 7.27111, 8.05708],
			"rotation": {"angle": -22.5, "axis": "z", "origin": [-1.12375, 7.23986, 7.86958]},
			"faces": {
				"north": {"uv": [7.49998, 4.75002, 7.00002, 4.99998], "texture": "#5"},
				"east": {"uv": [5.49998, 9.00002, 5.25002, 9.24998], "texture": "#5"},
				"south": {"uv": [7.49998, 5.00002, 7.00002, 5.24998], "texture": "#5"},
				"west": {"uv": [5.24998, 9.00002, 5.00002, 9.24998], "texture": "#5"},
				"up": {"uv": [7.00002, 5.49998, 7.49998, 5.25002], "texture": "#5"},
				"down": {"uv": [7.00002, 5.50002, 7.49998, 5.74998], "texture": "#5"}
			}
		},
		{
			"from": [-2.75851, 7.26916, 7.93208],
			"to": [-1.11398, 7.39611, 8.05708],
			"rotation": {"angle": -22.5, "axis": "z", "origin": [-1.12375, 7.23986, 7.86958]},
			"faces": {
				"north": {"uv": [7.49998, 5.75002, 7.00002, 5.99998], "texture": "#5"},
				"east": {"uv": [5.99998, 9.00002, 5.75002, 9.24998], "texture": "#5"},
				"south": {"uv": [7.99998, 2.25002, 7.50002, 2.49998], "texture": "#5"},
				"west": {"uv": [5.74998, 9.00002, 5.50002, 9.24998], "texture": "#5"},
				"up": {"uv": [7.50002, 2.74998, 7.99998, 2.50002], "texture": "#5"},
				"down": {"uv": [7.50002, 2.75002, 7.99998, 2.99998], "texture": "#5"}
			}
		},
		{
			"from": [-2.81903, 7.91339, 7.93208],
			"to": [-2.78131, 7.95111, 8.05708],
			"rotation": {"angle": 45, "axis": "z", "origin": [-2.78778, 7.93585, 7.86958]},
			"faces": {
				"north": {"uv": [6.24998, 9.00002, 6.00002, 9.24998], "texture": "#5"},
				"east": {"uv": [6.99998, 9.00002, 6.75002, 9.24998], "texture": "#5"},
				"south": {"uv": [6.74998, 9.00002, 6.50002, 9.24998], "texture": "#5"},
				"west": {"uv": [6.49998, 9.00002, 6.25002, 9.24998], "texture": "#5"},
				"up": {"uv": [7.00002, 9.24998, 7.24998, 9.00002], "texture": "#5"},
				"down": {"uv": [7.25002, 9.00002, 7.49998, 9.24998], "texture": "#5"}
			}
		},
		{
			"from": [-0.5649, 7.76445, 7.93208],
			"to": [0.02885, 7.88945, 8.05708],
			"rotation": {"angle": 0, "axis": "y", "origin": [-0.28365, 7.82695, 7.86958]},
			"faces": {
				"north": {"uv": [7.74998, 9.00002, 7.50002, 9.24998], "texture": "#5"},
				"east": {"uv": [8.49998, 9.00002, 8.25002, 9.24998], "texture": "#5"},
				"south": {"uv": [8.24998, 9.00002, 8.00002, 9.24998], "texture": "#5"},
				"west": {"uv": [7.99998, 9.00002, 7.75002, 9.24998], "texture": "#5"},
				"up": {"uv": [8.50002, 9.24998, 8.74998, 9.00002], "texture": "#5"},
				"down": {"uv": [8.75002, 9.00002, 8.99998, 9.24998], "texture": "#5"}
			}
		},
		{
			"from": [-0.35396, 7.7332, 7.93208],
			"to": [0.02885, 7.8582, 8.05708],
			"rotation": {"angle": -22.5, "axis": "z", "origin": [-0.28365, 7.7957, 7.86958]},
			"faces": {
				"north": {"uv": [9.24998, 9.00002, 9.00002, 9.24998], "texture": "#5"},
				"east": {"uv": [9.24998, 0.50002, 9.00002, 0.74998], "texture": "#5"},
				"south": {"uv": [9.24998, 0.25002, 9.00002, 0.49998], "texture": "#5"},
				"west": {"uv": [9.24998, 0.00002, 9.00002, 0.24998], "texture": "#5"},
				"up": {"uv": [9.00002, 0.99998, 9.24998, 0.75002], "texture": "#5"},
				"down": {"uv": [9.00002, 1.00002, 9.24998, 1.24998], "texture": "#5"}
			}
		},
		{
			"from": [0.62639, 8.24313, 7.80708],
			"to": [0.87639, 9.49313, 8.18208],
			"rotation": {"angle": -45, "axis": "z", "origin": [0.68889, 8.80563, 7.86958]},
			"faces": {
				"north": {"uv": [9.24998, 1.25002, 9.00002, 1.49998], "texture": "#5"},
				"east": {"uv": [9.24998, 2.00002, 9.00002, 2.24998], "texture": "#5"},
				"south": {"uv": [9.24998, 1.75002, 9.00002, 1.99998], "texture": "#5"},
				"west": {"uv": [9.24998, 1.50002, 9.00002, 1.74998], "texture": "#5"},
				"up": {"uv": [9.00002, 2.49998, 9.24998, 2.25002], "texture": "#5"},
				"down": {"uv": [9.00002, 2.50002, 9.24998, 2.74998], "texture": "#5"}
			}
		},
		{
			"from": [3.29618, 5.07713, 7.80708],
			"to": [5.17118, 5.20213, 8.18208],
			"rotation": {"angle": 22.5, "axis": "z", "origin": [4.60868, 5.13963, 7.86958]},
			"faces": {
				"north": {"uv": [7.99998, 3.00002, 7.50002, 3.24998], "texture": "#5"},
				"east": {"uv": [9.24998, 3.00002, 9.00002, 3.24998], "texture": "#5"},
				"south": {"uv": [7.99998, 3.25002, 7.50002, 3.49998], "texture": "#5"},
				"west": {"uv": [9.24998, 2.75002, 9.00002, 2.99998], "texture": "#5"},
				"up": {"uv": [7.50002, 3.74998, 7.99998, 3.50002], "texture": "#5"},
				"down": {"uv": [7.50002, 3.75002, 7.99998, 3.99998], "texture": "#5"}
			}
		},
		{
			"from": [4.64784, 4.8811, 7.80708],
			"to": [5.27284, 5.0061, 8.18208],
			"rotation": {"angle": 45, "axis": "z", "origin": [4.71034, 4.9436, 7.86958]},
			"faces": {
				"north": {"uv": [9.24998, 3.25002, 9.00002, 3.49998], "texture": "#5"},
				"east": {"uv": [9.24998, 4.00002, 9.00002, 4.24998], "texture": "#5"},
				"south": {"uv": [9.24998, 3.75002, 9.00002, 3.99998], "texture": "#5"},
				"west": {"uv": [9.24998, 3.50002, 9.00002, 3.74998], "texture": "#5"},
				"up": {"uv": [9.00002, 4.49998, 9.24998, 4.25002], "texture": "#5"},
				"down": {"uv": [9.00002, 4.50002, 9.24998, 4.74998], "texture": "#5"}
			}
		},
		{
			"from": [3.35424, 4.63519, 7.80708],
			"to": [4.72924, 4.88519, 8.18208],
			"rotation": {"angle": 22.5, "axis": "z", "origin": [4.16674, 4.69769, 7.86958]},
			"faces": {
				"north": {"uv": [9.24998, 4.75002, 9.00002, 4.99998], "texture": "#5"},
				"east": {"uv": [9.24998, 5.50002, 9.00002, 5.74998], "texture": "#5"},
				"south": {"uv": [9.24998, 5.25002, 9.00002, 5.49998], "texture": "#5"},
				"west": {"uv": [9.24998, 5.00002, 9.00002, 5.24998], "texture": "#5"},
				"up": {"uv": [9.00002, 5.99998, 9.24998, 5.75002], "texture": "#5"},
				"down": {"uv": [9.00002, 6.00002, 9.24998, 6.24998], "texture": "#5"}
			}
		},
		{
			"from": [2.19001, 4.32902, 7.80708],
			"to": [3.44001, 4.57902, 8.18208],
			"rotation": {"angle": 0, "axis": "y", "origin": [2.87751, 4.39152, 7.86958]},
			"faces": {
				"north": {"uv": [9.24998, 6.25002, 9.00002, 6.49998], "texture": "#5"},
				"east": {"uv": [9.24998, 7.00002, 9.00002, 7.24998], "texture": "#5"},
				"south": {"uv": [9.24998, 6.75002, 9.00002, 6.99998], "texture": "#5"},
				"west": {"uv": [9.24998, 6.50002, 9.00002, 6.74998], "texture": "#5"},
				"up": {"uv": [9.00002, 7.49998, 9.24998, 7.25002], "texture": "#5"},
				"down": {"uv": [9.00002, 7.50002, 9.24998, 7.74998], "texture": "#5"}
			}
		},
		{
			"from": [2.29501, 4.57962, 7.80708],
			"to": [3.42001, 4.70462, 8.18208],
			"rotation": {"angle": 0, "axis": "y", "origin": [2.85751, 4.64212, 7.86958]},
			"faces": {
				"north": {"uv": [9.24998, 7.75002, 9.00002, 7.99998], "texture": "#5"},
				"east": {"uv": [9.24998, 8.50002, 9.00002, 8.74998], "texture": "#5"},
				"south": {"uv": [9.24998, 8.25002, 9.00002, 8.49998], "texture": "#5"},
				"west": {"uv": [9.24998, 8.00002, 9.00002, 8.24998], "texture": "#5"},
				"up": {"uv": [9.00002, 8.99998, 9.24998, 8.75002], "texture": "#5"},
				"down": {"uv": [0.00002, 9.25002, 0.24998, 9.49998], "texture": "#5"}
			}
		},
		{
			"from": [2.29501, 4.70462, 7.80708],
			"to": [2.92001, 4.76712, 8.18208],
			"rotation": {"angle": 0, "axis": "y", "origin": [2.85751, 4.64212, 7.86958]},
			"faces": {
				"north": {"uv": [0.49998, 9.25002, 0.25002, 9.49998], "texture": "#5"},
				"east": {"uv": [1.24998, 9.25002, 1.00002, 9.49998], "texture": "#5"},
				"south": {"uv": [0.99998, 9.25002, 0.75002, 9.49998], "texture": "#5"},
				"west": {"uv": [0.74998, 9.25002, 0.50002, 9.49998], "texture": "#5"},
				"up": {"uv": [1.25002, 9.49998, 1.49998, 9.25002], "texture": "#5"},
				"down": {"uv": [1.50002, 9.25002, 1.74998, 9.49998], "texture": "#5"}
			}
		},
		{
			"from": [1.50193, 4.61305, 7.80708],
			"to": [2.37693, 4.80055, 8.18208],
			"rotation": {"angle": -22.5, "axis": "z", "origin": [2.31443, 4.67555, 7.86958]},
			"faces": {
				"north": {"uv": [1.99998, 9.25002, 1.75002, 9.49998], "texture": "#5"},
				"east": {"uv": [2.74998, 9.25002, 2.50002, 9.49998], "texture": "#5"},
				"south": {"uv": [2.49998, 9.25002, 2.25002, 9.49998], "texture": "#5"},
				"west": {"uv": [2.24998, 9.25002, 2.00002, 9.49998], "texture": "#5"},
				"up": {"uv": [2.75002, 9.49998, 2.99998, 9.25002], "texture": "#5"},
				"down": {"uv": [3.00002, 9.25002, 3.24998, 9.49998], "texture": "#5"}
			}
		},
		{
			"from": [0.79153, 4.99527, 7.80708],
			"to": [1.66653, 5.18277, 8.18208],
			"rotation": {"angle": -45, "axis": "z", "origin": [1.47903, 5.05777, 7.86958]},
			"faces": {
				"north": {"uv": [3.49998, 9.25002, 3.25002, 9.49998], "texture": "#5"},
				"east": {"uv": [4.24998, 9.25002, 4.00002, 9.49998], "texture": "#5"},
				"south": {"uv": [3.99998, 9.25002, 3.75002, 9.49998], "texture": "#5"},
				"west": {"uv": [3.74998, 9.25002, 3.50002, 9.49998], "texture": "#5"},
				"up": {"uv": [4.25002, 9.49998, 4.49998, 9.25002], "texture": "#5"},
				"down": {"uv": [4.50002, 9.25002, 4.74998, 9.49998], "texture": "#5"}
			}
		},
		{
			"from": [0.89293, 5.43443, 7.80708],
			"to": [1.08043, 6.55943, 8.18208],
			"rotation": {"angle": 22.5, "axis": "z", "origin": [0.95543, 5.62193, 7.86958]},
			"faces": {
				"north": {"uv": [4.99998, 9.25002, 4.75002, 9.49998], "texture": "#5"},
				"east": {"uv": [5.74998, 9.25002, 5.50002, 9.49998], "texture": "#5"},
				"south": {"uv": [5.49998, 9.25002, 5.25002, 9.49998], "texture": "#5"},
				"west": {"uv": [5.24998, 9.25002, 5.00002, 9.49998], "texture": "#5"},
				"up": {"uv": [5.75002, 9.49998, 5.99998, 9.25002], "texture": "#5"},
				"down": {"uv": [6.00002, 9.25002, 6.24998, 9.49998], "texture": "#5"}
			}
		},
		{
			"from": [0.52465, 6.4109, 7.80708],
			"to": [0.71215, 7.4109, 8.18208],
			"rotation": {"angle": 0, "axis": "y", "origin": [0.58715, 6.5984, 7.86958]},
			"faces": {
				"north": {"uv": [6.49998, 9.25002, 6.25002, 9.49998], "texture": "#5"},
				"east": {"uv": [7.24998, 9.25002, 7.00002, 9.49998], "texture": "#5"},
				"south": {"uv": [6.99998, 9.25002, 6.75002, 9.49998], "texture": "#5"},
				"west": {"uv": [6.74998, 9.25002, 6.50002, 9.49998], "texture": "#5"},
				"up": {"uv": [7.25002, 9.49998, 7.49998, 9.25002], "texture": "#5"},
				"down": {"uv": [7.50002, 9.25002, 7.74998, 9.49998], "texture": "#5"}
			}
		},
		{
			"from": [0.55808, 7.32898, 7.80708],
			"to": [0.74558, 8.20398, 8.18208],
			"rotation": {"angle": -22.5, "axis": "z", "origin": [0.62058, 7.51648, 7.86958]},
			"faces": {
				"north": {"uv": [7.99998, 9.25002, 7.75002, 9.49998], "texture": "#5"},
				"east": {"uv": [8.74998, 9.25002, 8.50002, 9.49998], "texture": "#5"},
				"south": {"uv": [8.49998, 9.25002, 8.25002, 9.49998], "texture": "#5"},
				"west": {"uv": [8.24998, 9.25002, 8.00002, 9.49998], "texture": "#5"},
				"up": {"uv": [8.75002, 9.49998, 8.99998, 9.25002], "texture": "#5"},
				"down": {"uv": [9.00002, 9.25002, 9.24998, 9.49998], "texture": "#5"}
			}
		},
		{
			"from": [0.89247, 8.04889, 7.80708],
			"to": [1.07997, 9.04889, 8.18208],
			"rotation": {"angle": -45, "axis": "z", "origin": [0.95497, 8.23639, 7.86958]},
			"faces": {
				"north": {"uv": [9.49998, 9.25002, 9.25002, 9.49998], "texture": "#5"},
				"east": {"uv": [9.49998, 0.50002, 9.25002, 0.74998], "texture": "#5"},
				"south": {"uv": [9.49998, 0.25002, 9.25002, 0.49998], "texture": "#5"},
				"west": {"uv": [9.49998, 0.00002, 9.25002, 0.24998], "texture": "#5"},
				"up": {"uv": [9.25002, 0.99998, 9.49998, 0.75002], "texture": "#5"},
				"down": {"uv": [9.25002, 1.00002, 9.49998, 1.24998], "texture": "#5"}
			}
		},
		{
			"from": [1.00674, 4.53952, 7.80708],
			"to": [2.25674, 4.78952, 8.18208],
			"rotation": {"angle": -22.5, "axis": "z", "origin": [1.69424, 4.60202, 7.86958]},
			"faces": {
				"north": {"uv": [9.49998, 1.25002, 9.25002, 1.49998], "texture": "#5"},
				"east": {"uv": [9.49998, 2.00002, 9.25002, 2.24998], "texture": "#5"},
				"south": {"uv": [9.49998, 1.75002, 9.25002, 1.99998], "texture": "#5"},
				"west": {"uv": [9.49998, 1.50002, 9.25002, 1.74998], "texture": "#5"},
				"up": {"uv": [9.25002, 2.49998, 9.49998, 2.25002], "texture": "#5"},
				"down": {"uv": [9.25002, 2.50002, 9.49998, 2.74998], "texture": "#5"}
			}
		},
		{
			"from": [-0.0059, 5.18682, 7.80708],
			"to": [1.2441, 5.43682, 8.18208],
			"rotation": {"angle": -45, "axis": "z", "origin": [0.6816, 5.24932, 7.86958]},
			"faces": {
				"north": {"uv": [9.49998, 2.75002, 9.25002, 2.99998], "texture": "#5"},
				"east": {"uv": [9.49998, 3.50002, 9.25002, 3.74998], "texture": "#5"},
				"south": {"uv": [9.49998, 3.25002, 9.25002, 3.49998], "texture": "#5"},
				"west": {"uv": [9.49998, 3.00002, 9.25002, 3.24998], "texture": "#5"},
				"up": {"uv": [9.25002, 3.99998, 9.49998, 3.75002], "texture": "#5"},
				"down": {"uv": [9.25002, 4.00002, 9.49998, 4.24998], "texture": "#5"}
			}
		},
		{
			"from": [-0.06874, 5.67236, 7.80708],
			"to": [0.18126, 6.29736, 8.18208],
			"rotation": {"angle": 22.5, "axis": "z", "origin": [-0.00624, 6.23486, 7.86958]},
			"faces": {
				"north": {"uv": [9.49998, 4.25002, 9.25002, 4.49998], "texture": "#5"},
				"east": {"uv": [9.49998, 5.00002, 9.25002, 5.24998], "texture": "#5"},
				"south": {"uv": [9.49998, 4.75002, 9.25002, 4.99998], "texture": "#5"},
				"west": {"uv": [9.49998, 4.50002, 9.25002, 4.74998], "texture": "#5"},
				"up": {"uv": [9.25002, 5.49998, 9.49998, 5.25002], "texture": "#5"},
				"down": {"uv": [9.25002, 5.50002, 9.49998, 5.74998], "texture": "#5"}
			}
		},
		{
			"from": [-0.0879, 6.26868, 7.80708],
			"to": [0.1621, 7.64368, 8.18208],
			"rotation": {"angle": 0, "axis": "y", "origin": [-0.0254, 6.83118, 7.86958]},
			"faces": {
				"north": {"uv": [9.49998, 5.75002, 9.25002, 5.99998], "texture": "#5"},
				"east": {"uv": [9.49998, 6.50002, 9.25002, 6.74998], "texture": "#5"},
				"south": {"uv": [9.49998, 6.25002, 9.25002, 6.49998], "texture": "#5"},
				"west": {"uv": [9.49998, 6.00002, 9.25002, 6.24998], "texture": "#5"},
				"up": {"uv": [9.25002, 6.99998, 9.49998, 6.75002], "texture": "#5"},
				"down": {"uv": [9.25002, 7.00002, 9.49998, 7.24998], "texture": "#5"}
			}
		},
		{
			"from": [0.1226, 7.57695, 7.80708],
			"to": [0.3726, 8.45195, 8.18208],
			"rotation": {"angle": -22.5, "axis": "z", "origin": [0.1851, 8.13945, 7.86958]},
			"faces": {
				"north": {"uv": [9.49998, 7.25002, 9.25002, 7.49998], "texture": "#5"},
				"east": {"uv": [9.49998, 8.00002, 9.25002, 8.24998], "texture": "#5"},
				"south": {"uv": [9.49998, 7.75002, 9.25002, 7.99998], "texture": "#5"},
				"west": {"uv": [9.49998, 7.50002, 9.25002, 7.74998], "texture": "#5"},
				"up": {"uv": [9.25002, 8.49998, 9.49998, 8.25002], "texture": "#5"},
				"down": {"uv": [9.25002, 8.50002, 9.49998, 8.74998], "texture": "#5"}
			}
		},
		{
			"from": [-5.12889, 3.54777, 7.80317],
			"to": [5.46486, 12.95402, 7.80317],
			"rotation": {"angle": 0, "axis": "y", "origin": [-2.84764, 3.76652, 7.83442]},
			"faces": {
				"north": {"uv": [2.74998, 6.00002, 0.00002, 8.24998], "texture": "#5"},
				"east": {"uv": [0.00002, 0.00002, -0.00002, 2.24998], "texture": "#5"},
				"south": {"uv": [5.49998, 6.00002, 2.75002, 8.24998], "texture": "#5"},
				"west": {"uv": [0.00002, 0.00002, -0.00002, 2.24998], "texture": "#5"},
				"up": {"uv": [0.00002, 0.00002, 2.74998, -0.00002], "texture": "#5"},
				"down": {"uv": [0.00002, 0.00002, 2.74998, -0.00002], "texture": "#5"}
			}
		},
		{
			"from": [-5.12889, 3.54777, 8.18598],
			"to": [5.46486, 12.95402, 8.18598],
			"rotation": {"angle": 0, "axis": "y", "origin": [-2.84764, 3.76652, 8.15473]},
			"faces": {
				"north": {"uv": [8.24998, 6.00002, 5.50002, 8.24998], "texture": "#5"},
				"east": {"uv": [0.00002, 0.00002, -0.00002, 2.24998], "texture": "#5"},
				"south": {"uv": [8.74998, 0.00002, 6.00002, 2.24998], "texture": "#5"},
				"west": {"uv": [0.00002, 0.00002, -0.00002, 2.24998], "texture": "#5"},
				"up": {"uv": [0.00002, 0.00002, 2.74998, -0.00002], "texture": "#5"},
				"down": {"uv": [0.00002, 0.00002, 2.74998, -0.00002], "texture": "#5"}
			}
		},
		{
			"from": [-15.87889, 0.92277, 8.02973],
			"to": [8.58986, 12.45402, 8.02973],
			"rotation": {"angle": 0, "axis": "y", "origin": [-4.20702, 5.87589, 8.02973]},
			"faces": {
				"north": {"uv": [5.99998, 0.00002, 0.00002, 2.99998], "texture": "#5"},
				"east": {"uv": [0.00002, 0.00002, -0.00002, 2.99998], "texture": "#5"},
				"south": {"uv": [5.99998, 3.00002, 0.00002, 5.99998], "texture": "#5"},
				"west": {"uv": [0.00002, 0.00002, -0.00002, 2.99998], "texture": "#5"},
				"up": {"uv": [0.00002, 0.00002, 5.99998, -0.00002], "texture": "#5"},
				"down": {"uv": [0.00002, 0.00002, 5.99998, -0.00002], "texture": "#5"}
			}
		}
	],
	"display": {
		"thirdperson_righthand": {
			"rotation": [75, 0, 0],
			"translation": [0, 0.25, 0],
			"scale": [0.375, 0.375, 0.375]
		},
		"thirdperson_lefthand": {
			"rotation": [69, 0, 0],
			"translation": [-6, -6.75, 11],
			"scale": [1.69, 1.71, 2.94]
		},
		"firstperson_righthand": {
			"scale": [0, 0, 0]
		},
		"firstperson_lefthand": {
			"scale": [0, 0, 0]
		},
		"gui": {
			"rotation": [20, -150, 0],
			"translation": [0.25, 0, 0],
			"scale": [0.4, 0.5, 0.4]
		},
		"head": {
			"translation": [0, -11.5, 6],
			"scale": [2.5, 3, 2.5]
		}
	},
	"groups": [
		{
			"name": "group",
			"origin": [8, 8, 8],
			"color": 0,
			"children": [
				{
					"name": "group",
					"origin": [8.55382, 11.03355, 0.0625],
					"color": 0,
					"children": [0, 1, 2, 3, 4, 5, 6, 7, 8, 9, 10, 11, 12, 13, 14, 15, 16, 17, 18, 19, 20, 21, 22, 23, 24, 25]
				},
				{
					"name": "group",
					"origin": [8, 8, 8],
					"color": 0,
					"children": [
						{
							"name": "group",
							"origin": [9.1554, 8.49114, 0.0625],
							"color": 0,
							"children": [26, 27, 28, 29, 30]
						},
						{
							"name": "group",
							"origin": [9.20118, 7.31165, 0.0625],
							"color": 0,
							"children": [31, 32, 33, 34, 35, 36]
						}
					]
				},
				{
					"name": "group",
					"origin": [8, 8, 8],
					"color": 0,
					"children": [
						{
							"name": "group",
							"origin": [9.1554, 8.49114, 0.0625],
							"color": 0,
							"children": [37, 38, 39, 40, 41, 42]
						},
						{
							"name": "group",
							"origin": [9.20118, 7.31165, 0.0625],
							"color": 0,
							"children": [43, 44, 45, 46, 47, 48, 49, 50]
						}
					]
				},
				{
					"name": "group",
					"origin": [7.89233, 7.96856, 0.0625],
					"color": 0,
					"children": [51, 52, 53, 54, 55, 56, 57, 58, 59, 60, 61, 62, 63, 64, 65, 66, 67, 68]
				},
				69,
				70,
				71
			]
		},
		{
			"name": "group",
			"origin": [8, 8, 8],
			"color": 0,
			"children": [
				{
					"name": "group",
					"origin": [8.55382, 11.03355, 0.0625],
					"color": 0,
					"children": [72, 73, 74, 75, 76, 77, 78, 79, 80, 81, 82, 83, 84, 85, 86, 87, 88, 89, 90, 91, 92, 93, 94, 95, 96, 97]
				},
				{
					"name": "group",
					"origin": [8, 8, 8],
					"color": 0,
					"children": [
						{
							"name": "group",
							"origin": [9.1554, 8.49114, 0.0625],
							"color": 0,
							"children": [98, 99, 100, 101, 102]
						},
						{
							"name": "group",
							"origin": [9.20118, 7.31165, 0.0625],
							"color": 0,
							"children": [103, 104, 105, 106, 107, 108]
						}
					]
				},
				{
					"name": "group",
					"origin": [8, 8, 8],
					"color": 0,
					"children": [
						{
							"name": "group",
							"origin": [9.1554, 8.49114, 0.0625],
							"color": 0,
							"children": [109, 110, 111, 112, 113, 114]
						},
						{
							"name": "group",
							"origin": [9.20118, 7.31165, 0.0625],
							"color": 0,
							"children": [115, 116, 117, 118, 119, 120, 121, 122]
						}
					]
				},
				{
					"name": "group",
					"origin": [7.89233, 7.96856, 0.0625],
					"color": 0,
					"children": [123, 124, 125, 126, 127, 128, 129, 130, 131, 132, 133, 134, 135, 136, 137, 138, 139, 140]
				},
				141,
				142,
				143
			]
		}
	]
}