{
	"credit": "Made with Blockbench",
	"textures": {
		"0": "items/wing11",
		"particle": "items/wing11"
	},
	"elements": [
		{
			"name": "ttt_0",
			"from": [4.9625, 11, 7.75],
			"to": [10.4625, 17, 8.25],
			"rotation": {"angle": 0, "axis": "y", "origin": [-8.0375, 26.5, 7.75]},
			"faces": {
				"north": {"uv": [6.5, 7.75, 9.25, 4.75], "rotation": 180, "texture": "#0"},
				"east": {"uv": [9, 4.75, 9.25, 7.75], "texture": "#0"},
				"south": {"uv": [6.5, 4.75, 9.25, 7.75], "texture": "#0"},
				"west": {"uv": [6.5, 4.75, 6.75, 7.75], "texture": "#0"},
				"up": {"uv": [9.25, 4.75, 6.5, 5], "rotation": 180, "texture": "#0"},
				"down": {"uv": [6.5, 7.5, 9.25, 7.75], "texture": "#0"}
			}
		},
		{
			"name": "ttt_1",
			"from": [3.4625, 9.5, 7.75],
			"to": [4.9625, 16.5, 8.25],
			"rotation": {"angle": 0, "axis": "y", "origin": [-8.0375, 26.5, 7.75]},
			"faces": {
				"north": {"uv": [5.75, 8.5, 6.5, 5], "rotation": 180, "texture": "#0"},
				"east": {"uv": [6.25, 5, 6.5, 8.5], "texture": "#0"},
				"south": {"uv": [5.75, 5, 6.5, 8.5], "texture": "#0"},
				"west": {"uv": [5.75, 5, 6, 8.5], "texture": "#0"},
				"up": {"uv": [6.5, 5, 5.75, 5.25], "rotation": 180, "texture": "#0"},
				"down": {"uv": [5.75, 8.25, 6.5, 8.5], "texture": "#0"}
			}
		},
		{
			"name": "ttt_2",
			"from": [10.4625, 9.5, 7.75],
			"to": [11.9625, 16.5, 8.25],
			"rotation": {"angle": 0, "axis": "y", "origin": [-8.0375, 26.5, 7.75]},
			"faces": {
				"north": {"uv": [9.25, 8.5, 10, 5], "rotation": 180, "texture": "#0"},
				"east": {"uv": [9.75, 5, 10, 8.5], "texture": "#0"},
				"south": {"uv": [9.25, 5, 10, 8.5], "texture": "#0"},
				"west": {"uv": [9.25, 5, 9.5, 8.5], "texture": "#0"},
				"up": {"uv": [10, 5, 9.25, 5.25], "rotation": 180, "texture": "#0"},
				"down": {"uv": [9.25, 8.25, 10, 8.5], "texture": "#0"}
			}
		},
		{
			"name": "ttt_3",
			"from": [2.4625, 4, 7.75],
			"to": [3.4625, 16, 8.25],
			"rotation": {"angle": 0, "axis": "y", "origin": [-8.0375, 26.5, 7.75]},
			"faces": {
				"north": {"uv": [5.25, 11.25, 5.75, 5.25], "rotation": 180, "texture": "#0"},
				"east": {"uv": [5.5, 5.25, 5.75, 11.25], "texture": "#0"},
				"south": {"uv": [5.25, 5.25, 5.75, 11.25], "texture": "#0"},
				"west": {"uv": [5.25, 5.25, 5.5, 11.25], "texture": "#0"},
				"up": {"uv": [5.75, 5.25, 5.25, 5.5], "rotation": 180, "texture": "#0"},
				"down": {"uv": [5.25, 11, 5.75, 11.25], "texture": "#0"}
			}
		},
		{
			"name": "ttt_4",
			"from": [11.9625, 4, 7.75],
			"to": [12.9625, 16, 8.25],
			"rotation": {"angle": 0, "axis": "y", "origin": [-8.0375, 26.5, 7.75]},
			"faces": {
				"north": {"uv": [10, 11.25, 10.5, 5.25], "rotation": 180, "texture": "#0"},
				"east": {"uv": [10.25, 5.25, 10.5, 11.25], "texture": "#0"},
				"south": {"uv": [10, 5.25, 10.5, 11.25], "texture": "#0"},
				"west": {"uv": [10, 5.25, 10.25, 11.25], "texture": "#0"},
				"up": {"uv": [10.5, 5.25, 10, 5.5], "rotation": 180, "texture": "#0"},
				"down": {"uv": [10, 11, 10.5, 11.25], "texture": "#0"}
			}
		},
		{
			"name": "ttt_5",
			"from": [1.9625, 3.5, 7.75],
			"to": [2.4625, 15.5, 8.25],
			"rotation": {"angle": 0, "axis": "y", "origin": [-8.0375, 26.5, 7.75]},
			"faces": {
				"north": {"uv": [5, 11.5, 5.25, 5.5], "rotation": 180, "texture": "#0"},
				"east": {"uv": [5, 5.5, 5.25, 11.5], "texture": "#0"},
				"south": {"uv": [5, 5.5, 5.25, 11.5], "texture": "#0"},
				"west": {"uv": [5, 5.5, 5.25, 11.5], "texture": "#0"},
				"up": {"uv": [5.25, 5.5, 5, 5.75], "rotation": 180, "texture": "#0"},
				"down": {"uv": [5, 11.25, 5.25, 11.5], "texture": "#0"}
			}
		},
		{
			"name": "ttt_6",
			"from": [12.9625, 3.5, 7.75],
			"to": [13.4625, 15.5, 8.25],
			"rotation": {"angle": 0, "axis": "y", "origin": [-8.0375, 26.5, 7.75]},
			"faces": {
				"north": {"uv": [10.5, 11.5, 10.75, 5.5], "rotation": 180, "texture": "#0"},
				"east": {"uv": [10.5, 5.5, 10.75, 11.5], "texture": "#0"},
				"south": {"uv": [10.5, 5.5, 10.75, 11.5], "texture": "#0"},
				"west": {"uv": [10.5, 5.5, 10.75, 11.5], "texture": "#0"},
				"up": {"uv": [10.75, 5.5, 10.5, 5.75], "rotation": 180, "texture": "#0"},
				"down": {"uv": [10.5, 11.25, 10.75, 11.5], "texture": "#0"}
			}
		},
		{
			"name": "ttt_7",
			"from": [1.4625, 3.5, 7.75],
			"to": [1.9625, 15, 8.25],
			"rotation": {"angle": 0, "axis": "y", "origin": [-8.0375, 26.5, 7.75]},
			"faces": {
				"north": {"uv": [4.75, 11.5, 5, 5.75], "rotation": 180, "texture": "#0"},
				"east": {"uv": [4.75, 5.75, 5, 11.5], "texture": "#0"},
				"south": {"uv": [4.75, 5.75, 5, 11.5], "texture": "#0"},
				"west": {"uv": [4.75, 5.75, 5, 11.5], "texture": "#0"},
				"up": {"uv": [5, 5.75, 4.75, 6], "rotation": 180, "texture": "#0"},
				"down": {"uv": [4.75, 11.25, 5, 11.5], "texture": "#0"}
			}
		},
		{
			"name": "ttt_8",
			"from": [13.4625, 3.5, 7.75],
			"to": [13.9625, 15, 8.25],
			"rotation": {"angle": 0, "axis": "y", "origin": [-8.0375, 26.5, 7.75]},
			"faces": {
				"north": {"uv": [10.75, 11.5, 11, 5.75], "rotation": 180, "texture": "#0"},
				"east": {"uv": [10.75, 5.75, 11, 11.5], "texture": "#0"},
				"south": {"uv": [10.75, 5.75, 11, 11.5], "texture": "#0"},
				"west": {"uv": [10.75, 5.75, 11, 11.5], "texture": "#0"},
				"up": {"uv": [11, 5.75, 10.75, 6], "rotation": 180, "texture": "#0"},
				"down": {"uv": [10.75, 11.25, 11, 11.5], "texture": "#0"}
			}
		},
		{
			"name": "ttt_9",
			"from": [0.9625, 4, 7.75],
			"to": [1.4625, 14.5, 8.25],
			"rotation": {"angle": 0, "axis": "y", "origin": [-8.0375, 26.5, 7.75]},
			"faces": {
				"north": {"uv": [4.5, 11.25, 4.75, 6], "rotation": 180, "texture": "#0"},
				"east": {"uv": [4.5, 6, 4.75, 11.25], "texture": "#0"},
				"south": {"uv": [4.5, 6, 4.75, 11.25], "texture": "#0"},
				"west": {"uv": [4.5, 6, 4.75, 11.25], "texture": "#0"},
				"up": {"uv": [4.75, 6, 4.5, 6.25], "rotation": 180, "texture": "#0"},
				"down": {"uv": [4.5, 11, 4.75, 11.25], "texture": "#0"}
			}
		},
		{
			"name": "ttt_10",
			"from": [13.9625, 4, 7.75],
			"to": [14.4625, 14.5, 8.25],
			"rotation": {"angle": 0, "axis": "y", "origin": [-8.0375, 26.5, 7.75]},
			"faces": {
				"north": {"uv": [11, 11.25, 11.25, 6], "rotation": 180, "texture": "#0"},
				"east": {"uv": [11, 6, 11.25, 11.25], "texture": "#0"},
				"south": {"uv": [11, 6, 11.25, 11.25], "texture": "#0"},
				"west": {"uv": [11, 6, 11.25, 11.25], "texture": "#0"},
				"up": {"uv": [11.25, 6, 11, 6.25], "rotation": 180, "texture": "#0"},
				"down": {"uv": [11, 11, 11.25, 11.25], "texture": "#0"}
			}
		},
		{
			"name": "ttt_11",
			"from": [0.4625, 4, 7.75],
			"to": [0.9625, 14, 8.25],
			"rotation": {"angle": 0, "axis": "y", "origin": [-8.0375, 26.5, 7.75]},
			"faces": {
				"north": {"uv": [4.25, 11.25, 4.5, 6.25], "rotation": 180, "texture": "#0"},
				"east": {"uv": [4.25, 6.25, 4.5, 11.25], "texture": "#0"},
				"south": {"uv": [4.25, 6.25, 4.5, 11.25], "texture": "#0"},
				"west": {"uv": [4.25, 6.25, 4.5, 11.25], "texture": "#0"},
				"up": {"uv": [4.5, 6.25, 4.25, 6.5], "rotation": 180, "texture": "#0"},
				"down": {"uv": [4.25, 11, 4.5, 11.25], "texture": "#0"}
			}
		},
		{
			"name": "ttt_12",
			"from": [14.4625, 4, 7.75],
			"to": [14.9625, 14, 8.25],
			"rotation": {"angle": 0, "axis": "y", "origin": [-8.0375, 26.5, 7.75]},
			"faces": {
				"north": {"uv": [11.25, 11.25, 11.5, 6.25], "rotation": 180, "texture": "#0"},
				"east": {"uv": [11.25, 6.25, 11.5, 11.25], "texture": "#0"},
				"south": {"uv": [11.25, 6.25, 11.5, 11.25], "texture": "#0"},
				"west": {"uv": [11.25, 6.25, 11.5, 11.25], "texture": "#0"},
				"up": {"uv": [11.5, 6.25, 11.25, 6.5], "rotation": 180, "texture": "#0"},
				"down": {"uv": [11.25, 11, 11.5, 11.25], "texture": "#0"}
			}
		},
		{
			"name": "ttt_13",
			"from": [-0.0375, 3.5, 7.75],
			"to": [0.4625, 13.5, 8.25],
			"rotation": {"angle": 0, "axis": "y", "origin": [-8.0375, 26.5, 7.75]},
			"faces": {
				"north": {"uv": [4, 11.5, 4.25, 6.5], "rotation": 180, "texture": "#0"},
				"east": {"uv": [4, 6.5, 4.25, 11.5], "texture": "#0"},
				"south": {"uv": [4, 6.5, 4.25, 11.5], "texture": "#0"},
				"west": {"uv": [4, 6.5, 4.25, 11.5], "texture": "#0"},
				"up": {"uv": [4.25, 6.5, 4, 6.75], "rotation": 180, "texture": "#0"},
				"down": {"uv": [4, 11.25, 4.25, 11.5], "texture": "#0"}
			}
		},
		{
			"name": "ttt_14",
			"from": [14.9625, 3.5, 7.75],
			"to": [15.4625, 13.5, 8.25],
			"rotation": {"angle": 0, "axis": "y", "origin": [-8.0375, 26.5, 7.75]},
			"faces": {
				"north": {"uv": [11.5, 11.5, 11.75, 6.5], "rotation": 180, "texture": "#0"},
				"east": {"uv": [11.5, 6.5, 11.75, 11.5], "texture": "#0"},
				"south": {"uv": [11.5, 6.5, 11.75, 11.5], "texture": "#0"},
				"west": {"uv": [11.5, 6.5, 11.75, 11.5], "texture": "#0"},
				"up": {"uv": [11.75, 6.5, 11.5, 6.75], "rotation": 180, "texture": "#0"},
				"down": {"uv": [11.5, 11.25, 11.75, 11.5], "texture": "#0"}
			}
		},
		{
			"name": "ttt_15",
			"from": [-0.5375, 3.5, 7.75],
			"to": [-0.0375, 13, 8.25],
			"rotation": {"angle": 0, "axis": "y", "origin": [-8.0375, 26.5, 7.75]},
			"faces": {
				"north": {"uv": [3.75, 11.5, 4, 6.75], "rotation": 180, "texture": "#0"},
				"east": {"uv": [3.75, 6.75, 4, 11.5], "texture": "#0"},
				"south": {"uv": [3.75, 6.75, 4, 11.5], "texture": "#0"},
				"west": {"uv": [3.75, 6.75, 4, 11.5], "texture": "#0"},
				"up": {"uv": [4, 6.75, 3.75, 7], "rotation": 180, "texture": "#0"},
				"down": {"uv": [3.75, 11.25, 4, 11.5], "texture": "#0"}
			}
		},
		{
			"name": "ttt_16",
			"from": [15.4625, 3.5, 7.75],
			"to": [15.9625, 13, 8.25],
			"rotation": {"angle": 0, "axis": "y", "origin": [-8.0375, 26.5, 7.75]},
			"faces": {
				"north": {"uv": [11.75, 11.5, 12, 6.75], "rotation": 180, "texture": "#0"},
				"east": {"uv": [11.75, 6.75, 12, 11.5], "texture": "#0"},
				"south": {"uv": [11.75, 6.75, 12, 11.5], "texture": "#0"},
				"west": {"uv": [11.75, 6.75, 12, 11.5], "texture": "#0"},
				"up": {"uv": [12, 6.75, 11.75, 7], "rotation": 180, "texture": "#0"},
				"down": {"uv": [11.75, 11.25, 12, 11.5], "texture": "#0"}
			}
		},
		{
			"name": "ttt_17",
			"from": [-1.0375, 3.5, 7.75],
			"to": [-0.5375, 12, 8.25],
			"rotation": {"angle": 0, "axis": "y", "origin": [-8.0375, 26.5, 7.75]},
			"faces": {
				"north": {"uv": [3.5, 11.5, 3.75, 7.25], "rotation": 180, "texture": "#0"},
				"east": {"uv": [3.5, 7.25, 3.75, 11.5], "texture": "#0"},
				"south": {"uv": [3.5, 7.25, 3.75, 11.5], "texture": "#0"},
				"west": {"uv": [3.5, 7.25, 3.75, 11.5], "texture": "#0"},
				"up": {"uv": [3.75, 7.25, 3.5, 7.5], "rotation": 180, "texture": "#0"},
				"down": {"uv": [3.5, 11.25, 3.75, 11.5], "texture": "#0"}
			}
		},
		{
			"name": "ttt_18",
			"from": [15.9625, 3.5, 7.75],
			"to": [16.4625, 12, 8.25],
			"rotation": {"angle": 0, "axis": "y", "origin": [-8.0375, 26.5, 7.75]},
			"faces": {
				"north": {"uv": [12, 11.5, 12.25, 7.25], "rotation": 180, "texture": "#0"},
				"east": {"uv": [12, 7.25, 12.25, 11.5], "texture": "#0"},
				"south": {"uv": [12, 7.25, 12.25, 11.5], "texture": "#0"},
				"west": {"uv": [12, 7.25, 12.25, 11.5], "texture": "#0"},
				"up": {"uv": [12.25, 7.25, 12, 7.5], "rotation": 180, "texture": "#0"},
				"down": {"uv": [12, 11.25, 12.25, 11.5], "texture": "#0"}
			}
		},
		{
			"name": "ttt_19",
			"from": [-1.5375, 4, 7.75],
			"to": [-1.0375, 11, 8.25],
			"rotation": {"angle": 0, "axis": "y", "origin": [-8.0375, 26.5, 7.75]},
			"faces": {
				"north": {"uv": [3.25, 11.25, 3.5, 7.75], "rotation": 180, "texture": "#0"},
				"east": {"uv": [3.25, 7.75, 3.5, 11.25], "texture": "#0"},
				"south": {"uv": [3.25, 7.75, 3.5, 11.25], "texture": "#0"},
				"west": {"uv": [3.25, 7.75, 3.5, 11.25], "texture": "#0"},
				"up": {"uv": [3.5, 7.75, 3.25, 8], "rotation": 180, "texture": "#0"},
				"down": {"uv": [3.25, 11, 3.5, 11.25], "texture": "#0"}
			}
		},
		{
			"name": "ttt_20",
			"from": [4.9625, 10.5, 7.75],
			"to": [5.9625, 11, 8.25],
			"rotation": {"angle": 0, "axis": "y", "origin": [-8.0375, 26.5, 7.75]},
			"faces": {
				"north": {"uv": [6.5, 8, 7, 7.75], "rotation": 180, "texture": "#0"},
				"east": {"uv": [6.75, 7.75, 7, 8], "texture": "#0"},
				"south": {"uv": [6.5, 7.75, 7, 8], "texture": "#0"},
				"west": {"uv": [6.5, 7.75, 6.75, 8], "texture": "#0"},
				"up": {"uv": [7, 7.75, 6.5, 8], "rotation": 180, "texture": "#0"},
				"down": {"uv": [6.5, 7.75, 7, 8], "texture": "#0"}
			}
		},
		{
			"name": "ttt_21",
			"from": [9.4625, 10.5, 7.75],
			"to": [10.4625, 11, 8.25],
			"rotation": {"angle": 0, "axis": "y", "origin": [-8.0375, 26.5, 7.75]},
			"faces": {
				"north": {"uv": [8.75, 8, 9.25, 7.75], "rotation": 180, "texture": "#0"},
				"east": {"uv": [9, 7.75, 9.25, 8], "texture": "#0"},
				"south": {"uv": [8.75, 7.75, 9.25, 8], "texture": "#0"},
				"west": {"uv": [8.75, 7.75, 9, 8], "texture": "#0"},
				"up": {"uv": [9.25, 7.75, 8.75, 8], "rotation": 180, "texture": "#0"},
				"down": {"uv": [8.75, 7.75, 9.25, 8], "texture": "#0"}
			}
		},
		{
			"name": "ttt_22",
			"from": [16.4625, 4, 7.75],
			"to": [16.9625, 11, 8.25],
			"rotation": {"angle": 0, "axis": "y", "origin": [-8.0375, 26.5, 7.75]},
			"faces": {
				"north": {"uv": [12.25, 11.25, 12.5, 7.75], "rotation": 180, "texture": "#0"},
				"east": {"uv": [12.25, 7.75, 12.5, 11.25], "texture": "#0"},
				"south": {"uv": [12.25, 7.75, 12.5, 11.25], "texture": "#0"},
				"west": {"uv": [12.25, 7.75, 12.5, 11.25], "texture": "#0"},
				"up": {"uv": [12.5, 7.75, 12.25, 8], "rotation": 180, "texture": "#0"},
				"down": {"uv": [12.25, 11, 12.5, 11.25], "texture": "#0"}
			}
		},
		{
			"name": "ttt_23",
			"from": [3.4625, 7.5, 7.75],
			"to": [4.4625, 9.5, 8.25],
			"rotation": {"angle": 0, "axis": "y", "origin": [-8.0375, 26.5, 7.75]},
			"faces": {
				"north": {"uv": [5.75, 9.5, 6.25, 8.5], "rotation": 180, "texture": "#0"},
				"east": {"uv": [6, 8.5, 6.25, 9.5], "texture": "#0"},
				"south": {"uv": [5.75, 8.5, 6.25, 9.5], "texture": "#0"},
				"west": {"uv": [5.75, 8.5, 6, 9.5], "texture": "#0"},
				"up": {"uv": [6.25, 8.5, 5.75, 8.75], "rotation": 180, "texture": "#0"},
				"down": {"uv": [5.75, 9.25, 6.25, 9.5], "texture": "#0"}
			}
		},
		{
			"name": "ttt_24",
			"from": [10.9625, 7.5, 7.75],
			"to": [11.9625, 9.5, 8.25],
			"rotation": {"angle": 0, "axis": "y", "origin": [-8.0375, 26.5, 7.75]},
			"faces": {
				"north": {"uv": [9.5, 9.5, 10, 8.5], "rotation": 180, "texture": "#0"},
				"east": {"uv": [9.75, 8.5, 10, 9.5], "texture": "#0"},
				"south": {"uv": [9.5, 8.5, 10, 9.5], "texture": "#0"},
				"west": {"uv": [9.5, 8.5, 9.75, 9.5], "texture": "#0"},
				"up": {"uv": [10, 8.5, 9.5, 8.75], "rotation": 180, "texture": "#0"},
				"down": {"uv": [9.5, 9.25, 10, 9.5], "texture": "#0"}
			}
		},
		{
			"name": "ttt_25",
			"from": [-2.5375, 4, 7.75],
			"to": [-1.5375, 8.5, 8.25],
			"rotation": {"angle": 0, "axis": "y", "origin": [-8.0375, 26.5, 7.75]},
			"faces": {
				"north": {"uv": [2.75, 11.25, 3.25, 9], "rotation": 180, "texture": "#0"},
				"east": {"uv": [3, 9, 3.25, 11.25], "texture": "#0"},
				"south": {"uv": [2.75, 9, 3.25, 11.25], "texture": "#0"},
				"west": {"uv": [2.75, 9, 3, 11.25], "texture": "#0"},
				"up": {"uv": [3.25, 9, 2.75, 9.25], "rotation": 180, "texture": "#0"},
				"down": {"uv": [2.75, 11, 3.25, 11.25], "texture": "#0"}
			}
		},
		{
			"name": "ttt_26",
			"from": [16.9625, 4, 7.75],
			"to": [17.9625, 8.5, 8.25],
			"rotation": {"angle": 0, "axis": "y", "origin": [-8.0375, 26.5, 7.75]},
			"faces": {
				"north": {"uv": [12.5, 11.25, 13, 9], "rotation": 180, "texture": "#0"},
				"east": {"uv": [12.75, 9, 13, 11.25], "texture": "#0"},
				"south": {"uv": [12.5, 9, 13, 11.25], "texture": "#0"},
				"west": {"uv": [12.5, 9, 12.75, 11.25], "texture": "#0"},
				"up": {"uv": [13, 9, 12.5, 9.25], "rotation": 180, "texture": "#0"},
				"down": {"uv": [12.5, 11, 13, 11.25], "texture": "#0"}
			}
		},
		{
			"name": "ttt_27",
			"from": [-3.0375, 4, 7.75],
			"to": [-2.5375, 8, 8.25],
			"rotation": {"angle": 0, "axis": "y", "origin": [-8.0375, 26.5, 7.75]},
			"faces": {
				"north": {"uv": [2.5, 11.25, 2.75, 9.25], "rotation": 180, "texture": "#0"},
				"east": {"uv": [2.5, 9.25, 2.75, 11.25], "texture": "#0"},
				"south": {"uv": [2.5, 9.25, 2.75, 11.25], "texture": "#0"},
				"west": {"uv": [2.5, 9.25, 2.75, 11.25], "texture": "#0"},
				"up": {"uv": [2.75, 9.25, 2.5, 9.5], "rotation": 180, "texture": "#0"},
				"down": {"uv": [2.5, 11, 2.75, 11.25], "texture": "#0"}
			}
		},
		{
			"name": "ttt_28",
			"from": [17.9625, 4, 7.75],
			"to": [18.4625, 8, 8.25],
			"rotation": {"angle": 0, "axis": "y", "origin": [-8.0375, 26.5, 7.75]},
			"faces": {
				"north": {"uv": [13, 11.25, 13.25, 9.25], "rotation": 180, "texture": "#0"},
				"east": {"uv": [13, 9.25, 13.25, 11.25], "texture": "#0"},
				"south": {"uv": [13, 9.25, 13.25, 11.25], "texture": "#0"},
				"west": {"uv": [13, 9.25, 13.25, 11.25], "texture": "#0"},
				"up": {"uv": [13.25, 9.25, 13, 9.5], "rotation": 180, "texture": "#0"},
				"down": {"uv": [13, 11, 13.25, 11.25], "texture": "#0"}
			}
		},
		{
			"name": "ttt_29",
			"from": [3.4625, 4.5, 7.75],
			"to": [3.9625, 7.5, 8.25],
			"rotation": {"angle": 0, "axis": "y", "origin": [-8.0375, 26.5, 7.75]},
			"faces": {
				"north": {"uv": [5.75, 11, 6, 9.5], "rotation": 180, "texture": "#0"},
				"east": {"uv": [5.75, 9.5, 6, 11], "texture": "#0"},
				"south": {"uv": [5.75, 9.5, 6, 11], "texture": "#0"},
				"west": {"uv": [5.75, 9.5, 6, 11], "texture": "#0"},
				"up": {"uv": [6, 9.5, 5.75, 9.75], "rotation": 180, "texture": "#0"},
				"down": {"uv": [5.75, 10.75, 6, 11], "texture": "#0"}
			}
		},
		{
			"name": "ttt_30",
			"from": [11.4625, 4.5, 7.75],
			"to": [11.9625, 7.5, 8.25],
			"rotation": {"angle": 0, "axis": "y", "origin": [-8.0375, 26.5, 7.75]},
			"faces": {
				"north": {"uv": [9.75, 11, 10, 9.5], "rotation": 180, "texture": "#0"},
				"east": {"uv": [9.75, 9.5, 10, 11], "texture": "#0"},
				"south": {"uv": [9.75, 9.5, 10, 11], "texture": "#0"},
				"west": {"uv": [9.75, 9.5, 10, 11], "texture": "#0"},
				"up": {"uv": [10, 9.5, 9.75, 9.75], "rotation": 180, "texture": "#0"},
				"down": {"uv": [9.75, 10.75, 10, 11], "texture": "#0"}
			}
		},
		{
			"name": "ttt_31",
			"from": [3.9625, 4.5, 7.75],
			"to": [4.4625, 7, 8.25],
			"rotation": {"angle": 0, "axis": "y", "origin": [-8.0375, 26.5, 7.75]},
			"faces": {
				"north": {"uv": [6, 11, 6.25, 9.75], "rotation": 180, "texture": "#0"},
				"east": {"uv": [6, 9.75, 6.25, 11], "texture": "#0"},
				"south": {"uv": [6, 9.75, 6.25, 11], "texture": "#0"},
				"west": {"uv": [6, 9.75, 6.25, 11], "texture": "#0"},
				"up": {"uv": [6.25, 9.75, 6, 10], "rotation": 180, "texture": "#0"},
				"down": {"uv": [6, 10.75, 6.25, 11], "texture": "#0"}
			}
		},
		{
			"name": "ttt_32",
			"from": [10.9625, 4.5, 7.75],
			"to": [11.4625, 7, 8.25],
			"rotation": {"angle": 0, "axis": "y", "origin": [-8.0375, 26.5, 7.75]},
			"faces": {
				"north": {"uv": [9.5, 11, 9.75, 9.75], "rotation": 180, "texture": "#0"},
				"east": {"uv": [9.5, 9.75, 9.75, 11], "texture": "#0"},
				"south": {"uv": [9.5, 9.75, 9.75, 11], "texture": "#0"},
				"west": {"uv": [9.5, 9.75, 9.75, 11], "texture": "#0"},
				"up": {"uv": [9.75, 9.75, 9.5, 10], "rotation": 180, "texture": "#0"},
				"down": {"uv": [9.5, 10.75, 9.75, 11], "texture": "#0"}
			}
		},
		{
			"name": "ttt_33",
			"from": [-3.5375, 4.5, 7.75],
			"to": [-3.0375, 6.5, 8.25],
			"rotation": {"angle": 0, "axis": "y", "origin": [-8.0375, 26.5, 7.75]},
			"faces": {
				"north": {"uv": [2.25, 11, 2.5, 10], "rotation": 180, "texture": "#0"},
				"east": {"uv": [2.25, 10, 2.5, 11], "texture": "#0"},
				"south": {"uv": [2.25, 10, 2.5, 11], "texture": "#0"},
				"west": {"uv": [2.25, 10, 2.5, 11], "texture": "#0"},
				"up": {"uv": [2.5, 10, 2.25, 10.25], "rotation": 180, "texture": "#0"},
				"down": {"uv": [2.25, 10.75, 2.5, 11], "texture": "#0"}
			}
		},
		{
			"name": "ttt_34",
			"from": [4.4625, 5, 7.75],
			"to": [4.9625, 6.5, 8.25],
			"rotation": {"angle": 0, "axis": "y", "origin": [-8.0375, 26.5, 7.75]},
			"faces": {
				"north": {"uv": [6.25, 10.75, 6.5, 10], "rotation": 180, "texture": "#0"},
				"east": {"uv": [6.25, 10, 6.5, 10.75], "texture": "#0"},
				"south": {"uv": [6.25, 10, 6.5, 10.75], "texture": "#0"},
				"west": {"uv": [6.25, 10, 6.5, 10.75], "texture": "#0"},
				"up": {"uv": [6.5, 10, 6.25, 10.25], "rotation": 180, "texture": "#0"},
				"down": {"uv": [6.25, 10.5, 6.5, 10.75], "texture": "#0"}
			}
		},
		{
			"name": "ttt_35",
			"from": [10.4625, 5, 7.75],
			"to": [10.9625, 6.5, 8.25],
			"rotation": {"angle": 0, "axis": "y", "origin": [-8.0375, 26.5, 7.75]},
			"faces": {
				"north": {"uv": [9.25, 10.75, 9.5, 10], "rotation": 180, "texture": "#0"},
				"east": {"uv": [9.25, 10, 9.5, 10.75], "texture": "#0"},
				"south": {"uv": [9.25, 10, 9.5, 10.75], "texture": "#0"},
				"west": {"uv": [9.25, 10, 9.5, 10.75], "texture": "#0"},
				"up": {"uv": [9.5, 10, 9.25, 10.25], "rotation": 180, "texture": "#0"},
				"down": {"uv": [9.25, 10.5, 9.5, 10.75], "texture": "#0"}
			}
		},
		{
			"name": "ttt_36",
			"from": [18.4625, 4.5, 7.75],
			"to": [18.9625, 6.5, 8.25],
			"rotation": {"angle": 0, "axis": "y", "origin": [-8.0375, 26.5, 7.75]},
			"faces": {
				"north": {"uv": [13.25, 11, 13.5, 10], "rotation": 180, "texture": "#0"},
				"east": {"uv": [13.25, 10, 13.5, 11], "texture": "#0"},
				"south": {"uv": [13.25, 10, 13.5, 11], "texture": "#0"},
				"west": {"uv": [13.25, 10, 13.5, 11], "texture": "#0"},
				"up": {"uv": [13.5, 10, 13.25, 10.25], "rotation": 180, "texture": "#0"},
				"down": {"uv": [13.25, 10.75, 13.5, 11], "texture": "#0"}
			}
		},
		{
			"name": "ttt_37",
			"from": [18.9625, 5, 7.75],
			"to": [19.4625, 6, 8.25],
			"rotation": {"angle": 0, "axis": "y", "origin": [-8.0375, 26.5, 7.75]},
			"faces": {
				"north": {"uv": [13.5, 10.75, 13.75, 10.25], "rotation": 180, "texture": "#0"},
				"east": {"uv": [13.5, 10.25, 13.75, 10.75], "texture": "#0"},
				"south": {"uv": [13.5, 10.25, 13.75, 10.75], "texture": "#0"},
				"west": {"uv": [13.5, 10.25, 13.75, 10.75], "texture": "#0"},
				"up": {"uv": [13.75, 10.25, 13.5, 10.5], "rotation": 180, "texture": "#0"},
				"down": {"uv": [13.5, 10.5, 13.75, 10.75], "texture": "#0"}
			}
		},
		{
			"name": "ttt_38",
			"from": [2.4625, 3.5, 7.75],
			"to": [2.9625, 4, 8.25],
			"rotation": {"angle": 0, "axis": "y", "origin": [-8.0375, 26.5, 7.75]},
			"faces": {
				"north": {"uv": [5.25, 11.5, 5.5, 11.25], "rotation": 180, "texture": "#0"},
				"east": {"uv": [5.25, 11.25, 5.5, 11.5], "texture": "#0"},
				"south": {"uv": [5.25, 11.25, 5.5, 11.5], "texture": "#0"},
				"west": {"uv": [5.25, 11.25, 5.5, 11.5], "texture": "#0"},
				"up": {"uv": [5.5, 11.25, 5.25, 11.5], "rotation": 180, "texture": "#0"},
				"down": {"uv": [5.25, 11.25, 5.5, 11.5], "texture": "#0"}
			}
		},
		{
			"name": "ttt_39",
			"from": [12.4625, 3.5, 7.75],
			"to": [12.9625, 4, 8.25],
			"rotation": {"angle": 0, "axis": "y", "origin": [-8.0375, 26.5, 7.75]},
			"faces": {
				"north": {"uv": [10.25, 11.5, 10.5, 11.25], "rotation": 180, "texture": "#0"},
				"east": {"uv": [10.25, 11.25, 10.5, 11.5], "texture": "#0"},
				"south": {"uv": [10.25, 11.25, 10.5, 11.5], "texture": "#0"},
				"west": {"uv": [10.25, 11.25, 10.5, 11.5], "texture": "#0"},
				"up": {"uv": [10.5, 11.25, 10.25, 11.5], "rotation": 180, "texture": "#0"},
				"down": {"uv": [10.25, 11.25, 10.5, 11.5], "texture": "#0"}
			}
		}
	],
	"display": {
		"thirdperson_righthand": {
			"rotation": [67, 0, 0],
			"translation": [-5.25, -5.25, 17.75],
			"scale": [1.5, 1.5, 1.5]
		},
		"thirdperson_lefthand": {
			"rotation": [67, 0, 0],
			"translation": [-5.25, -5.25, 17.75],
			"scale": [1.5, 1.5, 1.5]
		},
		"firstperson_righthand": {
			"scale": [0, 0, 0]
		},
		"firstperson_lefthand": {
			"scale": [0, 0, 0]
		},
		"ground": {
			"translation": [0, 5, 0],
			"scale": [0.8, 0.8, 0.8]
		},
		"gui": {
			"rotation": [20, -160, 0],
			"translation": [0, -1, 0],
			"scale": [0.6, 0.6, 0.6]
		},
		"head": {
			"translation": [0.75, 0.5, 9.25],
			"scale": [2.3, 2.3, 2.3]
		}
	},
	"groups": [
		{
			"name": "ttt",
			"origin": [8, 8, 8],
			"color": 0,
			"children": [0, 1, 2, 3, 4, 5, 6, 7, 8, 9, 10, 11, 12, 13, 14, 15, 16, 17, 18, 19, 20, 21, 22, 23, 24, 25, 26, 27, 28, 29, 30, 31, 32, 33, 34, 35, 36, 37, 38, 39]
		}
	]
}