{
	"credit": "Made with Blockbench",
	"texture_size": [64, 64],
	"textures": {
		"1": "items/wing02"
	},
	"elements": [
		{
			"from": [8.0625, 0, 7.9375],
			"to": [24.0625, 16, 8.0625],
			"rotation": {"angle": -22.5, "axis": "y", "origin": [16.0625, 8, 8]},
			"faces": {
				"north": {"uv": [0, 0, 4, 4], "texture": "#1"},
				"east": {"uv": [0, 8, 0.25, 12], "texture": "#1"},
				"south": {"uv": [0, 4, 4, 8], "texture": "#1"},
				"west": {"uv": [0.25, 8, 0.5, 12], "texture": "#1"},
				"up": {"uv": [4.5, 8.25, 0.5, 8], "texture": "#1"},
				"down": {"uv": [8.5, 8, 4.5, 8.25], "texture": "#1"}
			}
		},
		{
			"from": [-8.0625, 0, 7.9375],
			"to": [7.9375, 16, 8.0625],
			"rotation": {"angle": 22.5, "axis": "y", "origin": [-0.0625, 8, 8]},
			"faces": {
				"north": {"uv": [4, 4, 8, 8], "texture": "#1"},
				"east": {"uv": [8, 0, 8.25, 4], "texture": "#1"},
				"south": {"uv": [4, 0, 8, 4], "texture": "#1"},
				"west": {"uv": [8, 4, 8.25, 8], "texture": "#1"},
				"up": {"uv": [4.5, 8.5, 0.5, 8.25], "texture": "#1"},
				"down": {"uv": [8.5, 8.25, 4.5, 8.5], "texture": "#1"}
			}
		}
	],
	"display": {
		"thirdperson_righthand": {
			"rotation": [75, 45, 0],
			"translation": [0, 2.5, 0],
			"scale": [0.375, 0.375, 0.375]
		},
		"thirdperson_lefthand": {
			"rotation": [75, 45, 0],
			"translation": [0, 2.5, 0],
			"scale": [0.375, 0.375, 0.375]
		},
		"firstperson_righthand": {
			"scale": [0, 0, 0]
		},
		"firstperson_lefthand": {
			"scale": [0, 0, 0]
		},
		"gui": {
			"rotation": [30, -180, 0],
			"translation": [0.25, 0, 0],
			"scale": [0.5, 0.6, 0.6]
		},
		"head": {
			"translation": [0, -8, 8.5],
			"scale": [1.5, 1.7, 1.7]
		},
		"fixed": {
			"translation": [0, 0, -4]
		}
	}
}