{"texture_size":[128,128],"textures":{"1":"items/wing06","particle":"items/wing06"},"elements":[{"from":[9,-8.5,8],"to":[32,24.5,8],"rotation":{"angle":-22.5,"axis":"y","origin":[20.5,8,8]},"faces":{"north":{"uv":[0,0,5.75,8.25],"texture":"#1"},"east":{"uv":[0,0,0,4.125],"texture":"#1"},"south":{"uv":[5.75,0,0,8.25],"texture":"#1"},"west":{"uv":[0,0,0,4.125],"texture":"#1"},"up":{"uv":[2.875,0,0,0],"texture":"#1"},"down":{"uv":[2.875,0,0,0],"texture":"#1"}}},{"from":[-16,-8.5,8],"to":[7,24.5,8],"rotation":{"angle":22.5,"axis":"y","origin":[-4.5,8,8]},"faces":{"north":{"uv":[6.25,0,12,8.25],"texture":"#1"},"east":{"uv":[0,0,0,4.125],"texture":"#1"},"south":{"uv":[12,0,6.25,8.25],"texture":"#1"},"west":{"uv":[0,0,0,4.125],"texture":"#1"},"up":{"uv":[2.875,0,0,0],"texture":"#1"},"down":{"uv":[2.875,0,0,0],"texture":"#1"}}}],"display":{"thirdperson_righthand":{"rotation":[67,0,0],"translation":[-5.5,-8.75,8.75],"scale":[0.8,0.8,0.8]},"thirdperson_lefthand":{"rotation":[67,0,0],"translation":[-5.5,-8.75,8.75],"scale":[0.8,0.8,0.8]},"firstperson_righthand":{"scale":[0,0,0]},"firstperson_lefthand":{"scale":[0,0,0]},"ground":{"translation":[0,10,0],"scale":[0.5,0.5,0.5]},"gui":{"rotation":[20,-160,0],"translation":[0.5,0,0],"scale":[0.3,0.3,0.3]},"head":{"translation":[0,-14,9],"scale":[1.2,1.2,1.2]}}}