{
	"credit": "Made with Blockbench",
	"textures": {
		"0": "items/fish_18_3",
		"1": "items/eye_1",
		"3": "items/fish_18_4",
		"4": "items/fish_18_5",
		"5": "items/fish_18_1",
		"6": "items/fish_18_2",
		"7": "items/dwd_chi_1_20",
		"8": "items/dwd_chi_1_21",
		"particle": "fish_18_3"
	},
	"elements": [
		{
			"from": [7.025, -8, 7.025],
			"to": [8.975, -7, 8.975],
			"rotation": {"angle": 0, "axis": "y", "origin": [8, 0.5, 8]},
			"faces": {
				"north": {"uv": [3.6, 3.8, 4.6, 4.8], "texture": "#4"},
				"east": {"uv": [3.6, 3.8, 4.6, 4.8], "texture": "#4"},
				"south": {"uv": [3.6, 3.8, 4.6, 4.8], "texture": "#4"},
				"west": {"uv": [3.6, 3.8, 4.6, 4.8], "texture": "#4"},
				"up": {"uv": [3.6, 3.8, 4.6, 4.8], "texture": "#4"},
				"down": {"uv": [3.6, 3.8, 4.6, 4.8], "texture": "#4"}
			}
		},
		{
			"from": [7.275, -7, 7.275],
			"to": [8.725, 0.25, 8.725],
			"rotation": {"angle": 0, "axis": "y", "origin": [8, 0.5, 8]},
			"faces": {
				"north": {"uv": [0, 0, 16, 16], "texture": "#7"},
				"east": {"uv": [0, 0, 16, 16], "texture": "#7"},
				"south": {"uv": [0, 0, 16, 16], "texture": "#7"},
				"west": {"uv": [0, 0, 16, 16], "texture": "#7"},
				"up": {"uv": [0, 0, 16, 16], "texture": "#7"},
				"down": {"uv": [0, 0, 16, 16], "texture": "#7"}
			}
		},
		{
			"from": [7.025, -0.5, 7.025],
			"to": [8.975, 0.5, 8.975],
			"rotation": {"angle": 0, "axis": "y", "origin": [8, 0.5, 8]},
			"faces": {
				"north": {"uv": [3.6, 3.8, 4.6, 4.8], "texture": "#4"},
				"east": {"uv": [3.6, 3.8, 4.6, 4.8], "texture": "#4"},
				"south": {"uv": [3.6, 3.8, 4.6, 4.8], "texture": "#4"},
				"west": {"uv": [3.6, 3.8, 4.6, 4.8], "texture": "#4"},
				"up": {"uv": [3.6, 3.8, 4.6, 4.8], "texture": "#4"},
				"down": {"uv": [3.6, 3.8, 4.6, 4.8], "texture": "#4"}
			}
		},
		{
			"from": [7.575, 0.5, 7.575],
			"to": [8.425, 19.75, 8.425],
			"rotation": {"angle": 0, "axis": "y", "origin": [8, 0.5, 8]},
			"faces": {
				"north": {"uv": [2, 9, 3.9, 10.9], "texture": "#4"},
				"east": {"uv": [2, 9, 3.9, 10.9], "texture": "#4"},
				"south": {"uv": [2, 9, 3.9, 10.9], "texture": "#4"},
				"west": {"uv": [2, 9, 3.9, 10.9], "texture": "#4"},
				"up": {"uv": [2, 9, 3.9, 10.9], "texture": "#4"},
				"down": {"uv": [2, 9, 3.9, 10.9], "texture": "#4"}
			}
		},
		{
			"from": [5.375, 19.75, 7.575],
			"to": [10.625, 20.6, 8.425],
			"rotation": {"angle": 0, "axis": "y", "origin": [8, 23.875, 8]},
			"faces": {
				"north": {"uv": [2, 9, 3.9, 10.9], "rotation": 90, "texture": "#4"},
				"east": {"uv": [2, 9, 3.9, 10.9], "rotation": 90, "texture": "#4"},
				"south": {"uv": [2, 9, 3.9, 10.9], "rotation": 90, "texture": "#4"},
				"west": {"uv": [2, 9, 3.9, 10.9], "rotation": 90, "texture": "#4"},
				"up": {"uv": [2, 9, 3.9, 10.9], "rotation": 90, "texture": "#4"},
				"down": {"uv": [2, 9, 3.9, 10.9], "rotation": 90, "texture": "#4"}
			}
		},
		{
			"from": [7.675, 20.25, 7.675],
			"to": [8.325, 25.5, 8.325],
			"rotation": {"angle": 0, "axis": "y", "origin": [8, 0.5, 8]},
			"faces": {
				"north": {"uv": [2, 9, 3.9, 10.9], "texture": "#4"},
				"east": {"uv": [2, 9, 3.9, 10.9], "texture": "#4"},
				"south": {"uv": [2, 9, 3.9, 10.9], "texture": "#4"},
				"west": {"uv": [2, 9, 3.9, 10.9], "texture": "#4"},
				"up": {"uv": [2, 9, 3.9, 10.9], "texture": "#4"},
				"down": {"uv": [2, 9, 3.9, 10.9], "texture": "#4"}
			}
		},
		{
			"from": [9.925, 20.25, 7.675],
			"to": [10.575, 24.25, 8.325],
			"rotation": {"angle": 0, "axis": "y", "origin": [8, 0.5, 8]},
			"faces": {
				"north": {"uv": [2, 9, 3.9, 10.9], "texture": "#4"},
				"east": {"uv": [2, 9, 3.9, 10.9], "texture": "#4"},
				"south": {"uv": [2, 9, 3.9, 10.9], "texture": "#4"},
				"west": {"uv": [2, 9, 3.9, 10.9], "texture": "#4"},
				"up": {"uv": [2, 9, 3.9, 10.9], "texture": "#4"},
				"down": {"uv": [2, 9, 3.9, 10.9], "texture": "#4"}
			}
		},
		{
			"from": [5.425, 20.25, 7.675],
			"to": [6.075, 24.25, 8.325],
			"rotation": {"angle": 0, "axis": "y", "origin": [8, 0.5, 8]},
			"faces": {
				"north": {"uv": [2, 9, 3.9, 10.9], "texture": "#4"},
				"east": {"uv": [2, 9, 3.9, 10.9], "texture": "#4"},
				"south": {"uv": [2, 9, 3.9, 10.9], "texture": "#4"},
				"west": {"uv": [2, 9, 3.9, 10.9], "texture": "#4"},
				"up": {"uv": [2, 9, 3.9, 10.9], "texture": "#4"},
				"down": {"uv": [2, 9, 3.9, 10.9], "texture": "#4"}
			}
		},
		{
			"from": [7.71538, 25.175, 7.675],
			"to": [8.19038, 25.65, 8.325],
			"rotation": {"angle": 45, "axis": "z", "origin": [7.86538, 25.5, 8]},
			"faces": {
				"north": {"uv": [2, 9, 3.9, 10.9], "texture": "#4"},
				"east": {"uv": [2, 9, 3.9, 10.9], "texture": "#4"},
				"south": {"uv": [2, 9, 3.9, 10.9], "texture": "#4"},
				"west": {"uv": [2, 9, 3.9, 10.9], "texture": "#4"},
				"up": {"uv": [2, 9, 3.9, 10.9], "texture": "#4"},
				"down": {"uv": [2, 9, 3.9, 10.9], "texture": "#4"}
			}
		},
		{
			"from": [9.96538, 23.925, 7.675],
			"to": [10.44038, 24.4, 8.325],
			"rotation": {"angle": 45, "axis": "z", "origin": [10.11538, 24.25, 8]},
			"faces": {
				"north": {"uv": [2, 9, 3.9, 10.9], "texture": "#4"},
				"east": {"uv": [2, 9, 3.9, 10.9], "texture": "#4"},
				"south": {"uv": [2, 9, 3.9, 10.9], "texture": "#4"},
				"west": {"uv": [2, 9, 3.9, 10.9], "texture": "#4"},
				"up": {"uv": [2, 9, 3.9, 10.9], "texture": "#4"},
				"down": {"uv": [2, 9, 3.9, 10.9], "texture": "#4"}
			}
		},
		{
			"from": [5.46538, 23.925, 7.675],
			"to": [5.94038, 24.4, 8.325],
			"rotation": {"angle": 45, "axis": "z", "origin": [5.61538, 24.25, 8]},
			"faces": {
				"north": {"uv": [2, 9, 3.9, 10.9], "texture": "#4"},
				"east": {"uv": [2, 9, 3.9, 10.9], "texture": "#4"},
				"south": {"uv": [2, 9, 3.9, 10.9], "texture": "#4"},
				"west": {"uv": [2, 9, 3.9, 10.9], "texture": "#4"},
				"up": {"uv": [2, 9, 3.9, 10.9], "texture": "#4"},
				"down": {"uv": [2, 9, 3.9, 10.9], "texture": "#4"}
			}
		},
		{
			"from": [6.75, 18.75, 6],
			"to": [11.25, 23.75, 10],
			"rotation": {"angle": 0, "axis": "y", "origin": [8.5, 21.5, 8]},
			"faces": {
				"north": {"uv": [0, 0, 7, 16], "texture": "#6"},
				"east": {"uv": [0, 0, 16, 16], "texture": "#5"},
				"south": {"uv": [7, 0, 0, 16], "texture": "#6"},
				"west": {"uv": [0, 0, 16, 16], "texture": "#5"},
				"up": {"uv": [7, 0, 13, 6], "rotation": 180, "texture": "#5"},
				"down": {"uv": [0, 13, 16, 16], "rotation": 270, "texture": "#5"}
			}
		},
		{
			"from": [9.9, 17.3, 6.25],
			"to": [12.65, 21.8, 9.75],
			"rotation": {"angle": -22.5, "axis": "z", "origin": [15.2125, 19.6375, 8]},
			"faces": {
				"north": {"uv": [0, 0, 16, 15], "texture": "#5"},
				"east": {"uv": [0, 0, 16, 15], "texture": "#5"},
				"south": {"uv": [0, 0, 16, 15], "texture": "#5"},
				"west": {"uv": [0, 0, 16, 15], "texture": "#5"},
				"up": {"uv": [7, 0, 13, 6], "rotation": 180, "texture": "#5"},
				"down": {"uv": [0, 13, 16, 15], "rotation": 270, "texture": "#5"}
			}
		},
		{
			"from": [12.15, 17.55, 6.5],
			"to": [14.65, 21.3, 9.5],
			"rotation": {"angle": -22.5, "axis": "z", "origin": [15.2125, 19.6375, 8]},
			"faces": {
				"north": {"uv": [0, 0, 16, 14], "texture": "#5"},
				"east": {"uv": [0, 0, 16, 14], "texture": "#5"},
				"south": {"uv": [0, 0, 16, 14], "texture": "#5"},
				"west": {"uv": [0, 0, 16, 14], "texture": "#5"},
				"up": {"uv": [7, 0, 13, 6], "rotation": 180, "texture": "#5"},
				"down": {"uv": [0, 13, 16, 14], "rotation": 270, "texture": "#5"}
			}
		},
		{
			"from": [14.65, 19.3, 7.75],
			"to": [23.65, 19.775, 8.25],
			"rotation": {"angle": -22.5, "axis": "z", "origin": [15.2125, 19.6375, 8]},
			"faces": {
				"north": {"uv": [7, 0, 13, 6], "rotation": 90, "texture": "#5"},
				"east": {"uv": [7, 0, 13, 6], "rotation": 90, "texture": "#5"},
				"south": {"uv": [7, 0, 13, 6], "rotation": 90, "texture": "#5"},
				"west": {"uv": [7, 0, 13, 6], "rotation": 90, "texture": "#5"},
				"up": {"uv": [7, 0, 13, 6], "rotation": 180, "texture": "#5"},
				"down": {"uv": [7, 13, 13, 6], "texture": "#5"}
			}
		},
		{
			"from": [14.65, 18.55, 7.75],
			"to": [20.9, 19.05, 8.25],
			"rotation": {"angle": -22.5, "axis": "z", "origin": [15.2125, 19.6375, 8]},
			"faces": {
				"north": {"uv": [7, 0, 13, 6], "rotation": 90, "texture": "#5"},
				"east": {"uv": [7, 0, 13, 6], "rotation": 90, "texture": "#5"},
				"south": {"uv": [7, 0, 13, 6], "rotation": 90, "texture": "#5"},
				"west": {"uv": [7, 0, 13, 6], "rotation": 90, "texture": "#5"},
				"up": {"uv": [7, 0, 13, 6], "rotation": 180, "texture": "#5"},
				"down": {"uv": [7, 13, 13, 6], "texture": "#5"}
			}
		},
		{
			"from": [14.65, 18.25, 7.2],
			"to": [16.35, 20.275, 8.8],
			"rotation": {"angle": -22.5, "axis": "z", "origin": [15.2125, 19.6375, 8]},
			"faces": {
				"north": {"uv": [0, 0, 16, 11], "texture": "#5"},
				"east": {"uv": [0, 0, 16, 11], "texture": "#5"},
				"south": {"uv": [0, 0, 16, 11], "texture": "#5"},
				"west": {"uv": [0, 0, 16, 11], "texture": "#5"},
				"up": {"uv": [7, 0, 13, 6], "rotation": 180, "texture": "#5"},
				"down": {"uv": [0, 13, 16, 11], "rotation": 270, "texture": "#5"}
			}
		},
		{
			"from": [4.725, 17.175, 6.25],
			"to": [7.475, 21.425, 9.75],
			"rotation": {"angle": 22.5, "axis": "z", "origin": [1.5625, 20.9375, 8]},
			"faces": {
				"north": {"uv": [7, 0, 16, 15], "texture": "#6"},
				"east": {"uv": [0, 0, 16, 15], "texture": "#5"},
				"south": {"uv": [16, 0, 7, 15], "texture": "#6"},
				"west": {"uv": [0, 0, 16, 15], "texture": "#5"},
				"up": {"uv": [7, 0, 13, 6], "rotation": 180, "texture": "#5"},
				"down": {"uv": [0, 13, 16, 15], "rotation": 270, "texture": "#5"}
			}
		},
		{
			"from": [2.725, 17.675, 6.75],
			"to": [4.725, 20.675, 9.25],
			"rotation": {"angle": 22.5, "axis": "z", "origin": [1.5625, 20.9375, 8]},
			"faces": {
				"north": {"uv": [0, 0, 16, 14], "texture": "#5"},
				"east": {"uv": [0, 0, 16, 14], "texture": "#5"},
				"south": {"uv": [0, 0, 16, 14], "texture": "#5"},
				"west": {"uv": [0, 0, 16, 14], "texture": "#5"},
				"up": {"uv": [7, 0, 13, 6], "rotation": 180, "texture": "#5"},
				"down": {"uv": [0, 13, 16, 14], "rotation": 270, "texture": "#5"}
			}
		},
		{
			"from": [0.725, 18.175, 7.25],
			"to": [2.725, 19.675, 8.75],
			"rotation": {"angle": 22.5, "axis": "z", "origin": [1.5625, 20.9375, 8]},
			"faces": {
				"north": {"uv": [0, 0, 16, 11], "texture": "#5"},
				"east": {"uv": [0, 0, 16, 11], "texture": "#5"},
				"south": {"uv": [0, 0, 16, 11], "texture": "#5"},
				"west": {"uv": [0, 0, 16, 11], "texture": "#5"},
				"up": {"uv": [7, 0, 13, 6], "rotation": 180, "texture": "#5"},
				"down": {"uv": [0, 13, 16, 11], "rotation": 270, "texture": "#5"}
			}
		},
		{
			"name": "hexadecagon",
			"from": [14.21542, 21.34982, 9.01235],
			"to": [14.3711, 22.13247, 9.66265],
			"rotation": {"angle": 22.5, "axis": "z", "origin": [15.2125, 19.6375, 8]},
			"faces": {
				"north": {"uv": [0, 0, 16, 16], "rotation": 270, "texture": "#1"},
				"east": {"uv": [0, 0, 16, 16], "rotation": 180, "texture": "#1"},
				"south": {"uv": [0, 0, 16, 16], "rotation": 90, "texture": "#1"},
				"west": {"uv": [0, 0, 16, 16], "texture": "#1"},
				"up": {"uv": [0, 0, 16, 16], "rotation": 90, "texture": "#1"},
				"down": {"uv": [0, 0, 16, 16], "rotation": 90, "texture": "#1"}
			}
		},
		{
			"name": "hexadecagon",
			"from": [12.52588, 19.51542, 9.01235],
			"to": [13.30854, 19.6711, 9.66265],
			"rotation": {"angle": -45, "axis": "z", "origin": [15.2125, 19.6375, 8]},
			"faces": {
				"north": {"uv": [0, 0, 16, 16], "texture": "#1"},
				"east": {"uv": [0, 0, 16, 16], "texture": "#1"},
				"south": {"uv": [0, 0, 16, 16], "texture": "#1"},
				"west": {"uv": [0, 0, 16, 16], "texture": "#1"},
				"up": {"uv": [0, 0, 16, 16], "rotation": 90, "texture": "#1"},
				"down": {"uv": [0, 0, 16, 16], "rotation": 270, "texture": "#1"}
			}
		},
		{
			"name": "hexadecagon",
			"from": [12.68367, 20.39716, 9.01235],
			"to": [13.46633, 20.55284, 9.66265],
			"rotation": {"angle": -22.5, "axis": "z", "origin": [15.2125, 19.6375, 8]},
			"faces": {
				"north": {"uv": [0, 0, 16, 16], "texture": "#1"},
				"east": {"uv": [0, 0, 16, 16], "texture": "#1"},
				"south": {"uv": [0, 0, 16, 16], "texture": "#1"},
				"west": {"uv": [0, 0, 16, 16], "texture": "#1"},
				"up": {"uv": [0, 0, 16, 16], "rotation": 90, "texture": "#1"},
				"down": {"uv": [0, 0, 16, 16], "rotation": 270, "texture": "#1"}
			}
		},
		{
			"name": "hexadecagon",
			"from": [13.16688, 21.1514, 9.01235],
			"to": [13.94953, 21.30707, 9.66265],
			"rotation": {"angle": 0, "axis": "y", "origin": [15.2125, 19.6375, 8]},
			"faces": {
				"north": {"uv": [0, 0, 16, 16], "texture": "#1"},
				"east": {"uv": [0, 0, 16, 16], "texture": "#1"},
				"south": {"uv": [0, 0, 16, 16], "texture": "#1"},
				"west": {"uv": [0, 0, 16, 16], "texture": "#1"},
				"up": {"uv": [0, 0, 16, 16], "rotation": 90, "texture": "#1"},
				"down": {"uv": [0, 0, 16, 16], "rotation": 270, "texture": "#1"}
			}
		},
		{
			"name": "hexadecagon",
			"from": [13.90194, 21.6633, 9.01235],
			"to": [14.68459, 21.81898, 9.66265],
			"rotation": {"angle": 22.5, "axis": "z", "origin": [15.2125, 19.6375, 8]},
			"faces": {
				"north": {"uv": [0, 0, 16, 16], "texture": "#1"},
				"east": {"uv": [0, 0, 16, 16], "texture": "#1"},
				"south": {"uv": [0, 0, 16, 16], "texture": "#1"},
				"west": {"uv": [0, 0, 16, 16], "texture": "#1"},
				"up": {"uv": [0, 0, 16, 16], "rotation": 90, "texture": "#1"},
				"down": {"uv": [0, 0, 16, 16], "rotation": 270, "texture": "#1"}
			}
		},
		{
			"name": "hexadecagon",
			"from": [12.83937, 19.20194, 9.01235],
			"to": [12.99505, 19.98459, 9.66265],
			"rotation": {"angle": -45, "axis": "z", "origin": [15.2125, 19.6375, 8]},
			"faces": {
				"north": {"uv": [0, 0, 16, 16], "texture": "#1"},
				"east": {"uv": [0, 0, 16, 16], "texture": "#1"},
				"south": {"uv": [0, 0, 16, 16], "texture": "#1"},
				"west": {"uv": [0, 0, 16, 16], "texture": "#1"},
				"up": {"uv": [0, 0, 16, 16], "rotation": 90, "texture": "#1"},
				"down": {"uv": [0, 0, 16, 16], "rotation": 270, "texture": "#1"}
			}
		},
		{
			"name": "hexadecagon",
			"from": [12.99716, 20.08367, 9.01235],
			"to": [13.15284, 20.86633, 9.66265],
			"rotation": {"angle": -22.5, "axis": "z", "origin": [15.2125, 19.6375, 8]},
			"faces": {
				"north": {"uv": [0, 0, 16, 16], "texture": "#1"},
				"east": {"uv": [0, 0, 16, 16], "texture": "#1"},
				"south": {"uv": [0, 0, 16, 16], "texture": "#1"},
				"west": {"uv": [0, 0, 16, 16], "texture": "#1"},
				"up": {"uv": [0, 0, 16, 16], "rotation": 90, "texture": "#1"},
				"down": {"uv": [0, 0, 16, 16], "rotation": 270, "texture": "#1"}
			}
		},
		{
			"name": "hexadecagon",
			"from": [13.48037, 20.83791, 9.01235],
			"to": [13.63604, 21.62056, 9.66265],
			"rotation": {"angle": 0, "axis": "y", "origin": [15.2125, 19.6375, 8]},
			"faces": {
				"north": {"uv": [0, 0, 16, 16], "texture": "#1"},
				"east": {"uv": [0, 0, 16, 16], "texture": "#1"},
				"south": {"uv": [0, 0, 16, 16], "texture": "#1"},
				"west": {"uv": [0, 0, 16, 16], "texture": "#1"},
				"up": {"uv": [0, 0, 16, 16], "rotation": 90, "texture": "#1"},
				"down": {"uv": [0, 0, 16, 16], "rotation": 270, "texture": "#1"}
			}
		},
		{
			"name": "hexadecagon",
			"from": [14.21542, 21.34982, 6.33735],
			"to": [14.3711, 22.13247, 6.98765],
			"rotation": {"angle": 22.5, "axis": "z", "origin": [15.2125, 19.6375, 8]},
			"faces": {
				"north": {"uv": [16, 0, 0, 16], "rotation": 270, "texture": "#1"},
				"east": {"uv": [16, 0, 0, 16], "rotation": 180, "texture": "#1"},
				"south": {"uv": [16, 0, 0, 16], "rotation": 90, "texture": "#1"},
				"west": {"uv": [16, 0, 0, 16], "texture": "#1"},
				"up": {"uv": [16, 0, 0, 16], "rotation": 90, "texture": "#1"},
				"down": {"uv": [16, 0, 0, 16], "rotation": 90, "texture": "#1"}
			}
		},
		{
			"name": "hexadecagon",
			"from": [12.52588, 19.51542, 6.33735],
			"to": [13.30854, 19.6711, 6.98765],
			"rotation": {"angle": -45, "axis": "z", "origin": [15.2125, 19.6375, 8]},
			"faces": {
				"north": {"uv": [16, 0, 0, 16], "texture": "#1"},
				"east": {"uv": [16, 0, 0, 16], "texture": "#1"},
				"south": {"uv": [16, 0, 0, 16], "texture": "#1"},
				"west": {"uv": [16, 0, 0, 16], "texture": "#1"},
				"up": {"uv": [16, 0, 0, 16], "rotation": 90, "texture": "#1"},
				"down": {"uv": [16, 0, 0, 16], "rotation": 270, "texture": "#1"}
			}
		},
		{
			"name": "hexadecagon",
			"from": [12.68367, 20.39716, 6.33735],
			"to": [13.46633, 20.55284, 6.98765],
			"rotation": {"angle": -22.5, "axis": "z", "origin": [15.2125, 19.6375, 8]},
			"faces": {
				"north": {"uv": [16, 0, 0, 16], "texture": "#1"},
				"east": {"uv": [16, 0, 0, 16], "texture": "#1"},
				"south": {"uv": [16, 0, 0, 16], "texture": "#1"},
				"west": {"uv": [16, 0, 0, 16], "texture": "#1"},
				"up": {"uv": [16, 0, 0, 16], "rotation": 90, "texture": "#1"},
				"down": {"uv": [16, 0, 0, 16], "rotation": 270, "texture": "#1"}
			}
		},
		{
			"name": "hexadecagon",
			"from": [13.16688, 21.1514, 6.33735],
			"to": [13.94953, 21.30707, 6.98765],
			"rotation": {"angle": 0, "axis": "y", "origin": [15.2125, 19.6375, 8]},
			"faces": {
				"north": {"uv": [16, 0, 0, 16], "texture": "#1"},
				"east": {"uv": [16, 0, 0, 16], "texture": "#1"},
				"south": {"uv": [16, 0, 0, 16], "texture": "#1"},
				"west": {"uv": [16, 0, 0, 16], "texture": "#1"},
				"up": {"uv": [16, 0, 0, 16], "rotation": 90, "texture": "#1"},
				"down": {"uv": [16, 0, 0, 16], "rotation": 270, "texture": "#1"}
			}
		},
		{
			"name": "hexadecagon",
			"from": [13.90194, 21.6633, 6.33735],
			"to": [14.68459, 21.81898, 6.98765],
			"rotation": {"angle": 22.5, "axis": "z", "origin": [15.2125, 19.6375, 8]},
			"faces": {
				"north": {"uv": [16, 0, 0, 16], "texture": "#1"},
				"east": {"uv": [16, 0, 0, 16], "texture": "#1"},
				"south": {"uv": [16, 0, 0, 16], "texture": "#1"},
				"west": {"uv": [16, 0, 0, 16], "texture": "#1"},
				"up": {"uv": [16, 0, 0, 16], "rotation": 90, "texture": "#1"},
				"down": {"uv": [16, 0, 0, 16], "rotation": 270, "texture": "#1"}
			}
		},
		{
			"name": "hexadecagon",
			"from": [12.83937, 19.20194, 6.33735],
			"to": [12.99505, 19.98459, 6.98765],
			"rotation": {"angle": -45, "axis": "z", "origin": [15.2125, 19.6375, 8]},
			"faces": {
				"north": {"uv": [16, 0, 0, 16], "texture": "#1"},
				"east": {"uv": [16, 0, 0, 16], "texture": "#1"},
				"south": {"uv": [16, 0, 0, 16], "texture": "#1"},
				"west": {"uv": [16, 0, 0, 16], "texture": "#1"},
				"up": {"uv": [16, 0, 0, 16], "rotation": 90, "texture": "#1"},
				"down": {"uv": [16, 0, 0, 16], "rotation": 270, "texture": "#1"}
			}
		},
		{
			"name": "hexadecagon",
			"from": [12.99716, 20.08367, 6.33735],
			"to": [13.15284, 20.86633, 6.98765],
			"rotation": {"angle": -22.5, "axis": "z", "origin": [15.2125, 19.6375, 8]},
			"faces": {
				"north": {"uv": [16, 0, 0, 16], "texture": "#1"},
				"east": {"uv": [16, 0, 0, 16], "texture": "#1"},
				"south": {"uv": [16, 0, 0, 16], "texture": "#1"},
				"west": {"uv": [16, 0, 0, 16], "texture": "#1"},
				"up": {"uv": [16, 0, 0, 16], "rotation": 90, "texture": "#1"},
				"down": {"uv": [16, 0, 0, 16], "rotation": 270, "texture": "#1"}
			}
		},
		{
			"name": "hexadecagon",
			"from": [13.48037, 20.83791, 6.33735],
			"to": [13.63604, 21.62056, 6.98765],
			"rotation": {"angle": 0, "axis": "y", "origin": [15.2125, 19.6375, 8]},
			"faces": {
				"north": {"uv": [16, 0, 0, 16], "texture": "#1"},
				"east": {"uv": [16, 0, 0, 16], "texture": "#1"},
				"south": {"uv": [16, 0, 0, 16], "texture": "#1"},
				"west": {"uv": [16, 0, 0, 16], "texture": "#1"},
				"up": {"uv": [16, 0, 0, 16], "rotation": 90, "texture": "#1"},
				"down": {"uv": [16, 0, 0, 16], "rotation": 270, "texture": "#1"}
			}
		},
		{
			"from": [-5.275, 12.675, 8],
			"to": [1.225, 25.175, 8],
			"rotation": {"angle": 22.5, "axis": "z", "origin": [1.5625, 20.9375, 8]},
			"faces": {
				"north": {"uv": [0, 0, 16, 16], "texture": "#3"},
				"east": {"uv": [0, 0, 0, 0], "texture": "#3"},
				"south": {"uv": [16, 0, 0, 16], "texture": "#3"},
				"west": {"uv": [0, 0, 0, 0], "texture": "#3"},
				"up": {"uv": [0, 0, 0, 0], "rotation": 90, "texture": "#3"},
				"down": {"uv": [0, 0, 0, 0], "rotation": 270, "texture": "#3"}
			}
		},
		{
			"from": [2.75, 15.75, 8],
			"to": [8.75, 21.5, 8],
			"rotation": {"angle": -22.5, "axis": "z", "origin": [5.75, 17.625, 8]},
			"faces": {
				"north": {"uv": [0, 16, 16, 0], "texture": "#0"},
				"east": {"uv": [0, 0, 0, 0], "texture": "#0"},
				"south": {"uv": [16, 16, 0, 0], "texture": "#0"},
				"west": {"uv": [0, 0, 0, 0], "texture": "#0"},
				"up": {"uv": [0, 0, 0, 0], "rotation": 90, "texture": "#0"},
				"down": {"uv": [0, 0, 0, 0], "rotation": 270, "texture": "#0"}
			}
		},
		{
			"from": [10.88268, 16.67388, 8],
			"to": [13.88268, 20.67388, 8],
			"rotation": {"angle": 0, "axis": "y", "origin": [6.13268, 18.54888, 8]},
			"faces": {
				"north": {"uv": [0, 16, 16, 0], "texture": "#0"},
				"east": {"uv": [0, 0, 0, 0], "texture": "#0"},
				"south": {"uv": [16, 16, 0, 0], "texture": "#0"},
				"west": {"uv": [0, 0, 0, 0], "texture": "#0"},
				"up": {"uv": [0, 0, 0, 0], "rotation": 90, "texture": "#0"},
				"down": {"uv": [0, 0, 0, 0], "rotation": 270, "texture": "#0"}
			}
		},
		{
			"from": [3.425, 20.75, 8],
			"to": [14, 28.5, 8],
			"rotation": {"angle": 0, "axis": "y", "origin": [12.25, 21.5, 8]},
			"faces": {
				"north": {"uv": [0, 0, 16, 16], "texture": "#0"},
				"east": {"uv": [0, 0, 0, 0], "texture": "#0"},
				"south": {"uv": [16, 0, 0, 16], "texture": "#0"},
				"west": {"uv": [0, 0, 0, 0], "texture": "#0"},
				"up": {"uv": [0, 0, 0, 0], "rotation": 90, "texture": "#0"},
				"down": {"uv": [0, 0, 0, 0], "rotation": 270, "texture": "#0"}
			}
		},
		{
			"from": [6.45, 20, 2.1],
			"to": [11.625, 20, 7.35],
			"rotation": {"angle": 22.5, "axis": "y", "origin": [9.25, 20, 3.625]},
			"faces": {
				"north": {"uv": [0, 0, 0, 0], "texture": "#4"},
				"east": {"uv": [0, 0, 0, 0], "texture": "#4"},
				"south": {"uv": [0, 0, 0, 0], "texture": "#4"},
				"west": {"uv": [0, 0, 0, 0], "texture": "#4"},
				"up": {"uv": [16, 0, 0, 16], "texture": "#4"},
				"down": {"uv": [0, 0, 16, 16], "rotation": 180, "texture": "#4"}
			}
		},
		{
			"from": [6.45, 20, 8.65],
			"to": [11.625, 20, 13.9],
			"rotation": {"angle": -22.5, "axis": "y", "origin": [9.25, 20, 12.375]},
			"faces": {
				"north": {"uv": [0, 0, 0, 0], "texture": "#4"},
				"east": {"uv": [0, 0, 0, 0], "texture": "#4"},
				"south": {"uv": [0, 0, 0, 0], "texture": "#4"},
				"west": {"uv": [0, 0, 0, 0], "texture": "#4"},
				"up": {"uv": [16, 16, 0, 0], "texture": "#4"},
				"down": {"uv": [0, 16, 16, 0], "rotation": 180, "texture": "#4"}
			}
		},
		{
			"from": [7.025, 16, 7.025],
			"to": [8.975, 17.75, 8.975],
			"rotation": {"angle": 0, "axis": "y", "origin": [8, 0.5, 8]},
			"faces": {
				"north": {"uv": [1, 4, 5, 6], "texture": "#8"},
				"east": {"uv": [1, 4, 5, 6], "texture": "#8"},
				"south": {"uv": [1, 4, 5, 6], "texture": "#8"},
				"west": {"uv": [1, 4, 5, 6], "texture": "#8"},
				"up": {"uv": [1, 4, 5, 6], "texture": "#8"},
				"down": {"uv": [1, 4, 5, 6], "texture": "#8"}
			}
		},
		{
			"from": [3.075, 2.75, 8],
			"to": [7.025, 17.75, 8],
			"rotation": {"angle": 0, "axis": "y", "origin": [8.05, 0.5, 8]},
			"faces": {
				"north": {"uv": [9, 1, 14, 15], "texture": "#8"},
				"east": {"uv": [6, 8, 10, 10], "texture": "#8"},
				"south": {"uv": [14, 1, 9, 15], "texture": "#8"},
				"west": {"uv": [6, 8, 10, 10], "texture": "#8"},
				"up": {"uv": [6, 8, 10, 10], "texture": "#8"},
				"down": {"uv": [6, 8, 10, 10], "texture": "#8"}
			}
		}
	],
	"display": {
		"thirdperson_righthand": {
			"rotation": [0, 90, 0],
			"translation": [0, 9.75, 1]
		},
		"thirdperson_lefthand": {
			"rotation": [0, -90, 0],
			"translation": [0, 9.75, 1]
		},
		"firstperson_righthand": {
			"rotation": [-180, 84.75, -180],
			"translation": [12, 6.5, -9.75]
		},
		"firstperson_lefthand": {
			"rotation": [-180, -84, -180],
			"translation": [12, 6.5, -9.75]
		},
		"ground": {
			"translation": [0, 4, 0],
			"scale": [0.5, 0.5, 0.5]
		},
		"gui": {
			"rotation": [0, 15.5, -35.75],
			"translation": [-1, 0, 1],
			"scale": [0.7, 0.7, 0.7]
		},
		"fixed": {
			"translation": [0, 1.5, -2]
		}
	},
	"groups": [
		{
			"name": "group",
			"origin": [8, 0.5, 8],
			"color": 0,
			"nbt": "{}",
			"armAnimationEnabled": false,
			"children": [0, 1, 2]
		},
		{
			"name": "group",
			"origin": [8, 23.875, 8],
			"color": 0,
			"nbt": "{}",
			"armAnimationEnabled": false,
			"children": [3, 4]
		},
		{
			"name": "group",
			"origin": [5.61538, 24.25, 8],
			"color": 0,
			"nbt": "{}",
			"armAnimationEnabled": false,
			"children": [5, 6, 7, 8, 9, 10]
		},
		{
			"name": "group",
			"origin": [8, 2.75, 4.25],
			"color": 0,
			"nbt": "{}",
			"armAnimationEnabled": false,
			"children": [
				11,
				12,
				13,
				14,
				15,
				16,
				17,
				18,
				19,
				{
					"name": "hexadecagon",
					"origin": [8, 8, 8],
					"color": 0,
					"nbt": "{}",
					"armAnimationEnabled": false,
					"children": [
						20,
						21,
						22,
						23,
						24,
						25,
						26,
						27,
						{
							"name": "hexadecagon",
							"origin": [8, 8, 8],
							"color": 0,
							"nbt": "{}",
							"armAnimationEnabled": false,
							"children": [28, 29, 30, 31, 32, 33, 34, 35]
						},
						{
							"name": "group",
							"origin": [12, 1.25, 7.5],
							"color": 0,
							"nbt": "{}",
							"armAnimationEnabled": false,
							"children": [36, 37, 38, 39, 40, 41]
						}
					]
				}
			]
		},
		42,
		43
	]
}