{
	"parent": "item/handheld",
	"textures": {
		"layer0": "items/golden_axe"
	},
	"overrides": [
		{ "predicate": { "damage": 0 }, "model": "golden_axe/golden_axe" },
		{ "predicate": { "damaged": 0, "damage": 0.03125 }, "model": "item/wing_1" },
		{ "predicate": { "damaged": 0, "damage": 0.0625 }, "model": "item/wing_2" },
		{ "predicate": { "damaged": 0, "damage": 0.09375 }, "model": "item/pack_1" },
		{ "predicate": { "damaged": 0, "damage": 0.125 }, "model": "item/pack_2" },
		{ "predicate": { "damaged": 0, "damage": 0.15625 }, "model": "item/pack_3" },
		{ "predicate": { "damaged": 0, "damage": 0.1875 }, "model": "item/wing_3" },
		{ "predicate": { "damaged": 0, "damage": 0.21875 }, "model": "item/wing_4" },
		{ "predicate": { "damaged": 0, "damage": 0.25 }, "model": "item/da_t" },
		{ "predicate": { "damaged": 0, "damage": 0.28125 }, "model": "item/an2_c6" },
		{ "predicate": { "damaged": 0, "damage": 0.3125 }, "model": "item/chany_du1" },
		{ "predicate": { "damaged": 0, "damage": 0.34375 }, "model": "item/an_c7" },
		{ "predicate": { "damaged": 0, "damage": 0.375 }, "model": "item/stone_swordf" },
		{ "predicate": { "damaged": 0, "damage": 0.40625 }, "model": "item/an2_c2" },
		{ "predicate": { "damaged": 0, "damage": 0.4375 }, "model": "item/s_hat" },
		{ "predicate": { "damaged": 0, "damage": 0.46875 }, "model": "item/han_hat" },
		{ "predicate": { "damaged": 0, "damage": 0.5 }, "model": "item/ma_hat" },
		{ "predicate": { "damaged": 0, "damage": 0.53125 }, "model": "item/an_c12" },
		{ "predicate": { "damaged": 0, "damage": 0.5625 }, "model": "item/an_c6" },
		{ "predicate": { "damaged": 0, "damage": 0.59375 }, "model": "item/an_c3" },
		{ "predicate": { "damaged": 0, "damage": 0.625 }, "model": "item/chobab" },
		{ "predicate": { "damaged": 0, "damage": 0.65625 }, "model": "item/hige" },
		{ "predicate": { "damaged": 0, "damage": 0.6875 }, "model": "item/ya_ggul" },
		{ "predicate": { "damaged": 0, "damage": 0.71875 }, "model": "item/hotdog2" },
		{ "predicate": { "damaged": 0, "damage": 0.75 }, "model": "item/golden_axe24" },
		{ "predicate": { "damaged": 0, "damage": 0.78125 }, "model": "item/golden_axe25" },
		{ "predicate": { "damaged": 0, "damage": 0.8125 }, "model": "item/golden_axe26" },
		{ "predicate": { "damaged": 0, "damage": 0.84375 }, "model": "item/golden_axe27" },
		{ "predicate": { "damaged": 0, "damage": 0.875 }, "model": "item/golden_axe28" },
		{ "predicate": { "damaged": 0, "damage": 0.90625 }, "model": "item/golden_axe29" },
		{ "predicate": { "damaged": 0, "damage": 0.9375 }, "model": "item/golden_axe30" },
		{ "predicate": { "damaged": 0, "damage": 0.96875 }, "model": "item/golden_axe31" },
		{ "predicate": { "damaged": 1 }, "model": "golden_axe/golden_axe" }
	]
}