{
	"__comment": "Designed by Duck_Soon with Cubik Studio - https://cubik.studio",
	"textures": {
		"voxels_atlas": "items/voxels_atlas"
	},
	"elements": [ 	 
		{
			"__comment": "Voxels",
			"from": [ 4, 9.5, 8.5 ],
			"to": [ 8, 10, 9 ],
			"faces": {
				"down": { "uv": [ 3.5, 15.5, 7.5, 16 ], "texture": "#voxels_atlas" },
				"up": { "uv": [ 3.5, 15.5, 7.5, 15 ], "texture": "#voxels_atlas" },
				"north": { "uv": [ 7.5, 14.5, 3.5, 15 ], "texture": "#voxels_atlas" },
				"south": { "uv": [ 3.5, 14, 7.5, 14.5 ], "texture": "#voxels_atlas" },
				"west": { "uv": [ 13.5, 14, 14, 14.5 ], "texture": "#voxels_atlas" },
				"east": { "uv": [ 15.5, 14, 15, 14.5 ], "texture": "#voxels_atlas" }
			}
		},
		{
			"__comment": "Voxels",
			"from": [ 4, 10, 8.5 ],
			"to": [ 5.5, 10.5, 9 ],
			"faces": {
				"down": { "uv": [ 13.5, 14.5, 15, 15 ], "texture": "#voxels_atlas" },
				"up": { "uv": [ 7.5, 14.5, 9, 14 ], "texture": "#voxels_atlas" },
				"north": { "uv": [ 9, 12, 7.5, 12.5 ], "texture": "#voxels_atlas" },
				"south": { "uv": [ 7.5, 11.5, 9, 12 ], "texture": "#voxels_atlas" },
				"west": { "uv": [ 9, 11.5, 9.5, 12 ], "texture": "#voxels_atlas" },
				"east": { "uv": [ 9.5, 11, 9, 11.5 ], "texture": "#voxels_atlas" }
			}
		},
		{
			"__comment": "Voxels",
			"from": [ 4.5, 9, 8.5 ],
			"to": [ 8, 9.5, 9 ],
			"faces": {
				"down": { "uv": [ 0, 9.5, 3.5, 10 ], "texture": "#voxels_atlas" },
				"up": { "uv": [ 0, 9.5, 3.5, 9 ], "texture": "#voxels_atlas" },
				"north": { "uv": [ 3.5, 8.5, 0, 9 ], "texture": "#voxels_atlas" },
				"south": { "uv": [ 0, 8, 3.5, 8.5 ], "texture": "#voxels_atlas" },
				"west": { "uv": [ 9, 10.5, 9.5, 11 ], "texture": "#voxels_atlas" },
				"east": { "uv": [ 9.5, 10, 9, 10.5 ], "texture": "#voxels_atlas" }
			}
		},
		{
			"__comment": "Voxels",
			"from": [ 4.5, 9.5, 8 ],
			"to": [ 8, 10, 8.5 ],
			"faces": {
				"down": { "uv": [ 3.5, 12.5, 7, 13 ], "texture": "#voxels_atlas" },
				"up": { "uv": [ 3.5, 12.5, 7, 12 ], "texture": "#voxels_atlas" },
				"north": { "uv": [ 7, 11.5, 3.5, 12 ], "texture": "#voxels_atlas" },
				"south": { "uv": [ 3.5, 11, 7, 11.5 ], "texture": "#voxels_atlas" },
				"west": { "uv": [ 9, 9, 9.5, 9.5 ], "texture": "#voxels_atlas" },
				"east": { "uv": [ 9.5, 8.5, 9, 9 ], "texture": "#voxels_atlas" }
			}
		},
		{
			"__comment": "Voxels",
			"from": [ 4.5, 10, 8 ],
			"to": [ 5, 10.5, 8.5 ],
			"faces": {
				"down": { "uv": [ 12, 13.5, 12.5, 14 ], "texture": "#voxels_atlas" },
				"up": { "uv": [ 9, 8.5, 9.5, 8 ], "texture": "#voxels_atlas" },
				"north": { "uv": [ 10, 12.5, 9.5, 13 ], "texture": "#voxels_atlas" },
				"south": { "uv": [ 9.5, 12, 10, 12.5 ], "texture": "#voxels_atlas" },
				"west": { "uv": [ 9.5, 11.5, 10, 12 ], "texture": "#voxels_atlas" },
				"east": { "uv": [ 10, 11, 9.5, 11.5 ], "texture": "#voxels_atlas" }
			}
		},
		{
			"__comment": "Voxels",
			"from": [ 4.5, 10.5, 8.5 ],
			"to": [ 5, 11, 9 ],
			"faces": {
				"down": { "uv": [ 9.5, 9.5, 10, 10 ], "texture": "#voxels_atlas" },
				"up": { "uv": [ 9.5, 9.5, 10, 9 ], "texture": "#voxels_atlas" },
				"north": { "uv": [ 10, 8.5, 9.5, 9 ], "texture": "#voxels_atlas" },
				"south": { "uv": [ 9.5, 8, 10, 8.5 ], "texture": "#voxels_atlas" },
				"west": { "uv": [ 11, 13.5, 11.5, 14 ], "texture": "#voxels_atlas" },
				"east": { "uv": [ 12, 13.5, 11.5, 14 ], "texture": "#voxels_atlas" }
			}
		},
		{
			"__comment": "Voxels",
			"from": [ 5.5, 8.5, 8.5 ],
			"to": [ 7, 9, 9 ],
			"faces": {
				"down": { "uv": [ 14.5, 15.5, 16, 16 ], "texture": "#voxels_atlas" },
				"up": { "uv": [ 7.5, 11.5, 9, 11 ], "texture": "#voxels_atlas" },
				"north": { "uv": [ 9, 10.5, 7.5, 11 ], "texture": "#voxels_atlas" },
				"south": { "uv": [ 6, 10.5, 7.5, 11 ], "texture": "#voxels_atlas" },
				"west": { "uv": [ 12.5, 13.5, 13, 14 ], "texture": "#voxels_atlas" },
				"east": { "uv": [ 7.5, 13.5, 7, 14 ], "texture": "#voxels_atlas" }
			}
		},
		{
			"__comment": "Voxels",
			"from": [ 5.5, 9, 8 ],
			"to": [ 7.5, 9.5, 8.5 ],
			"faces": {
				"down": { "uv": [ 11.5, 15, 13.5, 15.5 ], "texture": "#voxels_atlas" },
				"up": { "uv": [ 12.5, 16, 14.5, 15.5 ], "texture": "#voxels_atlas" },
				"north": { "uv": [ 9.5, 15, 7.5, 15.5 ], "texture": "#voxels_atlas" },
				"south": { "uv": [ 9.5, 15, 11.5, 15.5 ], "texture": "#voxels_atlas" },
				"west": { "uv": [ 7, 13, 7.5, 13.5 ], "texture": "#voxels_atlas" },
				"east": { "uv": [ 7.5, 12.5, 7, 13 ], "texture": "#voxels_atlas" }
			}
		},
		{
			"__comment": "Voxels",
			"from": [ 6.5, 10, 8.5 ],
			"to": [ 10, 10.5, 9 ],
			"faces": {
				"down": { "uv": [ 0, 10.5, 3.5, 11 ], "texture": "#voxels_atlas" },
				"up": { "uv": [ 0, 10.5, 3.5, 10 ], "texture": "#voxels_atlas" },
				"north": { "uv": [ 7, 13.5, 3.5, 14 ], "texture": "#voxels_atlas" },
				"south": { "uv": [ 3.5, 13, 7, 13.5 ], "texture": "#voxels_atlas" },
				"west": { "uv": [ 7, 12, 7.5, 12.5 ], "texture": "#voxels_atlas" },
				"east": { "uv": [ 7.5, 11.5, 7, 12 ], "texture": "#voxels_atlas" }
			}
		},
		{
			"__comment": "Voxels",
			"from": [ 7, 10, 8 ],
			"to": [ 9.5, 10.5, 8.5 ],
			"faces": {
				"down": { "uv": [ 3.5, 10.5, 6, 11 ], "texture": "#voxels_atlas" },
				"up": { "uv": [ 3.5, 9.5, 6, 9 ], "texture": "#voxels_atlas" },
				"north": { "uv": [ 6, 8.5, 3.5, 9 ], "texture": "#voxels_atlas" },
				"south": { "uv": [ 3.5, 10, 6, 10.5 ], "texture": "#voxels_atlas" },
				"west": { "uv": [ 7, 11, 7.5, 11.5 ], "texture": "#voxels_atlas" },
				"east": { "uv": [ 16, 15, 15.5, 15.5 ], "texture": "#voxels_atlas" }
			}
		},
		{
			"__comment": "Voxels",
			"from": [ 7, 10.5, 8.5 ],
			"to": [ 9.5, 11, 9 ],
			"faces": {
				"down": { "uv": [ 3.5, 9.5, 6, 10 ], "texture": "#voxels_atlas" },
				"up": { "uv": [ 10, 16, 12.5, 15.5 ], "texture": "#voxels_atlas" },
				"north": { "uv": [ 10, 15.5, 7.5, 16 ], "texture": "#voxels_atlas" },
				"south": { "uv": [ 3.5, 8, 6, 8.5 ], "texture": "#voxels_atlas" },
				"west": { "uv": [ 15.5, 14, 16, 14.5 ], "texture": "#voxels_atlas" },
				"east": { "uv": [ 9.5, 9.5, 9, 10 ], "texture": "#voxels_atlas" }
			}
		},
		{
			"__comment": "Voxels",
			"from": [ 7.5, 10.5, 8 ],
			"to": [ 9, 11, 8.5 ],
			"faces": {
				"down": { "uv": [ 7.5, 13.5, 9, 14 ], "texture": "#voxels_atlas" },
				"up": { "uv": [ 7.5, 13.5, 9, 13 ], "texture": "#voxels_atlas" },
				"north": { "uv": [ 9, 12.5, 7.5, 13 ], "texture": "#voxels_atlas" },
				"south": { "uv": [ 6, 8.5, 7.5, 9 ], "texture": "#voxels_atlas" },
				"west": { "uv": [ 15, 14.5, 15.5, 15 ], "texture": "#voxels_atlas" },
				"east": { "uv": [ 16, 14.5, 15.5, 15 ], "texture": "#voxels_atlas" }
			}
		},
		{
			"__comment": "Voxels",
			"from": [ 7.5, 11, 8.5 ],
			"to": [ 9, 11.5, 9 ],
			"faces": {
				"down": { "uv": [ 6, 9, 7.5, 9.5 ], "texture": "#voxels_atlas" },
				"up": { "uv": [ 6, 8.5, 7.5, 8 ], "texture": "#voxels_atlas" },
				"north": { "uv": [ 7.5, 9.5, 6, 10 ], "texture": "#voxels_atlas" },
				"south": { "uv": [ 6, 10, 7.5, 10.5 ], "texture": "#voxels_atlas" },
				"west": { "uv": [ 14, 14, 14.5, 14.5 ], "texture": "#voxels_atlas" },
				"east": { "uv": [ 15, 14, 14.5, 14.5 ], "texture": "#voxels_atlas" }
			}
		},
		{
			"__comment": "Voxels",
			"from": [ 8.5, 9, 8.5 ],
			"to": [ 12, 10, 9 ],
			"faces": {
				"down": { "uv": [ 0, 12, 3.5, 12.5 ], "texture": "#voxels_atlas" },
				"up": { "uv": [ 0, 12, 3.5, 11.5 ], "texture": "#voxels_atlas" },
				"north": { "uv": [ 3.5, 15, 0, 16 ], "texture": "#voxels_atlas" },
				"south": { "uv": [ 0, 14, 3.5, 15 ], "texture": "#voxels_atlas" },
				"west": { "uv": [ 9, 12, 9.5, 13 ], "texture": "#voxels_atlas" },
				"east": { "uv": [ 9.5, 13, 9, 14 ], "texture": "#voxels_atlas" }
			}
		},
		{
			"__comment": "Voxels",
			"from": [ 8.5, 9.5, 8 ],
			"to": [ 12, 10, 8.5 ],
			"faces": {
				"down": { "uv": [ 0, 11, 3.5, 11.5 ], "texture": "#voxels_atlas" },
				"up": { "uv": [ 0, 14, 3.5, 13.5 ], "texture": "#voxels_atlas" },
				"north": { "uv": [ 3.5, 13, 0, 13.5 ], "texture": "#voxels_atlas" },
				"south": { "uv": [ 0, 12.5, 3.5, 13 ], "texture": "#voxels_atlas" },
				"west": { "uv": [ 9.5, 13.5, 10, 14 ], "texture": "#voxels_atlas" },
				"east": { "uv": [ 10, 13, 9.5, 13.5 ], "texture": "#voxels_atlas" }
			}
		},
		{
			"__comment": "Voxels",
			"from": [ 9, 9, 8 ],
			"to": [ 11, 9.5, 8.5 ],
			"faces": {
				"down": { "uv": [ 13.5, 15, 15.5, 15.5 ], "texture": "#voxels_atlas" },
				"up": { "uv": [ 7.5, 15, 9.5, 14.5 ], "texture": "#voxels_atlas" },
				"north": { "uv": [ 11.5, 14.5, 9.5, 15 ], "texture": "#voxels_atlas" },
				"south": { "uv": [ 11.5, 14.5, 13.5, 15 ], "texture": "#voxels_atlas" },
				"west": { "uv": [ 9.5, 10.5, 10, 11 ], "texture": "#voxels_atlas" },
				"east": { "uv": [ 10, 10, 9.5, 10.5 ], "texture": "#voxels_atlas" }
			}
		},
		{
			"__comment": "Voxels",
			"from": [ 9.5, 8.5, 8.5 ],
			"to": [ 11, 9, 9 ],
			"faces": {
				"down": { "uv": [ 7.5, 10, 9, 10.5 ], "texture": "#voxels_atlas" },
				"up": { "uv": [ 7.5, 10, 9, 9.5 ], "texture": "#voxels_atlas" },
				"north": { "uv": [ 9, 9, 7.5, 9.5 ], "texture": "#voxels_atlas" },
				"south": { "uv": [ 7.5, 8.5, 9, 9 ], "texture": "#voxels_atlas" },
				"west": { "uv": [ 10, 13.5, 10.5, 14 ], "texture": "#voxels_atlas" },
				"east": { "uv": [ 11, 13.5, 10.5, 14 ], "texture": "#voxels_atlas" }
			}
		},
		{
			"__comment": "Voxels",
			"from": [ 11, 10, 8.5 ],
			"to": [ 12.5, 10.5, 9 ],
			"faces": {
				"down": { "uv": [ 7.5, 8, 9, 8.5 ], "texture": "#voxels_atlas" },
				"up": { "uv": [ 9, 14.5, 10.5, 14 ], "texture": "#voxels_atlas" },
				"north": { "uv": [ 12, 14, 10.5, 14.5 ], "texture": "#voxels_atlas" },
				"south": { "uv": [ 12, 14, 13.5, 14.5 ], "texture": "#voxels_atlas" },
				"west": { "uv": [ 13, 13.5, 13.5, 14 ], "texture": "#voxels_atlas" },
				"east": { "uv": [ 14, 13.5, 13.5, 14 ], "texture": "#voxels_atlas" }
			}
		},
		{
			"__comment": "Voxels",
			"from": [ 11.5, 10, 8 ],
			"to": [ 12, 10.5, 8.5 ],
			"faces": {
				"down": { "uv": [ 14, 13.5, 14.5, 14 ], "texture": "#voxels_atlas" },
				"up": { "uv": [ 14.5, 14, 15, 13.5 ], "texture": "#voxels_atlas" },
				"north": { "uv": [ 15.5, 13.5, 15, 14 ], "texture": "#voxels_atlas" },
				"south": { "uv": [ 15.5, 13.5, 16, 14 ], "texture": "#voxels_atlas" },
				"west": { "uv": [ 10, 13, 10.5, 13.5 ], "texture": "#voxels_atlas" },
				"east": { "uv": [ 10.5, 12.5, 10, 13 ], "texture": "#voxels_atlas" }
			}
		},
		{
			"__comment": "Voxels",
			"from": [ 11.5, 10.5, 8.5 ],
			"to": [ 12, 11, 9 ],
			"faces": {
				"down": { "uv": [ 10, 12, 10.5, 12.5 ], "texture": "#voxels_atlas" },
				"up": { "uv": [ 10, 12, 10.5, 11.5 ], "texture": "#voxels_atlas" },
				"north": { "uv": [ 10.5, 11, 10, 11.5 ], "texture": "#voxels_atlas" },
				"south": { "uv": [ 10, 10.5, 10.5, 11 ], "texture": "#voxels_atlas" },
				"west": { "uv": [ 10, 10, 10.5, 10.5 ], "texture": "#voxels_atlas" },
				"east": { "uv": [ 10.5, 9.5, 10, 10 ], "texture": "#voxels_atlas" }
			}
		},
		{
			"__comment": "Voxels",
			"from": [ 12, 9.5, 8.5 ],
			"to": [ 12.5, 10, 9 ],
			"faces": {
				"down": { "uv": [ 10, 9, 10.5, 9.5 ], "texture": "#voxels_atlas" },
				"up": { "uv": [ 10, 9, 10.5, 8.5 ], "texture": "#voxels_atlas" },
				"north": { "uv": [ 10.5, 8, 10, 8.5 ], "texture": "#voxels_atlas" },
				"south": { "uv": [ 10.5, 13, 11, 13.5 ], "texture": "#voxels_atlas" },
				"west": { "uv": [ 11, 13, 11.5, 13.5 ], "texture": "#voxels_atlas" },
				"east": { "uv": [ 12, 13, 11.5, 13.5 ], "texture": "#voxels_atlas" }
			}
		}
	]
}