{
	"credit": "Made with Blockbench",
	"texture_size": [32, 32],
	"textures": {
		"0": "items/chany_c14",
		"1": "blocks/glass_orange",
		"2": "items/chany_si2",
		"particle": "block/chany_c14"
	},
	"elements": [
		{
			"from": [5.5, 4.25, 5.5],
			"to": [10.5, 5.25, 10.5],
			"rotation": {"angle": 0, "axis": "y", "origin": [8, 4.75, 8]},
			"faces": {
				"north": {"uv": [8, 1, 10.5, 1.5], "texture": "#0"},
				"east": {"uv": [1.5, 8, 4, 8.5], "texture": "#0"},
				"south": {"uv": [8, 1.5, 10.5, 2], "texture": "#0"},
				"west": {"uv": [8, 2, 10.5, 2.5], "texture": "#0"},
				"up": {"uv": [2.5, 2.5, 0, 0], "texture": "#0"},
				"down": {"uv": [2.5, 2.5, 0, 5], "texture": "#0"}
			}
		},
		{
			"from": [5.5, 5.25, 6.5],
			"to": [6.5, 8.75, 9.5],
			"rotation": {"angle": 0, "axis": "y", "origin": [8, 4.75, 8]},
			"faces": {
				"north": {"uv": [6.5, 8, 7, 9.75], "texture": "#0"},
				"east": {"uv": [5, 0, 6.5, 1.75], "texture": "#0"},
				"south": {"uv": [3, 8.5, 3.5, 10.25], "texture": "#0"},
				"west": {"uv": [5, 2, 6.5, 3.75], "texture": "#0"},
				"up": {"uv": [7.5, 10, 7, 8.5], "texture": "#0"},
				"down": {"uv": [8, 8.5, 7.5, 10], "texture": "#0"}
			}
		},
		{
			"from": [9.5, 5.25, 6.5],
			"to": [10.5, 8.75, 9.5],
			"rotation": {"angle": 0, "axis": "y", "origin": [8, 4.75, 8]},
			"faces": {
				"north": {"uv": [3.5, 8.5, 4, 10.25], "texture": "#0"},
				"east": {"uv": [5, 4, 6.5, 5.75], "texture": "#0"},
				"south": {"uv": [4, 8.5, 4.5, 10.25], "texture": "#0"},
				"west": {"uv": [2.5, 6, 4, 7.75], "texture": "#0"},
				"up": {"uv": [8.5, 10, 8, 8.5], "texture": "#0"},
				"down": {"uv": [9, 8.5, 8.5, 10], "texture": "#0"}
			}
		},
		{
			"from": [5.5, 5.25, 9.5],
			"to": [10.5, 8.75, 10.5],
			"rotation": {"angle": 0, "axis": "y", "origin": [8, 4.75, 8]},
			"faces": {
				"north": {"uv": [2.5, 0, 5, 1.75], "texture": "#0"},
				"east": {"uv": [4.5, 8.5, 5, 10.25], "texture": "#0"},
				"south": {"uv": [2.5, 2, 5, 3.75], "texture": "#0"},
				"west": {"uv": [5, 8.5, 5.5, 10.25], "texture": "#0"},
				"up": {"uv": [10.5, 3, 8, 2.5], "texture": "#0"},
				"down": {"uv": [10.5, 3, 8, 3.5], "texture": "#0"}
			}
		},
		{
			"from": [9.25, 8.45, 6.75],
			"to": [10.75, 8.95, 9.25],
			"rotation": {"angle": 0, "axis": "y", "origin": [8, 4.75, 8]},
			"faces": {
				"north": {"uv": [10, 7, 10.75, 7.25], "texture": "#0"},
				"east": {"uv": [0, 10, 1.25, 10.25], "texture": "#0"},
				"south": {"uv": [7.5, 10, 8.25, 10.25], "texture": "#0"},
				"west": {"uv": [1.5, 10, 2.75, 10.25], "texture": "#0"},
				"up": {"uv": [1.75, 9.75, 1, 8.5], "texture": "#0"},
				"down": {"uv": [2.75, 8.5, 2, 9.75], "texture": "#0"}
			}
		},
		{
			"from": [5.25, 8.45, 5.25],
			"to": [10.75, 8.95, 6.75],
			"rotation": {"angle": 0, "axis": "y", "origin": [8, 4.75, 8]},
			"faces": {
				"north": {"uv": [9, 5, 11.75, 5.25], "texture": "#0"},
				"east": {"uv": [6.5, 10, 7.25, 10.25], "texture": "#0"},
				"south": {"uv": [9, 8.5, 11.75, 8.75], "texture": "#0"},
				"west": {"uv": [10, 6.5, 10.75, 6.75], "texture": "#0"},
				"up": {"uv": [9.75, 8.25, 7, 7.5], "texture": "#0"},
				"down": {"uv": [10.75, 0, 8, 0.75], "texture": "#0"}
			}
		},
		{
			"from": [5.25, 8.45, 6.75],
			"to": [6.75, 8.95, 9.25],
			"rotation": {"angle": 0, "axis": "y", "origin": [8, 4.75, 8]},
			"faces": {
				"north": {"uv": [10, 5.5, 10.75, 5.75], "texture": "#0"},
				"east": {"uv": [9, 9, 10.25, 9.25], "texture": "#0"},
				"south": {"uv": [10, 6, 10.75, 6.25], "texture": "#0"},
				"west": {"uv": [9, 9.5, 10.25, 9.75], "texture": "#0"},
				"up": {"uv": [8.75, 5.25, 8, 4], "texture": "#0"},
				"down": {"uv": [0.75, 8.5, 0, 9.75], "texture": "#0"}
			}
		},
		{
			"from": [5.25, 8.45, 9.25],
			"to": [10.75, 8.95, 10.75],
			"rotation": {"angle": 0, "axis": "y", "origin": [8, 4.75, 8]},
			"faces": {
				"north": {"uv": [9, 4, 11.75, 4.25], "texture": "#0"},
				"east": {"uv": [1.5, 7, 2.25, 7.25], "texture": "#0"},
				"south": {"uv": [9, 4.5, 11.75, 4.75], "texture": "#0"},
				"west": {"uv": [1.5, 7.5, 2.25, 7.75], "texture": "#0"},
				"up": {"uv": [9.75, 6.25, 7, 5.5], "texture": "#0"},
				"down": {"uv": [9.75, 6.5, 7, 7.25], "texture": "#0"}
			}
		},
		{
			"from": [5.5, 5.25, 5.5],
			"to": [10.5, 8.75, 6.5],
			"rotation": {"angle": 0, "axis": "y", "origin": [8, 4.75, 8]},
			"faces": {
				"north": {"uv": [2.5, 4, 5, 5.75], "texture": "#0"},
				"east": {"uv": [5.5, 8.5, 6, 10.25], "texture": "#0"},
				"south": {"uv": [0, 5, 2.5, 6.75], "texture": "#0"},
				"west": {"uv": [6, 8.5, 6.5, 10.25], "texture": "#0"},
				"up": {"uv": [10.5, 4, 8, 3.5], "texture": "#0"},
				"down": {"uv": [6.5, 8, 4, 8.5], "texture": "#0"}
			}
		},
		{
			"from": [6.5, 5.25, 6.5],
			"to": [9.5, 8.75, 9.5],
			"rotation": {"angle": 0, "axis": "y", "origin": [8, 4.75, 8]},
			"faces": {
				"north": {"uv": [0, 0, 16, 16], "texture": "#1"},
				"east": {"uv": [0, 0, 16, 16], "texture": "#1"},
				"south": {"uv": [0, 0, 16, 16], "texture": "#1"},
				"west": {"uv": [0, 0, 16, 16], "texture": "#1"},
				"up": {"uv": [0, 0, 16, 16], "texture": "#1"},
				"down": {"uv": [0, 0, 16, 16], "texture": "#1"}
			}
		},
		{
			"from": [6.5, 5.25, 6.5],
			"to": [9.5, 8.75, 9.5],
			"rotation": {"angle": 0, "axis": "y", "origin": [8, 4.75, 8]},
			"faces": {
				"north": {"uv": [0, 0, 16, 16], "texture": "#1"},
				"east": {"uv": [0, 0, 16, 16], "texture": "#1"},
				"south": {"uv": [0, 0, 16, 16], "texture": "#1"},
				"west": {"uv": [0, 0, 16, 16], "texture": "#1"},
				"up": {"uv": [0, 0, 16, 16], "texture": "#1"},
				"down": {"uv": [0, 0, 16, 16], "texture": "#1"}
			}
		},
		{
			"from": [9.85, 8.95, 7.75],
			"to": [10.4, 9.325, 8.25],
			"rotation": {"angle": 0, "axis": "y", "origin": [8.25, 4.7, 7.5]},
			"faces": {
				"north": {"uv": [0, 0, 16, 16], "texture": "#1"},
				"east": {"uv": [0, 0, 16, 16], "texture": "#1"},
				"south": {"uv": [0, 0, 16, 16], "texture": "#1"},
				"west": {"uv": [0, 0, 16, 16], "texture": "#1"},
				"up": {"uv": [0, 0, 16, 16], "texture": "#1"},
				"down": {"uv": [0, 0, 16, 16], "texture": "#1"}
			}
		},
		{
			"from": [9.85, 8.95, 7.75],
			"to": [10.4, 9.325, 8.25],
			"rotation": {"angle": 0, "axis": "y", "origin": [8.25, 4.7, 7.5]},
			"faces": {
				"north": {"uv": [0, 0, 16, 16], "texture": "#1"},
				"east": {"uv": [0, 0, 16, 16], "texture": "#1"},
				"south": {"uv": [0, 0, 16, 16], "texture": "#1"},
				"west": {"uv": [0, 0, 16, 16], "texture": "#1"},
				"up": {"uv": [0, 0, 16, 16], "texture": "#1"},
				"down": {"uv": [0, 0, 16, 16], "texture": "#1"}
			}
		},
		{
			"from": [9.5, 8.95, 6.75],
			"to": [10.25, 9.45, 7.75],
			"rotation": {"angle": 0, "axis": "y", "origin": [8.25, 4.7, 7.5]},
			"faces": {
				"north": {"uv": [0, 0, 16, 16], "texture": "#1"},
				"east": {"uv": [0, 0, 16, 16], "texture": "#1"},
				"south": {"uv": [0, 0, 16, 16], "texture": "#1"},
				"west": {"uv": [0, 0, 16, 16], "texture": "#1"},
				"up": {"uv": [0, 0, 16, 16], "texture": "#1"},
				"down": {"uv": [0, 0, 16, 16], "texture": "#1"}
			}
		},
		{
			"from": [9.5, 8.95, 6.75],
			"to": [10.25, 9.45, 7.75],
			"rotation": {"angle": 0, "axis": "y", "origin": [8.25, 4.7, 7.5]},
			"faces": {
				"north": {"uv": [0, 0, 16, 16], "texture": "#1"},
				"east": {"uv": [0, 0, 16, 16], "texture": "#1"},
				"south": {"uv": [0, 0, 16, 16], "texture": "#1"},
				"west": {"uv": [0, 0, 16, 16], "texture": "#1"},
				"up": {"uv": [0, 0, 16, 16], "texture": "#1"},
				"down": {"uv": [0, 0, 16, 16], "texture": "#1"}
			}
		},
		{
			"from": [5.6, 8.95, 9.25],
			"to": [6.15, 9.325, 9.75],
			"rotation": {"angle": 0, "axis": "y", "origin": [8.25, 4.7, 7.5]},
			"faces": {
				"north": {"uv": [0, 0, 16, 16], "texture": "#1"},
				"east": {"uv": [0, 0, 16, 16], "texture": "#1"},
				"south": {"uv": [0, 0, 16, 16], "texture": "#1"},
				"west": {"uv": [0, 0, 16, 16], "texture": "#1"},
				"up": {"uv": [0, 0, 16, 16], "texture": "#1"},
				"down": {"uv": [0, 0, 16, 16], "texture": "#1"}
			}
		},
		{
			"from": [5.6, 8.95, 9.25],
			"to": [6.15, 9.325, 9.75],
			"rotation": {"angle": 0, "axis": "y", "origin": [8.25, 4.7, 7.5]},
			"faces": {
				"north": {"uv": [0, 0, 16, 16], "texture": "#1"},
				"east": {"uv": [0, 0, 16, 16], "texture": "#1"},
				"south": {"uv": [0, 0, 16, 16], "texture": "#1"},
				"west": {"uv": [0, 0, 16, 16], "texture": "#1"},
				"up": {"uv": [0, 0, 16, 16], "texture": "#1"},
				"down": {"uv": [0, 0, 16, 16], "texture": "#1"}
			}
		},
		{
			"from": [4.975, 8.625, 6.75],
			"to": [7, 9.2, 7.75],
			"rotation": {"angle": 0, "axis": "y", "origin": [8.25, 4.7, 7.5]},
			"faces": {
				"north": {"uv": [0, 0, 16, 16], "texture": "#1"},
				"east": {"uv": [0, 0, 16, 16], "texture": "#1"},
				"south": {"uv": [0, 0, 16, 16], "texture": "#1"},
				"west": {"uv": [0, 0, 16, 16], "texture": "#1"},
				"up": {"uv": [0, 0, 16, 16], "texture": "#1"},
				"down": {"uv": [0, 0, 16, 16], "texture": "#1"}
			}
		},
		{
			"from": [4.975, 8.625, 6.75],
			"to": [7, 9.2, 7.75],
			"rotation": {"angle": 0, "axis": "y", "origin": [8.25, 4.7, 7.5]},
			"faces": {
				"north": {"uv": [0, 0, 16, 16], "texture": "#1"},
				"east": {"uv": [0, 0, 16, 16], "texture": "#1"},
				"south": {"uv": [0, 0, 16, 16], "texture": "#1"},
				"west": {"uv": [0, 0, 16, 16], "texture": "#1"},
				"up": {"uv": [0, 0, 16, 16], "texture": "#1"},
				"down": {"uv": [0, 0, 16, 16], "texture": "#1"}
			}
		},
		{
			"from": [4.975, 8.625, 7.75],
			"to": [6.875, 9.1, 8.75],
			"rotation": {"angle": 0, "axis": "y", "origin": [8.25, 4.7, 7.5]},
			"faces": {
				"north": {"uv": [0, 0, 16, 16], "texture": "#1"},
				"east": {"uv": [0, 0, 16, 16], "texture": "#1"},
				"south": {"uv": [0, 0, 16, 16], "texture": "#1"},
				"west": {"uv": [0, 0, 16, 16], "texture": "#1"},
				"up": {"uv": [0, 0, 16, 16], "texture": "#1"},
				"down": {"uv": [0, 0, 16, 16], "texture": "#1"}
			}
		},
		{
			"from": [4.975, 8.625, 7.75],
			"to": [6.875, 9.1, 8.75],
			"rotation": {"angle": 0, "axis": "y", "origin": [8.25, 4.7, 7.5]},
			"faces": {
				"north": {"uv": [0, 0, 16, 16], "texture": "#1"},
				"east": {"uv": [0, 0, 16, 16], "texture": "#1"},
				"south": {"uv": [0, 0, 16, 16], "texture": "#1"},
				"west": {"uv": [0, 0, 16, 16], "texture": "#1"},
				"up": {"uv": [0, 0, 16, 16], "texture": "#1"},
				"down": {"uv": [0, 0, 16, 16], "texture": "#1"}
			}
		},
		{
			"from": [4.975, 7.8, 6.75],
			"to": [5.25, 8.625, 8.75],
			"rotation": {"angle": 0, "axis": "y", "origin": [8.25, 4.125, 7.5]},
			"faces": {
				"north": {"uv": [0, 0, 16, 16], "texture": "#1"},
				"east": {"uv": [0, 0, 16, 16], "texture": "#1"},
				"south": {"uv": [0, 0, 16, 16], "texture": "#1"},
				"west": {"uv": [0, 0, 16, 16], "texture": "#1"},
				"up": {"uv": [0, 0, 16, 16], "texture": "#1"},
				"down": {"uv": [0, 0, 16, 16], "texture": "#1"}
			}
		},
		{
			"from": [4.975, 7.8, 6.75],
			"to": [5.25, 8.625, 8.75],
			"rotation": {"angle": 0, "axis": "y", "origin": [8.25, 4.125, 7.5]},
			"faces": {
				"north": {"uv": [0, 0, 16, 16], "texture": "#1"},
				"east": {"uv": [0, 0, 16, 16], "texture": "#1"},
				"south": {"uv": [0, 0, 16, 16], "texture": "#1"},
				"west": {"uv": [0, 0, 16, 16], "texture": "#1"},
				"up": {"uv": [0, 0, 16, 16], "texture": "#1"},
				"down": {"uv": [0, 0, 16, 16], "texture": "#1"}
			}
		},
		{
			"from": [4.975, 6.975, 6.75],
			"to": [5.25, 7.8, 7.75],
			"rotation": {"angle": 0, "axis": "y", "origin": [8.25, 4.3, 7.5]},
			"faces": {
				"north": {"uv": [0, 0, 16, 16], "texture": "#1"},
				"east": {"uv": [0, 0, 16, 16], "texture": "#1"},
				"south": {"uv": [0, 0, 16, 16], "texture": "#1"},
				"west": {"uv": [0, 0, 16, 16], "texture": "#1"},
				"up": {"uv": [0, 0, 16, 16], "texture": "#1"},
				"down": {"uv": [0, 0, 16, 16], "texture": "#1"}
			}
		},
		{
			"from": [4.975, 6.975, 6.75],
			"to": [5.25, 7.8, 7.75],
			"rotation": {"angle": 0, "axis": "y", "origin": [8.25, 4.3, 7.5]},
			"faces": {
				"north": {"uv": [0, 0, 16, 16], "texture": "#1"},
				"east": {"uv": [0, 0, 16, 16], "texture": "#1"},
				"south": {"uv": [0, 0, 16, 16], "texture": "#1"},
				"west": {"uv": [0, 0, 16, 16], "texture": "#1"},
				"up": {"uv": [0, 0, 16, 16], "texture": "#1"},
				"down": {"uv": [0, 0, 16, 16], "texture": "#1"}
			}
		},
		{
			"from": [5.075, 5.34117, 5.8354],
			"to": [5.425, 9.41617, 6.3354],
			"rotation": {"angle": 0, "axis": "y", "origin": [5.25, 8.75367, 6.0854]},
			"faces": {
				"north": {"uv": [0, 0, 16, 16], "texture": "#2"},
				"east": {"uv": [0, 0, 16, 16], "texture": "#2"},
				"south": {"uv": [0, 0, 16, 16], "texture": "#2"},
				"west": {"uv": [0, 0, 16, 16], "texture": "#2"},
				"up": {"uv": [0, 0, 16, 16], "texture": "#2"},
				"down": {"uv": [0, 0, 16, 16], "texture": "#2"}
			}
		},
		{
			"from": [5.075, 9.25104, 5.50523],
			"to": [5.425, 11.32604, 6.00523],
			"rotation": {"angle": -22.5, "axis": "x", "origin": [5.25, 10.16354, 5.75523]},
			"faces": {
				"north": {"uv": [0, 0, 16, 16], "texture": "#2"},
				"east": {"uv": [0, 0, 16, 16], "texture": "#2"},
				"south": {"uv": [0, 0, 16, 16], "texture": "#2"},
				"west": {"uv": [0, 0, 16, 16], "texture": "#2"},
				"up": {"uv": [0, 0, 16, 16], "texture": "#2"},
				"down": {"uv": [0, 0, 16, 16], "texture": "#2"}
			}
		},
		{
			"from": [5.075, 4.35724, 2.63203],
			"to": [5.425, 6.43224, 3.13203],
			"rotation": {"angle": -22.5, "axis": "x", "origin": [5.25, 5.26974, 2.88203]},
			"faces": {
				"north": {"uv": [0, 0, 16, 16], "texture": "#2"},
				"east": {"uv": [0, 0, 16, 16], "texture": "#2"},
				"south": {"uv": [0, 0, 16, 16], "texture": "#2"},
				"west": {"uv": [0, 0, 16, 16], "texture": "#2"},
				"up": {"uv": [0, 0, 16, 16], "texture": "#2"},
				"down": {"uv": [0, 0, 16, 16], "texture": "#2"}
			}
		},
		{
			"from": [5.075, 4.2471, 3.01696],
			"to": [5.425, 4.7471, 6.59196],
			"rotation": {"angle": -22.5, "axis": "x", "origin": [5.25, 4.4971, 4.05446]},
			"faces": {
				"north": {"uv": [0, 0, 16, 16], "rotation": 270, "texture": "#2"},
				"east": {"uv": [0, 0, 16, 16], "rotation": 270, "texture": "#2"},
				"south": {"uv": [0, 0, 16, 16], "rotation": 270, "texture": "#2"},
				"west": {"uv": [0, 0, 16, 16], "rotation": 270, "texture": "#2"},
				"up": {"uv": [0, 0, 16, 16], "rotation": 270, "texture": "#2"},
				"down": {"uv": [0, 0, 16, 16], "rotation": 270, "texture": "#2"}
			}
		},
		{
			"from": [5.075, 10.83322, 2.96633],
			"to": [5.425, 11.33322, 5.54133],
			"rotation": {"angle": 0, "axis": "y", "origin": [5.25, 11.08322, 4.62883]},
			"faces": {
				"north": {"uv": [0, 0, 16, 16], "rotation": 270, "texture": "#2"},
				"east": {"uv": [0, 0, 16, 16], "rotation": 270, "texture": "#2"},
				"south": {"uv": [0, 0, 16, 16], "rotation": 270, "texture": "#2"},
				"west": {"uv": [0, 0, 16, 16], "rotation": 270, "texture": "#2"},
				"up": {"uv": [0, 0, 16, 16], "rotation": 270, "texture": "#2"},
				"down": {"uv": [0, 0, 16, 16], "rotation": 270, "texture": "#2"}
			}
		},
		{
			"from": [5.075, 9.73088, 2.55504],
			"to": [5.425, 10.23088, 3.63004],
			"rotation": {"angle": -45, "axis": "x", "origin": [5.25, 9.98088, 1.96754]},
			"faces": {
				"north": {"uv": [0, 0, 16, 16], "rotation": 270, "texture": "#2"},
				"east": {"uv": [0, 0, 16, 16], "rotation": 270, "texture": "#2"},
				"south": {"uv": [0, 0, 16, 16], "rotation": 270, "texture": "#2"},
				"west": {"uv": [0, 0, 16, 16], "rotation": 270, "texture": "#2"},
				"up": {"uv": [0, 0, 16, 16], "rotation": 270, "texture": "#2"},
				"down": {"uv": [0, 0, 16, 16], "rotation": 270, "texture": "#2"}
			}
		},
		{
			"from": [5.075, 6.24808, 2.20619],
			"to": [5.425, 10.57308, 2.70619],
			"rotation": {"angle": 0, "axis": "y", "origin": [5.25, 10.16058, 2.45619]},
			"faces": {
				"north": {"uv": [0, 0, 16, 16], "rotation": 180, "texture": "#2"},
				"east": {"uv": [0, 0, 16, 16], "rotation": 180, "texture": "#2"},
				"south": {"uv": [0, 0, 16, 16], "rotation": 180, "texture": "#2"},
				"west": {"uv": [0, 0, 16, 16], "rotation": 180, "texture": "#2"},
				"up": {"uv": [0, 0, 16, 16], "rotation": 180, "texture": "#2"},
				"down": {"uv": [0, 0, 16, 16], "rotation": 180, "texture": "#2"}
			}
		},
		{
			"from": [10.575, 5.34117, 5.8354],
			"to": [10.925, 9.41617, 6.3354],
			"rotation": {"angle": 0, "axis": "y", "origin": [10.75, 8.75367, 6.0854]},
			"faces": {
				"north": {"uv": [16, 0, 0, 16], "texture": "#2"},
				"east": {"uv": [16, 0, 0, 16], "texture": "#2"},
				"south": {"uv": [16, 0, 0, 16], "texture": "#2"},
				"west": {"uv": [16, 0, 0, 16], "texture": "#2"},
				"up": {"uv": [16, 0, 0, 16], "texture": "#2"},
				"down": {"uv": [16, 0, 0, 16], "texture": "#2"}
			}
		},
		{
			"from": [10.575, 9.25104, 5.50523],
			"to": [10.925, 11.32604, 6.00523],
			"rotation": {"angle": -22.5, "axis": "x", "origin": [10.75, 10.16354, 5.75523]},
			"faces": {
				"north": {"uv": [16, 0, 0, 16], "texture": "#2"},
				"east": {"uv": [16, 0, 0, 16], "texture": "#2"},
				"south": {"uv": [16, 0, 0, 16], "texture": "#2"},
				"west": {"uv": [16, 0, 0, 16], "texture": "#2"},
				"up": {"uv": [16, 0, 0, 16], "texture": "#2"},
				"down": {"uv": [16, 0, 0, 16], "texture": "#2"}
			}
		},
		{
			"from": [10.575, 4.35724, 2.63203],
			"to": [10.925, 6.43224, 3.13203],
			"rotation": {"angle": -22.5, "axis": "x", "origin": [10.75, 5.26974, 2.88203]},
			"faces": {
				"north": {"uv": [16, 0, 0, 16], "texture": "#2"},
				"east": {"uv": [16, 0, 0, 16], "texture": "#2"},
				"south": {"uv": [16, 0, 0, 16], "texture": "#2"},
				"west": {"uv": [16, 0, 0, 16], "texture": "#2"},
				"up": {"uv": [16, 0, 0, 16], "texture": "#2"},
				"down": {"uv": [16, 0, 0, 16], "texture": "#2"}
			}
		},
		{
			"from": [10.575, 4.2471, 3.01696],
			"to": [10.925, 4.7471, 6.59196],
			"rotation": {"angle": -22.5, "axis": "x", "origin": [10.75, 4.4971, 4.05446]},
			"faces": {
				"north": {"uv": [0, 16, 16, 0], "rotation": 270, "texture": "#2"},
				"east": {"uv": [0, 16, 16, 0], "rotation": 270, "texture": "#2"},
				"south": {"uv": [0, 16, 16, 0], "rotation": 270, "texture": "#2"},
				"west": {"uv": [0, 16, 16, 0], "rotation": 270, "texture": "#2"},
				"up": {"uv": [0, 16, 16, 0], "rotation": 270, "texture": "#2"},
				"down": {"uv": [0, 16, 16, 0], "rotation": 270, "texture": "#2"}
			}
		},
		{
			"from": [10.575, 10.83322, 2.96633],
			"to": [10.925, 11.33322, 5.54133],
			"rotation": {"angle": 0, "axis": "y", "origin": [10.75, 11.08322, 4.62883]},
			"faces": {
				"north": {"uv": [0, 16, 16, 0], "rotation": 270, "texture": "#2"},
				"east": {"uv": [0, 16, 16, 0], "rotation": 270, "texture": "#2"},
				"south": {"uv": [0, 16, 16, 0], "rotation": 270, "texture": "#2"},
				"west": {"uv": [0, 16, 16, 0], "rotation": 270, "texture": "#2"},
				"up": {"uv": [0, 16, 16, 0], "rotation": 270, "texture": "#2"},
				"down": {"uv": [0, 16, 16, 0], "rotation": 270, "texture": "#2"}
			}
		},
		{
			"from": [10.575, 9.73088, 2.55504],
			"to": [10.925, 10.23088, 3.63004],
			"rotation": {"angle": -45, "axis": "x", "origin": [10.75, 9.98088, 1.96754]},
			"faces": {
				"north": {"uv": [0, 16, 16, 0], "rotation": 270, "texture": "#2"},
				"east": {"uv": [0, 16, 16, 0], "rotation": 270, "texture": "#2"},
				"south": {"uv": [0, 16, 16, 0], "rotation": 270, "texture": "#2"},
				"west": {"uv": [0, 16, 16, 0], "rotation": 270, "texture": "#2"},
				"up": {"uv": [0, 16, 16, 0], "rotation": 270, "texture": "#2"},
				"down": {"uv": [0, 16, 16, 0], "rotation": 270, "texture": "#2"}
			}
		},
		{
			"from": [10.575, 6.24808, 2.20619],
			"to": [10.925, 10.57308, 2.70619],
			"rotation": {"angle": 0, "axis": "y", "origin": [10.75, 10.16058, 2.45619]},
			"faces": {
				"north": {"uv": [16, 0, 0, 16], "rotation": 180, "texture": "#2"},
				"east": {"uv": [16, 0, 0, 16], "rotation": 180, "texture": "#2"},
				"south": {"uv": [16, 0, 0, 16], "rotation": 180, "texture": "#2"},
				"west": {"uv": [16, 0, 0, 16], "rotation": 180, "texture": "#2"},
				"up": {"uv": [16, 0, 0, 16], "rotation": 180, "texture": "#2"},
				"down": {"uv": [16, 0, 0, 16], "rotation": 180, "texture": "#2"}
			}
		}
	],
	"display": {
		"thirdperson_righthand": {
			"rotation": [-139.66, -33.36, 161.75],
			"translation": [0, 1.75, 0]
		},
		"thirdperson_lefthand": {
			"rotation": [67.5, 0, 0],
			"translation": [-5.5, -8.75, 9],
			"scale": [1.6, 1.6, 1.6]
		},
		"firstperson_righthand": {
			"rotation": [19.96, -68.12, 19.45],
			"translation": [6, 0, -4.25]
		},
		"firstperson_lefthand": {
			"rotation": [19.96, -68.12, 19.45],
			"translation": [80, 0, -4.25]
		},
		"gui": {
			"rotation": [25, -36, 0],
			"translation": [-1.75, 0, 1],
			"scale": [2, 2, 2]
		},
		"head": {
			"translation": [0, -15.25, 10.25],
			"scale": [2.5, 2.5, 2.5]
		}
	},
	"groups": [
		{
			"name": "group",
			"origin": [8, 4.75, 8],
			"color": 0,
			"nbt": "{}",
			"armAnimationEnabled": false,
			"children": [0, 1, 2, 3, 4, 5, 6, 7, 8]
		},
		{
			"name": "group",
			"origin": [8, 4.75, 8],
			"color": 0,
			"nbt": "{}",
			"armAnimationEnabled": false,
			"children": [9, 10]
		},
		{
			"name": "group",
			"origin": [8, 4.75, 8],
			"color": 0,
			"nbt": "{}",
			"armAnimationEnabled": false,
			"children": [
				11,
				12,
				{
					"name": "group",
					"origin": [8, 4.75, 8],
					"color": 0,
					"nbt": "{}",
					"armAnimationEnabled": false,
					"children": [
						13,
						14,
						{
							"name": "group",
							"origin": [8, 4.75, 8],
							"color": 0,
							"nbt": "{}",
							"armAnimationEnabled": false,
							"children": [
								15,
								16,
								{
									"name": "group",
									"origin": [8, 4.75, 8],
									"color": 0,
									"nbt": "{}",
									"armAnimationEnabled": false,
									"children": [
										17,
										18,
										{
											"name": "group",
											"origin": [8, 4.75, 8],
											"color": 0,
											"nbt": "{}",
											"armAnimationEnabled": false,
											"children": [
												19,
												20,
												{
													"name": "group",
													"origin": [8, 4.75, 8],
													"color": 0,
													"nbt": "{}",
													"armAnimationEnabled": false,
													"children": [
														21,
														22,
														{
															"name": "group",
															"origin": [8, 4.75, 8],
															"color": 0,
															"nbt": "{}",
															"armAnimationEnabled": false,
															"children": [23, 24]
														}
													]
												}
											]
										}
									]
								}
							]
						}
					]
				}
			]
		},
		{
			"name": "group",
			"origin": [5.25, 10.16058, 2.45619],
			"color": 0,
			"nbt": "{}",
			"armAnimationEnabled": false,
			"children": [25, 26, 27, 28, 29, 30, 31]
		},
		{
			"name": "group",
			"origin": [5.25, 10.16058, 2.45619],
			"color": 0,
			"nbt": "{}",
			"armAnimationEnabled": false,
			"children": [32, 33, 34, 35, 36, 37, 38]
		}
	]
}