{
	"credit": "Made with Blockbench",
	"texture_size": [300, 200],
	"textures": {
		"0": "items/me8"
	},
	"elements": [
		{
			"from": [0, 0, 0],
			"to": [32, 20, 1],
			"faces": {
				"north": {"uv": [0, 0, 16, 10.64], "texture": "#0"},
				"east": {"uv": [0, 0, 1.70667, 1.6], "texture": "#0"},
				"south": {"uv": [0, 0, 16, 10.64], "texture": "#0"},
				"west": {"uv": [0, 0, 1.70667, 1.6], "texture": "#0"},
				"up": {"uv": [0, 0, 1.70667, 1.6], "texture": "#0"},
				"down": {"uv": [0, 0, 1.70667, 1.6], "texture": "#0"}
			}
		}
	],
	"display": {
		"gui": {
			"translation": [-13, 5.5, 80],
			"scale": [1.65, 1.74, 1]
		}
	}
}