{
	"credit": "Made with Blockbench",
	"textures": {
		"0": "blocks/log_oak",
		"1": "blocks/log_oak_top",
		"2": "blocks/planks_oak",
		"3": "items/123123"
	},
	"elements": [
		{
			"from": [3.6, 6.475, 7.025],
			"to": [4.4, 8.475, 7.675],
			"rotation": {"angle": -45, "axis": "x", "origin": [16.5, 0, -1]},
			"faces": {
				"north": {"uv": [0, 0, 16, 16], "texture": "#3"},
				"east": {"uv": [0, 0, 16, 16], "texture": "#3"},
				"south": {"uv": [0, 0, 16, 16], "texture": "#3"},
				"west": {"uv": [0, 0, 16, 16], "texture": "#3"},
				"up": {"uv": [0, 0, 16, 16], "texture": "#3"},
				"down": {"uv": [0, 0, 16, 16], "texture": "#3"}
			}
		},
		{
			"from": [3.6, 11.47688, -3.35858],
			"to": [4.4, 12.12688, -0.85858],
			"rotation": {"angle": 0, "axis": "y", "origin": [16.5, 3.45188, 5.61642]},
			"faces": {
				"north": {"uv": [0, 0, 16, 16], "texture": "#3"},
				"east": {"uv": [0, 0, 16, 16], "texture": "#3"},
				"south": {"uv": [0, 0, 16, 16], "texture": "#3"},
				"west": {"uv": [0, 0, 16, 16], "texture": "#3"},
				"up": {"uv": [0, 0, 16, 16], "texture": "#3"},
				"down": {"uv": [0, 0, 16, 16], "texture": "#3"}
			}
		},
		{
			"from": [3.6, 7.475, -11.89216],
			"to": [4.4, 8.475, -11.24216],
			"rotation": {"angle": 45, "axis": "x", "origin": [16.5, 0, -3.21716]},
			"faces": {
				"north": {"uv": [0, 0, 16, 16], "texture": "#3"},
				"east": {"uv": [0, 0, 16, 16], "texture": "#3"},
				"south": {"uv": [0, 0, 16, 16], "texture": "#3"},
				"west": {"uv": [0, 0, 16, 16], "texture": "#3"},
				"up": {"uv": [0, 0, 16, 16], "texture": "#3"},
				"down": {"uv": [0, 0, 16, 16], "texture": "#3"}
			}
		},
		{
			"from": [3.6, 4.41977, -4.06569],
			"to": [4.4, 11.41977, -3.41569],
			"rotation": {"angle": 0, "axis": "y", "origin": [16.5, 2.94477, 4.60931]},
			"faces": {
				"north": {"uv": [0, 0, 16, 16], "texture": "#3"},
				"east": {"uv": [0, 0, 16, 16], "texture": "#3"},
				"south": {"uv": [0, 0, 16, 16], "texture": "#3"},
				"west": {"uv": [0, 0, 16, 16], "texture": "#3"},
				"up": {"uv": [0, 0, 16, 16], "texture": "#3"},
				"down": {"uv": [0, 0, 16, 16], "texture": "#3"}
			}
		},
		{
			"from": [3.6, 7.0362, -0.6138],
			"to": [4.4, 13.0362, 0.0362],
			"rotation": {"angle": -45, "axis": "x", "origin": [16.5, 4.5612, 8.0612]},
			"faces": {
				"north": {"uv": [0, 0, 16, 16], "texture": "#3"},
				"east": {"uv": [0, 0, 16, 16], "texture": "#3"},
				"south": {"uv": [0, 0, 16, 16], "texture": "#3"},
				"west": {"uv": [0, 0, 16, 16], "texture": "#3"},
				"up": {"uv": [0, 0, 16, 16], "texture": "#3"},
				"down": {"uv": [0, 0, 16, 16], "texture": "#3"}
			}
		},
		{
			"from": [11.6, 6.475, 7.025],
			"to": [12.4, 8.475, 7.675],
			"rotation": {"angle": -45, "axis": "x", "origin": [-0.5, 0, -1]},
			"faces": {
				"north": {"uv": [0, 0, 16, 16], "texture": "#3"},
				"east": {"uv": [0, 0, 16, 16], "texture": "#3"},
				"south": {"uv": [0, 0, 16, 16], "texture": "#3"},
				"west": {"uv": [0, 0, 16, 16], "texture": "#3"},
				"up": {"uv": [0, 0, 16, 16], "texture": "#3"},
				"down": {"uv": [0, 0, 16, 16], "texture": "#3"}
			}
		},
		{
			"from": [11.6, 11.47688, -3.35858],
			"to": [12.4, 12.12688, -0.85858],
			"rotation": {"angle": 0, "axis": "y", "origin": [-0.5, 3.45188, 5.61642]},
			"faces": {
				"north": {"uv": [0, 0, 16, 16], "texture": "#3"},
				"east": {"uv": [0, 0, 16, 16], "texture": "#3"},
				"south": {"uv": [0, 0, 16, 16], "texture": "#3"},
				"west": {"uv": [0, 0, 16, 16], "texture": "#3"},
				"up": {"uv": [0, 0, 16, 16], "texture": "#3"},
				"down": {"uv": [0, 0, 16, 16], "texture": "#3"}
			}
		},
		{
			"from": [11.6, 7.475, -11.89216],
			"to": [12.4, 8.475, -11.24216],
			"rotation": {"angle": 45, "axis": "x", "origin": [-0.5, 0, -3.21716]},
			"faces": {
				"north": {"uv": [0, 0, 16, 16], "texture": "#3"},
				"east": {"uv": [0, 0, 16, 16], "texture": "#3"},
				"south": {"uv": [0, 0, 16, 16], "texture": "#3"},
				"west": {"uv": [0, 0, 16, 16], "texture": "#3"},
				"up": {"uv": [0, 0, 16, 16], "texture": "#3"},
				"down": {"uv": [0, 0, 16, 16], "texture": "#3"}
			}
		},
		{
			"from": [11.6, 4.41977, -4.06569],
			"to": [12.4, 11.41977, -3.41569],
			"rotation": {"angle": 0, "axis": "y", "origin": [-0.5, 2.94477, 4.60931]},
			"faces": {
				"north": {"uv": [0, 0, 16, 16], "texture": "#3"},
				"east": {"uv": [0, 0, 16, 16], "texture": "#3"},
				"south": {"uv": [0, 0, 16, 16], "texture": "#3"},
				"west": {"uv": [0, 0, 16, 16], "texture": "#3"},
				"up": {"uv": [0, 0, 16, 16], "texture": "#3"},
				"down": {"uv": [0, 0, 16, 16], "texture": "#3"}
			}
		},
		{
			"from": [11.6, 7.0362, -0.6138],
			"to": [12.4, 13.0362, 0.0362],
			"rotation": {"angle": -45, "axis": "x", "origin": [-0.5, 4.5612, 8.0612]},
			"faces": {
				"north": {"uv": [0, 0, 16, 16], "texture": "#3"},
				"east": {"uv": [0, 0, 16, 16], "texture": "#3"},
				"south": {"uv": [0, 0, 16, 16], "texture": "#3"},
				"west": {"uv": [0, 0, 16, 16], "texture": "#3"},
				"up": {"uv": [0, 0, 16, 16], "texture": "#3"},
				"down": {"uv": [0, 0, 16, 16], "texture": "#3"}
			}
		},
		{
			"from": [3.5, 1, 0.1],
			"to": [4.5, 14.5, 1.1],
			"rotation": {"angle": 0, "axis": "y", "origin": [16.5, 0, 0]},
			"faces": {
				"north": {"uv": [5, 0, 11, 16], "texture": "#0"},
				"east": {"uv": [5, 0, 11, 16], "texture": "#0"},
				"south": {"uv": [5, 0, 11, 16], "texture": "#0"},
				"west": {"uv": [5, 0, 11, 16], "texture": "#0"},
				"up": {"uv": [0, 0, 16, 16], "texture": "#1"},
				"down": {"uv": [5, 0, 11, 16], "texture": "#0"}
			}
		},
		{
			"from": [3.75, 10, 0.25],
			"to": [12.25, 11, 1],
			"rotation": {"angle": 0, "axis": "y", "origin": [-0.5, 0, 0]},
			"faces": {
				"north": {"uv": [0, 0, 16, 16], "rotation": 90, "texture": "#0"},
				"east": {"uv": [0, 0, 16, 16], "rotation": 90, "texture": "#0"},
				"south": {"uv": [0, 0, 16, 16], "rotation": 90, "texture": "#0"},
				"west": {"uv": [0, 0, 16, 16], "rotation": 90, "texture": "#0"},
				"up": {"uv": [0, 0, 16, 16], "rotation": 90, "texture": "#0"},
				"down": {"uv": [0, 0, 16, 16], "rotation": 90, "texture": "#0"}
			}
		},
		{
			"from": [11.5, 1, 0.1],
			"to": [12.5, 14.5, 1.1],
			"rotation": {"angle": 0, "axis": "y", "origin": [-0.5, 0, 0]},
			"faces": {
				"north": {"uv": [5, 0, 11, 16], "texture": "#0"},
				"east": {"uv": [5, 0, 11, 16], "texture": "#0"},
				"south": {"uv": [5, 0, 11, 16], "texture": "#0"},
				"west": {"uv": [5, 0, 11, 16], "texture": "#0"},
				"up": {"uv": [0, 0, 16, 16], "texture": "#1"},
				"down": {"uv": [5, 0, 11, 16], "texture": "#0"}
			}
		},
		{
			"from": [3.75, 7.25, 0.25],
			"to": [12.25, 8.25, 1],
			"rotation": {"angle": 0, "axis": "y", "origin": [-0.5, 0, 0]},
			"faces": {
				"north": {"uv": [0, 0, 16, 16], "rotation": 90, "texture": "#0"},
				"east": {"uv": [0, 0, 16, 16], "rotation": 90, "texture": "#0"},
				"south": {"uv": [0, 0, 16, 16], "rotation": 90, "texture": "#0"},
				"west": {"uv": [0, 0, 16, 16], "rotation": 90, "texture": "#0"},
				"up": {"uv": [0, 0, 16, 16], "rotation": 90, "texture": "#0"},
				"down": {"uv": [0, 0, 16, 16], "rotation": 90, "texture": "#0"}
			}
		},
		{
			"from": [2.5, 0, 0],
			"to": [13.5, 2, 2],
			"rotation": {"angle": 0, "axis": "y", "origin": [-0.5, 0, 0]},
			"faces": {
				"north": {"uv": [0, 0, 16, 16], "rotation": 90, "texture": "#0"},
				"east": {"uv": [0, 0, 16, 16], "rotation": 90, "texture": "#1"},
				"south": {"uv": [0, 0, 16, 16], "rotation": 90, "texture": "#0"},
				"west": {"uv": [0, 0, 16, 16], "rotation": 90, "texture": "#1"},
				"up": {"uv": [0, 0, 16, 16], "rotation": 90, "texture": "#0"},
				"down": {"uv": [0, 0, 16, 16], "rotation": 90, "texture": "#0"}
			}
		},
		{
			"from": [3.55, -1.5, 5.35],
			"to": [4.45, 10.5, 6.35],
			"rotation": {"angle": -22.5, "axis": "x", "origin": [16.5, 0, 0]},
			"faces": {
				"north": {"uv": [5, 0, 11, 16], "texture": "#0"},
				"east": {"uv": [5, 0, 11, 16], "texture": "#0"},
				"south": {"uv": [5, 0, 11, 16], "texture": "#0"},
				"west": {"uv": [5, 0, 11, 16], "texture": "#0"},
				"up": {"uv": [0, 0, 16, 16], "texture": "#1"},
				"down": {"uv": [5, 0, 11, 16], "texture": "#0"}
			}
		},
		{
			"from": [11.55, -1.5, 5.35],
			"to": [12.45, 10.5, 6.35],
			"rotation": {"angle": -22.5, "axis": "x", "origin": [-0.5, 0, 0]},
			"faces": {
				"north": {"uv": [5, 0, 11, 16], "texture": "#0"},
				"east": {"uv": [5, 0, 11, 16], "texture": "#0"},
				"south": {"uv": [5, 0, 11, 16], "texture": "#0"},
				"west": {"uv": [5, 0, 11, 16], "texture": "#0"},
				"up": {"uv": [0, 0, 16, 16], "texture": "#1"},
				"down": {"uv": [5, 0, 11, 16], "texture": "#0"}
			}
		},
		{
			"from": [3.5, 0.5, 1],
			"to": [4.5, 1.5, 10],
			"rotation": {"angle": 0, "axis": "y", "origin": [0.5, 0, 0]},
			"faces": {
				"north": {"uv": [5, 0, 11, 16], "rotation": 90, "texture": "#0"},
				"east": {"uv": [5, 0, 11, 16], "rotation": 90, "texture": "#0"},
				"south": {"uv": [0, 0, 16, 16], "rotation": 90, "texture": "#1"},
				"west": {"uv": [5, 0, 11, 16], "rotation": 90, "texture": "#0"},
				"up": {"uv": [5, 0, 11, 16], "rotation": 180, "texture": "#0"},
				"down": {"uv": [5, 0, 11, 16], "rotation": 180, "texture": "#0"}
			}
		},
		{
			"from": [11.5, 0.5, 1],
			"to": [12.5, 1.5, 10],
			"rotation": {"angle": 0, "axis": "y", "origin": [15.5, 0, 0]},
			"faces": {
				"north": {"uv": [5, 16, 11, 0], "rotation": 90, "texture": "#0"},
				"east": {"uv": [5, 16, 11, 0], "rotation": 90, "texture": "#0"},
				"south": {"uv": [0, 0, 16, 16], "rotation": 90, "texture": "#1"},
				"west": {"uv": [5, 16, 11, 0], "rotation": 90, "texture": "#0"},
				"up": {"uv": [11, 0, 5, 16], "rotation": 180, "texture": "#0"},
				"down": {"uv": [11, 0, 5, 16], "rotation": 180, "texture": "#0"}
			}
		},
		{
			"from": [4.5, 0.85, 7.5],
			"to": [11.5, 1.15, 9.5],
			"rotation": {"angle": 0, "axis": "y", "origin": [0.5, 0, 0]},
			"faces": {
				"north": {"uv": [0, 0, 16, 16], "texture": "#2"},
				"east": {"uv": [0, 0, 16, 16], "texture": "#2"},
				"south": {"uv": [0, 0, 16, 16], "texture": "#2"},
				"west": {"uv": [0, 0, 16, 16], "texture": "#2"},
				"up": {"uv": [0, 0, 16, 16], "texture": "#2"},
				"down": {"uv": [0, 0, 16, 16], "texture": "#2"}
			}
		},
		{
			"from": [4.5, 0.85, 2.5],
			"to": [11.5, 1.15, 4.5],
			"rotation": {"angle": 0, "axis": "y", "origin": [0.5, 0, 0]},
			"faces": {
				"north": {"uv": [0, 0, 16, 16], "texture": "#2"},
				"east": {"uv": [0, 0, 16, 16], "texture": "#2"},
				"south": {"uv": [0, 0, 16, 16], "texture": "#2"},
				"west": {"uv": [0, 0, 16, 16], "texture": "#2"},
				"up": {"uv": [0, 0, 16, 16], "texture": "#2"},
				"down": {"uv": [0, 0, 16, 16], "texture": "#2"}
			}
		},
		{
			"from": [4.5, 0.85, 5],
			"to": [11.5, 1.15, 7],
			"rotation": {"angle": 0, "axis": "y", "origin": [0.5, 0, 0]},
			"faces": {
				"north": {"uv": [0, 0, 16, 16], "texture": "#2"},
				"east": {"uv": [0, 0, 16, 16], "texture": "#2"},
				"south": {"uv": [0, 0, 16, 16], "texture": "#2"},
				"west": {"uv": [0, 0, 16, 16], "texture": "#2"},
				"up": {"uv": [0, 0, 16, 16], "texture": "#2"},
				"down": {"uv": [0, 0, 16, 16], "texture": "#2"}
			}
		}
	],
	"display": {
		"thirdperson_righthand": {
			"rotation": [80, 139, 0],
			"translation": [5.5, 1.25, -1.75],
			"scale": [0.8, 0.8, 0.8]
		},
		"thirdperson_lefthand": {
			"rotation": [64.25, 0, 0],
			"translation": [-6, -13.75, 13],
			"scale": [1.2, 1.2, 1.2]
		},
		"firstperson_righthand": {
			"rotation": [0, -62, 0],
			"translation": [4, 3, -7]
		},
		"firstperson_lefthand": {
			"rotation": [0, -62, 0],
			"translation": [80, 3, -7]
		},
		"ground": {
			"translation": [0, 1.25, 0],
			"scale": [0.6, 0.6, 0.6]
		},
		"gui": {
			"rotation": [22, -31, 0],
			"translation": [-2.75, -1, 1]
		},
		"head": {
			"rotation": [-8, 0, 0],
			"translation": [0, -11.25, 20],
			"scale": [2, 2, 2]
		},
		"fixed": {
			"rotation": [0, -180, 0],
			"translation": [0, 1.5, -8.75]
		}
	},
	"groups": [
		{
			"name": "group",
			"origin": [16.5, 4.5612, 8.0612],
			"color": 0,
			"children": [
				0,
				1,
				2,
				3,
				4,
				{
					"name": "group",
					"origin": [16.5, 4.5612, 8.0612],
					"color": 0,
					"children": [5, 6, 7, 8, 9]
				}
			]
		},
		{
			"name": "group",
			"origin": [0.5, 0, 0],
			"color": 0,
			"children": [10, 11, 12, 13, 14, 15, 16, 17, 18]
		},
		{
			"name": "group",
			"origin": [0.5, 0, 0],
			"color": 0,
			"children": [19, 20, 21]
		}
	]
}