{
	"credit": "Made with Blockbench",
	"textures": {
		"0": "an_c2",
		"particle": "an_c2"
	},
	"elements": [
		{
			"from": [7.525, 7.56825, 11.96344],
			"to": [8.325, 8.36825, 12.01344],
			"rotation": {"angle": 22.5, "axis": "x", "origin": [7.925, 6.99325, 6.86344]},
			"faces": {
				"north": {"uv": [0, 0, 16, 16], "texture": "#0"},
				"east": {"uv": [0, 0, 16, 16], "texture": "#0"},
				"south": {"uv": [0, 0, 16, 16], "texture": "#0"},
				"west": {"uv": [0, 0, 16, 16], "texture": "#0"},
				"up": {"uv": [0, 0, 16, 16], "texture": "#0"},
				"down": {"uv": [0, 0, 16, 16], "texture": "#0"}
			}
		},
		{
			"from": [6.9, 0, 0],
			"to": [8.9, 2, 2.5],
			"rotation": {"angle": 0, "axis": "y", "origin": [8, 0, 3]},
			"faces": {
				"north": {"uv": [0, 0, 16, 16], "texture": "#0"},
				"east": {"uv": [0, 0, 16, 16], "texture": "#0"},
				"south": {"uv": [0, 0, 16, 16], "texture": "#0"},
				"west": {"uv": [0, 0, 16, 16], "texture": "#0"},
				"up": {"uv": [0, 0, 16, 16], "texture": "#0"},
				"down": {"uv": [0, 0, 16, 16], "texture": "#0"}
			}
		},
		{
			"from": [7, 1.15186, 2.29077],
			"to": [8.85, 3.00186, 5.09077],
			"rotation": {"angle": -22.5, "axis": "x", "origin": [7.925, 1.10186, 5.29077]},
			"faces": {
				"north": {"uv": [0, 0, 16, 16], "texture": "#0"},
				"east": {"uv": [0, 0, 16, 16], "texture": "#0"},
				"south": {"uv": [0, 0, 16, 16], "texture": "#0"},
				"west": {"uv": [0, 0, 16, 16], "texture": "#0"},
				"up": {"uv": [0, 0, 16, 16], "texture": "#0"},
				"down": {"uv": [0, 0, 16, 16], "texture": "#0"}
			}
		},
		{
			"from": [7, -0.85839, 5.92767],
			"to": [8.85, 0.99161, 8.35267],
			"rotation": {"angle": -45, "axis": "x", "origin": [7.925, -0.90839, 3.17767]},
			"faces": {
				"north": {"uv": [0, 0, 16, 16], "texture": "#0"},
				"east": {"uv": [0, 0, 16, 16], "texture": "#0"},
				"south": {"uv": [0, 0, 16, 16], "texture": "#0"},
				"west": {"uv": [0, 0, 16, 16], "texture": "#0"},
				"up": {"uv": [0, 0, 16, 16], "texture": "#0"},
				"down": {"uv": [0, 0, 16, 16], "texture": "#0"}
			}
		},
		{
			"from": [6.875, 2.97644, 3.77041],
			"to": [8.975, 5.40144, 5.87041],
			"rotation": {"angle": 22.5, "axis": "x", "origin": [7.925, 0.22644, 5.79541]},
			"faces": {
				"north": {"uv": [0, 0, 16, 16], "rotation": 270, "texture": "#0"},
				"east": {"uv": [0, 0, 16, 16], "rotation": 270, "texture": "#0"},
				"south": {"uv": [0, 0, 16, 16], "rotation": 270, "texture": "#0"},
				"west": {"uv": [0, 0, 16, 16], "rotation": 270, "texture": "#0"},
				"up": {"uv": [0, 0, 16, 16], "rotation": 270, "texture": "#0"},
				"down": {"uv": [0, 0, 16, 16], "rotation": 270, "texture": "#0"}
			}
		},
		{
			"from": [6.9, 5.19657, 3.41939],
			"to": [8.95, 6.99657, 5.46939],
			"rotation": {"angle": 45, "axis": "x", "origin": [7.925, 2.44657, 5.41939]},
			"faces": {
				"north": {"uv": [0, 0, 16, 16], "rotation": 270, "texture": "#0"},
				"east": {"uv": [0, 0, 16, 16], "rotation": 270, "texture": "#0"},
				"south": {"uv": [0, 0, 16, 16], "rotation": 270, "texture": "#0"},
				"west": {"uv": [0, 0, 16, 16], "rotation": 270, "texture": "#0"},
				"up": {"uv": [0, 0, 16, 16], "rotation": 270, "texture": "#0"},
				"down": {"uv": [0, 0, 16, 16], "rotation": 270, "texture": "#0"}
			}
		},
		{
			"from": [6.95, 4.19966, 8.22965],
			"to": [8.9, 6.14966, 10.02965],
			"rotation": {"angle": -22.5, "axis": "x", "origin": [7.925, 4.19966, 5.47965]},
			"faces": {
				"north": {"uv": [0, 0, 16, 16], "texture": "#0"},
				"east": {"uv": [0, 0, 16, 16], "texture": "#0"},
				"south": {"uv": [0, 0, 16, 16], "texture": "#0"},
				"west": {"uv": [0, 0, 16, 16], "texture": "#0"},
				"up": {"uv": [0, 0, 16, 16], "texture": "#0"},
				"down": {"uv": [0, 0, 16, 16], "texture": "#0"}
			}
		},
		{
			"from": [6.975, 5.82124, 8.9562],
			"to": [8.875, 7.72124, 10.1312],
			"rotation": {"angle": 0, "axis": "y", "origin": [7.925, 5.79624, 6.2062]},
			"faces": {
				"north": {"uv": [0, 0, 16, 16], "texture": "#0"},
				"east": {"uv": [0, 0, 16, 16], "texture": "#0"},
				"south": {"uv": [0, 0, 16, 16], "texture": "#0"},
				"west": {"uv": [0, 0, 16, 16], "texture": "#0"},
				"up": {"uv": [0, 0, 16, 16], "texture": "#0"},
				"down": {"uv": [0, 0, 16, 16], "texture": "#0"}
			}
		},
		{
			"from": [7, 7.04325, 9.61344],
			"to": [8.85, 8.89325, 11.38844],
			"rotation": {"angle": 22.5, "axis": "x", "origin": [7.925, 6.99325, 6.86344]},
			"faces": {
				"north": {"uv": [0, 0, 16, 16], "texture": "#0"},
				"east": {"uv": [0, 0, 16, 16], "texture": "#0"},
				"south": {"uv": [0, 0, 16, 16], "texture": "#0"},
				"west": {"uv": [0, 0, 16, 16], "texture": "#0"},
				"up": {"uv": [0, 0, 16, 16], "texture": "#0"},
				"down": {"uv": [0, 0, 16, 16], "texture": "#0"}
			}
		},
		{
			"from": [7.15, 7.19325, 11.36344],
			"to": [8.7, 8.74325, 11.63844],
			"rotation": {"angle": 22.5, "axis": "x", "origin": [7.925, 6.99325, 6.86344]},
			"faces": {
				"north": {"uv": [0, 0, 16, 16], "texture": "#0"},
				"east": {"uv": [0, 0, 16, 16], "texture": "#0"},
				"south": {"uv": [0, 0, 16, 16], "texture": "#0"},
				"west": {"uv": [0, 0, 16, 16], "texture": "#0"},
				"up": {"uv": [0, 0, 16, 16], "texture": "#0"},
				"down": {"uv": [0, 0, 16, 16], "texture": "#0"}
			}
		},
		{
			"from": [7.325, 7.36825, 11.56344],
			"to": [8.525, 8.56825, 11.83844],
			"rotation": {"angle": 22.5, "axis": "x", "origin": [7.925, 6.99325, 6.86344]},
			"faces": {
				"north": {"uv": [0, 0, 16, 16], "texture": "#0"},
				"east": {"uv": [0, 0, 16, 16], "texture": "#0"},
				"south": {"uv": [0, 0, 16, 16], "texture": "#0"},
				"west": {"uv": [0, 0, 16, 16], "texture": "#0"},
				"up": {"uv": [0, 0, 16, 16], "texture": "#0"},
				"down": {"uv": [0, 0, 16, 16], "texture": "#0"}
			}
		},
		{
			"from": [7.425, 7.46825, 11.81344],
			"to": [8.425, 8.46825, 11.96344],
			"rotation": {"angle": 22.5, "axis": "x", "origin": [7.925, 6.99325, 6.86344]},
			"faces": {
				"north": {"uv": [0, 0, 16, 16], "texture": "#0"},
				"east": {"uv": [0, 0, 16, 16], "texture": "#0"},
				"south": {"uv": [0, 0, 16, 16], "texture": "#0"},
				"west": {"uv": [0, 0, 16, 16], "texture": "#0"},
				"up": {"uv": [0, 0, 16, 16], "texture": "#0"},
				"down": {"uv": [0, 0, 16, 16], "texture": "#0"}
			}
		}
	],
	"display": {
		"thirdperson_righthand": {
			"rotation": [0, 48, 52],
			"translation": [0, 1.5, 1.75],
			"scale": [0.3, 0.5, 0.6]
		},
		"thirdperson_lefthand": {
			"rotation": [67.5, 0, 0],
			"translation": [-5.5, -10.25, 13],
			"scale": [0.8, 1, 0.9]
		},
		"firstperson_righthand": {
			"rotation": [0, -61, 0],
			"translation": [8.75, 3.75, -9],
			"scale": [0.66, 1.49, 1.99]
		},
		"firstperson_lefthand": {
			"translation": [80, 0, 0]
		},
		"ground": {
			"translation": [0, 6.75, 0],
			"scale": [0.74, 1, 1]
		},
		"gui": {
			"rotation": [0, 54, 0],
			"translation": [2.25, 4, 1],
			"scale": [0.82, 1, 1.22]
		},
		"head": {
			"translation": [0, -12.5, 13],
			"scale": [1.1, 1.3, 1.4]
		},
		"fixed": {
			"rotation": [0, -115, 0],
			"translation": [-3.25, 3.75, -3.25],
			"scale": [0.78, 1, 1.18]
		}
	},
	"groups": [
		{
			"name": "group",
			"origin": [7.925, 6.99325, 6.86344],
			"color": 0,
			"nbt": "{}",
			"armAnimationEnabled": false,
			"children": [0, 1, 2, 3, 4, 5, 6, 7, 8, 9, 10, 11]
		}
	]
}