{
	"__comment": "Designed by Duck_Soon with Cubik Studio - https://cubik.studio",
	"textures": {
		"croco_pick": "items/croco_pick"
	},
	"elements": [ 	 
		{
			"__comment": "Voxels",
			"from": [ 4.5, 15.75, 7.5 ],
			"to": [ 11, 16.25, 8.25 ],
			"faces": {
				"down": { "uv": [ 0, 8.125, 3.25, 8.5 ], "texture": "#croco_pick" },
				"up": { "uv": [ 0, 8.875, 3.25, 8.5 ], "texture": "#croco_pick" },
				"north": { "uv": [ 10.875, 14.75, 7.625, 15 ], "texture": "#croco_pick" },
				"south": { "uv": [ 10, 15.125, 13.25, 15.375 ], "texture": "#croco_pick" },
				"west": { "uv": [ 7, 9.25, 7.375, 9.5 ], "texture": "#croco_pick" },
				"east": { "uv": [ 7, 9.25, 6.625, 9.5 ], "texture": "#croco_pick" }
			}
		},
		{
			"__comment": "Voxels",
			"from": [ 5, 11, 7.5 ],
			"to": [ 14.25, 12.75, 8.25 ],
			"faces": {
				"down": { "uv": [ 0, 12, 4.625, 12.375 ], "texture": "#croco_pick" },
				"up": { "uv": [ 0, 12, 4.625, 11.625 ], "texture": "#croco_pick" },
				"north": { "uv": [ 4.625, 15.125, 0, 16 ], "texture": "#croco_pick" },
				"south": { "uv": [ 0, 14.25, 4.625, 15.125 ], "texture": "#croco_pick" },
				"west": { "uv": [ 4.25, 8, 4.625, 8.875 ], "texture": "#croco_pick" },
				"east": { "uv": [ 5, 8.625, 4.625, 9.5 ], "texture": "#croco_pick" }
			}
		},
		{
			"__comment": "Voxels",
			"from": [ 5, 12.75, 7.5 ],
			"to": [ 13.5, 13, 8.25 ],
			"faces": {
				"down": { "uv": [ 0, 10, 4.25, 10.375 ], "texture": "#croco_pick" },
				"up": { "uv": [ 0, 10, 4.25, 9.625 ], "texture": "#croco_pick" },
				"north": { "uv": [ 11.875, 14.625, 7.625, 14.75 ], "texture": "#croco_pick" },
				"south": { "uv": [ 7.625, 14.5, 11.875, 14.625 ], "texture": "#croco_pick" },
				"west": { "uv": [ 6.75, 8.875, 7.125, 9 ], "texture": "#croco_pick" },
				"east": { "uv": [ 5.375, 8, 5, 8.125 ], "texture": "#croco_pick" }
			}
		},
		{
			"__comment": "Voxels",
			"from": [ 5, 13, 7.5 ],
			"to": [ 10.5, 14.25, 7.75 ],
			"faces": {
				"down": { "uv": [ 10, 15, 12.75, 15.125 ], "texture": "#croco_pick" },
				"up": { "uv": [ 0, 8.125, 2.75, 8 ], "texture": "#croco_pick" },
				"north": { "uv": [ 2.75, 11, 0, 11.625 ], "texture": "#croco_pick" },
				"south": { "uv": [ 0, 10.375, 2.75, 11 ], "texture": "#croco_pick" },
				"west": { "uv": [ 5.25, 9.375, 5.375, 10 ], "texture": "#croco_pick" },
				"east": { "uv": [ 5.375, 10.25, 5.25, 10.875 ], "texture": "#croco_pick" }
			}
		},
		{
			"__comment": "Voxels",
			"from": [ 5, 13, 7.75 ],
			"to": [ 6, 14.75, 8.25 ],
			"faces": {
				"down": { "uv": [ 7.125, 10, 7.625, 10.25 ], "texture": "#croco_pick" },
				"up": { "uv": [ 7, 10.875, 7.5, 10.625 ], "texture": "#croco_pick" },
				"north": { "uv": [ 3.75, 8, 3.25, 8.875 ], "texture": "#croco_pick" },
				"south": { "uv": [ 3.75, 8, 4.25, 8.875 ], "texture": "#croco_pick" },
				"west": { "uv": [ 5, 9.125, 5.25, 10 ], "texture": "#croco_pick" },
				"east": { "uv": [ 5.25, 10, 5, 10.875 ], "texture": "#croco_pick" }
			}
		},
		{
			"__comment": "Voxels",
			"from": [ 5, 14.25, 7.5 ],
			"to": [ 7, 14.75, 7.75 ],
			"faces": {
				"down": { "uv": [ 6.625, 10.25, 7.625, 10.375 ], "texture": "#croco_pick" },
				"up": { "uv": [ 6.625, 10.5, 7.625, 10.375 ], "texture": "#croco_pick" },
				"north": { "uv": [ 7.625, 11.75, 6.625, 12 ], "texture": "#croco_pick" },
				"south": { "uv": [ 6.625, 11.5, 7.625, 11.75 ], "texture": "#croco_pick" },
				"west": { "uv": [ 4.5, 11.375, 4.625, 11.625 ], "texture": "#croco_pick" },
				"east": { "uv": [ 5.375, 9.125, 5.25, 9.375 ], "texture": "#croco_pick" }
			}
		},
		{
			"__comment": "Voxels",
			"from": [ 5.25, 10.5, 7.5 ],
			"to": [ 13.25, 11, 8.25 ],
			"faces": {
				"down": { "uv": [ 0, 9.25, 4, 9.625 ], "texture": "#croco_pick" },
				"up": { "uv": [ 0, 9.25, 4, 8.875 ], "texture": "#croco_pick" },
				"north": { "uv": [ 11.625, 15.75, 7.625, 16 ], "texture": "#croco_pick" },
				"south": { "uv": [ 11.625, 15.75, 15.625, 16 ], "texture": "#croco_pick" },
				"west": { "uv": [ 6.625, 9.5, 7, 9.75 ], "texture": "#croco_pick" },
				"east": { "uv": [ 7.375, 9, 7, 9.25 ], "texture": "#croco_pick" }
			}
		},
		{
			"__comment": "Voxels",
			"from": [ 5.25, 14.75, 7.5 ],
			"to": [ 10.5, 15.25, 8.25 ],
			"faces": {
				"down": { "uv": [ 10.25, 15.375, 12.875, 15.75 ], "texture": "#croco_pick" },
				"up": { "uv": [ 7.625, 15.75, 10.25, 15.375 ], "texture": "#croco_pick" },
				"north": { "uv": [ 15.875, 15.125, 13.25, 15.375 ], "texture": "#croco_pick" },
				"south": { "uv": [ 10.875, 14.75, 13.5, 15 ], "texture": "#croco_pick" },
				"west": { "uv": [ 7, 9.5, 7.375, 9.75 ], "texture": "#croco_pick" },
				"east": { "uv": [ 7, 9, 6.625, 9.25 ], "texture": "#croco_pick" }
			}
		},
		{
			"__comment": "Voxels",
			"from": [ 5.5, 10.25, 7.5 ],
			"to": [ 10.25, 10.5, 8.25 ],
			"faces": {
				"down": { "uv": [ 7.625, 15, 10, 15.375 ], "texture": "#croco_pick" },
				"up": { "uv": [ 12.875, 15.75, 15.25, 15.375 ], "texture": "#croco_pick" },
				"north": { "uv": [ 14.25, 14.625, 11.875, 14.75 ], "texture": "#croco_pick" },
				"south": { "uv": [ 13.25, 15, 15.625, 15.125 ], "texture": "#croco_pick" },
				"west": { "uv": [ 7.125, 8.5, 7.5, 8.625 ], "texture": "#croco_pick" },
				"east": { "uv": [ 7.125, 8.5, 6.75, 8.625 ], "texture": "#croco_pick" }
			}
		},
		{
			"__comment": "Voxels",
			"from": [ 5.5, 15.25, 7.5 ],
			"to": [ 9.75, 15.75, 8.25 ],
			"faces": {
				"down": { "uv": [ 5.375, 13.5, 7.5, 13.875 ], "texture": "#croco_pick" },
				"up": { "uv": [ 5.375, 14.25, 7.5, 13.875 ], "texture": "#croco_pick" },
				"north": { "uv": [ 15.625, 14.75, 13.5, 15 ], "texture": "#croco_pick" },
				"south": { "uv": [ 7.625, 14.25, 9.75, 14.5 ], "texture": "#croco_pick" },
				"west": { "uv": [ 7, 9.75, 7.375, 10 ], "texture": "#croco_pick" },
				"east": { "uv": [ 7, 9.75, 6.625, 10 ], "texture": "#croco_pick" }
			}
		},
		{
			"__comment": "Voxels",
			"from": [ 5.5, 16.25, 7.5 ],
			"to": [ 10, 18.25, 8.25 ],
			"faces": {
				"down": { "uv": [ 5.375, 14.25, 7.625, 14.625 ], "texture": "#croco_pick" },
				"up": { "uv": [ 5.375, 15, 7.625, 14.625 ], "texture": "#croco_pick" },
				"north": { "uv": [ 4.5, 13.25, 2.25, 14.25 ], "texture": "#croco_pick" },
				"south": { "uv": [ 0, 13.25, 2.25, 14.25 ], "texture": "#croco_pick" },
				"west": { "uv": [ 4.625, 9.5, 5, 10.5 ], "texture": "#croco_pick" },
				"east": { "uv": [ 5, 10.5, 4.625, 11.5 ], "texture": "#croco_pick" }
			}
		},
		{
			"__comment": "Voxels",
			"from": [ 6, 13, 8 ],
			"to": [ 10.5, 14.75, 8.25 ],
			"faces": {
				"down": { "uv": [ 11.875, 14.5, 14.125, 14.625 ], "texture": "#croco_pick" },
				"up": { "uv": [ 9.75, 14.5, 12, 14.375 ], "texture": "#croco_pick" },
				"north": { "uv": [ 2.25, 12.375, 0, 13.25 ], "texture": "#croco_pick" },
				"south": { "uv": [ 2.25, 12.375, 4.5, 13.25 ], "texture": "#croco_pick" },
				"west": { "uv": [ 4.5, 12.375, 4.625, 13.25 ], "texture": "#croco_pick" },
				"east": { "uv": [ 4.625, 13.375, 4.5, 14.25 ], "texture": "#croco_pick" }
			}
		},
		{
			"__comment": "Voxels",
			"from": [ 6, 13.25, 7.75 ],
			"to": [ 10.5, 14.25, 8 ],
			"faces": {
				"down": { "uv": [ 9.75, 14.25, 12, 14.375 ], "texture": "#croco_pick" },
				"up": { "uv": [ 12, 14.5, 14.25, 14.375 ], "texture": "#croco_pick" },
				"north": { "uv": [ 7.625, 15, 5.375, 15.5 ], "texture": "#croco_pick" },
				"south": { "uv": [ 5.375, 15.5, 7.625, 16 ], "texture": "#croco_pick" },
				"west": { "uv": [ 5.375, 8.5, 5.5, 9 ], "texture": "#croco_pick" },
				"east": { "uv": [ 5.5, 8, 5.375, 8.5 ], "texture": "#croco_pick" }
			}
		},
		{
			"__comment": "Voxels",
			"from": [ 6, 14.25, 7.75 ],
			"to": [ 7, 14.75, 8 ],
			"faces": {
				"down": { "uv": [ 2.75, 8, 3.25, 8.125 ], "texture": "#croco_pick" },
				"up": { "uv": [ 7, 10.625, 7.5, 10.5 ], "texture": "#croco_pick" },
				"north": { "uv": [ 7.125, 10, 6.625, 10.25 ], "texture": "#croco_pick" },
				"south": { "uv": [ 7.125, 10.875, 7.625, 11.125 ], "texture": "#croco_pick" },
				"west": { "uv": [ 5.25, 10, 5.375, 10.25 ], "texture": "#croco_pick" },
				"east": { "uv": [ 4.625, 11.125, 4.5, 11.375 ], "texture": "#croco_pick" }
			}
		},
		{
			"__comment": "Voxels",
			"from": [ 6.25, 13, 7.75 ],
			"to": [ 10.5, 13.25, 8 ],
			"faces": {
				"down": { "uv": [ 7.625, 14, 9.75, 14.125 ], "texture": "#croco_pick" },
				"up": { "uv": [ 7.625, 14.25, 9.75, 14.125 ], "texture": "#croco_pick" },
				"north": { "uv": [ 9.75, 13.875, 7.625, 14 ], "texture": "#croco_pick" },
				"south": { "uv": [ 12, 14.25, 14.125, 14.375 ], "texture": "#croco_pick" },
				"west": { "uv": [ 5.625, 8.625, 5.75, 8.75 ], "texture": "#croco_pick" },
				"east": { "uv": [ 5.75, 8.75, 5.625, 8.875 ], "texture": "#croco_pick" }
			}
		},
		{
			"__comment": "Voxels",
			"from": [ 6.5, 9, 7.5 ],
			"to": [ 7, 10.25, 8.25 ],
			"faces": {
				"down": { "uv": [ 4.375, 10.375, 4.625, 10.75 ], "texture": "#croco_pick" },
				"up": { "uv": [ 4.375, 9.625, 4.625, 9.25 ], "texture": "#croco_pick" },
				"north": { "uv": [ 7.125, 10.875, 6.875, 11.5 ], "texture": "#croco_pick" },
				"south": { "uv": [ 6.625, 10.875, 6.875, 11.5 ], "texture": "#croco_pick" },
				"west": { "uv": [ 4.625, 8, 5, 8.625 ], "texture": "#croco_pick" },
				"east": { "uv": [ 5.375, 10.875, 5, 11.5 ], "texture": "#croco_pick" }
			}
		},
		{
			"__comment": "Voxels",
			"from": [ 7, 9.25, 7.5 ],
			"to": [ 7.25, 10.25, 8.25 ],
			"faces": {
				"down": { "uv": [ 7.5, 13.875, 7.625, 14.25 ], "texture": "#croco_pick" },
				"up": { "uv": [ 7.5, 13.875, 7.625, 13.5 ], "texture": "#croco_pick" },
				"north": { "uv": [ 5.625, 8.5, 5.5, 9 ], "texture": "#croco_pick" },
				"south": { "uv": [ 5.5, 8, 5.625, 8.5 ], "texture": "#croco_pick" },
				"west": { "uv": [ 5, 8.625, 5.375, 9.125 ], "texture": "#croco_pick" },
				"east": { "uv": [ 5.375, 8.125, 5, 8.625 ], "texture": "#croco_pick" }
			}
		},
		{
			"__comment": "Voxels",
			"from": [ 7, 14.5, 7.5 ],
			"to": [ 10.5, 14.75, 8 ],
			"faces": {
				"down": { "uv": [ 2.75, 11.125, 4.5, 11.375 ], "texture": "#croco_pick" },
				"up": { "uv": [ 2.75, 11.625, 4.5, 11.375 ], "texture": "#croco_pick" },
				"north": { "uv": [ 16, 14.625, 14.25, 14.75 ], "texture": "#croco_pick" },
				"south": { "uv": [ 2.75, 11, 4.5, 11.125 ], "texture": "#croco_pick" },
				"west": { "uv": [ 7.375, 9.875, 7.625, 10 ], "texture": "#croco_pick" },
				"east": { "uv": [ 4.625, 10.75, 4.375, 10.875 ], "texture": "#croco_pick" }
			}
		},
		{
			"__comment": "Voxels",
			"from": [ 7.25, 9.5, 7.5 ],
			"to": [ 9.25, 10.25, 8.25 ],
			"faces": {
				"down": { "uv": [ 6.625, 12, 7.625, 12.375 ], "texture": "#croco_pick" },
				"up": { "uv": [ 6.625, 12.75, 7.625, 12.375 ], "texture": "#croco_pick" },
				"north": { "uv": [ 7.625, 12.75, 6.625, 13.125 ], "texture": "#croco_pick" },
				"south": { "uv": [ 6.625, 13.125, 7.625, 13.5 ], "texture": "#croco_pick" },
				"west": { "uv": [ 7.125, 11.125, 7.5, 11.5 ], "texture": "#croco_pick" },
				"east": { "uv": [ 7, 10.5, 6.625, 10.875 ], "texture": "#croco_pick" }
			}
		},
		{
			"__comment": "Voxels",
			"from": [ 7.25, 14.25, 7.5 ],
			"to": [ 10.5, 14.5, 8 ],
			"faces": {
				"down": { "uv": [ 2.75, 10.75, 4.375, 11 ], "texture": "#croco_pick" },
				"up": { "uv": [ 2.75, 10.75, 4.375, 10.5 ], "texture": "#croco_pick" },
				"north": { "uv": [ 15.75, 14.5, 14.125, 14.625 ], "texture": "#croco_pick" },
				"south": { "uv": [ 2.75, 10.375, 4.375, 10.5 ], "texture": "#croco_pick" },
				"west": { "uv": [ 4.375, 10.875, 4.625, 11 ], "texture": "#croco_pick" },
				"east": { "uv": [ 7.625, 9.625, 7.375, 9.75 ], "texture": "#croco_pick" }
			}
		},
		{
			"__comment": "Voxels",
			"from": [ 7.5, 0.5, 7.75 ],
			"to": [ 8.25, 9.5, 8 ],
			"faces": {
				"down": { "uv": [ 6.75, 8.125, 7.125, 8.25 ], "texture": "#croco_pick" },
				"up": { "uv": [ 6.75, 8.125, 7.125, 8 ], "texture": "#croco_pick" },
				"north": { "uv": [ 5.375, 11.5, 5, 16 ], "texture": "#croco_pick" },
				"south": { "uv": [ 4.625, 11.5, 5, 16 ], "texture": "#croco_pick" },
				"west": { "uv": [ 6, 9, 6.125, 13.5 ], "texture": "#croco_pick" },
				"east": { "uv": [ 6, 9, 5.875, 13.5 ], "texture": "#croco_pick" }
			}
		},
		{
			"__comment": "Voxels",
			"from": [ 7.75, 0.5, 7.5 ],
			"to": [ 8, 9.5, 7.75 ],
			"faces": {
				"down": { "uv": [ 5.625, 8.5, 5.75, 8.625 ], "texture": "#croco_pick" },
				"up": { "uv": [ 4.5, 13.375, 4.625, 13.25 ], "texture": "#croco_pick" },
				"north": { "uv": [ 5.875, 9, 5.75, 13.5 ], "texture": "#croco_pick" },
				"south": { "uv": [ 5.5, 9, 5.625, 13.5 ], "texture": "#croco_pick" },
				"west": { "uv": [ 5.375, 9, 5.5, 13.5 ], "texture": "#croco_pick" },
				"east": { "uv": [ 6.5, 9, 6.375, 13.5 ], "texture": "#croco_pick" }
			}
		},
		{
			"__comment": "Voxels",
			"from": [ 7.75, 0.5, 8 ],
			"to": [ 8, 9.5, 8.25 ],
			"faces": {
				"down": { "uv": [ 4.5, 11, 4.625, 11.125 ], "texture": "#croco_pick" },
				"up": { "uv": [ 5.625, 9, 5.75, 8.875 ], "texture": "#croco_pick" },
				"north": { "uv": [ 6.625, 9, 6.5, 13.5 ], "texture": "#croco_pick" },
				"south": { "uv": [ 5.625, 9, 5.75, 13.5 ], "texture": "#croco_pick" },
				"west": { "uv": [ 6.125, 9, 6.25, 13.5 ], "texture": "#croco_pick" },
				"east": { "uv": [ 6.375, 9, 6.25, 13.5 ], "texture": "#croco_pick" }
			}
		},
		{
			"__comment": "Voxels",
			"from": [ 8.5, 9.25, 7.5 ],
			"to": [ 9.25, 9.5, 8.25 ],
			"faces": {
				"down": { "uv": [ 4.25, 10, 4.625, 10.375 ], "texture": "#croco_pick" },
				"up": { "uv": [ 4.25, 10, 4.625, 9.625 ], "texture": "#croco_pick" },
				"north": { "uv": [ 7.125, 8.75, 6.75, 8.875 ], "texture": "#croco_pick" },
				"south": { "uv": [ 7.125, 8.75, 7.5, 8.875 ], "texture": "#croco_pick" },
				"west": { "uv": [ 6.75, 8.625, 7.125, 8.75 ], "texture": "#croco_pick" },
				"east": { "uv": [ 7.5, 8.625, 7.125, 8.75 ], "texture": "#croco_pick" }
			}
		},
		{
			"__comment": "Voxels",
			"from": [ 8.75, 9, 7.5 ],
			"to": [ 9.25, 9.25, 8.25 ],
			"faces": {
				"down": { "uv": [ 4.375, 8.875, 4.625, 9.25 ], "texture": "#croco_pick" },
				"up": { "uv": [ 6.5, 9, 6.75, 8.625 ], "texture": "#croco_pick" },
				"north": { "uv": [ 7.625, 9.5, 7.375, 9.625 ], "texture": "#croco_pick" },
				"south": { "uv": [ 7.375, 9.75, 7.625, 9.875 ], "texture": "#croco_pick" },
				"west": { "uv": [ 6.75, 8.375, 7.125, 8.5 ], "texture": "#croco_pick" },
				"east": { "uv": [ 7.125, 8.25, 6.75, 8.375 ], "texture": "#croco_pick" }
			}
		},
		{
			"__comment": "Voxels",
			"from": [ 13.25, 10.75, 7.5 ],
			"to": [ 14, 11, 8.25 ],
			"faces": {
				"down": { "uv": [ 4, 9.25, 4.375, 9.625 ], "texture": "#croco_pick" },
				"up": { "uv": [ 4, 9.25, 4.375, 8.875 ], "texture": "#croco_pick" },
				"north": { "uv": [ 7.5, 8.375, 7.125, 8.5 ], "texture": "#croco_pick" },
				"south": { "uv": [ 7.125, 8.25, 7.5, 8.375 ], "texture": "#croco_pick" },
				"west": { "uv": [ 7.125, 8.125, 7.5, 8.25 ], "texture": "#croco_pick" },
				"east": { "uv": [ 7.5, 8.875, 7.125, 9 ], "texture": "#croco_pick" }
			}
		}
	],
	"display": {
		"thirdperson_righthand": {
			"rotation":  [ 0, 90, 0 ],
			"translation":  [ 0, 2.7826, 1.3913 ]
		},
		"thirdperson_lefthand": {
			"rotation":  [ 0, -90, 0 ],
			"translation":  [ 0, 2.7826, 1.3913 ]
		},
		"firstperson_righthand": {
			"translation":  [ 0, 2.7826, 0 ]
		},
		"firstperson_lefthand": {
			"rotation":  [ 0, -180, 0 ],
			"translation":  [ 0, 2.7826, 0 ]
		},
		"gui": {
			"rotation":  [ 0, 0, 45 ],
			"translation":  [ 1.3913, -1.159, 0 ]
		},
		"ground": {
			"translation":  [ 0, 4.6376, 0 ]
		},
		"fixed": {
			"rotation":  [ 0, 180, 45 ],
			"translation":  [ -1.391, -1.39, 0 ],
			"scale":  [ 1, 1.1, 1 ]
		}
	}
}