{
	"credit": "Made with Blockbench",
	"textures": {
		"0": "items/mi_hat_01",
		"1": "items/mi_hat_02",
		"particle": "mi_hat_01"
	},
	"elements": [
		{
			"from": [6, 14.75, 1.25],
			"to": [10, 16.25, 14.75],
			"rotation": {"angle": 0, "axis": "y", "origin": [8, 8.5, 8]},
			"faces": {
				"north": {"uv": [0, 0, 8, 5], "texture": "#0"},
				"east": {"uv": [0, 0, 8, 1], "texture": "#0"},
				"south": {"uv": [0, 0, 8, 5], "texture": "#0"},
				"west": {"uv": [0, 0, 8, 1], "texture": "#0"},
				"up": {"uv": [0, 2, 8, 6], "texture": "#0"},
				"down": {"uv": [0, 0, 8, 1], "texture": "#0"}
			}
		},
		{
			"from": [-0.375, 8, -0.375],
			"to": [16.375, 10, 16.375],
			"rotation": {"angle": 0, "axis": "y", "origin": [8, 8.5, 8]},
			"faces": {
				"north": {"uv": [0, 7, 8, 8], "texture": "#0"},
				"east": {"uv": [0, 0, 1, 8], "rotation": 90, "texture": "#0"},
				"south": {"uv": [0, 7, 8, 8], "texture": "#0"},
				"west": {"uv": [7, 0, 8, 8], "rotation": 90, "texture": "#0"},
				"up": {"uv": [0, 0, 8, 8], "texture": "#0"},
				"down": {"uv": [0, 0, 8, 8], "texture": "#0"}
			}
		},
		{
			"from": [0.75, 10, 0.75],
			"to": [15.25, 15, 15.25],
			"rotation": {"angle": 0, "axis": "y", "origin": [8, 8.5, 8]},
			"faces": {
				"north": {"uv": [0, 0, 8, 8], "texture": "#0"},
				"east": {"uv": [0, 0, 8, 8], "texture": "#0"},
				"south": {"uv": [0, 0, 8, 8], "texture": "#0"},
				"west": {"uv": [0, 0, 8, 8], "texture": "#0"},
				"up": {"uv": [0, 0, 8, 8], "texture": "#0"},
				"down": {"uv": [0, 0, 8, 8], "texture": "#0"}
			}
		},
		{
			"from": [0.375, 11.425, 0.375],
			"to": [15.625, 12.575, 15.625],
			"rotation": {"angle": 0, "axis": "y", "origin": [8, 8.5, 8]},
			"faces": {
				"north": {"uv": [12, 1, 15, 3], "texture": "#0"},
				"east": {"uv": [12, 1, 15, 3], "texture": "#0"},
				"south": {"uv": [12, 1, 15, 3], "texture": "#0"},
				"west": {"uv": [12, 1, 15, 3], "texture": "#0"},
				"up": {"uv": [12, 1, 15, 3], "texture": "#0"},
				"down": {"uv": [12, 1, 15, 3], "texture": "#0"}
			}
		},
		{
			"name": "hexadecagon",
			"from": [7.7847, 10.9176, 0.3298],
			"to": [8.2153, 13.13408, 0.9202],
			"rotation": {"angle": -45, "axis": "z", "origin": [8, 12, 0.871]},
			"faces": {
				"north": {"uv": [5, 12, 8, 15], "texture": "#0"},
				"east": {"uv": [5, 12, 8, 15], "texture": "#0"},
				"south": {"uv": [5, 12, 8, 15], "texture": "#0"},
				"west": {"uv": [5, 12, 8, 15], "texture": "#0"},
				"up": {"uv": [5, 12, 8, 15], "texture": "#0"},
				"down": {"uv": [5, 12, 8, 15], "texture": "#0"}
			}
		},
		{
			"name": "hexadecagon",
			"from": [7.7847, 10.9176, 0.3298],
			"to": [8.2153, 13.13408, 0.9202],
			"rotation": {"angle": -22.5, "axis": "z", "origin": [8, 12, 0.871]},
			"faces": {
				"north": {"uv": [5, 12, 8, 15], "texture": "#0"},
				"east": {"uv": [5, 12, 8, 15], "texture": "#0"},
				"south": {"uv": [5, 12, 8, 15], "texture": "#0"},
				"west": {"uv": [5, 12, 8, 15], "texture": "#0"},
				"up": {"uv": [5, 12, 8, 15], "texture": "#0"},
				"down": {"uv": [5, 12, 8, 15], "texture": "#0"}
			}
		},
		{
			"name": "hexadecagon",
			"from": [7.7847, 10.86592, 0.3298],
			"to": [8.2153, 13.0824, 0.9202],
			"rotation": {"angle": 0, "axis": "y", "origin": [8, 12, 0.871]},
			"faces": {
				"north": {"uv": [5, 12, 8, 15], "texture": "#0"},
				"east": {"uv": [5, 12, 8, 15], "texture": "#0"},
				"south": {"uv": [5, 12, 8, 15], "texture": "#0"},
				"west": {"uv": [5, 12, 8, 15], "texture": "#0"},
				"up": {"uv": [5, 12, 8, 15], "texture": "#0"},
				"down": {"uv": [5, 12, 8, 15], "texture": "#0"}
			}
		},
		{
			"name": "hexadecagon",
			"from": [7.7847, 10.86592, 0.3298],
			"to": [8.2153, 13.0824, 0.9202],
			"rotation": {"angle": 22.5, "axis": "z", "origin": [8, 12, 0.871]},
			"faces": {
				"north": {"uv": [5, 12, 8, 15], "texture": "#0"},
				"east": {"uv": [5, 12, 8, 15], "texture": "#0"},
				"south": {"uv": [5, 12, 8, 15], "texture": "#0"},
				"west": {"uv": [5, 12, 8, 15], "texture": "#0"},
				"up": {"uv": [5, 12, 8, 15], "texture": "#0"},
				"down": {"uv": [5, 12, 8, 15], "texture": "#0"}
			}
		},
		{
			"name": "hexadecagon",
			"from": [7.7847, 10.86592, 0.3298],
			"to": [8.2153, 13.0824, 0.9202],
			"rotation": {"angle": 45, "axis": "z", "origin": [8, 12, 0.871]},
			"faces": {
				"north": {"uv": [5, 12, 8, 15], "texture": "#0"},
				"east": {"uv": [5, 12, 8, 15], "texture": "#0"},
				"south": {"uv": [5, 12, 8, 15], "texture": "#0"},
				"west": {"uv": [5, 12, 8, 15], "texture": "#0"},
				"up": {"uv": [5, 12, 8, 15], "texture": "#0"},
				"down": {"uv": [5, 12, 8, 15], "texture": "#0"}
			}
		},
		{
			"name": "hexadecagon",
			"from": [6.9176, 11.7847, 0.3298],
			"to": [9.13408, 12.2153, 0.9202],
			"rotation": {"angle": -22.5, "axis": "z", "origin": [8, 12, 0.871]},
			"faces": {
				"north": {"uv": [5, 12, 8, 15], "texture": "#0"},
				"east": {"uv": [5, 12, 8, 15], "texture": "#0"},
				"south": {"uv": [5, 12, 8, 15], "texture": "#0"},
				"west": {"uv": [5, 12, 8, 15], "texture": "#0"},
				"up": {"uv": [5, 12, 8, 15], "texture": "#0"},
				"down": {"uv": [5, 12, 8, 15], "texture": "#0"}
			}
		},
		{
			"name": "hexadecagon",
			"from": [6.9176, 11.7847, 0.3298],
			"to": [9.13408, 12.2153, 0.9202],
			"rotation": {"angle": 0, "axis": "y", "origin": [8, 12, 0.871]},
			"faces": {
				"north": {"uv": [5, 12, 8, 15], "texture": "#0"},
				"east": {"uv": [5, 12, 8, 15], "texture": "#0"},
				"south": {"uv": [5, 12, 8, 15], "texture": "#0"},
				"west": {"uv": [5, 12, 8, 15], "texture": "#0"},
				"up": {"uv": [5, 12, 8, 15], "texture": "#0"},
				"down": {"uv": [5, 12, 8, 15], "texture": "#0"}
			}
		},
		{
			"name": "hexadecagon",
			"from": [6.9176, 11.7847, 0.3298],
			"to": [9.13408, 12.2153, 0.9202],
			"rotation": {"angle": 22.5, "axis": "z", "origin": [8, 12, 0.871]},
			"faces": {
				"north": {"uv": [5, 12, 8, 15], "texture": "#0"},
				"east": {"uv": [5, 12, 8, 15], "texture": "#0"},
				"south": {"uv": [5, 12, 8, 15], "texture": "#0"},
				"west": {"uv": [5, 12, 8, 15], "texture": "#0"},
				"up": {"uv": [5, 12, 8, 15], "texture": "#0"},
				"down": {"uv": [5, 12, 8, 15], "texture": "#0"}
			}
		},
		{
			"name": "hexadecagon",
			"from": [7.73087, 10.647, 0.256],
			"to": [8.26913, 10.9176, 0.994],
			"rotation": {"angle": -45, "axis": "z", "origin": [8, 12, 0.9325]},
			"faces": {
				"north": {"uv": [10.2, 7.1, 12.875, 9.875], "texture": "#0"},
				"east": {"uv": [10.2, 7.1, 12.875, 9.875], "texture": "#0"},
				"south": {"uv": [10.2, 7.1, 12.875, 9.875], "texture": "#0"},
				"west": {"uv": [10.2, 7.1, 12.875, 9.875], "texture": "#0"},
				"up": {"uv": [10.2, 7.1, 12.875, 9.875], "texture": "#0"},
				"down": {"uv": [10.2, 7.1, 12.875, 9.875], "texture": "#0"}
			}
		},
		{
			"name": "hexadecagon",
			"from": [7.73087, 10.647, 0.256],
			"to": [8.26913, 10.9176, 0.994],
			"rotation": {"angle": -22.5, "axis": "z", "origin": [8, 12, 0.9325]},
			"faces": {
				"north": {"uv": [10.2, 7.1, 12.875, 9.875], "texture": "#0"},
				"east": {"uv": [10.2, 7.1, 12.875, 9.875], "texture": "#0"},
				"south": {"uv": [10.2, 7.1, 12.875, 9.875], "texture": "#0"},
				"west": {"uv": [10.2, 7.1, 12.875, 9.875], "texture": "#0"},
				"up": {"uv": [10.2, 7.1, 12.875, 9.875], "texture": "#0"},
				"down": {"uv": [10.2, 7.1, 12.875, 9.875], "texture": "#0"}
			}
		},
		{
			"name": "hexadecagon",
			"from": [7.73087, 10.647, 0.256],
			"to": [8.26913, 10.9176, 0.994],
			"rotation": {"angle": 0, "axis": "y", "origin": [8, 12, 0.9325]},
			"faces": {
				"north": {"uv": [10.2, 7.1, 12.875, 9.875], "texture": "#0"},
				"east": {"uv": [10.2, 7.1, 12.875, 9.875], "texture": "#0"},
				"south": {"uv": [10.2, 7.1, 12.875, 9.875], "texture": "#0"},
				"west": {"uv": [10.2, 7.1, 12.875, 9.875], "texture": "#0"},
				"up": {"uv": [10.2, 7.1, 12.875, 9.875], "texture": "#0"},
				"down": {"uv": [10.2, 7.1, 12.875, 9.875], "texture": "#0"}
			}
		},
		{
			"name": "hexadecagon",
			"from": [7.73087, 10.647, 0.256],
			"to": [8.26913, 10.9176, 0.994],
			"rotation": {"angle": 22.5, "axis": "z", "origin": [8, 12, 0.9325]},
			"faces": {
				"north": {"uv": [10.2, 7.1, 12.875, 9.875], "texture": "#0"},
				"east": {"uv": [10.2, 7.1, 12.875, 9.875], "texture": "#0"},
				"south": {"uv": [10.2, 7.1, 12.875, 9.875], "texture": "#0"},
				"west": {"uv": [10.2, 7.1, 12.875, 9.875], "texture": "#0"},
				"up": {"uv": [10.2, 7.1, 12.875, 9.875], "texture": "#0"},
				"down": {"uv": [10.2, 7.1, 12.875, 9.875], "texture": "#0"}
			}
		},
		{
			"name": "hexadecagon",
			"from": [7.73087, 10.647, 0.256],
			"to": [8.26913, 10.9176, 0.994],
			"rotation": {"angle": 45, "axis": "z", "origin": [8, 12, 0.9325]},
			"faces": {
				"north": {"uv": [10.2, 7.1, 12.875, 9.875], "texture": "#0"},
				"east": {"uv": [10.2, 7.1, 12.875, 9.875], "texture": "#0"},
				"south": {"uv": [10.2, 7.1, 12.875, 9.875], "texture": "#0"},
				"west": {"uv": [10.2, 7.1, 12.875, 9.875], "texture": "#0"},
				"up": {"uv": [10.2, 7.1, 12.875, 9.875], "texture": "#0"},
				"down": {"uv": [10.2, 7.1, 12.875, 9.875], "texture": "#0"}
			}
		},
		{
			"name": "hexadecagon",
			"from": [7.73087, 13.0824, 0.256],
			"to": [8.26913, 13.353, 0.994],
			"rotation": {"angle": -45, "axis": "z", "origin": [8, 12, 0.9325]},
			"faces": {
				"north": {"uv": [10.2, 7.1, 12.875, 9.875], "texture": "#0"},
				"east": {"uv": [10.2, 7.1, 12.875, 9.875], "texture": "#0"},
				"south": {"uv": [10.2, 7.1, 12.875, 9.875], "texture": "#0"},
				"west": {"uv": [10.2, 7.1, 12.875, 9.875], "texture": "#0"},
				"up": {"uv": [10.2, 7.1, 12.875, 9.875], "texture": "#0"},
				"down": {"uv": [10.2, 7.1, 12.875, 9.875], "texture": "#0"}
			}
		},
		{
			"name": "hexadecagon",
			"from": [7.73087, 13.0824, 0.256],
			"to": [8.26913, 13.353, 0.994],
			"rotation": {"angle": -22.5, "axis": "z", "origin": [8, 12, 0.9325]},
			"faces": {
				"north": {"uv": [10.2, 7.1, 12.875, 9.875], "texture": "#0"},
				"east": {"uv": [10.2, 7.1, 12.875, 9.875], "texture": "#0"},
				"south": {"uv": [10.2, 7.1, 12.875, 9.875], "texture": "#0"},
				"west": {"uv": [10.2, 7.1, 12.875, 9.875], "texture": "#0"},
				"up": {"uv": [10.2, 7.1, 12.875, 9.875], "texture": "#0"},
				"down": {"uv": [10.2, 7.1, 12.875, 9.875], "texture": "#0"}
			}
		},
		{
			"name": "hexadecagon",
			"from": [7.73087, 13.0824, 0.256],
			"to": [8.26913, 13.353, 0.994],
			"rotation": {"angle": 0, "axis": "y", "origin": [8, 12, 0.9325]},
			"faces": {
				"north": {"uv": [10.2, 7.1, 12.875, 9.875], "texture": "#0"},
				"east": {"uv": [10.2, 7.1, 12.875, 9.875], "texture": "#0"},
				"south": {"uv": [10.2, 7.1, 12.875, 9.875], "texture": "#0"},
				"west": {"uv": [10.2, 7.1, 12.875, 9.875], "texture": "#0"},
				"up": {"uv": [10.2, 7.1, 12.875, 9.875], "texture": "#0"},
				"down": {"uv": [10.2, 7.1, 12.875, 9.875], "texture": "#0"}
			}
		},
		{
			"name": "hexadecagon",
			"from": [7.73087, 13.0824, 0.256],
			"to": [8.26913, 13.353, 0.994],
			"rotation": {"angle": 22.5, "axis": "z", "origin": [8, 12, 0.9325]},
			"faces": {
				"north": {"uv": [10.2, 7.1, 12.875, 9.875], "texture": "#0"},
				"east": {"uv": [10.2, 7.1, 12.875, 9.875], "texture": "#0"},
				"south": {"uv": [10.2, 7.1, 12.875, 9.875], "texture": "#0"},
				"west": {"uv": [10.2, 7.1, 12.875, 9.875], "texture": "#0"},
				"up": {"uv": [10.2, 7.1, 12.875, 9.875], "texture": "#0"},
				"down": {"uv": [10.2, 7.1, 12.875, 9.875], "texture": "#0"}
			}
		},
		{
			"name": "hexadecagon",
			"from": [7.73087, 13.0824, 0.256],
			"to": [8.26913, 13.353, 0.994],
			"rotation": {"angle": 45, "axis": "z", "origin": [8, 12, 0.9325]},
			"faces": {
				"north": {"uv": [10.2, 7.1, 12.875, 9.875], "texture": "#0"},
				"east": {"uv": [10.2, 7.1, 12.875, 9.875], "texture": "#0"},
				"south": {"uv": [10.2, 7.1, 12.875, 9.875], "texture": "#0"},
				"west": {"uv": [10.2, 7.1, 12.875, 9.875], "texture": "#0"},
				"up": {"uv": [10.2, 7.1, 12.875, 9.875], "texture": "#0"},
				"down": {"uv": [10.2, 7.1, 12.875, 9.875], "texture": "#0"}
			}
		},
		{
			"name": "hexadecagon",
			"from": [6.647, 11.73087, 0.256],
			"to": [6.9176, 12.26913, 0.994],
			"rotation": {"angle": -22.5, "axis": "z", "origin": [8, 12, 0.9325]},
			"faces": {
				"north": {"uv": [10.2, 7.1, 12.875, 9.875], "texture": "#0"},
				"east": {"uv": [10.2, 7.1, 12.875, 9.875], "texture": "#0"},
				"south": {"uv": [10.2, 7.1, 12.875, 9.875], "texture": "#0"},
				"west": {"uv": [10.2, 7.1, 12.875, 9.875], "texture": "#0"},
				"up": {"uv": [10.2, 7.1, 12.875, 9.875], "texture": "#0"},
				"down": {"uv": [10.2, 7.1, 12.875, 9.875], "texture": "#0"}
			}
		},
		{
			"name": "hexadecagon",
			"from": [6.647, 11.73087, 0.256],
			"to": [6.9176, 12.26913, 0.994],
			"rotation": {"angle": 0, "axis": "y", "origin": [8, 12, 0.9325]},
			"faces": {
				"north": {"uv": [10.2, 7.1, 12.875, 9.875], "texture": "#0"},
				"east": {"uv": [10.2, 7.1, 12.875, 9.875], "texture": "#0"},
				"south": {"uv": [10.2, 7.1, 12.875, 9.875], "texture": "#0"},
				"west": {"uv": [10.2, 7.1, 12.875, 9.875], "texture": "#0"},
				"up": {"uv": [10.2, 7.1, 12.875, 9.875], "texture": "#0"},
				"down": {"uv": [10.2, 7.1, 12.875, 9.875], "texture": "#0"}
			}
		},
		{
			"name": "hexadecagon",
			"from": [6.647, 11.73087, 0.256],
			"to": [6.9176, 12.26913, 0.994],
			"rotation": {"angle": 22.5, "axis": "z", "origin": [8, 12, 0.9325]},
			"faces": {
				"north": {"uv": [10.2, 7.1, 12.875, 9.875], "texture": "#0"},
				"east": {"uv": [10.2, 7.1, 12.875, 9.875], "texture": "#0"},
				"south": {"uv": [10.2, 7.1, 12.875, 9.875], "texture": "#0"},
				"west": {"uv": [10.2, 7.1, 12.875, 9.875], "texture": "#0"},
				"up": {"uv": [10.2, 7.1, 12.875, 9.875], "texture": "#0"},
				"down": {"uv": [10.2, 7.1, 12.875, 9.875], "texture": "#0"}
			}
		},
		{
			"name": "hexadecagon",
			"from": [9.0824, 11.73087, 0.256],
			"to": [9.353, 12.26913, 0.994],
			"rotation": {"angle": -22.5, "axis": "z", "origin": [8, 12, 0.9325]},
			"faces": {
				"north": {"uv": [10.2, 7.1, 12.875, 9.875], "texture": "#0"},
				"east": {"uv": [10.2, 7.1, 12.875, 9.875], "texture": "#0"},
				"south": {"uv": [10.2, 7.1, 12.875, 9.875], "texture": "#0"},
				"west": {"uv": [10.2, 7.1, 12.875, 9.875], "texture": "#0"},
				"up": {"uv": [10.2, 7.1, 12.875, 9.875], "texture": "#0"},
				"down": {"uv": [10.2, 7.1, 12.875, 9.875], "texture": "#0"}
			}
		},
		{
			"name": "hexadecagon",
			"from": [9.0824, 11.73087, 0.256],
			"to": [9.353, 12.26913, 0.994],
			"rotation": {"angle": 0, "axis": "y", "origin": [8, 12, 0.9325]},
			"faces": {
				"north": {"uv": [10.2, 7.1, 12.875, 9.875], "texture": "#0"},
				"east": {"uv": [10.2, 7.1, 12.875, 9.875], "texture": "#0"},
				"south": {"uv": [10.2, 7.1, 12.875, 9.875], "texture": "#0"},
				"west": {"uv": [10.2, 7.1, 12.875, 9.875], "texture": "#0"},
				"up": {"uv": [10.2, 7.1, 12.875, 9.875], "texture": "#0"},
				"down": {"uv": [10.2, 7.1, 12.875, 9.875], "texture": "#0"}
			}
		},
		{
			"name": "hexadecagon",
			"from": [9.0824, 11.73087, 0.256],
			"to": [9.353, 12.26913, 0.994],
			"rotation": {"angle": 22.5, "axis": "z", "origin": [8, 12, 0.9325]},
			"faces": {
				"north": {"uv": [10.2, 7.1, 12.875, 9.875], "texture": "#0"},
				"east": {"uv": [10.2, 7.1, 12.875, 9.875], "texture": "#0"},
				"south": {"uv": [10.2, 7.1, 12.875, 9.875], "texture": "#0"},
				"west": {"uv": [10.2, 7.1, 12.875, 9.875], "texture": "#0"},
				"up": {"uv": [10.2, 7.1, 12.875, 9.875], "texture": "#0"},
				"down": {"uv": [10.2, 7.1, 12.875, 9.875], "texture": "#0"}
			}
		},
		{
			"name": "hexadecagon",
			"from": [7.67179, 10.35, 0.175],
			"to": [8.32821, 10.68, 1.075],
			"rotation": {"angle": -45, "axis": "z", "origin": [8, 12, 1]},
			"faces": {
				"north": {"uv": [12.1, 2.1, 12.9, 2.95], "texture": "#0"},
				"east": {"uv": [12.1, 2.1, 12.9, 2.95], "texture": "#0"},
				"south": {"uv": [12.1, 2.1, 12.9, 2.95], "texture": "#0"},
				"west": {"uv": [12.1, 2.1, 12.9, 2.95], "texture": "#0"},
				"up": {"uv": [12.1, 2.1, 12.9, 2.95], "texture": "#0"},
				"down": {"uv": [12.1, 2.1, 12.9, 2.95], "texture": "#0"}
			}
		},
		{
			"name": "hexadecagon",
			"from": [7.67179, 10.35, 0.175],
			"to": [8.32821, 10.68, 1.075],
			"rotation": {"angle": -22.5, "axis": "z", "origin": [8, 12, 1]},
			"faces": {
				"north": {"uv": [12.1, 2.1, 12.9, 2.95], "texture": "#0"},
				"east": {"uv": [12.1, 2.1, 12.9, 2.95], "texture": "#0"},
				"south": {"uv": [12.1, 2.1, 12.9, 2.95], "texture": "#0"},
				"west": {"uv": [12.1, 2.1, 12.9, 2.95], "texture": "#0"},
				"up": {"uv": [12.1, 2.1, 12.9, 2.95], "texture": "#0"},
				"down": {"uv": [12.1, 2.1, 12.9, 2.95], "texture": "#0"}
			}
		},
		{
			"name": "hexadecagon",
			"from": [7.67179, 10.35, 0.175],
			"to": [8.32821, 10.68, 1.075],
			"rotation": {"angle": 0, "axis": "y", "origin": [8, 12, 1]},
			"faces": {
				"north": {"uv": [12.1, 2.1, 12.9, 2.95], "texture": "#0"},
				"east": {"uv": [12.1, 2.1, 12.9, 2.95], "texture": "#0"},
				"south": {"uv": [12.1, 2.1, 12.9, 2.95], "texture": "#0"},
				"west": {"uv": [12.1, 2.1, 12.9, 2.95], "texture": "#0"},
				"up": {"uv": [12.1, 2.1, 12.9, 2.95], "texture": "#0"},
				"down": {"uv": [12.1, 2.1, 12.9, 2.95], "texture": "#0"}
			}
		},
		{
			"name": "hexadecagon",
			"from": [7.67179, 10.35, 0.175],
			"to": [8.32821, 10.68, 1.075],
			"rotation": {"angle": 22.5, "axis": "z", "origin": [8, 12, 1]},
			"faces": {
				"north": {"uv": [12.1, 2.1, 12.9, 2.95], "texture": "#0"},
				"east": {"uv": [12.1, 2.1, 12.9, 2.95], "texture": "#0"},
				"south": {"uv": [12.1, 2.1, 12.9, 2.95], "texture": "#0"},
				"west": {"uv": [12.1, 2.1, 12.9, 2.95], "texture": "#0"},
				"up": {"uv": [12.1, 2.1, 12.9, 2.95], "texture": "#0"},
				"down": {"uv": [12.1, 2.1, 12.9, 2.95], "texture": "#0"}
			}
		},
		{
			"name": "hexadecagon",
			"from": [7.67179, 10.35, 0.175],
			"to": [8.32821, 10.68, 1.075],
			"rotation": {"angle": 45, "axis": "z", "origin": [8, 12, 1]},
			"faces": {
				"north": {"uv": [12.1, 2.1, 12.9, 2.95], "texture": "#0"},
				"east": {"uv": [12.1, 2.1, 12.9, 2.95], "texture": "#0"},
				"south": {"uv": [12.1, 2.1, 12.9, 2.95], "texture": "#0"},
				"west": {"uv": [12.1, 2.1, 12.9, 2.95], "texture": "#0"},
				"up": {"uv": [12.1, 2.1, 12.9, 2.95], "texture": "#0"},
				"down": {"uv": [12.1, 2.1, 12.9, 2.95], "texture": "#0"}
			}
		},
		{
			"name": "hexadecagon",
			"from": [7.67179, 13.32, 0.175],
			"to": [8.32821, 13.65, 1.075],
			"rotation": {"angle": -45, "axis": "z", "origin": [8, 12, 1]},
			"faces": {
				"north": {"uv": [12.1, 2.1, 12.9, 2.95], "texture": "#0"},
				"east": {"uv": [12.1, 2.1, 12.9, 2.95], "texture": "#0"},
				"south": {"uv": [12.1, 2.1, 12.9, 2.95], "texture": "#0"},
				"west": {"uv": [12.1, 2.1, 12.9, 2.95], "texture": "#0"},
				"up": {"uv": [12.1, 2.1, 12.9, 2.95], "texture": "#0"},
				"down": {"uv": [12.1, 2.1, 12.9, 2.95], "texture": "#0"}
			}
		},
		{
			"name": "hexadecagon",
			"from": [7.67179, 13.32, 0.175],
			"to": [8.32821, 13.65, 1.075],
			"rotation": {"angle": -22.5, "axis": "z", "origin": [8, 12, 1]},
			"faces": {
				"north": {"uv": [12.1, 2.1, 12.9, 2.95], "texture": "#0"},
				"east": {"uv": [12.1, 2.1, 12.9, 2.95], "texture": "#0"},
				"south": {"uv": [12.1, 2.1, 12.9, 2.95], "texture": "#0"},
				"west": {"uv": [12.1, 2.1, 12.9, 2.95], "texture": "#0"},
				"up": {"uv": [12.1, 2.1, 12.9, 2.95], "texture": "#0"},
				"down": {"uv": [12.1, 2.1, 12.9, 2.95], "texture": "#0"}
			}
		},
		{
			"name": "hexadecagon",
			"from": [7.67179, 13.32, 0.175],
			"to": [8.32821, 13.65, 1.075],
			"rotation": {"angle": 0, "axis": "y", "origin": [8, 12, 1]},
			"faces": {
				"north": {"uv": [12.1, 2.1, 12.9, 2.95], "texture": "#0"},
				"east": {"uv": [12.1, 2.1, 12.9, 2.95], "texture": "#0"},
				"south": {"uv": [12.1, 2.1, 12.9, 2.95], "texture": "#0"},
				"west": {"uv": [12.1, 2.1, 12.9, 2.95], "texture": "#0"},
				"up": {"uv": [12.1, 2.1, 12.9, 2.95], "texture": "#0"},
				"down": {"uv": [12.1, 2.1, 12.9, 2.95], "texture": "#0"}
			}
		},
		{
			"name": "hexadecagon",
			"from": [7.67179, 13.32, 0.175],
			"to": [8.32821, 13.65, 1.075],
			"rotation": {"angle": 22.5, "axis": "z", "origin": [8, 12, 1]},
			"faces": {
				"north": {"uv": [12.1, 2.1, 12.9, 2.95], "texture": "#0"},
				"east": {"uv": [12.1, 2.1, 12.9, 2.95], "texture": "#0"},
				"south": {"uv": [12.1, 2.1, 12.9, 2.95], "texture": "#0"},
				"west": {"uv": [12.1, 2.1, 12.9, 2.95], "texture": "#0"},
				"up": {"uv": [12.1, 2.1, 12.9, 2.95], "texture": "#0"},
				"down": {"uv": [12.1, 2.1, 12.9, 2.95], "texture": "#0"}
			}
		},
		{
			"name": "hexadecagon",
			"from": [7.67179, 13.32, 0.175],
			"to": [8.32821, 13.65, 1.075],
			"rotation": {"angle": 45, "axis": "z", "origin": [8, 12, 1]},
			"faces": {
				"north": {"uv": [12.1, 2.1, 12.9, 2.95], "texture": "#0"},
				"east": {"uv": [12.1, 2.1, 12.9, 2.95], "texture": "#0"},
				"south": {"uv": [12.1, 2.1, 12.9, 2.95], "texture": "#0"},
				"west": {"uv": [12.1, 2.1, 12.9, 2.95], "texture": "#0"},
				"up": {"uv": [12.1, 2.1, 12.9, 2.95], "texture": "#0"},
				"down": {"uv": [12.1, 2.1, 12.9, 2.95], "texture": "#0"}
			}
		},
		{
			"name": "hexadecagon",
			"from": [6.35, 11.67179, 0.175],
			"to": [6.68, 12.32821, 1.075],
			"rotation": {"angle": -22.5, "axis": "z", "origin": [8, 12, 1]},
			"faces": {
				"north": {"uv": [12.1, 2.1, 12.9, 2.95], "texture": "#0"},
				"east": {"uv": [12.1, 2.1, 12.9, 2.95], "texture": "#0"},
				"south": {"uv": [12.1, 2.1, 12.9, 2.95], "texture": "#0"},
				"west": {"uv": [12.1, 2.1, 12.9, 2.95], "texture": "#0"},
				"up": {"uv": [12.1, 2.1, 12.9, 2.95], "texture": "#0"},
				"down": {"uv": [12.1, 2.1, 12.9, 2.95], "texture": "#0"}
			}
		},
		{
			"name": "hexadecagon",
			"from": [6.35, 11.67179, 0.175],
			"to": [6.68, 12.32821, 1.075],
			"rotation": {"angle": 0, "axis": "y", "origin": [8, 12, 1]},
			"faces": {
				"north": {"uv": [12.1, 2.1, 12.9, 2.95], "texture": "#0"},
				"east": {"uv": [12.1, 2.1, 12.9, 2.95], "texture": "#0"},
				"south": {"uv": [12.1, 2.1, 12.9, 2.95], "texture": "#0"},
				"west": {"uv": [12.1, 2.1, 12.9, 2.95], "texture": "#0"},
				"up": {"uv": [12.1, 2.1, 12.9, 2.95], "texture": "#0"},
				"down": {"uv": [12.1, 2.1, 12.9, 2.95], "texture": "#0"}
			}
		},
		{
			"name": "hexadecagon",
			"from": [6.35, 11.67179, 0.175],
			"to": [6.68, 12.32821, 1.075],
			"rotation": {"angle": 22.5, "axis": "z", "origin": [8, 12, 1]},
			"faces": {
				"north": {"uv": [12.1, 2.1, 12.9, 2.95], "texture": "#0"},
				"east": {"uv": [12.1, 2.1, 12.9, 2.95], "texture": "#0"},
				"south": {"uv": [12.1, 2.1, 12.9, 2.95], "texture": "#0"},
				"west": {"uv": [12.1, 2.1, 12.9, 2.95], "texture": "#0"},
				"up": {"uv": [12.1, 2.1, 12.9, 2.95], "texture": "#0"},
				"down": {"uv": [12.1, 2.1, 12.9, 2.95], "texture": "#0"}
			}
		},
		{
			"name": "hexadecagon",
			"from": [9.32, 11.67179, 0.175],
			"to": [9.65, 12.32821, 1.075],
			"rotation": {"angle": -22.5, "axis": "z", "origin": [8, 12, 1]},
			"faces": {
				"north": {"uv": [12.1, 2.1, 12.9, 2.95], "texture": "#0"},
				"east": {"uv": [12.1, 2.1, 12.9, 2.95], "texture": "#0"},
				"south": {"uv": [12.1, 2.1, 12.9, 2.95], "texture": "#0"},
				"west": {"uv": [12.1, 2.1, 12.9, 2.95], "texture": "#0"},
				"up": {"uv": [12.1, 2.1, 12.9, 2.95], "texture": "#0"},
				"down": {"uv": [12.1, 2.1, 12.9, 2.95], "texture": "#0"}
			}
		},
		{
			"name": "hexadecagon",
			"from": [9.32, 11.67179, 0.175],
			"to": [9.65, 12.32821, 1.075],
			"rotation": {"angle": 0, "axis": "y", "origin": [8, 12, 1]},
			"faces": {
				"north": {"uv": [12.1, 2.1, 12.9, 2.95], "texture": "#0"},
				"east": {"uv": [12.1, 2.1, 12.9, 2.95], "texture": "#0"},
				"south": {"uv": [12.1, 2.1, 12.9, 2.95], "texture": "#0"},
				"west": {"uv": [12.1, 2.1, 12.9, 2.95], "texture": "#0"},
				"up": {"uv": [12.1, 2.1, 12.9, 2.95], "texture": "#0"},
				"down": {"uv": [12.1, 2.1, 12.9, 2.95], "texture": "#0"}
			}
		},
		{
			"name": "hexadecagon",
			"from": [9.32, 11.67179, 0.175],
			"to": [9.65, 12.32821, 1.075],
			"rotation": {"angle": 22.5, "axis": "z", "origin": [8, 12, 1]},
			"faces": {
				"north": {"uv": [12.1, 2.1, 12.9, 2.95], "texture": "#0"},
				"east": {"uv": [12.1, 2.1, 12.9, 2.95], "texture": "#0"},
				"south": {"uv": [12.1, 2.1, 12.9, 2.95], "texture": "#0"},
				"west": {"uv": [12.1, 2.1, 12.9, 2.95], "texture": "#0"},
				"up": {"uv": [12.1, 2.1, 12.9, 2.95], "texture": "#0"},
				"down": {"uv": [12.1, 2.1, 12.9, 2.95], "texture": "#0"}
			}
		},
		{
			"from": [8, 7.25, -6.5],
			"to": [8, 16.75, 1.25],
			"rotation": {"angle": 0, "axis": "y", "origin": [8, 8.5, 8]},
			"faces": {
				"north": {"uv": [0, 0, 0, 0], "texture": "#1"},
				"east": {"uv": [0, 0, 16, 16], "rotation": 90, "texture": "#1"},
				"south": {"uv": [0, 0, 0, 0], "texture": "#1"},
				"west": {"uv": [0, 16, 16, 0], "rotation": 90, "texture": "#1"},
				"up": {"uv": [0, 0, 0, 0], "texture": "#1"},
				"down": {"uv": [0, 0, 0, 0], "texture": "#1"}
			}
		},
		{
			"from": [5.75, 12, -6.5],
			"to": [10.25, 12, 1.25],
			"rotation": {"angle": 0, "axis": "y", "origin": [8, 12, -2.625]},
			"faces": {
				"north": {"uv": [0, 0, 0, 0], "rotation": 90, "texture": "#1"},
				"east": {"uv": [0, 0, 0, 0], "rotation": 270, "texture": "#1"},
				"south": {"uv": [0, 0, 0, 0], "rotation": 270, "texture": "#1"},
				"west": {"uv": [0, 0, 0, 0], "rotation": 270, "texture": "#1"},
				"up": {"uv": [0, 0, 16, 16], "texture": "#1"},
				"down": {"uv": [0, 16, 16, 0], "texture": "#1"}
			}
		}
	],
	"display": {
		"thirdperson_righthand": {
			"rotation": [57.96, 32.74, -15.82],
			"translation": [-0.25, 0, -1],
			"scale": [0.35, 0.35, 0.35]
		},
		"thirdperson_lefthand": {
			"rotation": [57.96, 32.74, -15.82],
			"translation": [-0.25, 0, -1],
			"scale": [0.35, 0.35, 0.35]
		},
		"firstperson_righthand": {
			"rotation": [-180, 67, -180],
			"translation": [4.5, -1.5, -4.25],
			"scale": [0.5, 0.5, 0.5]
		},
		"firstperson_lefthand": {
			"rotation": [-180, 67, -180],
			"translation": [4.5, -1.5, -4.25],
			"scale": [0.5, 0.5, 0.5]
		},
		"ground": {
			"scale": [0.6, 0.6, 0.6]
		},
		"gui": {
			"rotation": [-162.25, 33, -180],
			"translation": [0, -3, 10],
			"scale": [0.8, 0.8, 0.8]
		},
		"head": {
			"translation": [0, 0.5, 0]
		},
		"fixed": {
			"translation": [0, -2.25, 0]
		}
	},
	"groups": [
		{
			"name": "group",
			"origin": [8, 8.5, 8],
			"color": 0,
			"nbt": "{}",
			"armAnimationEnabled": false,
			"children": [0, 1, 2, 3]
		},
		{
			"name": "hexadecagon",
			"origin": [8, 8, 8],
			"color": 0,
			"nbt": "{}",
			"armAnimationEnabled": false,
			"children": [4, 5, 6, 7, 8, 9, 10, 11]
		},
		{
			"name": "hexadecagon",
			"origin": [8, 8, 8],
			"color": 0,
			"nbt": "{}",
			"armAnimationEnabled": false,
			"children": [12, 13, 14, 15, 16, 17, 18, 19, 20, 21, 22, 23, 24, 25, 26, 27]
		},
		{
			"name": "hexadecagon",
			"origin": [8, 8, 8],
			"color": 0,
			"nbt": "{}",
			"armAnimationEnabled": false,
			"children": [28, 29, 30, 31, 32, 33, 34, 35, 36, 37, 38, 39, 40, 41, 42, 43]
		},
		44,
		45
	]
}