{
	"credit": "Made with Blockbench",
	"textures": {
		"0": "items/soju1",
		"1": "items/soju2",
		"2": "items/soju3",
		"particle": "items/soju1"
	},
	"elements": [
		{
			"from": [13.8, -6, 5.9],
			"to": [14.8, 6, 9.9],
			"rotation": {"angle": 0, "axis": "y", "origin": [0, 0, 0.1]},
			"faces": {
				"north": {"uv": [0, 0, 0.5, 3.33], "texture": "#0"},
				"east": {"uv": [0.69, 0, 2.78, 7.03], "texture": "#0"},
				"south": {"uv": [11, 0, 11.5, 12.5], "texture": "#0"},
				"west": {"uv": [14.15, 0.7, 14.65, 6.91], "texture": "#0"},
				"up": {"uv": [0, 0, 0.5, 0.5], "texture": "#0"},
				"down": {"uv": [0, 0, 0.5, 0.5], "texture": "#0"}
			}
		},
		{
			"from": [7.9, -4, 3],
			"to": [11.9, 6, 4],
			"faces": {
				"north": {"uv": [5, 0.02, 6.36, 5.47], "texture": "#0"},
				"east": {"uv": [5.84, 0, 6.34, 12.5], "texture": "#0"},
				"south": {"uv": [5.84, 0, 6.34, 12.5], "texture": "#0"},
				"west": {"uv": [5.89, 0, 6.39, 12.5], "texture": "#0"},
				"up": {"uv": [0, 0, 0.5, 0.5], "texture": "#0"},
				"down": {"uv": [0, 0, 0.5, 0.5], "texture": "#0"}
			}
		},
		{
			"from": [5, -9, 6],
			"to": [6, 6, 10],
			"faces": {
				"north": {"uv": [0, 0, 0.5, 12.5], "texture": "#1"},
				"east": {"uv": [3.73, 0, 5.71, 6.16], "texture": "#1"},
				"south": {"uv": [7.42, 0.76, 8.01, 16], "texture": "#1"},
				"west": {"uv": [8.08, 0.36, 10.61, 6.83], "texture": "#1"},
				"up": {"uv": [0, 0, 0.5, 0.5], "texture": "#1"},
				"down": {"uv": [0, 0, 0.5, 0.5], "texture": "#1"}
			}
		},
		{
			"from": [7.9, -8.1, 11.75],
			"to": [11.9, 5.9, 12.75],
			"faces": {
				"north": {"uv": [0, 0, 4, 14], "texture": "#2"},
				"east": {"uv": [8, 0, 9, 14], "texture": "#2"},
				"south": {"uv": [4, 0, 8, 14], "texture": "#2"},
				"west": {"uv": [9, 0, 10, 14], "texture": "#missing"},
				"up": {"uv": [14, 1, 10, 0], "texture": "#missing"},
				"down": {"uv": [14, 1, 10, 2], "texture": "#2"}
			}
		},
		{
			"from": [10.9, -5, 3],
			"to": [11.9, -4, 4],
			"faces": {
				"north": {"uv": [0, 0, 1, 1], "texture": "#2"},
				"east": {"uv": [0, 0, 1, 1], "texture": "#2"},
				"south": {"uv": [0, 0, 1, 1], "texture": "#2"},
				"west": {"uv": [0, 0, 1, 1], "texture": "#2"},
				"up": {"uv": [0, 0, 1, 1], "texture": "#2"},
				"down": {"uv": [0, 0, 1, 1], "texture": "#2"}
			}
		},
		{
			"from": [-0.7, -7.9, 7.7],
			"to": [0.3, -6.9, 8.7],
			"rotation": {"angle": 45, "axis": "y", "origin": [0, 0, 0]},
			"faces": {
				"north": {"uv": [0, 0, 1, 1], "texture": "#2"},
				"east": {"uv": [0, 0, 1, 1], "texture": "#2"},
				"south": {"uv": [0, 0, 1, 1], "texture": "#2"},
				"west": {"uv": [0, 0, 1, 1], "texture": "#2"},
				"up": {"uv": [0, 0, 1, 1], "rotation": 270, "texture": "#2"},
				"down": {"uv": [0, 0, 1, 1], "rotation": 90, "texture": "#2"}
			}
		},
		{
			"from": [7.8, -5.05, 3],
			"to": [8.8, -4.05, 4],
			"faces": {
				"north": {"uv": [0, 0, 1, 1], "texture": "#2"},
				"east": {"uv": [0, 0, 1, 1], "texture": "#2"},
				"south": {"uv": [0, 0, 1, 1], "texture": "#2"},
				"west": {"uv": [0, 0, 1, 1], "texture": "#2"},
				"up": {"uv": [0, 0, 1, 1], "rotation": 180, "texture": "#2"},
				"down": {"uv": [0, 0, 1, 1], "rotation": 180, "texture": "#2"}
			}
		},
		{
			"from": [7.9, -10.1, 11.75],
			"to": [9.9, -8.1, 12.75],
			"faces": {
				"north": {"uv": [0, 0, 2, 2], "texture": "#2"},
				"east": {"uv": [2, 0, 3, 2], "texture": "#2"},
				"south": {"uv": [0, 2, 2, 4], "texture": "#2"},
				"west": {"uv": [2, 2, 3, 4], "texture": "#missing"},
				"up": {"uv": [5, 1, 3, 0], "texture": "#missing"},
				"down": {"uv": [5, 1, 3, 2], "texture": "#2"}
			}
		},
		{
			"from": [5, -10, 9],
			"to": [6, -9, 10],
			"faces": {
				"north": {"uv": [0, 0, 1, 1], "texture": "#2"},
				"east": {"uv": [0, 1, 1, 2], "texture": "#2"},
				"south": {"uv": [1, 0, 2, 1], "texture": "#missing"},
				"west": {"uv": [1, 1, 2, 2], "texture": "#2"},
				"up": {"uv": [1, 3, 0, 2], "texture": "#missing"},
				"down": {"uv": [3, 0, 2, 1], "texture": "#2"}
			}
		},
		{
			"from": [-0.6, -7.5, 16.5],
			"to": [3.4, 6, 17.5],
			"rotation": {"angle": 45, "axis": "y", "origin": [0, 0, 0]},
			"faces": {
				"north": {"uv": [4, 0, 6, 6.75], "texture": "#1"},
				"east": {"uv": [0, 0, 0.5, 6.75], "texture": "#1"},
				"south": {"uv": [3.73, 0.76, 5.73, 7.51], "texture": "#2"},
				"west": {"uv": [0, 0, 0.5, 6.75], "texture": "#1"},
				"up": {"uv": [0, 0, 2, 0.5], "texture": "#1"},
				"down": {"uv": [0, 0, 2, 0.5], "texture": "#1"}
			}
		},
		{
			"from": [-0.7, -7, 7.7],
			"to": [3.4, 6, 8.7],
			"rotation": {"angle": 45, "axis": "y", "origin": [0, 0, 0]},
			"faces": {
				"north": {"uv": [5.97, 0, 6.14, 6.83], "texture": "#0"},
				"east": {"uv": [5.93, 0.05, 6.3, 7.5], "texture": "#0"},
				"south": {"uv": [11.72, 0.05, 13.77, 6.55], "texture": "#0"},
				"west": {"uv": [6.14, 0, 6.23, 9.67], "texture": "#0"},
				"up": {"uv": [0, 0, 2.05, 0.5], "texture": "#0"},
				"down": {"uv": [0, 0, 2.05, 0.5], "texture": "#0"}
			}
		},
		{
			"from": [5.3, -5.5, 10.6],
			"to": [6.3, 6, 14.6],
			"rotation": {"angle": 45, "axis": "y", "origin": [0, 0, 0]},
			"faces": {
				"north": {"uv": [4.94, 0, 5.35, 14.96], "texture": "#0"},
				"east": {"uv": [2.78, 0, 5.46, 6.69], "texture": "#0"},
				"south": {"uv": [4.9, 0, 5.4, 14.87], "texture": "#0"},
				"west": {"uv": [11.91, 0.9, 13.91, 6.65], "texture": "#0"},
				"up": {"uv": [0, 0, 0.5, 2], "texture": "#0"},
				"down": {"uv": [0, 0, 0.5, 2], "texture": "#0"}
			}
		},
		{
			"from": [-3.4, -11, 10.6],
			"to": [-2.4, 6, 14.6],
			"rotation": {"angle": 45, "axis": "y", "origin": [0, 0, 0.1]},
			"faces": {
				"north": {"uv": [1.34, 1.93, 1.71, 15.64], "texture": "#1"},
				"east": {"uv": [3.42, 0, 5.78, 5.27], "texture": "#1"},
				"south": {"uv": [5.66, 2.07, 6.03, 16], "texture": "#1"},
				"west": {"uv": [1.67, 0.76, 2.41, 6.74], "texture": "#1"},
				"up": {"uv": [3.82, 1.17, 4.32, 3.17], "texture": "#1"},
				"down": {"uv": [3.55, 5.12, 4.05, 7.12], "texture": "#1"}
			}
		},
		{
			"from": [9.9, -9.1, 11.75],
			"to": [10.9, -8.1, 12.75],
			"faces": {
				"north": {"uv": [0, 0, 1, 1], "texture": "#2"},
				"east": {"uv": [0, 0, 1, 1], "texture": "#2"},
				"south": {"uv": [0, 0, 1, 1], "texture": "#2"},
				"west": {"uv": [0, 0, 1, 1], "texture": "#2"},
				"up": {"uv": [0, 0, 1, 1], "texture": "#2"},
				"down": {"uv": [0, 0, 1, 1], "texture": "#2"}
			}
		},
		{
			"from": [6, -8.1, 15.05],
			"to": [7, -7.1, 16.05],
			"rotation": {"angle": 22.5, "axis": "y", "origin": [0, 0, 0]},
			"faces": {
				"north": {"uv": [0, 0, 1, 1], "texture": "#2"},
				"east": {"uv": [0, 0, 1, 1], "texture": "#2"},
				"south": {"uv": [0, 0, 1, 1], "texture": "#2"},
				"west": {"uv": [0, 0, 1, 1], "texture": "#2"},
				"up": {"uv": [0, 0, 1, 1], "texture": "#2"},
				"down": {"uv": [0, 0, 1, 1], "texture": "#2"}
			}
		},
		{
			"from": [13.7, -2.8, 8.7],
			"to": [14.7, -1.8, 11.7],
			"rotation": {"angle": 22.5, "axis": "x", "origin": [0, 0, 0]},
			"faces": {
				"north": {"uv": [0, 0, 1, 1], "texture": "#2"},
				"east": {"uv": [0, 0, 3, 1], "texture": "#2"},
				"south": {"uv": [0, 0, 1, 1], "texture": "#2"},
				"west": {"uv": [0, 0, 3, 1], "texture": "#2"},
				"up": {"uv": [0, 0, 1, 3], "texture": "#2"},
				"down": {"uv": [0, 0, 1, 3], "texture": "#2"}
			}
		},
		{
			"from": [4.1, -7.2, 4.75],
			"to": [11.1, -6.2, 10.75],
			"rotation": {"angle": 22.5, "axis": "z", "origin": [0, 0, 0]},
			"faces": {
				"north": {"uv": [7, 0, 14, 1], "texture": "#missing"},
				"east": {"uv": [7, 2, 13, 3], "texture": "#missing"},
				"south": {"uv": [7, 1, 14, 2], "texture": "#missing"},
				"west": {"uv": [7, 3, 13, 4], "texture": "#missing"},
				"up": {"uv": [7, 6, 0, 0], "texture": "#missing"},
				"down": {"uv": [7, 6, 0, 12], "texture": "#2"}
			}
		},
		{
			"from": [5.1, -7, 10.65],
			"to": [10.1, -6, 11.65],
			"rotation": {"angle": 22.5, "axis": "z", "origin": [0, 0, 0]},
			"faces": {
				"north": {"uv": [0, 0, 5, 1], "texture": "#missing"},
				"east": {"uv": [0, 0, 1, 1], "texture": "#missing"},
				"south": {"uv": [0, 0, 5, 1], "texture": "#missing"},
				"west": {"uv": [0, 0, 1, 1], "texture": "#missing"},
				"up": {"uv": [0, 0, 5, 1], "texture": "#missing"},
				"down": {"uv": [0, 0, 5, 1], "texture": "#2"}
			}
		},
		{
			"from": [4.7, -7.2, 4.35],
			"to": [10.7, -6.2, 5.35],
			"rotation": {"angle": 22.5, "axis": "z", "origin": [0, 0, 0]},
			"faces": {
				"north": {"uv": [0, 0, 6, 1], "texture": "#2"},
				"east": {"uv": [0, 0, 1, 1], "texture": "#2"},
				"south": {"uv": [0, 0, 6, 1], "texture": "#2"},
				"west": {"uv": [0, 0, 1, 1], "texture": "#2"},
				"up": {"uv": [0, 0, 6, 1], "texture": "#2"},
				"down": {"uv": [0, 0, 6, 1], "texture": "#2"}
			}
		},
		{
			"from": [5.9, -7.2, 3.85],
			"to": [9.9, -6.2, 4.85],
			"rotation": {"angle": 22.5, "axis": "z", "origin": [0, 0, 0]},
			"faces": {
				"north": {"uv": [0, 0, 4, 1], "texture": "#2"},
				"east": {"uv": [0, 0, 1, 1], "texture": "#2"},
				"south": {"uv": [0, 0, 4, 1], "texture": "#2"},
				"west": {"uv": [0, 0, 1, 1], "texture": "#2"},
				"up": {"uv": [0, 0, 4, 1], "texture": "#2"},
				"down": {"uv": [0, 0, 4, 1], "texture": "#2"}
			}
		},
		{
			"from": [9, -4, 4],
			"to": [12, -3, 5],
			"faces": {
				"north": {"uv": [0, 0, 3, 1], "texture": "#2"},
				"east": {"uv": [0, 0, 1, 1], "texture": "#2"},
				"south": {"uv": [0, 0, 3, 1], "texture": "#2"},
				"west": {"uv": [0, 0, 1, 1], "texture": "#2"},
				"up": {"uv": [0, 0, 3, 1], "texture": "#2"},
				"down": {"uv": [0, 0, 3, 1], "texture": "#2"}
			}
		},
		{
			"from": [7.9, 0.6, 13.1],
			"to": [11.9, 3.6, 14.1],
			"rotation": {"angle": -22.5, "axis": "x", "origin": [0, 0, 0]},
			"faces": {
				"north": {"uv": [0, 0, 4, 3], "texture": "#2"},
				"east": {"uv": [0, 0, 1, 3], "texture": "#2"},
				"south": {"uv": [0, 0, 4, 3], "texture": "#2"},
				"west": {"uv": [0, 0, 1, 3], "texture": "#2"},
				"up": {"uv": [0, 0, 4, 1], "texture": "#2"},
				"down": {"uv": [0, 0, 4, 1], "texture": "#2"}
			}
		},
		{
			"from": [14.6, -0.1, 5.9],
			"to": [15.6, 2.9, 9.9],
			"rotation": {"angle": 22.5, "axis": "z", "origin": [0, 1, 0]},
			"faces": {
				"north": {"uv": [0, 0, 1, 3], "texture": "#2"},
				"east": {"uv": [0, 0, 4, 3], "texture": "#2"},
				"south": {"uv": [0, 0, 1, 3], "texture": "#2"},
				"west": {"uv": [0, 0, 4, 3], "texture": "#2"},
				"up": {"uv": [0, 0, 1, 4], "texture": "#2"},
				"down": {"uv": [0, 0, 1, 4], "texture": "#2"}
			}
		},
		{
			"from": [3.9, 1.4, 6],
			"to": [4.9, 4.4, 10],
			"rotation": {"angle": -22.5, "axis": "z", "origin": [16, 1, 0]},
			"faces": {
				"north": {"uv": [1, 0, 2, 3], "texture": "#2"},
				"east": {"uv": [4, 0, 8, 3], "texture": "#2"},
				"south": {"uv": [1, 0, 2, 3], "texture": "#2"},
				"west": {"uv": [4, 0, 8, 3], "texture": "#2"},
				"up": {"uv": [1, 0, 2, 4], "texture": "#2"},
				"down": {"uv": [1, 0, 2, 4], "texture": "#2"}
			}
		},
		{
			"from": [4.5, 6, 11.35],
			"to": [5.5, 8.5, 13.85],
			"rotation": {"angle": 45, "axis": "y", "origin": [0, 0, 0]},
			"faces": {
				"north": {"uv": [0, 0, 1, 2.5], "texture": "#2"},
				"east": {"uv": [0, 0, 2.5, 2.5], "texture": "#2"},
				"south": {"uv": [0, 0, 1, 2.5], "texture": "#2"},
				"west": {"uv": [0, 0, 2.5, 2.5], "texture": "#2"},
				"up": {"uv": [0, 0, 1, 2.5], "texture": "#2"},
				"down": {"uv": [0, 0, 1, 2.5], "texture": "#2"}
			}
		},
		{
			"from": [-2.8, 6, 11.4],
			"to": [-1.8, 8.5, 13.9],
			"rotation": {"angle": 45, "axis": "y", "origin": [0, 0, 0]},
			"faces": {
				"north": {"uv": [0, 0, 1, 2.5], "texture": "#2"},
				"east": {"uv": [0, 0, 2.5, 2.5], "texture": "#2"},
				"south": {"uv": [0, 0, 1, 2.5], "texture": "#2"},
				"west": {"uv": [0, 0, 2.5, 2.5], "texture": "#2"},
				"up": {"uv": [0, 0, 1, 2.5], "texture": "#2"},
				"down": {"uv": [0, 0, 1, 2.5], "texture": "#2"}
			}
		},
		{
			"from": [7.9, 6.7, 0.45],
			"to": [11.9, 9.7, 1.45],
			"rotation": {"angle": 22.5, "axis": "x", "origin": [0, 0, 0]},
			"faces": {
				"north": {"uv": [0, 0, 4, 3], "texture": "#2"},
				"east": {"uv": [0, 0, 1, 3], "texture": "#2"},
				"south": {"uv": [0, 0, 4, 3], "texture": "#2"},
				"west": {"uv": [0, 0, 1, 3], "texture": "#2"},
				"up": {"uv": [0, 0, 4, 1], "texture": "#2"},
				"down": {"uv": [0, 0, 4, 1], "texture": "#2"}
			}
		},
		{
			"from": [7.9, 9.1, -3.3],
			"to": [11.9, 11.1, -2.3],
			"rotation": {"angle": 45, "axis": "x", "origin": [0, 0, 0]},
			"faces": {
				"north": {"uv": [0, 0, 4, 2], "texture": "#2"},
				"east": {"uv": [0, 0, 1, 2], "texture": "#2"},
				"south": {"uv": [0, 0, 4, 2], "texture": "#2"},
				"west": {"uv": [0, 0, 1, 2], "texture": "#2"},
				"up": {"uv": [0, 0, 4, 1], "texture": "#2"},
				"down": {"uv": [0, 0, 4, 1], "texture": "#2"}
			}
		},
		{
			"from": [7.9, 9.3, 18],
			"to": [11.9, 11.3, 19],
			"rotation": {"angle": -45, "axis": "x", "origin": [-2, 0, 16]},
			"faces": {
				"north": {"uv": [4, 0, 8, 2], "texture": "#2"},
				"east": {"uv": [1, 0, 2, 2], "texture": "#2"},
				"south": {"uv": [4, 0, 8, 2], "texture": "#2"},
				"west": {"uv": [1, 0, 2, 2], "texture": "#2"},
				"up": {"uv": [0, 1, 4, 2], "texture": "#2"},
				"down": {"uv": [0, 1, 4, 2], "texture": "#2"}
			}
		},
		{
			"from": [14.1, -3.3, 5.9],
			"to": [15.1, -1.3, 9.9],
			"rotation": {"angle": 45, "axis": "z", "origin": [0, 1, 0]},
			"faces": {
				"north": {"uv": [0, 0, 1, 2], "texture": "#2"},
				"east": {"uv": [0, 0, 4, 2], "texture": "#2"},
				"south": {"uv": [0, 0, 1, 2], "texture": "#2"},
				"west": {"uv": [0, 0, 4, 2], "texture": "#2"},
				"up": {"uv": [0, 0, 1, 4], "texture": "#2"},
				"down": {"uv": [0, 0, 1, 4], "texture": "#2"}
			}
		},
		{
			"from": [3.6, 1.6, 7.3],
			"to": [4.6, 2.6, 8.6],
			"rotation": {"angle": -45, "axis": "z", "origin": [16, 1, 16]},
			"faces": {
				"north": {"uv": [0, 0, 1, 1], "texture": "#2"},
				"east": {"uv": [0, 0, 1.3, 1], "texture": "#2"},
				"south": {"uv": [0, 0, 1, 1], "texture": "#2"},
				"west": {"uv": [0, 0, 1.3, 1], "texture": "#2"},
				"up": {"uv": [1, 4, 2, 5.3], "texture": "#2"},
				"down": {"uv": [1, 4, 2, 5.3], "texture": "#2"}
			}
		},
		{
			"from": [0.5, 7, 9.2],
			"to": [2, 9.5, 10.2],
			"rotation": {"angle": 45, "axis": "y", "origin": [0, 0, 0]},
			"faces": {
				"north": {"uv": [0, 0, 1.5, 2.5], "texture": "#2"},
				"east": {"uv": [0, 0, 1, 2.5], "texture": "#2"},
				"south": {"uv": [0, 0, 1.5, 2.5], "texture": "#2"},
				"west": {"uv": [0, 0, 1, 2.5], "texture": "#2"},
				"up": {"uv": [0, 0, 1.5, 1], "texture": "#2"},
				"down": {"uv": [0, 0, 1.5, 1], "texture": "#2"}
			}
		},
		{
			"from": [13.92, 7, 5.1],
			"to": [14.92, 9.5, 6.6],
			"rotation": {"angle": 45, "axis": "y", "origin": [16, 0, 16]},
			"faces": {
				"north": {"uv": [0, 0, 1, 2.5], "texture": "#2"},
				"east": {"uv": [0, 0, 1.5, 2.5], "texture": "#2"},
				"south": {"uv": [0, 0, 1, 2.5], "texture": "#2"},
				"west": {"uv": [0, 0, 1.5, 2.5], "texture": "#2"},
				"up": {"uv": [1.68, 1, 2.68, 2.5], "texture": "#2"},
				"down": {"uv": [1.68, 1, 2.68, 2.5], "texture": "#2"}
			}
		},
		{
			"from": [3.7, 7, 2.5],
			"to": [4.7, 9.5, 3.8],
			"rotation": {"angle": -45, "axis": "y", "origin": [0, 0, 16]},
			"faces": {
				"north": {"uv": [1, 0, 2, 2.5], "texture": "#2"},
				"east": {"uv": [1.68, 0, 2.98, 2.5], "texture": "#2"},
				"south": {"uv": [1, 0, 2, 2.5], "texture": "#2"},
				"west": {"uv": [1.68, 0, 2.98, 2.5], "texture": "#2"},
				"up": {"uv": [2.68, 1, 3.68, 2.3], "texture": "#2"},
				"down": {"uv": [2.68, 1, 3.68, 2.3], "texture": "#2"}
			}
		},
		{
			"from": [19.52, 7, 5.2],
			"to": [20.82, 9.5, 6.8],
			"rotation": {"angle": 45, "axis": "y", "origin": [16, 16, 16]},
			"faces": {
				"north": {"uv": [0, 2.5, 1.3, 5], "texture": "#2"},
				"east": {"uv": [0, 2.5, 1.6, 5], "texture": "#2"},
				"south": {"uv": [0, 2.5, 1.3, 5], "texture": "#2"},
				"west": {"uv": [0, 2.5, 1.6, 5], "texture": "#2"},
				"up": {"uv": [1.68, 2.68, 2.98, 4.28], "texture": "#2"},
				"down": {"uv": [1.68, 2.68, 2.98, 4.28], "texture": "#2"}
			}
		},
		{
			"from": [0, 6, 8.5],
			"to": [2.8, 8.5, 9.5],
			"rotation": {"angle": 45, "axis": "y", "origin": [0, 0, 0]},
			"faces": {
				"north": {"uv": [0, 0, 2.8, 2.5], "texture": "#2"},
				"east": {"uv": [0, 0, 1, 2.5], "texture": "#2"},
				"south": {"uv": [0, 0, 2.8, 2.5], "texture": "#2"},
				"west": {"uv": [0, 0, 1, 2.5], "texture": "#2"},
				"up": {"uv": [0, 0, 2.8, 1], "texture": "#2"},
				"down": {"uv": [0, 0, 2.8, 1], "texture": "#2"}
			}
		},
		{
			"from": [0.2, 6.05, 15.7],
			"to": [2.7, 8.55, 16.7],
			"rotation": {"angle": 45, "axis": "y", "origin": [0, 0, 0]},
			"faces": {
				"north": {"uv": [0, 0, 2.5, 2.5], "texture": "#2"},
				"east": {"uv": [0, 0, 1, 2.5], "texture": "#2"},
				"south": {"uv": [0, 0, 2.5, 2.5], "texture": "#2"},
				"west": {"uv": [0, 0, 1, 2.5], "texture": "#2"},
				"up": {"uv": [0, 0, 2.5, 1], "texture": "#2"},
				"down": {"uv": [0, 0, 2.5, 1], "texture": "#2"}
			}
		},
		{
			"from": [1, 9.5, 13.9],
			"to": [2.3, 10.5, 14.9],
			"rotation": {"angle": 45, "axis": "y", "origin": [0.3, -1.1, 0.2]},
			"faces": {
				"north": {"uv": [0, 0, 1.3, 1], "texture": "#2"},
				"east": {"uv": [0, 0, 1, 1], "texture": "#2"},
				"south": {"uv": [0, 0, 1.3, 1], "texture": "#2"},
				"west": {"uv": [0, 0, 1, 1], "texture": "#2"},
				"up": {"uv": [0, 0, 1.3, 1], "texture": "#2"},
				"down": {"uv": [0, 0, 1.3, 1], "texture": "#2"}
			}
		},
		{
			"from": [9.7, 9.5, 9.6],
			"to": [10, 10.5, 10.6],
			"rotation": {"angle": 0, "axis": "y", "origin": [0.3, -1.1, 0.2]},
			"faces": {
				"north": {"uv": [0, 0, 0.3, 1], "texture": "#2"},
				"east": {"uv": [0, 0, 1, 1], "texture": "#2"},
				"south": {"uv": [0, 0, 0.3, 1], "texture": "#2"},
				"west": {"uv": [0, 0, 1, 1], "texture": "#2"},
				"up": {"uv": [0, 0, 1, 0.3], "rotation": 270, "texture": "#2"},
				"down": {"uv": [0, 0, 1, 0.3], "rotation": 90, "texture": "#2"}
			}
		},
		{
			"from": [11.8, 9.5, 5.2],
			"to": [13.1, 10.5, 6.2],
			"rotation": {"angle": -22.5, "axis": "y", "origin": [0.3, -1.1, 0.2]},
			"faces": {
				"north": {"uv": [0, 0, 1.3, 1], "texture": "#2"},
				"east": {"uv": [0, 0, 1, 1], "texture": "#2"},
				"south": {"uv": [0, 0, 1.3, 1], "texture": "#2"},
				"west": {"uv": [0, 0, 1, 1], "texture": "#2"},
				"up": {"uv": [0, 0, 1, 1.3], "rotation": 270, "texture": "#2"},
				"down": {"uv": [0, 0, 1, 1.3], "rotation": 90, "texture": "#2"}
			}
		},
		{
			"from": [-0.8, 9.5, 11.8],
			"to": [0.2, 10.5, 13.1],
			"rotation": {"angle": 45, "axis": "y", "origin": [0.3, -1.1, 0.2]},
			"faces": {
				"north": {"uv": [0, 0, 1, 1], "texture": "#2"},
				"east": {"uv": [0, 0, 1.3, 1], "texture": "#2"},
				"south": {"uv": [0, 0, 1, 1], "texture": "#2"},
				"west": {"uv": [0, 0, 1.3, 1], "texture": "#2"},
				"up": {"uv": [0, 0, 1, 1.3], "texture": "#2"},
				"down": {"uv": [0, 0, 1, 1.3], "texture": "#2"}
			}
		},
		{
			"from": [5.3, 9.5, 12.5],
			"to": [6.6, 10.5, 13.5],
			"rotation": {"angle": 22.5, "axis": "y", "origin": [0.3, -1.1, 0.2]},
			"faces": {
				"north": {"uv": [0, 0, 1.3, 1], "texture": "#2"},
				"east": {"uv": [0, 0, 1, 1], "texture": "#2"},
				"south": {"uv": [0, 0, 1.3, 1], "texture": "#2"},
				"west": {"uv": [0, 0, 1, 1], "texture": "#2"},
				"up": {"uv": [0, 0, 1.3, 1], "texture": "#2"},
				"down": {"uv": [0, 0, 1.3, 1], "texture": "#2"}
			}
		},
		{
			"from": [11.65, 9.5, 7.75],
			"to": [12.65, 10.5, 8.05],
			"rotation": {"angle": 0, "axis": "y", "origin": [2.25, 5.9, 17.45]},
			"faces": {
				"north": {"uv": [0, 0, 1, 1], "texture": "#2"},
				"east": {"uv": [0, 0, 0.3, 1], "texture": "#2"},
				"south": {"uv": [0, 0, 1, 1], "texture": "#2"},
				"west": {"uv": [0, 0, 0.3, 1], "texture": "#2"},
				"up": {"uv": [0, 0, 1, 0.3], "rotation": 180, "texture": "#2"},
				"down": {"uv": [0, 0, 1, 0.3], "rotation": 180, "texture": "#2"}
			}
		},
		{
			"from": [7.25, 9.5, 4.65],
			"to": [8.25, 10.5, 5.95],
			"rotation": {"angle": -22.5, "axis": "y", "origin": [2.25, 5.9, 17.45]},
			"faces": {
				"north": {"uv": [0, 0, 1, 1], "texture": "#2"},
				"east": {"uv": [0, 0, 1.3, 1], "texture": "#2"},
				"south": {"uv": [0, 0, 1, 1], "texture": "#2"},
				"west": {"uv": [0, 0, 1.3, 1], "texture": "#2"},
				"up": {"uv": [0, 0, 1, 1.3], "rotation": 180, "texture": "#2"},
				"down": {"uv": [0, 0, 1, 1.3], "rotation": 180, "texture": "#2"}
			}
		},
		{
			"from": [13.85, 9.5, 17.55],
			"to": [15.15, 10.5, 18.55],
			"rotation": {"angle": 45, "axis": "y", "origin": [2.25, 5.9, 17.45]},
			"faces": {
				"north": {"uv": [0, 0, 1.3, 1], "texture": "#2"},
				"east": {"uv": [0, 0, 1, 1], "texture": "#2"},
				"south": {"uv": [0, 0, 1.3, 1], "texture": "#2"},
				"west": {"uv": [0, 0, 1, 1], "texture": "#2"},
				"up": {"uv": [0, 0, 1, 1.3], "rotation": 270, "texture": "#2"},
				"down": {"uv": [0, 0, 1, 1.3], "rotation": 90, "texture": "#2"}
			}
		},
		{
			"from": [14.55, 9.5, 11.15],
			"to": [15.55, 10.5, 12.45],
			"rotation": {"angle": 22.5, "axis": "y", "origin": [2.25, 5.9, 17.45]},
			"faces": {
				"north": {"uv": [0, 0, 1, 1], "texture": "#2"},
				"east": {"uv": [0, 0, 1.3, 1], "texture": "#2"},
				"south": {"uv": [0, 0, 1, 1], "texture": "#2"},
				"west": {"uv": [0, 0, 1.3, 1], "texture": "#2"},
				"up": {"uv": [0, 0, 1.3, 1], "rotation": 270, "texture": "#2"},
				"down": {"uv": [0, 0, 1.3, 1], "rotation": 90, "texture": "#2"}
			}
		},
		{
			"from": [15.95, 9.5, 15.45],
			"to": [16.95, 10.5, 16.75],
			"rotation": {"angle": 45, "axis": "y", "origin": [2.25, 5.9, 17.45]},
			"faces": {
				"north": {"uv": [0, 0, 1, 1], "texture": "#2"},
				"east": {"uv": [0, 0, 1.3, 1], "texture": "#2"},
				"south": {"uv": [0, 0, 1, 1], "texture": "#2"},
				"west": {"uv": [0, 0, 1.3, 1], "texture": "#2"},
				"up": {"uv": [0, 0, 1.3, 1], "rotation": 270, "texture": "#2"},
				"down": {"uv": [0, 0, 1.3, 1], "rotation": 90, "texture": "#2"}
			}
		},
		{
			"from": [7.2, 9.5, 7.7],
			"to": [8.2, 10.5, 8],
			"rotation": {"angle": 0, "axis": "y", "origin": [17.6, -1.1, -1.7]},
			"faces": {
				"north": {"uv": [0, 0, 1, 1], "texture": "#2"},
				"east": {"uv": [0, 0, 0.3, 1], "texture": "#2"},
				"south": {"uv": [0, 0, 1, 1], "texture": "#2"},
				"west": {"uv": [0, 0, 0.3, 1], "texture": "#2"},
				"up": {"uv": [0, 0, 1, 0.3], "texture": "#2"},
				"down": {"uv": [0, 0, 1, 0.3], "texture": "#2"}
			}
		},
		{
			"from": [11.6, 9.5, 9.8],
			"to": [12.6, 10.5, 11.1],
			"rotation": {"angle": -22.5, "axis": "y", "origin": [17.6, -1.1, -1.7]},
			"faces": {
				"north": {"uv": [0, 0, 1, 1], "texture": "#2"},
				"east": {"uv": [0, 0, 1.3, 1], "texture": "#2"},
				"south": {"uv": [0, 0, 1, 1], "texture": "#2"},
				"west": {"uv": [0, 0, 1.3, 1], "texture": "#2"},
				"up": {"uv": [0, 0, 1, 1.3], "texture": "#2"},
				"down": {"uv": [0, 0, 1, 1.3], "texture": "#2"}
			}
		},
		{
			"from": [16.5, 9.5, 9.9],
			"to": [17.5, 10.5, 11.2],
			"rotation": {"angle": -45, "axis": "y", "origin": [17.6, -1.1, -1.7]},
			"faces": {
				"north": {"uv": [0, 0, 1, 1], "texture": "#2"},
				"east": {"uv": [0, 0, 1.3, 1], "texture": "#2"},
				"south": {"uv": [0, 0, 1, 1], "texture": "#2"},
				"west": {"uv": [0, 0, 1.3, 1], "texture": "#2"},
				"up": {"uv": [0, 0, 1, 1.3], "texture": "#2"},
				"down": {"uv": [0, 0, 1, 1.3], "texture": "#2"}
			}
		},
		{
			"from": [4.3, 9.5, 3.3],
			"to": [5.3, 10.5, 4.6],
			"rotation": {"angle": 22.5, "axis": "y", "origin": [17.6, -1.1, -1.7]},
			"faces": {
				"north": {"uv": [0, 0, 1, 1], "texture": "#2"},
				"east": {"uv": [0, 0, 1.3, 1], "texture": "#2"},
				"south": {"uv": [0, 0, 1, 1], "texture": "#2"},
				"west": {"uv": [0, 0, 1.3, 1], "texture": "#2"},
				"up": {"uv": [0, 0, 1.3, 1], "rotation": 90, "texture": "#2"},
				"down": {"uv": [0, 0, 1.3, 1], "rotation": 270, "texture": "#2"}
			}
		},
		{
			"from": [18.3, 9.5, 12],
			"to": [19.6, 10.5, 13],
			"rotation": {"angle": -45, "axis": "y", "origin": [17.6, -1.1, -1.7]},
			"faces": {
				"north": {"uv": [0, 0, 1.3, 1], "texture": "#2"},
				"east": {"uv": [0, 0, 1, 1], "texture": "#2"},
				"south": {"uv": [0, 0, 1.3, 1], "texture": "#2"},
				"west": {"uv": [0, 0, 1, 1], "texture": "#2"},
				"up": {"uv": [0, 0, 1.3, 1], "texture": "#2"},
				"down": {"uv": [0, 0, 1.3, 1], "texture": "#2"}
			}
		},
		{
			"from": [9.85, 9.5, 5.2],
			"to": [10.15, 10.5, 6.2],
			"rotation": {"angle": 0, "axis": "y", "origin": [19.55, -1.1, 15.6]},
			"faces": {
				"north": {"uv": [0, 0, 0.3, 1], "texture": "#2"},
				"east": {"uv": [0, 0, 1, 1], "texture": "#2"},
				"south": {"uv": [0, 0, 0.3, 1], "texture": "#2"},
				"west": {"uv": [0, 0, 1, 1], "texture": "#2"},
				"up": {"uv": [0, 0, 1, 0.3], "rotation": 90, "texture": "#2"},
				"down": {"uv": [0, 0, 1, 0.3], "rotation": 270, "texture": "#2"}
			}
		},
		{
			"from": [6.75, 9.5, 9.6],
			"to": [8.05, 10.5, 10.6],
			"rotation": {"angle": -22.5, "axis": "y", "origin": [19.55, -1.1, 15.6]},
			"faces": {
				"north": {"uv": [0, 0, 1.3, 1], "texture": "#2"},
				"east": {"uv": [0, 0, 1, 1], "texture": "#2"},
				"south": {"uv": [0, 0, 1.3, 1], "texture": "#2"},
				"west": {"uv": [0, 0, 1, 1], "texture": "#2"},
				"up": {"uv": [0, 0, 1, 1.3], "rotation": 90, "texture": "#2"},
				"down": {"uv": [0, 0, 1, 1.3], "rotation": 270, "texture": "#2"}
			}
		},
		{
			"from": [19.65, 9.5, 2.7],
			"to": [20.65, 10.5, 4],
			"rotation": {"angle": 45, "axis": "y", "origin": [19.55, -1.1, 15.6]},
			"faces": {
				"north": {"uv": [0, 0, 1, 1], "texture": "#2"},
				"east": {"uv": [0, 0, 1.3, 1], "texture": "#2"},
				"south": {"uv": [0, 0, 1, 1], "texture": "#2"},
				"west": {"uv": [0, 0, 1.3, 1], "texture": "#2"},
				"up": {"uv": [0, 0, 1, 1.3], "rotation": 180, "texture": "#2"},
				"down": {"uv": [0, 0, 1, 1.3], "rotation": 180, "texture": "#2"}
			}
		},
		{
			"from": [13.25, 9.5, 2.3],
			"to": [14.55, 10.5, 3.3],
			"rotation": {"angle": 22.5, "axis": "y", "origin": [19.55, -1.1, 15.6]},
			"faces": {
				"north": {"uv": [0, 0, 1.3, 1], "texture": "#2"},
				"east": {"uv": [0, 0, 1, 1], "texture": "#2"},
				"south": {"uv": [0, 0, 1.3, 1], "texture": "#2"},
				"west": {"uv": [0, 0, 1, 1], "texture": "#2"},
				"up": {"uv": [0, 0, 1.3, 1], "rotation": 180, "texture": "#2"},
				"down": {"uv": [0, 0, 1.3, 1], "rotation": 180, "texture": "#2"}
			}
		},
		{
			"from": [17.55, 9.5, 0.9],
			"to": [18.85, 10.5, 1.9],
			"rotation": {"angle": 45, "axis": "y", "origin": [19.55, -1.1, 15.6]},
			"faces": {
				"north": {"uv": [0, 0, 1.3, 1], "texture": "#2"},
				"east": {"uv": [0, 0, 1, 1], "texture": "#2"},
				"south": {"uv": [0, 0, 1.3, 1], "texture": "#2"},
				"west": {"uv": [0, 0, 1, 1], "texture": "#2"},
				"up": {"uv": [0, 0, 1.3, 1], "rotation": 180, "texture": "#2"},
				"down": {"uv": [0, 0, 1.3, 1], "rotation": 180, "texture": "#2"}
			}
		},
		{
			"from": [9.3, 11.7, 18.1],
			"to": [10.6, 12.7, 19.1],
			"rotation": {"angle": -45, "axis": "x", "origin": [-2, 0, 16]},
			"faces": {
				"north": {"uv": [4, 0, 5.3, 1], "texture": "#2"},
				"east": {"uv": [1, 0, 2, 1], "texture": "#2"},
				"south": {"uv": [4, 0, 5.3, 1], "texture": "#2"},
				"west": {"uv": [1, 0, 2, 1], "texture": "#2"},
				"up": {"uv": [0, 1, 1.3, 2], "texture": "#2"},
				"down": {"uv": [0, 1, 1.3, 2], "texture": "#2"}
			}
		},
		{
			"from": [9.2, 11.1, -3.2],
			"to": [10.5, 13.1, -2.2],
			"rotation": {"angle": 45, "axis": "x", "origin": [0, 0, 0]},
			"faces": {
				"north": {"uv": [0, 0, 1.3, 2], "texture": "#2"},
				"east": {"uv": [0, 0, 1, 2], "texture": "#2"},
				"south": {"uv": [0, 0, 1.3, 2], "texture": "#2"},
				"west": {"uv": [0, 0, 1, 2], "texture": "#2"},
				"up": {"uv": [0, 0, 1.3, 1], "texture": "#2"},
				"down": {"uv": [0, 0, 1.3, 1], "texture": "#2"}
			}
		},
		{
			"from": [3.5, -0.5, 6],
			"to": [4.5, 1.5, 10],
			"rotation": {"angle": -45, "axis": "z", "origin": [16, 1, 16]},
			"faces": {
				"north": {"uv": [0, 0, 1, 2], "texture": "#2"},
				"east": {"uv": [0, 0, 4, 2], "texture": "#2"},
				"south": {"uv": [0, 0, 1, 2], "texture": "#2"},
				"west": {"uv": [0, 0, 4, 2], "texture": "#2"},
				"up": {"uv": [1, 4, 2, 8], "texture": "#2"},
				"down": {"uv": [1, 4, 2, 8], "texture": "#2"}
			}
		},
		{
			"from": [14.1, -0.8, 7.3],
			"to": [15.1, 0.2, 8.6],
			"rotation": {"angle": 45, "axis": "z", "origin": [0, 1, 0]},
			"faces": {
				"north": {"uv": [0, 0, 1, 1], "texture": "#2"},
				"east": {"uv": [0, 0, 1.3, 1], "texture": "#2"},
				"south": {"uv": [0, 0, 1, 1], "texture": "#2"},
				"west": {"uv": [0, 0, 1.3, 1], "texture": "#2"},
				"up": {"uv": [0, 0, 1, 1.3], "texture": "#2"},
				"down": {"uv": [0, 0, 1, 1.3], "texture": "#2"}
			}
		},
		{
			"from": [7, -1.25, 5],
			"to": [13, -0.25, 11],
			"faces": {
				"north": {"uv": [0, 0, 6, 1], "texture": "#2"},
				"east": {"uv": [0, 0, 6, 1], "texture": "#2"},
				"south": {"uv": [0, 0, 6, 1], "texture": "#2"},
				"west": {"uv": [0, 0, 6, 1], "texture": "#2"},
				"up": {"uv": [0, 0, 6, 6], "texture": "#2"},
				"down": {"uv": [0, 0, 6, 6], "texture": "#2"}
			}
		},
		{
			"from": [8, -1.25, 11],
			"to": [12, -0.25, 12],
			"faces": {
				"north": {"uv": [0, 0, 4, 1], "texture": "#2"},
				"east": {"uv": [0, 0, 1, 1], "texture": "#2"},
				"south": {"uv": [0, 0, 4, 1], "texture": "#2"},
				"west": {"uv": [0, 0, 1, 1], "texture": "#2"},
				"up": {"uv": [0, 0, 4, 1], "texture": "#2"},
				"down": {"uv": [0, 0, 4, 1], "texture": "#2"}
			}
		},
		{
			"from": [6, -1.25, 6],
			"to": [7, -0.25, 10],
			"faces": {
				"north": {"uv": [0, 0, 1, 1], "texture": "#2"},
				"east": {"uv": [0, 0, 4, 1], "texture": "#2"},
				"south": {"uv": [0, 0, 1, 1], "texture": "#2"},
				"west": {"uv": [0, 0, 4, 1], "texture": "#2"},
				"up": {"uv": [0, 0, 1, 4], "texture": "#2"},
				"down": {"uv": [0, 0, 1, 4], "texture": "#2"}
			}
		},
		{
			"from": [13, -1.25, 6],
			"to": [14, -0.25, 10],
			"faces": {
				"north": {"uv": [0, 0, 1, 1], "texture": "#missing"},
				"east": {"uv": [0, 0, 4, 1], "texture": "#missing"},
				"south": {"uv": [0, 0, 1, 1], "texture": "#missing"},
				"west": {"uv": [0, 0, 4, 1], "texture": "#missing"},
				"up": {"uv": [0, 0, 1, 4], "texture": "#missing"},
				"down": {"uv": [0, 0, 1, 4], "texture": "#2"}
			}
		},
		{
			"from": [8, -1.35, 4],
			"to": [12, -0.35, 5],
			"faces": {
				"north": {"uv": [0, 0, 4, 1], "texture": "#2"},
				"east": {"uv": [0, 0, 1, 1], "texture": "#2"},
				"south": {"uv": [0, 0, 4, 1], "texture": "#2"},
				"west": {"uv": [0, 0, 1, 1], "texture": "#2"},
				"up": {"uv": [0, 0, 4, 1], "texture": "#2"},
				"down": {"uv": [0, 0, 4, 1], "texture": "#2"}
			}
		},
		{
			"from": [9.25, 10.5, 6.4],
			"to": [10.5, 17.5, 6.7],
			"rotation": {"angle": 0, "axis": "y", "origin": [-4.75, 1.5, 6.5]},
			"faces": {
				"north": {"uv": [0, 0, 1.25, 7], "texture": "#2"},
				"east": {"uv": [0, 0, 0.3, 7], "texture": "#2"},
				"south": {"uv": [0, 0, 1.25, 7], "texture": "#2"},
				"west": {"uv": [0, 0, 0.3, 7], "texture": "#2"},
				"up": {"uv": [0, 0, 1.25, 0.3], "texture": "#2"},
				"down": {"uv": [0, 0, 1.25, 0.3], "texture": "#2"}
			}
		},
		{
			"from": [12.45, 10.5, 17.3],
			"to": [13.7, 17.5, 17.6],
			"rotation": {"angle": 45, "axis": "y", "origin": [-1.65, 1.5, 17.2]},
			"faces": {
				"north": {"uv": [0, 0, 1.25, 7], "texture": "#2"},
				"east": {"uv": [0, 0, 0.3, 7], "texture": "#2"},
				"south": {"uv": [0, 0, 1.25, 7], "texture": "#2"},
				"west": {"uv": [0, 0, 0.3, 7], "texture": "#2"},
				"up": {"uv": [0, 0, 1.25, 0.3], "texture": "#2"},
				"down": {"uv": [0, 0, 1.25, 0.3], "texture": "#2"}
			}
		},
		{
			"from": [8.4, 10.5, 7.35],
			"to": [8.7, 17.5, 8.6],
			"rotation": {"angle": 0, "axis": "y", "origin": [-1.65, 1.5, 17.2]},
			"faces": {
				"north": {"uv": [0, 0, 0.3, 7], "texture": "#2"},
				"east": {"uv": [0, 0, 1.25, 7], "texture": "#2"},
				"south": {"uv": [0, 0, 0.3, 7], "texture": "#2"},
				"west": {"uv": [0, 0, 1.25, 7], "texture": "#2"},
				"up": {"uv": [0, 0, 1.25, 0.3], "rotation": 270, "texture": "#2"},
				"down": {"uv": [0, 0, 1.25, 0.3], "rotation": 90, "texture": "#2"}
			}
		},
		{
			"from": [13.85, 10.5, -2.6],
			"to": [14.15, 17.5, -1.35],
			"rotation": {"angle": 45, "axis": "y", "origin": [24.65, 1.5, 9.55]},
			"faces": {
				"north": {"uv": [0, 0, 0.3, 7], "texture": "#2"},
				"east": {"uv": [0, 0, 1.25, 7], "texture": "#2"},
				"south": {"uv": [0, 0, 0.3, 7], "texture": "#2"},
				"west": {"uv": [0, 0, 1.25, 7], "texture": "#2"},
				"up": {"uv": [0, 0, 1.25, 0.3], "rotation": 270, "texture": "#2"},
				"down": {"uv": [0, 0, 1.25, 0.3], "rotation": 90, "texture": "#2"}
			}
		},
		{
			"from": [14.8, 10.5, -0.8],
			"to": [16.05, 17.5, -0.5],
			"rotation": {"angle": 45, "axis": "y", "origin": [24.65, 1.5, 9.55]},
			"faces": {
				"north": {"uv": [0, 0, 1.25, 7], "texture": "#2"},
				"east": {"uv": [0, 0, 0.3, 7], "texture": "#2"},
				"south": {"uv": [0, 0, 1.25, 7], "texture": "#2"},
				"west": {"uv": [0, 0, 0.3, 7], "texture": "#2"},
				"up": {"uv": [0, 0, 1.25, 0.3], "rotation": 180, "texture": "#2"},
				"down": {"uv": [0, 0, 1.25, 0.3], "rotation": 180, "texture": "#2"}
			}
		},
		{
			"from": [9.3, 10.5, 9.15],
			"to": [10.55, 17.5, 9.45],
			"rotation": {"angle": 0, "axis": "y", "origin": [24.65, 1.5, 9.55]},
			"faces": {
				"north": {"uv": [0, 0, 1.25, 7], "texture": "#2"},
				"east": {"uv": [0, 0, 0.3, 7], "texture": "#2"},
				"south": {"uv": [0, 0, 1.25, 7], "texture": "#2"},
				"west": {"uv": [0, 0, 0.3, 7], "texture": "#2"},
				"up": {"uv": [0, 0, 1.25, 0.3], "rotation": 180, "texture": "#2"},
				"down": {"uv": [0, 0, 1.25, 0.3], "rotation": 180, "texture": "#2"}
			}
		},
		{
			"from": [6, 10.5, -4.4],
			"to": [7.25, 17.5, -4.1],
			"rotation": {"angle": -45, "axis": "y", "origin": [-4.75, 1.5, 6.5]},
			"faces": {
				"north": {"uv": [0, 0, 1, 7], "texture": "#2"},
				"east": {"uv": [1, 0, 2, 7], "texture": "#missing"},
				"south": {"uv": [2, 0, 3, 7], "texture": "#2"},
				"west": {"uv": [3, 0, 4, 7], "texture": "#missing"},
				"up": {"uv": [5, 1, 4, 0], "texture": "#2"},
				"down": {"uv": [5, 1, 4, 2], "texture": "#missing"}
			}
		},
		{
			"from": [11.15, 10.5, 7.3],
			"to": [11.45, 17.5, 8.55],
			"rotation": {"angle": 0, "axis": "y", "origin": [24.65, 1.5, 9.55]},
			"faces": {
				"north": {"uv": [0, 0, 0.3, 7], "texture": "#2"},
				"east": {"uv": [0, 0, 1.25, 7], "texture": "#2"},
				"south": {"uv": [0, 0, 0.3, 7], "texture": "#2"},
				"west": {"uv": [0, 0, 1.25, 7], "texture": "#2"},
				"up": {"uv": [0, 0, 1.25, 0.3], "rotation": 90, "texture": "#2"},
				"down": {"uv": [0, 0, 1.25, 0.3], "rotation": 270, "texture": "#2"}
			}
		}
	],
	"display": {
		"thirdperson_righthand": {
			"rotation": [180, -9, 5],
			"translation": [-2, 5, 0.25]
		},
		"thirdperson_lefthand": {
			"rotation": [-161, 41, -118],
			"translation": [-2.5, -7.75, 11.75]
		},
		"firstperson_righthand": {
			"rotation": [166, 101, 2],
			"translation": [3.75, 0, 0],
			"scale": [0.6, 0.6, 0.6]
		},
		"firstperson_lefthand": {
			"translation": [0, 0, 5],
			"scale": [0, 0, 0]
		},
		"ground": {
			"rotation": [88, 31, 92],
			"translation": [0, -0.25, -1.5],
			"scale": [1.5, 1.5, 1.5]
		},
		"gui": {
			"rotation": [-135, 29, -69],
			"translation": [0.75, -2.25, 10.75],
			"scale": [0.8, 0.8, 0.8]
		},
		"head": {
			"rotation": [2, -4, -30],
			"translation": [0, 21.25, 6.25]
		},
		"fixed": {
			"rotation": [-88, 60, 82],
			"translation": [-3, 5.25, -3.75]
		}
	},
	"groups": [
		{
			"name": "몸통",
			"origin": [0, 0, 0],
			"color": 0,
			"children": [0, 1, 2, 3, 4, 5, 6, 7, 8, 9, 10, 11, 12, 13, 14, 15, 16, 17, 18, 19, 20]
		},
		{
			"name": "동그란부붐",
			"origin": [0, 0, 0],
			"color": 0,
			"children": [
				21,
				22,
				23,
				24,
				25,
				26,
				27,
				28,
				29,
				30,
				31,
				32,
				33,
				34,
				35,
				36,
				37,
				38,
				39,
				40,
				41,
				42,
				43,
				44,
				45,
				46,
				47,
				48,
				49,
				50,
				51,
				52,
				53,
				54,
				55,
				56,
				57,
				58,
				59,
				60,
				{
					"name": "안쪽막기",
					"origin": [0, 0, 0],
					"color": 0,
					"children": [61, 62, 63, 64, 65]
				}
			]
		},
		{
			"name": "주댕이",
			"origin": [24.65, 1.5, 9.55],
			"color": 0,
			"children": [66, 67, 68, 69, 70, 71, 72, 73]
		}
	]
}