{
	"credit": "Made with Blockbench",
	"texture_size": [300, 300],
	"textures": {
		"0": "items/wing_2",
		"particle": "items/wing_2"
	},
	"elements": [
		{
			"from": [4.9, 8, 11.1],
			"to": [11.9, 15, 11.1],
			"rotation": {"angle": 22.5, "axis": "y", "origin": [0, 0, 0]},
			"faces": {
				"north": {"uv": [16, 0, 0, 16], "texture": "#0"},
				"east": {"uv": [0, 0, 16, 16], "texture": "#0"},
				"south": {"uv": [0, 0, 16, 16], "texture": "#0"},
				"west": {"uv": [0, 0, 16, 16], "texture": "#0"},
				"up": {"uv": [0, 0, 16, 16], "texture": "#0"},
				"down": {"uv": [0, 0, 16, 16], "texture": "#0"}
			}
		},
		{
			"from": [3, 8, 4.9],
			"to": [10, 15, 4.9],
			"rotation": {"angle": -22.5, "axis": "y", "origin": [0, 0, 0]},
			"faces": {
				"north": {"uv": [0, 0, 16, 16], "texture": "#0"},
				"east": {"uv": [0, 0, 0, 0.37333], "texture": "#missing"},
				"south": {"uv": [16, 0, 0, 16], "texture": "#0"},
				"west": {"uv": [0, 0, 0, 0.37333], "texture": "#missing"},
				"up": {"uv": [0, 0, 0.37333, 0], "texture": "#missing"},
				"down": {"uv": [0, 0, 0.37333, 0], "texture": "#missing"}
			}
		}
	],
	"display": {
		"thirdperson_righthand": {
			"rotation": [67, -180, 0],
			"translation": [-6.5, -10.75, 1.5],
			"scale": [3, 3, 3]
		},
		"thirdperson_lefthand": {
			"rotation": [67, -180, 0],
			"translation": [-6.5, -10.75, 1.5],
			"scale": [3, 3, 3]
		},
		"firstperson_righthand": {
			"scale": [0, 0, 0]
		},
		"firstperson_lefthand": {
			"scale": [0, 0, 0]
		},
		"ground": {
			"translation": [0, -4, 0],
			"scale": [3, 3, 3]
		},
		"gui": {
			"translation": [0, -7.25, 0],
			"scale": [2, 2, 4]
		}
	}
}