{
	"parent": "item/handheld",
	"textures": {
		"layer0": "items/wood_sword"
	},
	"overrides": [
		{ "predicate": { "damage": 0 }, "model": "item/wooden_sword" },
		{ "predicate": { "damaged": 0, "damage": 0.016666666666667 }, "model": "item/chany_c11" },
		{ "predicate": { "damaged": 0, "damage": 0.033333333333333 }, "model": "item/do_2" },
		{ "predicate": { "damaged": 0, "damage": 0.05 }, "model": "item/an2_c12" },
		{ "predicate": { "damaged": 0, "damage": 0.066666666666667 }, "model": "item/pu_2" },
		{ "predicate": { "damaged": 0, "damage": 0.083333333333333 }, "model": "item/pu_1" },
		{ "predicate": { "damaged": 0, "damage": 0.1 }, "model": "item/dwd_chi_9" },
		{ "predicate": { "damaged": 0, "damage": 0.116666666666667 }, "model": "item/chany_s4" },
		{ "predicate": { "damaged": 0, "damage": 0.133333333333333 }, "model": "item/croco_pick" },
		{ "predicate": { "damaged": 0, "damage": 0.15 }, "model": "item/pencil9" },
		{ "predicate": { "damaged": 0, "damage": 0.166666666666667 }, "model": "item/lung_1" },
		{ "predicate": { "damaged": 0, "damage": 0.183333333333333 }, "model": "item/dwd_chi_10" },
		{ "predicate": { "damaged": 0, "damage": 0.2 }, "model": "item/hotdog" },
		{ "predicate": { "damaged": 0, "damage": 0.216666666666667 }, "model": "item/rabbit" },
		{ "predicate": { "damaged": 0, "damage": 0.233333333333333 }, "model": "item/sh3" },
		{ "predicate": { "damaged": 0, "damage": 0.25 }, "model": "item/umb_1" },
		{ "predicate": { "damaged": 0, "damage": 0.266666666666667 }, "model": "umb_2" },
		{ "predicate": { "damaged": 0, "damage": 0.283333333333333 }, "model": "umb_3" },
		{ "predicate": { "damaged": 0, "damage": 0.3 }, "model": "item/umb_4" },
		{ "predicate": { "damaged": 0, "damage": 0.316666666666667 }, "model": "umb_5" },
		{ "predicate": { "damaged": 0, "damage": 0.333333333333333 }, "model": "item/umb_6" },
		{ "predicate": { "damaged": 0, "damage": 0.35 }, "model": "item/umb_7" },
		{ "predicate": { "damaged": 0, "damage": 0.366666666666667 }, "model": "item/umb_8" },
		{ "predicate": { "damaged": 0, "damage": 0.383333333333333 }, "model": "item/umb_9" },
		{ "predicate": { "damaged": 0, "damage": 0.4 }, "model": "item/taekuk" },
		{ "predicate": { "damaged": 0, "damage": 0.416666666666667 }, "model": "item/unwol" },
		{ "predicate": { "damaged": 0, "damage": 0.433333333333333 }, "model": "item/unwol_2" },
		{ "predicate": { "damaged": 0, "damage": 0.45 }, "model": "item/ar_fist" },
		{ "predicate": { "damaged": 0, "damage": 0.466666666666667 }, "model": "item/ar_bo" },
		{ "predicate": { "damaged": 0, "damage": 0.483333333333333 }, "model": "item/ar_gawi" },
		{ "predicate": { "damaged": 0, "damage": 0.5 }, "model": "item/shark" },
		{ "predicate": { "damaged": 0, "damage": 0.516666666666667 }, "model": "item/katana" },
		{ "predicate": { "damaged": 0, "damage": 0.533333333333333 }, "model": "item/genji" },
		{ "predicate": { "damaged": 0, "damage": 0.55 }, "model": "item/chicken" },
		{ "predicate": { "damaged": 0, "damage": 0.566666666666667 }, "model": "item/tube_1" },
		{ "predicate": { "damaged": 0, "damage": 0.583333333333333 }, "model": "item/tube_2" },
		{ "predicate": { "damaged": 0, "damage": 0.6 }, "model": "item/tube_3" },
		{ "predicate": { "damaged": 0, "damage": 0.616666666666667 }, "model": "item/tube_4" },
		{ "predicate": { "damaged": 0, "damage": 0.633333333333333 }, "model": "item/soju" },
		{ "predicate": { "damaged": 0, "damage": 0.65 }, "model": "item/wooden_sword39" },
		{ "predicate": { "damaged": 0, "damage": 0.666666666666667 }, "model": "item/wooden_sword40" },
		{ "predicate": { "damaged": 0, "damage": 0.683333333333333 }, "model": "item/wooden_sword41" },
		{ "predicate": { "damaged": 0, "damage": 0.7 }, "model": "item/wooden_sword42" },
		{ "predicate": { "damaged": 0, "damage": 0.716666666666667 }, "model": "item/wooden_sword43" },
		{ "predicate": { "damaged": 0, "damage": 0.733333333333333 }, "model": "item/wooden_sword44" },
		{ "predicate": { "damaged": 0, "damage": 0.75 }, "model": "item/wooden_sword45" },
		{ "predicate": { "damaged": 0, "damage": 0.766666666666667 }, "model": "item/wooden_sword46" },
		{ "predicate": { "damaged": 0, "damage": 0.783333333333333 }, "model": "item/wooden_sword47" },
		{ "predicate": { "damaged": 0, "damage": 0.8 }, "model": "item/wooden_sword48" },
		{ "predicate": { "damaged": 0, "damage": 0.816666666666667 }, "model": "item/wooden_sword49" },
		{ "predicate": { "damaged": 0, "damage": 0.833333333333333 }, "model": "item/wooden_sword50" },
		{ "predicate": { "damaged": 0, "damage": 0.85 }, "model": "item/wooden_sword51" },
		{ "predicate": { "damaged": 0, "damage": 0.866666666666667 }, "model": "item/wooden_sword52" },
		{ "predicate": { "damaged": 0, "damage": 0.883333333333333 }, "model": "item/wooden_sword53" },
		{ "predicate": { "damaged": 0, "damage": 0.9 }, "model": "item/wooden_sword54" },
		{ "predicate": { "damaged": 0, "damage": 0.916666666666667 }, "model": "item/wooden_sword55" },
		{ "predicate": { "damaged": 0, "damage": 0.933333333333333 }, "model": "item/wooden_sword56" },
		{ "predicate": { "damaged": 0, "damage": 0.95 }, "model": "item/wooden_sword57" },
		{ "predicate": { "damaged": 0, "damage": 0.966666666666667 }, "model": "item/wooden_sword58" },
		{ "predicate": { "damaged": 0, "damage": 0.983333333333333 }, "model": "item/wooden_sword59" },
		{ "predicate": { "damaged": 1 }, "model": "item/wooden_sword" }
	]
}