{
	"__comment": "Designed by Duck_Soon with Cubik Studio - https://cubik.studio",
	"textures": {
		"voxels_atlas": "items/voxels_atlas"
	},
	"elements": [ 	 
		{
			"__comment": "Voxels",
			"from": [ 4.5, 13, 6.5 ],
			"to": [ 8.5, 13.5, 7 ],
			"faces": {
				"down": { "uv": [ 8.75, 13.5, 10.75, 13.75 ], "texture": "#voxels_atlas" },
				"up": { "uv": [ 10.75, 13.75, 12.75, 13.5 ], "texture": "#voxels_atlas" },
				"north": { "uv": [ 14.75, 13.5, 12.75, 13.75 ], "texture": "#voxels_atlas" },
				"south": { "uv": [ 9.75, 13.25, 11.75, 13.5 ], "texture": "#voxels_atlas" },
				"west": { "uv": [ 15.75, 13, 16, 13.25 ], "texture": "#voxels_atlas" },
				"east": { "uv": [ 16, 12.75, 15.75, 13 ], "texture": "#voxels_atlas" }
			}
		},
		{
			"__comment": "Voxels",
			"from": [ 4.5, 14, 6.5 ],
			"to": [ 8.5, 14.5, 7 ],
			"faces": {
				"down": { "uv": [ 11.75, 13.25, 13.75, 13.5 ], "texture": "#voxels_atlas" },
				"up": { "uv": [ 13.75, 13.5, 15.75, 13.25 ], "texture": "#voxels_atlas" },
				"north": { "uv": [ 11.75, 13, 9.75, 13.25 ], "texture": "#voxels_atlas" },
				"south": { "uv": [ 11.75, 13, 13.75, 13.25 ], "texture": "#voxels_atlas" },
				"west": { "uv": [ 11.25, 10.75, 11.5, 11 ], "texture": "#voxels_atlas" },
				"east": { "uv": [ 12.75, 8.75, 12.5, 9 ], "texture": "#voxels_atlas" }
			}
		},
		{
			"__comment": "Voxels",
			"from": [ 4.5, 15, 6.5 ],
			"to": [ 8.5, 15.5, 7.5 ],
			"faces": {
				"down": { "uv": [ 11.25, 15, 13.25, 15.5 ], "texture": "#voxels_atlas" },
				"up": { "uv": [ 11.25, 16, 13.25, 15.5 ], "texture": "#voxels_atlas" },
				"north": { "uv": [ 15.75, 13, 13.75, 13.25 ], "texture": "#voxels_atlas" },
				"south": { "uv": [ 13.5, 14.75, 15.5, 15 ], "texture": "#voxels_atlas" },
				"west": { "uv": [ 13, 11.5, 13.5, 11.75 ], "texture": "#voxels_atlas" },
				"east": { "uv": [ 14, 11.5, 13.5, 11.75 ], "texture": "#voxels_atlas" }
			}
		},
		{
			"__comment": "Voxels",
			"from": [ 4.5, 15.5, 7 ],
			"to": [ 8, 16.5, 7.5 ],
			"faces": {
				"down": { "uv": [ 11.5, 12.5, 13.25, 12.75 ], "texture": "#voxels_atlas" },
				"up": { "uv": [ 9.75, 12.75, 11.5, 12.5 ], "texture": "#voxels_atlas" },
				"north": { "uv": [ 13.5, 14.5, 11.75, 15 ], "texture": "#voxels_atlas" },
				"south": { "uv": [ 10, 14.5, 11.75, 15 ], "texture": "#voxels_atlas" },
				"west": { "uv": [ 5.5, 8, 5.75, 8.5 ], "texture": "#voxels_atlas" },
				"east": { "uv": [ 6, 9, 5.75, 9.5 ], "texture": "#voxels_atlas" }
			}
		},
		{
			"__comment": "Voxels",
			"from": [ 4.5, 16, 6.5 ],
			"to": [ 8.5, 16.5, 7 ],
			"faces": {
				"down": { "uv": [ 13.5, 14.5, 15.5, 14.75 ], "texture": "#voxels_atlas" },
				"up": { "uv": [ 13.5, 14.5, 15.5, 14.25 ], "texture": "#voxels_atlas" },
				"north": { "uv": [ 10.75, 14, 8.75, 14.25 ], "texture": "#voxels_atlas" },
				"south": { "uv": [ 10.75, 14, 12.75, 14.25 ], "texture": "#voxels_atlas" },
				"west": { "uv": [ 12.25, 8.5, 12.5, 8.75 ], "texture": "#voxels_atlas" },
				"east": { "uv": [ 12.75, 8.25, 12.5, 8.5 ], "texture": "#voxels_atlas" }
			}
		},
		{
			"__comment": "Voxels",
			"from": [ 4.5, 16, 7.5 ],
			"to": [ 8.5, 16.5, 8 ],
			"faces": {
				"down": { "uv": [ 12.75, 14, 14.75, 14.25 ], "texture": "#voxels_atlas" },
				"up": { "uv": [ 8.75, 14, 10.75, 13.75 ], "texture": "#voxels_atlas" },
				"north": { "uv": [ 12.75, 13.75, 10.75, 14 ], "texture": "#voxels_atlas" },
				"south": { "uv": [ 12.75, 13.75, 14.75, 14 ], "texture": "#voxels_atlas" },
				"west": { "uv": [ 12.25, 8, 12.5, 8.25 ], "texture": "#voxels_atlas" },
				"east": { "uv": [ 6.25, 8.25, 6, 8.5 ], "texture": "#voxels_atlas" }
			}
		},
		{
			"__comment": "Voxels",
			"from": [ 5, 12, 6.5 ],
			"to": [ 8.5, 12.5, 10 ],
			"faces": {
				"down": { "uv": [ 1.5, 14.25, 3.25, 16 ], "texture": "#voxels_atlas" },
				"up": { "uv": [ 1.5, 14.25, 3.25, 12.5 ], "texture": "#voxels_atlas" },
				"north": { "uv": [ 13.25, 12.75, 11.5, 13 ], "texture": "#voxels_atlas" },
				"south": { "uv": [ 11.75, 14.25, 13.5, 14.5 ], "texture": "#voxels_atlas" },
				"west": { "uv": [ 9.75, 12.75, 11.5, 13 ], "texture": "#voxels_atlas" },
				"east": { "uv": [ 11.75, 14.25, 10, 14.5 ], "texture": "#voxels_atlas" }
			}
		},
		{
			"__comment": "Voxels",
			"from": [ 5, 12.5, 6.5 ],
			"to": [ 6.5, 13, 7 ],
			"faces": {
				"down": { "uv": [ 13, 11.75, 13.75, 12 ], "texture": "#voxels_atlas" },
				"up": { "uv": [ 13.75, 12, 14.5, 11.75 ], "texture": "#voxels_atlas" },
				"north": { "uv": [ 15.25, 11.75, 14.5, 12 ], "texture": "#voxels_atlas" },
				"south": { "uv": [ 15.25, 11.75, 16, 12 ], "texture": "#voxels_atlas" },
				"west": { "uv": [ 6, 8, 6.25, 8.25 ], "texture": "#voxels_atlas" },
				"east": { "uv": [ 6.75, 8.25, 6.5, 8.5 ], "texture": "#voxels_atlas" }
			}
		},
		{
			"__comment": "Voxels",
			"from": [ 5, 13, 6 ],
			"to": [ 6, 13.5, 6.5 ],
			"faces": {
				"down": { "uv": [ 15.5, 14.5, 16, 14.75 ], "texture": "#voxels_atlas" },
				"up": { "uv": [ 15.5, 14.5, 16, 14.25 ], "texture": "#voxels_atlas" },
				"north": { "uv": [ 15.25, 11.25, 14.75, 11.5 ], "texture": "#voxels_atlas" },
				"south": { "uv": [ 14.25, 11.25, 14.75, 11.5 ], "texture": "#voxels_atlas" },
				"west": { "uv": [ 7.25, 9.25, 7.5, 9.5 ], "texture": "#voxels_atlas" },
				"east": { "uv": [ 7.25, 8.5, 7, 8.75 ], "texture": "#voxels_atlas" }
			}
		},
		{
			"__comment": "Voxels",
			"from": [ 5, 13, 7 ],
			"to": [ 8.5, 13.5, 10 ],
			"faces": {
				"down": { "uv": [ 1.5, 11, 3.25, 12.5 ], "texture": "#voxels_atlas" },
				"up": { "uv": [ 1.5, 9.5, 3.25, 8 ], "texture": "#voxels_atlas" },
				"north": { "uv": [ 11.5, 11.75, 9.75, 12 ], "texture": "#voxels_atlas" },
				"south": { "uv": [ 9.75, 11.5, 11.5, 11.75 ], "texture": "#voxels_atlas" },
				"west": { "uv": [ 9.75, 10.75, 11.25, 11 ], "texture": "#voxels_atlas" },
				"east": { "uv": [ 11.25, 10.25, 9.75, 10.5 ], "texture": "#voxels_atlas" }
			}
		},
		{
			"__comment": "Voxels",
			"from": [ 5, 13.5, 6.5 ],
			"to": [ 6, 14, 7.5 ],
			"faces": {
				"down": { "uv": [ 0.75, 8, 1.25, 8.5 ], "texture": "#voxels_atlas" },
				"up": { "uv": [ 4.5, 10, 5, 9.5 ], "texture": "#voxels_atlas" },
				"north": { "uv": [ 14.25, 11.25, 13.75, 11.5 ], "texture": "#voxels_atlas" },
				"south": { "uv": [ 13.25, 11.25, 13.75, 11.5 ], "texture": "#voxels_atlas" },
				"west": { "uv": [ 12.75, 11.25, 13.25, 11.5 ], "texture": "#voxels_atlas" },
				"east": { "uv": [ 11.5, 8.25, 11, 8.5 ], "texture": "#voxels_atlas" }
			}
		},
		{
			"__comment": "Voxels",
			"from": [ 5, 14, 6 ],
			"to": [ 6, 14.5, 6.5 ],
			"faces": {
				"down": { "uv": [ 11, 8.5, 11.5, 8.75 ], "texture": "#voxels_atlas" },
				"up": { "uv": [ 14, 11.75, 14.5, 11.5 ], "texture": "#voxels_atlas" },
				"north": { "uv": [ 11.5, 9.75, 11, 10 ], "texture": "#voxels_atlas" },
				"south": { "uv": [ 15.5, 11.5, 16, 11.75 ], "texture": "#voxels_atlas" },
				"west": { "uv": [ 7, 9.25, 7.25, 9.5 ], "texture": "#voxels_atlas" },
				"east": { "uv": [ 7, 9, 6.75, 9.25 ], "texture": "#voxels_atlas" }
			}
		},
		{
			"__comment": "Voxels",
			"from": [ 5, 14, 7 ],
			"to": [ 8.5, 14.5, 10 ],
			"faces": {
				"down": { "uv": [ 3.25, 14.5, 5, 16 ], "texture": "#voxels_atlas" },
				"up": { "uv": [ 1.5, 11, 3.25, 9.5 ], "texture": "#voxels_atlas" },
				"north": { "uv": [ 11.5, 12, 9.75, 12.25 ], "texture": "#voxels_atlas" },
				"south": { "uv": [ 13.25, 12.75, 15, 13 ], "texture": "#voxels_atlas" },
				"west": { "uv": [ 14.5, 15, 16, 15.25 ], "texture": "#voxels_atlas" },
				"east": { "uv": [ 11.25, 10.5, 9.75, 10.75 ], "texture": "#voxels_atlas" }
			}
		},
		{
			"__comment": "Voxels",
			"from": [ 5, 14.5, 6.5 ],
			"to": [ 6.5, 15, 7.5 ],
			"faces": {
				"down": { "uv": [ 0.75, 9, 1.5, 9.5 ], "texture": "#voxels_atlas" },
				"up": { "uv": [ 0.75, 9, 1.5, 8.5 ], "texture": "#voxels_atlas" },
				"north": { "uv": [ 12.25, 10.5, 11.5, 10.75 ], "texture": "#voxels_atlas" },
				"south": { "uv": [ 11.5, 10.25, 12.25, 10.5 ], "texture": "#voxels_atlas" },
				"west": { "uv": [ 11, 10, 11.5, 10.25 ], "texture": "#voxels_atlas" },
				"east": { "uv": [ 11.5, 9.5, 11, 9.75 ], "texture": "#voxels_atlas" }
			}
		},
		{
			"__comment": "Voxels",
			"from": [ 5, 15, 6 ],
			"to": [ 6.5, 16.5, 6.5 ],
			"faces": {
				"down": { "uv": [ 11.5, 11.5, 12.25, 11.75 ], "texture": "#voxels_atlas" },
				"up": { "uv": [ 12.25, 12, 13, 11.75 ], "texture": "#voxels_atlas" },
				"north": { "uv": [ 0.75, 8, 0, 8.75 ], "texture": "#voxels_atlas" },
				"south": { "uv": [ 0, 8.75, 0.75, 9.5 ], "texture": "#voxels_atlas" },
				"west": { "uv": [ 5, 8, 5.25, 8.75 ], "texture": "#voxels_atlas" },
				"east": { "uv": [ 5.25, 8.75, 5, 9.5 ], "texture": "#voxels_atlas" }
			}
		},
		{
			"__comment": "Voxels",
			"from": [ 5, 15, 7.5 ],
			"to": [ 8.5, 15.5, 10 ],
			"faces": {
				"down": { "uv": [ 3.25, 13.25, 5, 14.5 ], "texture": "#voxels_atlas" },
				"up": { "uv": [ 3.25, 13.25, 5, 12 ], "texture": "#voxels_atlas" },
				"north": { "uv": [ 11.5, 11.25, 9.75, 11.5 ], "texture": "#voxels_atlas" },
				"south": { "uv": [ 9.75, 11, 11.5, 11.25 ], "texture": "#voxels_atlas" },
				"west": { "uv": [ 9.75, 8.25, 11, 8.5 ], "texture": "#voxels_atlas" },
				"east": { "uv": [ 11, 8, 9.75, 8.25 ], "texture": "#voxels_atlas" }
			}
		},
		{
			"__comment": "Voxels",
			"from": [ 5, 15.5, 6.5 ],
			"to": [ 7, 16, 7 ],
			"faces": {
				"down": { "uv": [ 8.75, 12.25, 9.75, 12.5 ], "texture": "#voxels_atlas" },
				"up": { "uv": [ 8.75, 11.25, 9.75, 11 ], "texture": "#voxels_atlas" },
				"north": { "uv": [ 9.75, 12, 8.75, 12.25 ], "texture": "#voxels_atlas" },
				"south": { "uv": [ 8.75, 11.75, 9.75, 12 ], "texture": "#voxels_atlas" },
				"west": { "uv": [ 6.25, 9, 6.5, 9.25 ], "texture": "#voxels_atlas" },
				"east": { "uv": [ 6.5, 9.25, 6.25, 9.5 ], "texture": "#voxels_atlas" }
			}
		},
		{
			"__comment": "Voxels",
			"from": [ 5, 16, 8 ],
			"to": [ 8.5, 16.5, 10 ],
			"faces": {
				"down": { "uv": [ 3.25, 10, 5, 11 ], "texture": "#voxels_atlas" },
				"up": { "uv": [ 3.25, 12, 5, 11 ], "texture": "#voxels_atlas" },
				"north": { "uv": [ 15, 12.5, 13.25, 12.75 ], "texture": "#voxels_atlas" },
				"south": { "uv": [ 9.75, 12.25, 11.5, 12.5 ], "texture": "#voxels_atlas" },
				"west": { "uv": [ 8.75, 11.5, 9.75, 11.75 ], "texture": "#voxels_atlas" },
				"east": { "uv": [ 9.75, 11.25, 8.75, 11.5 ], "texture": "#voxels_atlas" }
			}
		},
		{
			"__comment": "Voxels",
			"from": [ 5, 16.5, 6.5 ],
			"to": [ 7.5, 17, 8 ],
			"faces": {
				"down": { "uv": [ 8.75, 14.25, 10, 15 ], "texture": "#voxels_atlas" },
				"up": { "uv": [ 14.5, 16, 15.75, 15.25 ], "texture": "#voxels_atlas" },
				"north": { "uv": [ 11, 10, 9.75, 10.25 ], "texture": "#voxels_atlas" },
				"south": { "uv": [ 14.75, 13.5, 16, 13.75 ], "texture": "#voxels_atlas" },
				"west": { "uv": [ 11.5, 9.5, 12.25, 9.75 ], "texture": "#voxels_atlas" },
				"east": { "uv": [ 12.25, 9.75, 11.5, 10 ], "texture": "#voxels_atlas" }
			}
		},
		{
			"__comment": "Voxels",
			"from": [ 5.5, 11, 6 ],
			"to": [ 6, 12, 6.5 ],
			"faces": {
				"down": { "uv": [ 6.5, 9, 6.75, 9.25 ], "texture": "#voxels_atlas" },
				"up": { "uv": [ 6.5, 9.5, 6.75, 9.25 ], "texture": "#voxels_atlas" },
				"north": { "uv": [ 5.5, 9, 5.25, 9.5 ], "texture": "#voxels_atlas" },
				"south": { "uv": [ 1.25, 8, 1.5, 8.5 ], "texture": "#voxels_atlas" },
				"west": { "uv": [ 5.75, 8, 6, 8.5 ], "texture": "#voxels_atlas" },
				"east": { "uv": [ 6, 8.5, 5.75, 9 ], "texture": "#voxels_atlas" }
			}
		},
		{
			"__comment": "Voxels",
			"from": [ 5.5, 11.5, 7 ],
			"to": [ 8, 12, 9.5 ],
			"faces": {
				"down": { "uv": [ 7.5, 13.5, 8.75, 14.75 ], "texture": "#voxels_atlas" },
				"up": { "uv": [ 7.5, 13.5, 8.75, 12.25 ], "texture": "#voxels_atlas" },
				"north": { "uv": [ 11, 9, 9.75, 9.25 ], "texture": "#voxels_atlas" },
				"south": { "uv": [ 11.5, 12, 12.75, 12.25 ], "texture": "#voxels_atlas" },
				"west": { "uv": [ 11.5, 12.25, 12.75, 12.5 ], "texture": "#voxels_atlas" },
				"east": { "uv": [ 15.25, 12.25, 14, 12.5 ], "texture": "#voxels_atlas" }
			}
		},
		{
			"__comment": "Voxels",
			"from": [ 5.5, 12.5, 7 ],
			"to": [ 8, 13, 9.5 ],
			"faces": {
				"down": { "uv": [ 3.25, 8.75, 4.5, 10 ], "texture": "#voxels_atlas" },
				"up": { "uv": [ 7.5, 16, 8.75, 14.75 ], "texture": "#voxels_atlas" },
				"north": { "uv": [ 11, 9.25, 9.75, 9.5 ], "texture": "#voxels_atlas" },
				"south": { "uv": [ 12.75, 12.25, 14, 12.5 ], "texture": "#voxels_atlas" },
				"west": { "uv": [ 9.75, 9.75, 11, 10 ], "texture": "#voxels_atlas" },
				"east": { "uv": [ 11, 9.5, 9.75, 9.75 ], "texture": "#voxels_atlas" }
			}
		},
		{
			"__comment": "Voxels",
			"from": [ 5.5, 13.5, 7.5 ],
			"to": [ 8, 14, 9.5 ],
			"faces": {
				"down": { "uv": [ 7.5, 9.25, 8.75, 10.25 ], "texture": "#voxels_atlas" },
				"up": { "uv": [ 7.5, 12.25, 8.75, 11.25 ], "texture": "#voxels_atlas" },
				"north": { "uv": [ 8.75, 8, 7.5, 8.25 ], "texture": "#voxels_atlas" },
				"south": { "uv": [ 13.25, 15, 14.5, 15.25 ], "texture": "#voxels_atlas" },
				"west": { "uv": [ 8.75, 10.75, 9.75, 11 ], "texture": "#voxels_atlas" },
				"east": { "uv": [ 9.75, 10.5, 8.75, 10.75 ], "texture": "#voxels_atlas" }
			}
		},
		{
			"__comment": "Voxels",
			"from": [ 5.5, 14.5, 7.5 ],
			"to": [ 8, 15, 9.5 ],
			"faces": {
				"down": { "uv": [ 8.75, 15, 10, 16 ], "texture": "#voxels_atlas" },
				"up": { "uv": [ 7.5, 11.25, 8.75, 10.25 ], "texture": "#voxels_atlas" },
				"north": { "uv": [ 15.25, 12, 14, 12.25 ], "texture": "#voxels_atlas" },
				"south": { "uv": [ 12.75, 12, 14, 12.25 ], "texture": "#voxels_atlas" },
				"west": { "uv": [ 8.75, 10.25, 9.75, 10.5 ], "texture": "#voxels_atlas" },
				"east": { "uv": [ 9.75, 10, 8.75, 10.25 ], "texture": "#voxels_atlas" }
			}
		},
		{
			"__comment": "Voxels",
			"from": [ 5.5, 15, 10 ],
			"to": [ 6, 16.5, 10.5 ],
			"faces": {
				"down": { "uv": [ 6.25, 8.25, 6.5, 8.5 ], "texture": "#voxels_atlas" },
				"up": { "uv": [ 6.25, 8.25, 6.5, 8 ], "texture": "#voxels_atlas" },
				"north": { "uv": [ 4.75, 8.75, 4.5, 9.5 ], "texture": "#voxels_atlas" },
				"south": { "uv": [ 4.75, 8.75, 5, 9.5 ], "texture": "#voxels_atlas" },
				"west": { "uv": [ 4.5, 8, 4.75, 8.75 ], "texture": "#voxels_atlas" },
				"east": { "uv": [ 5, 8, 4.75, 8.75 ], "texture": "#voxels_atlas" }
			}
		},
		{
			"__comment": "Voxels",
			"from": [ 5.5, 15.5, 7.5 ],
			"to": [ 8, 16, 9.5 ],
			"faces": {
				"down": { "uv": [ 10, 15, 11.25, 16 ], "texture": "#voxels_atlas" },
				"up": { "uv": [ 7.5, 9.25, 8.75, 8.25 ], "texture": "#voxels_atlas" },
				"north": { "uv": [ 16, 13.75, 14.75, 14 ], "texture": "#voxels_atlas" },
				"south": { "uv": [ 14.75, 14, 16, 14.25 ], "texture": "#voxels_atlas" },
				"west": { "uv": [ 8.75, 9.75, 9.75, 10 ], "texture": "#voxels_atlas" },
				"east": { "uv": [ 9.75, 9.5, 8.75, 9.75 ], "texture": "#voxels_atlas" }
			}
		},
		{
			"__comment": "Voxels",
			"from": [ 5.5, 16.5, 8 ],
			"to": [ 8, 17, 9.5 ],
			"faces": {
				"down": { "uv": [ 13.25, 15.25, 14.5, 16 ], "texture": "#voxels_atlas" },
				"up": { "uv": [ 3.25, 8.75, 4.5, 8 ], "texture": "#voxels_atlas" },
				"north": { "uv": [ 11, 8.5, 9.75, 8.75 ], "texture": "#voxels_atlas" },
				"south": { "uv": [ 9.75, 8.75, 11, 9 ], "texture": "#voxels_atlas" },
				"west": { "uv": [ 11.5, 11.75, 12.25, 12 ], "texture": "#voxels_atlas" },
				"east": { "uv": [ 12.25, 10, 11.5, 10.25 ], "texture": "#voxels_atlas" }
			}
		},
		{
			"__comment": "Voxels",
			"from": [ 5.5, 16.5, 9.5 ],
			"to": [ 6.5, 17, 10 ],
			"faces": {
				"down": { "uv": [ 11, 9.25, 11.5, 9.5 ], "texture": "#voxels_atlas" },
				"up": { "uv": [ 11, 9.25, 11.5, 9 ], "texture": "#voxels_atlas" },
				"north": { "uv": [ 11.5, 8.75, 11, 9 ], "texture": "#voxels_atlas" },
				"south": { "uv": [ 11, 8, 11.5, 8.25 ], "texture": "#voxels_atlas" },
				"west": { "uv": [ 6.5, 8, 6.75, 8.25 ], "texture": "#voxels_atlas" },
				"east": { "uv": [ 7, 9.25, 6.75, 9.5 ], "texture": "#voxels_atlas" }
			}
		},
		{
			"__comment": "Voxels",
			"from": [ 5.5, 17, 7 ],
			"to": [ 7.5, 17.5, 8 ],
			"faces": {
				"down": { "uv": [ 8.75, 12.5, 9.75, 13 ], "texture": "#voxels_atlas" },
				"up": { "uv": [ 8.75, 13.5, 9.75, 13 ], "texture": "#voxels_atlas" },
				"north": { "uv": [ 9.75, 9.25, 8.75, 9.5 ], "texture": "#voxels_atlas" },
				"south": { "uv": [ 8.75, 9, 9.75, 9.25 ], "texture": "#voxels_atlas" },
				"west": { "uv": [ 12.25, 11, 12.75, 11.25 ], "texture": "#voxels_atlas" },
				"east": { "uv": [ 16, 14.75, 15.5, 15 ], "texture": "#voxels_atlas" }
			}
		},
		{
			"__comment": "Voxels",
			"from": [ 5.5, 17, 8.5 ],
			"to": [ 7, 17.5, 9 ],
			"faces": {
				"down": { "uv": [ 15, 12.5, 15.75, 12.75 ], "texture": "#voxels_atlas" },
				"up": { "uv": [ 11.5, 11.5, 12.25, 11.25 ], "texture": "#voxels_atlas" },
				"north": { "uv": [ 12.25, 11, 11.5, 11.25 ], "texture": "#voxels_atlas" },
				"south": { "uv": [ 11.5, 10.75, 12.25, 11 ], "texture": "#voxels_atlas" },
				"west": { "uv": [ 7, 9, 7.25, 9.25 ], "texture": "#voxels_atlas" },
				"east": { "uv": [ 7.25, 8.75, 7, 9 ], "texture": "#voxels_atlas" }
			}
		},
		{
			"__comment": "Voxels",
			"from": [ 5.5, 17, 9 ],
			"to": [ 6, 17.5, 9.5 ],
			"faces": {
				"down": { "uv": [ 7.25, 8.75, 7.5, 9 ], "texture": "#voxels_atlas" },
				"up": { "uv": [ 7.25, 8.75, 7.5, 8.5 ], "texture": "#voxels_atlas" },
				"north": { "uv": [ 7.5, 8.25, 7.25, 8.5 ], "texture": "#voxels_atlas" },
				"south": { "uv": [ 7.25, 8, 7.5, 8.25 ], "texture": "#voxels_atlas" },
				"west": { "uv": [ 15.75, 15.75, 16, 16 ], "texture": "#voxels_atlas" },
				"east": { "uv": [ 16, 15.5, 15.75, 15.75 ], "texture": "#voxels_atlas" }
			}
		},
		{
			"__comment": "Voxels",
			"from": [ 6, -1.5, 8 ],
			"to": [ 7.5, 11.5, 8.5 ],
			"faces": {
				"down": { "uv": [ 15.25, 12.25, 16, 12.5 ], "texture": "#voxels_atlas" },
				"up": { "uv": [ 15.25, 12.25, 16, 12 ], "texture": "#voxels_atlas" },
				"north": { "uv": [ 1.5, 9.5, 0.75, 16 ], "texture": "#voxels_atlas" },
				"south": { "uv": [ 0, 9.5, 0.75, 16 ], "texture": "#voxels_atlas" },
				"west": { "uv": [ 5.75, 9.5, 6, 16 ], "texture": "#voxels_atlas" },
				"east": { "uv": [ 7, 9.5, 6.75, 16 ], "texture": "#voxels_atlas" }
			}
		},
		{
			"__comment": "Voxels",
			"from": [ 6, 11.5, 6 ],
			"to": [ 6.5, 12.5, 6.5 ],
			"faces": {
				"down": { "uv": [ 15.75, 12.5, 16, 12.75 ], "texture": "#voxels_atlas" },
				"up": { "uv": [ 7.25, 9.25, 7.5, 9 ], "texture": "#voxels_atlas" },
				"north": { "uv": [ 5.5, 8.5, 5.25, 9 ], "texture": "#voxels_atlas" },
				"south": { "uv": [ 5.25, 8, 5.5, 8.5 ], "texture": "#voxels_atlas" },
				"west": { "uv": [ 5.5, 9, 5.75, 9.5 ], "texture": "#voxels_atlas" },
				"east": { "uv": [ 5.75, 8.5, 5.5, 9 ], "texture": "#voxels_atlas" }
			}
		},
		{
			"__comment": "Voxels",
			"from": [ 6, 13.5, 7 ],
			"to": [ 8, 14, 7.5 ],
			"faces": {
				"down": { "uv": [ 8.75, 8.75, 9.75, 9 ], "texture": "#voxels_atlas" },
				"up": { "uv": [ 8.75, 8.75, 9.75, 8.5 ], "texture": "#voxels_atlas" },
				"north": { "uv": [ 9.75, 8.25, 8.75, 8.5 ], "texture": "#voxels_atlas" },
				"south": { "uv": [ 8.75, 8, 9.75, 8.25 ], "texture": "#voxels_atlas" },
				"west": { "uv": [ 6.25, 8.75, 6.5, 9 ], "texture": "#voxels_atlas" },
				"east": { "uv": [ 6.5, 8.5, 6.25, 8.75 ], "texture": "#voxels_atlas" }
			}
		},
		{
			"__comment": "Voxels",
			"from": [ 6, 17, 8 ],
			"to": [ 7.5, 17.5, 8.5 ],
			"faces": {
				"down": { "uv": [ 11.5, 9.25, 12.25, 9.5 ], "texture": "#voxels_atlas" },
				"up": { "uv": [ 11.5, 9.25, 12.25, 9 ], "texture": "#voxels_atlas" },
				"north": { "uv": [ 12.25, 8.75, 11.5, 9 ], "texture": "#voxels_atlas" },
				"south": { "uv": [ 15, 12.75, 15.75, 13 ], "texture": "#voxels_atlas" },
				"west": { "uv": [ 6.5, 8.75, 6.75, 9 ], "texture": "#voxels_atlas" },
				"east": { "uv": [ 6.75, 8.5, 6.5, 8.75 ], "texture": "#voxels_atlas" }
			}
		},
		{
			"__comment": "Voxels",
			"from": [ 6, 17.5, 8 ],
			"to": [ 7, 18, 8.5 ],
			"faces": {
				"down": { "uv": [ 14.5, 11.5, 15, 11.75 ], "texture": "#voxels_atlas" },
				"up": { "uv": [ 15, 11.75, 15.5, 11.5 ], "texture": "#voxels_atlas" },
				"north": { "uv": [ 15.75, 11.25, 15.25, 11.5 ], "texture": "#voxels_atlas" },
				"south": { "uv": [ 12.25, 11.25, 12.75, 11.5 ], "texture": "#voxels_atlas" },
				"west": { "uv": [ 6.75, 8.75, 7, 9 ], "texture": "#voxels_atlas" },
				"east": { "uv": [ 7, 8.5, 6.75, 8.75 ], "texture": "#voxels_atlas" }
			}
		},
		{
			"__comment": "Voxels",
			"from": [ 6.5, -1.5, 7.5 ],
			"to": [ 7, 11.5, 8 ],
			"faces": {
				"down": { "uv": [ 6.75, 8.25, 7, 8.5 ], "texture": "#voxels_atlas" },
				"up": { "uv": [ 6.75, 8.25, 7, 8 ], "texture": "#voxels_atlas" },
				"north": { "uv": [ 5.75, 9.5, 5.5, 16 ], "texture": "#voxels_atlas" },
				"south": { "uv": [ 6, 9.5, 6.25, 16 ], "texture": "#voxels_atlas" },
				"west": { "uv": [ 6.5, 9.5, 6.75, 16 ], "texture": "#voxels_atlas" },
				"east": { "uv": [ 6.5, 9.5, 6.25, 16 ], "texture": "#voxels_atlas" }
			}
		},
		{
			"__comment": "Voxels",
			"from": [ 6.5, -1.5, 8.5 ],
			"to": [ 7, 11.5, 9 ],
			"faces": {
				"down": { "uv": [ 7, 8.25, 7.25, 8.5 ], "texture": "#voxels_atlas" },
				"up": { "uv": [ 7, 8.25, 7.25, 8 ], "texture": "#voxels_atlas" },
				"north": { "uv": [ 7.25, 9.5, 7, 16 ], "texture": "#voxels_atlas" },
				"south": { "uv": [ 5, 9.5, 5.25, 16 ], "texture": "#voxels_atlas" },
				"west": { "uv": [ 5.25, 9.5, 5.5, 16 ], "texture": "#voxels_atlas" },
				"east": { "uv": [ 7.5, 9.5, 7.25, 16 ], "texture": "#voxels_atlas" }
			}
		},
		{
			"__comment": "Voxels",
			"from": [ 6.5, 14.5, 7 ],
			"to": [ 8, 15, 7.5 ],
			"faces": {
				"down": { "uv": [ 11.5, 8.25, 12.25, 8.5 ], "texture": "#voxels_atlas" },
				"up": { "uv": [ 11.5, 8.25, 12.25, 8 ], "texture": "#voxels_atlas" },
				"north": { "uv": [ 12.25, 8.5, 11.5, 8.75 ], "texture": "#voxels_atlas" },
				"south": { "uv": [ 12.25, 11.5, 13, 11.75 ], "texture": "#voxels_atlas" },
				"west": { "uv": [ 15.75, 15.25, 16, 15.5 ], "texture": "#voxels_atlas" },
				"east": { "uv": [ 16, 13.25, 15.75, 13.5 ], "texture": "#voxels_atlas" }
			}
		},
		{
			"__comment": "Voxels",
			"from": [ 6.5, 16, 6 ],
			"to": [ 7.5, 16.5, 6.5 ],
			"faces": {
				"down": { "uv": [ 12.25, 10.75, 12.75, 11 ], "texture": "#voxels_atlas" },
				"up": { "uv": [ 12.25, 10.75, 12.75, 10.5 ], "texture": "#voxels_atlas" },
				"north": { "uv": [ 12.75, 10.25, 12.25, 10.5 ], "texture": "#voxels_atlas" },
				"south": { "uv": [ 12.25, 10, 12.75, 10.25 ], "texture": "#voxels_atlas" },
				"west": { "uv": [ 11.25, 10.5, 11.5, 10.75 ], "texture": "#voxels_atlas" },
				"east": { "uv": [ 11.5, 10.25, 11.25, 10.5 ], "texture": "#voxels_atlas" }
			}
		},
		{
			"__comment": "Voxels",
			"from": [ 6.5, 17.5, 7.5 ],
			"to": [ 7, 18, 8 ],
			"faces": {
				"down": { "uv": [ 15.75, 11.25, 16, 11.5 ], "texture": "#voxels_atlas" },
				"up": { "uv": [ 12.25, 9.5, 12.5, 9.25 ], "texture": "#voxels_atlas" },
				"north": { "uv": [ 12.75, 9.25, 12.5, 9.5 ], "texture": "#voxels_atlas" },
				"south": { "uv": [ 12.25, 9, 12.5, 9.25 ], "texture": "#voxels_atlas" },
				"west": { "uv": [ 12.5, 9, 12.75, 9.25 ], "texture": "#voxels_atlas" },
				"east": { "uv": [ 12.5, 8.75, 12.25, 9 ], "texture": "#voxels_atlas" }
			}
		},
		{
			"__comment": "Voxels",
			"from": [ 7.5, 16.5, 7 ],
			"to": [ 8, 17, 8 ],
			"faces": {
				"down": { "uv": [ 6, 9, 6.25, 9.5 ], "texture": "#voxels_atlas" },
				"up": { "uv": [ 6, 9, 6.25, 8.5 ], "texture": "#voxels_atlas" },
				"north": { "uv": [ 12.75, 8.5, 12.5, 8.75 ], "texture": "#voxels_atlas" },
				"south": { "uv": [ 12.25, 8.25, 12.5, 8.5 ], "texture": "#voxels_atlas" },
				"west": { "uv": [ 12.25, 9.75, 12.75, 10 ], "texture": "#voxels_atlas" },
				"east": { "uv": [ 12.75, 9.5, 12.25, 9.75 ], "texture": "#voxels_atlas" }
			}
		},
		{
			"__comment": "Voxels",
			"from": [ 8, 16, 7 ],
			"to": [ 8.5, 16.5, 7.5 ],
			"faces": {
				"down": { "uv": [ 12.5, 8, 12.75, 8.25 ], "texture": "#voxels_atlas" },
				"up": { "uv": [ 12.75, 11.25, 13, 11 ], "texture": "#voxels_atlas" },
				"north": { "uv": [ 13.25, 11, 13, 11.25 ], "texture": "#voxels_atlas" },
				"south": { "uv": [ 13.25, 11, 13.5, 11.25 ], "texture": "#voxels_atlas" },
				"west": { "uv": [ 13.5, 11, 13.75, 11.25 ], "texture": "#voxels_atlas" },
				"east": { "uv": [ 14, 11, 13.75, 11.25 ], "texture": "#voxels_atlas" }
			}
		}
	],
	"display": {
		"thirdperson_righthand": {
			"translation":  [ 1.3913, 4.6376, 1.1594 ]
		},
		"thirdperson_lefthand": {
			"translation":  [ -1.391, 4.6376, 1.1594 ]
		},
		"firstperson_righthand": {
			"translation":  [ 0.9275, 0.9275, 0.9275 ]
		},
		"firstperson_lefthand": {
			"translation":  [ 0, 0.9275, 0 ]
		},
		"gui": {
			"rotation":  [ 0, 0, 45 ],
			"translation":  [ 0.9275, 0.9275, 0 ],
			"scale":  [ 0.8, 0.8, 0.8 ]
		},
		"head": {
			"rotation":  [ 0, 0, -45 ],
			"translation":  [ 3.7101, -17.15, 4.6376 ],
			"scale":  [ 2, 2, 2 ]
		},
		"ground": {
			"translation":  [ 0, 7.8831, 0 ]
		},
		"fixed": {
			"rotation":  [ 0, 0, -45 ],
			"translation":  [ 0, -1.39, 0 ]
		}
	}
}