{
	"credit": "Made with Blockbench",
	"textures": {
		"0": "blocks/shulker_top_green",
		"particle": "shulker_top_green"
	},
	"elements": [
		{
			"from": [5.35, 22.55, 8.75],
			"to": [10.35, 23.05, 15.75],
			"rotation": {"angle": 0, "axis": "y", "origin": [0.1, 17.3, 8.75]},
			"faces": {
				"north": {"uv": [0, 0, 4, 2], "texture": "#0"},
				"east": {"uv": [0, 0, 4, 2], "texture": "#0"},
				"south": {"uv": [0, 0, 4, 2], "texture": "#0"},
				"west": {"uv": [0, 0, 4, 2], "texture": "#0"},
				"up": {"uv": [0, 0, 4, 2], "texture": "#0"},
				"down": {"uv": [0, 0, 4, 2], "texture": "#0"}
			}
		},
		{
			"from": [5.20006, 20.9786, 8.75],
			"to": [7.95006, 21.4786, 15.75],
			"rotation": {"angle": 22.5, "axis": "z", "origin": [2.70006, 15.7286, 8.75]},
			"faces": {
				"north": {"uv": [0, 0, 5.75, 4], "texture": "#0"},
				"east": {"uv": [0, 0, 5.75, 4], "texture": "#0"},
				"south": {"uv": [0, 0, 5.75, 4], "texture": "#0"},
				"west": {"uv": [0, 0, 5.75, 4], "texture": "#0"},
				"up": {"uv": [0, 0, 5.75, 4], "texture": "#0"},
				"down": {"uv": [0, 0, 5.75, 4], "texture": "#0"}
			}
		},
		{
			"from": [4.85743, 21.41399, 8.75],
			"to": [7.60743, 21.91399, 15.75],
			"rotation": {"angle": 45, "axis": "z", "origin": [5.10743, 16.16399, 8.75]},
			"faces": {
				"north": {"uv": [0, 0, 5.75, 4], "texture": "#0"},
				"east": {"uv": [0, 0, 5.75, 4], "texture": "#0"},
				"south": {"uv": [0, 0, 5.75, 4], "texture": "#0"},
				"west": {"uv": [0, 0, 5.75, 4], "texture": "#0"},
				"up": {"uv": [0, 0, 5.75, 4], "texture": "#0"},
				"down": {"uv": [0, 0, 5.75, 4], "texture": "#0"}
			}
		},
		{
			"from": [8.09257, 21.41399, 8.75],
			"to": [10.84257, 21.91399, 15.75],
			"rotation": {"angle": -45, "axis": "z", "origin": [10.59257, 16.16399, 8.75]},
			"faces": {
				"north": {"uv": [5.75, 0, 1.5, 2], "texture": "#0"},
				"east": {"uv": [5.75, 0, 1.5, 2], "texture": "#0"},
				"south": {"uv": [5.75, 0, 1.5, 2], "texture": "#0"},
				"west": {"uv": [5.75, 0, 1.5, 2], "texture": "#0"},
				"up": {"uv": [5.75, 0, 1.5, 2], "texture": "#0"},
				"down": {"uv": [5.75, 0, 1.5, 2], "texture": "#0"}
			}
		},
		{
			"from": [7.74994, 20.9786, 8.75],
			"to": [10.49994, 21.4786, 15.75],
			"rotation": {"angle": -22.5, "axis": "z", "origin": [12.99994, 15.7286, 8.75]},
			"faces": {
				"north": {"uv": [5.75, 0, 1.5, 2], "texture": "#0"},
				"east": {"uv": [5.75, 0, 1.5, 2], "texture": "#0"},
				"south": {"uv": [5.75, 0, 1.5, 2], "texture": "#0"},
				"west": {"uv": [5.75, 0, 1.5, 2], "texture": "#0"},
				"up": {"uv": [5.75, 0, 1.5, 2], "texture": "#0"},
				"down": {"uv": [5.75, 0, 1.5, 2], "texture": "#0"}
			}
		},
		{
			"from": [8.09331, 21.30259, 12.25],
			"to": [10.56831, 21.75259, 18.55],
			"rotation": {"angle": -45, "axis": "z", "origin": [10.34331, 16.57759, 12.25]},
			"faces": {
				"north": {"uv": [5.75, 0, 1.5, 2], "texture": "#0"},
				"east": {"uv": [5.75, 0, 1.5, 2], "texture": "#0"},
				"south": {"uv": [5.75, 0, 1.5, 2], "texture": "#0"},
				"west": {"uv": [5.75, 0, 1.5, 2], "texture": "#0"},
				"up": {"uv": [5.75, 0, 1.5, 2], "texture": "#0"},
				"down": {"uv": [5.75, 0, 1.5, 2], "texture": "#0"}
			}
		},
		{
			"from": [7.78494, 20.91074, 12.25],
			"to": [10.25994, 21.36074, 18.55],
			"rotation": {"angle": -22.5, "axis": "z", "origin": [12.50994, 16.18574, 12.25]},
			"faces": {
				"north": {"uv": [5.75, 0, 1.5, 2], "texture": "#0"},
				"east": {"uv": [5.75, 0, 1.5, 2], "texture": "#0"},
				"south": {"uv": [5.75, 0, 1.5, 2], "texture": "#0"},
				"west": {"uv": [5.75, 0, 1.5, 2], "texture": "#0"},
				"up": {"uv": [5.75, 0, 1.5, 2], "texture": "#0"},
				"down": {"uv": [5.75, 0, 1.5, 2], "texture": "#0"}
			}
		},
		{
			"from": [5.625, 22.325, 12.25],
			"to": [10.125, 22.775, 18.55],
			"rotation": {"angle": 0, "axis": "y", "origin": [0.9, 17.6, 12.25]},
			"faces": {
				"north": {"uv": [0, 0, 4, 2], "texture": "#0"},
				"east": {"uv": [0, 0, 4, 2], "texture": "#0"},
				"south": {"uv": [0, 0, 4, 2], "texture": "#0"},
				"west": {"uv": [0, 0, 4, 2], "texture": "#0"},
				"up": {"uv": [0, 0, 4, 2], "texture": "#0"},
				"down": {"uv": [0, 0, 4, 2], "texture": "#0"}
			}
		},
		{
			"from": [5.49006, 20.91074, 12.25],
			"to": [7.96506, 21.36074, 18.55],
			"rotation": {"angle": 22.5, "axis": "z", "origin": [3.24006, 16.18574, 12.25]},
			"faces": {
				"north": {"uv": [0, 0, 5.75, 4], "texture": "#0"},
				"east": {"uv": [0, 0, 5.75, 4], "texture": "#0"},
				"south": {"uv": [0, 0, 5.75, 4], "texture": "#0"},
				"west": {"uv": [0, 0, 5.75, 4], "texture": "#0"},
				"up": {"uv": [0, 0, 5.75, 4], "texture": "#0"},
				"down": {"uv": [0, 0, 5.75, 4], "texture": "#0"}
			}
		},
		{
			"from": [5.18169, 21.30259, 12.25],
			"to": [7.65669, 21.75259, 18.55],
			"rotation": {"angle": 45, "axis": "z", "origin": [5.40669, 16.57759, 12.25]},
			"faces": {
				"north": {"uv": [0, 0, 5.75, 4], "texture": "#0"},
				"east": {"uv": [0, 0, 5.75, 4], "texture": "#0"},
				"south": {"uv": [0, 0, 5.75, 4], "texture": "#0"},
				"west": {"uv": [0, 0, 5.75, 4], "texture": "#0"},
				"up": {"uv": [0, 0, 5.75, 4], "texture": "#0"},
				"down": {"uv": [0, 0, 5.75, 4], "texture": "#0"}
			}
		},
		{
			"from": [8.09412, 21.13228, 15.27],
			"to": [10.02212, 21.52828, 20.814],
			"rotation": {"angle": -45, "axis": "z", "origin": [10.07412, 16.97428, 15.27]},
			"faces": {
				"north": {"uv": [5.75, 0, 1.5, 2], "texture": "#0"},
				"east": {"uv": [5.75, 0, 1.5, 2], "texture": "#0"},
				"south": {"uv": [5.75, 0, 1.5, 2], "texture": "#0"},
				"west": {"uv": [5.75, 0, 1.5, 2], "texture": "#0"},
				"up": {"uv": [5.75, 0, 1.5, 2], "texture": "#0"},
				"down": {"uv": [5.75, 0, 1.5, 2], "texture": "#0"}
			}
		},
		{
			"from": [7.82275, 20.78745, 15.27],
			"to": [10.00075, 21.18345, 20.814],
			"rotation": {"angle": -22.5, "axis": "z", "origin": [11.98075, 16.62945, 15.27]},
			"faces": {
				"north": {"uv": [5.75, 0, 1.5, 2], "texture": "#0"},
				"east": {"uv": [5.75, 0, 1.5, 2], "texture": "#0"},
				"south": {"uv": [5.75, 0, 1.5, 2], "texture": "#0"},
				"west": {"uv": [5.75, 0, 1.5, 2], "texture": "#0"},
				"up": {"uv": [5.75, 0, 1.5, 2], "texture": "#0"},
				"down": {"uv": [5.75, 0, 1.5, 2], "texture": "#0"}
			}
		},
		{
			"from": [5.922, 22.032, 15.27],
			"to": [9.882, 22.428, 20.814],
			"rotation": {"angle": 0, "axis": "y", "origin": [1.764, 17.874, 15.27]},
			"faces": {
				"north": {"uv": [0, 0, 4, 2], "texture": "#0"},
				"east": {"uv": [0, 0, 4, 2], "texture": "#0"},
				"south": {"uv": [0, 0, 4, 2], "texture": "#0"},
				"west": {"uv": [0, 0, 4, 2], "texture": "#0"},
				"up": {"uv": [0, 0, 4, 2], "texture": "#0"},
				"down": {"uv": [0, 0, 4, 2], "texture": "#0"}
			}
		},
		{
			"from": [5.80325, 20.78745, 15.27],
			"to": [7.98125, 21.18345, 20.814],
			"rotation": {"angle": 22.5, "axis": "z", "origin": [3.82325, 16.62945, 15.27]},
			"faces": {
				"north": {"uv": [0, 0, 5.75, 4], "texture": "#0"},
				"east": {"uv": [0, 0, 5.75, 4], "texture": "#0"},
				"south": {"uv": [0, 0, 5.75, 4], "texture": "#0"},
				"west": {"uv": [0, 0, 5.75, 4], "texture": "#0"},
				"up": {"uv": [0, 0, 5.75, 4], "texture": "#0"},
				"down": {"uv": [0, 0, 5.75, 4], "texture": "#0"}
			}
		},
		{
			"from": [5.78188, 21.13228, 15.27],
			"to": [7.70988, 21.52828, 20.814],
			"rotation": {"angle": 45, "axis": "z", "origin": [5.72988, 16.97428, 15.27]},
			"faces": {
				"north": {"uv": [0, 0, 5.75, 4], "texture": "#0"},
				"east": {"uv": [0, 0, 5.75, 4], "texture": "#0"},
				"south": {"uv": [0, 0, 5.75, 4], "texture": "#0"},
				"west": {"uv": [0, 0, 5.75, 4], "texture": "#0"},
				"up": {"uv": [0, 0, 5.75, 4], "texture": "#0"},
				"down": {"uv": [0, 0, 5.75, 4], "texture": "#0"}
			}
		},
		{
			"from": [8.09529, 21.21582, 18.316],
			"to": [9.63769, 21.53262, 22.7512],
			"rotation": {"angle": -45, "axis": "z", "origin": [9.67929, 17.88942, 18.316]},
			"faces": {
				"north": {"uv": [5.75, 0, 1.5, 2], "texture": "#0"},
				"east": {"uv": [5.75, 0, 1.5, 2], "texture": "#0"},
				"south": {"uv": [5.75, 0, 1.5, 2], "texture": "#0"},
				"west": {"uv": [5.75, 0, 1.5, 2], "texture": "#0"},
				"up": {"uv": [5.75, 0, 1.5, 2], "texture": "#0"},
				"down": {"uv": [5.75, 0, 1.5, 2], "texture": "#0"}
			}
		},
		{
			"from": [7.8782, 20.93996, 18.316],
			"to": [9.6206, 21.25676, 22.7512],
			"rotation": {"angle": -22.5, "axis": "z", "origin": [11.2046, 17.61356, 18.316]},
			"faces": {
				"north": {"uv": [5.75, 0, 1.5, 2], "texture": "#0"},
				"east": {"uv": [5.75, 0, 1.5, 2], "texture": "#0"},
				"south": {"uv": [5.75, 0, 1.5, 2], "texture": "#0"},
				"west": {"uv": [5.75, 0, 1.5, 2], "texture": "#0"},
				"up": {"uv": [5.75, 0, 1.5, 2], "texture": "#0"},
				"down": {"uv": [5.75, 0, 1.5, 2], "texture": "#0"}
			}
		},
		{
			"from": [6.3576, 21.9356, 18.316],
			"to": [9.5256, 22.2524, 22.7512],
			"rotation": {"angle": 0, "axis": "y", "origin": [3.0312, 18.6092, 18.316]},
			"faces": {
				"north": {"uv": [0, 0, 4, 2], "texture": "#0"},
				"east": {"uv": [0, 0, 4, 2], "texture": "#0"},
				"south": {"uv": [0, 0, 4, 2], "texture": "#0"},
				"west": {"uv": [0, 0, 4, 2], "texture": "#0"},
				"up": {"uv": [0, 0, 4, 2], "texture": "#0"},
				"down": {"uv": [0, 0, 4, 2], "texture": "#0"}
			}
		},
		{
			"from": [6.2626, 20.93996, 18.316],
			"to": [8.005, 21.25676, 22.7512],
			"rotation": {"angle": 22.5, "axis": "z", "origin": [4.6786, 17.61356, 18.316]},
			"faces": {
				"north": {"uv": [0, 0, 5.75, 4], "texture": "#0"},
				"east": {"uv": [0, 0, 5.75, 4], "texture": "#0"},
				"south": {"uv": [0, 0, 5.75, 4], "texture": "#0"},
				"west": {"uv": [0, 0, 5.75, 4], "texture": "#0"},
				"up": {"uv": [0, 0, 5.75, 4], "texture": "#0"},
				"down": {"uv": [0, 0, 5.75, 4], "texture": "#0"}
			}
		},
		{
			"from": [6.24551, 21.21582, 18.316],
			"to": [7.78791, 21.53262, 22.7512],
			"rotation": {"angle": 45, "axis": "z", "origin": [6.20391, 17.88942, 18.316]},
			"faces": {
				"north": {"uv": [0, 0, 5.75, 4], "texture": "#0"},
				"east": {"uv": [0, 0, 5.75, 4], "texture": "#0"},
				"south": {"uv": [0, 0, 5.75, 4], "texture": "#0"},
				"west": {"uv": [0, 0, 5.75, 4], "texture": "#0"},
				"up": {"uv": [0, 0, 5.75, 4], "texture": "#0"},
				"down": {"uv": [0, 0, 5.75, 4], "texture": "#0"}
			}
		},
		{
			"from": [8.16561, 20.40055, 19.816],
			"to": [9.90801, 20.71735, 24.2512],
			"rotation": {"angle": 45, "axis": "z", "origin": [6.58161, 17.07415, 19.816]},
			"faces": {
				"north": {"uv": [0, 0, 5.75, 4], "texture": "#0"},
				"east": {"uv": [0, 0, 5.75, 4], "texture": "#0"},
				"south": {"uv": [0, 0, 5.75, 4], "texture": "#0"},
				"west": {"uv": [0, 0, 5.75, 4], "texture": "#0"},
				"up": {"uv": [0, 0, 5.75, 4], "texture": "#0"},
				"down": {"uv": [0, 0, 5.75, 4], "texture": "#0"}
			}
		},
		{
			"from": [5.97519, 20.40055, 19.816],
			"to": [7.71759, 20.71735, 24.2512],
			"rotation": {"angle": -45, "axis": "z", "origin": [9.30159, 17.07415, 19.816]},
			"faces": {
				"north": {"uv": [5.75, 0, 1.5, 2], "texture": "#0"},
				"east": {"uv": [5.75, 0, 1.5, 2], "texture": "#0"},
				"south": {"uv": [5.75, 0, 1.5, 2], "texture": "#0"},
				"west": {"uv": [5.75, 0, 1.5, 2], "texture": "#0"},
				"up": {"uv": [5.75, 0, 1.5, 2], "texture": "#0"},
				"down": {"uv": [5.75, 0, 1.5, 2], "texture": "#0"}
			}
		},
		{
			"from": [6.3576, 21.6856, 19.816],
			"to": [9.5256, 22.0024, 24.2512],
			"rotation": {"angle": 0, "axis": "y", "origin": [3.0312, 18.3592, 19.816]},
			"faces": {
				"north": {"uv": [0, 0, 4, 2], "texture": "#0"},
				"east": {"uv": [0, 0, 4, 2], "texture": "#0"},
				"south": {"uv": [0, 0, 4, 2], "texture": "#0"},
				"west": {"uv": [0, 0, 4, 2], "texture": "#0"},
				"up": {"uv": [0, 0, 4, 2], "texture": "#0"},
				"down": {"uv": [0, 0, 4, 2], "texture": "#0"}
			}
		},
		{
			"from": [8.11642, 20.51661, 22.296],
			"to": [9.54519, 20.77638, 25.93286],
			"rotation": {"angle": 45, "axis": "z", "origin": [6.81754, 17.78896, 22.296]},
			"faces": {
				"north": {"uv": [0, 0, 5.75, 4], "texture": "#0"},
				"east": {"uv": [0, 0, 5.75, 4], "texture": "#0"},
				"south": {"uv": [0, 0, 5.75, 4], "texture": "#0"},
				"west": {"uv": [0, 0, 5.75, 4], "texture": "#0"},
				"up": {"uv": [0, 0, 5.75, 4], "texture": "#0"},
				"down": {"uv": [0, 0, 5.75, 4], "texture": "#0"}
			}
		},
		{
			"from": [6.32027, 20.51661, 22.296],
			"to": [7.74904, 20.77638, 25.93286],
			"rotation": {"angle": -45, "axis": "z", "origin": [9.04792, 17.78896, 22.296]},
			"faces": {
				"north": {"uv": [5.75, 0, 1.5, 2], "texture": "#0"},
				"east": {"uv": [5.75, 0, 1.5, 2], "texture": "#0"},
				"south": {"uv": [5.75, 0, 1.5, 2], "texture": "#0"},
				"west": {"uv": [5.75, 0, 1.5, 2], "texture": "#0"},
				"up": {"uv": [5.75, 0, 1.5, 2], "texture": "#0"},
				"down": {"uv": [5.75, 0, 1.5, 2], "texture": "#0"}
			}
		},
		{
			"from": [6.63385, 21.57035, 22.296],
			"to": [9.23161, 21.83012, 25.93286],
			"rotation": {"angle": 0, "axis": "y", "origin": [3.9062, 18.8427, 22.296]},
			"faces": {
				"north": {"uv": [0, 0, 4, 2], "texture": "#0"},
				"east": {"uv": [0, 0, 4, 2], "texture": "#0"},
				"south": {"uv": [0, 0, 4, 2], "texture": "#0"},
				"west": {"uv": [0, 0, 4, 2], "texture": "#0"},
				"up": {"uv": [0, 0, 4, 2], "texture": "#0"},
				"down": {"uv": [0, 0, 4, 2], "texture": "#0"}
			}
		},
		{
			"from": [8.09331, 20.80259, 6.5],
			"to": [10.56831, 21.75259, 9.3],
			"rotation": {"angle": -45, "axis": "z", "origin": [10.34331, 16.57759, 6.5]},
			"faces": {
				"north": {"uv": [5.75, 0, 1.5, 2], "texture": "#0"},
				"east": {"uv": [5.75, 0, 1.5, 2], "texture": "#0"},
				"south": {"uv": [5.75, 0, 1.5, 2], "texture": "#0"},
				"west": {"uv": [5.75, 0, 1.5, 2], "texture": "#0"},
				"up": {"uv": [5.75, 0, 1.5, 2], "texture": "#0"},
				"down": {"uv": [5.75, 0, 1.5, 2], "texture": "#0"}
			}
		},
		{
			"from": [7.78494, 20.41074, 6.5],
			"to": [10.25994, 21.36074, 9.3],
			"rotation": {"angle": -22.5, "axis": "z", "origin": [12.50994, 16.18574, 6.5]},
			"faces": {
				"north": {"uv": [5.75, 0, 1.5, 2], "texture": "#0"},
				"east": {"uv": [5.75, 0, 1.5, 2], "texture": "#0"},
				"south": {"uv": [5.75, 0, 1.5, 2], "texture": "#0"},
				"west": {"uv": [5.75, 0, 1.5, 2], "texture": "#0"},
				"up": {"uv": [5.75, 0, 1.5, 2], "texture": "#0"},
				"down": {"uv": [5.75, 0, 1.5, 2], "texture": "#0"}
			}
		},
		{
			"from": [5.625, 21.825, 6.5],
			"to": [10.125, 22.775, 9.3],
			"rotation": {"angle": 0, "axis": "y", "origin": [0.9, 17.6, 6.5]},
			"faces": {
				"north": {"uv": [0, 0, 4, 2], "texture": "#0"},
				"east": {"uv": [0, 0, 4, 2], "texture": "#0"},
				"south": {"uv": [0, 0, 4, 2], "texture": "#0"},
				"west": {"uv": [0, 0, 4, 2], "texture": "#0"},
				"up": {"uv": [0, 0, 4, 2], "texture": "#0"},
				"down": {"uv": [0, 0, 4, 2], "texture": "#0"}
			}
		},
		{
			"from": [5.49006, 20.41074, 6.5],
			"to": [7.96506, 21.36074, 9.3],
			"rotation": {"angle": 22.5, "axis": "z", "origin": [3.24006, 16.18574, 6.5]},
			"faces": {
				"north": {"uv": [0, 0, 5.75, 4], "texture": "#0"},
				"east": {"uv": [0, 0, 5.75, 4], "texture": "#0"},
				"south": {"uv": [0, 0, 5.75, 4], "texture": "#0"},
				"west": {"uv": [0, 0, 5.75, 4], "texture": "#0"},
				"up": {"uv": [0, 0, 5.75, 4], "texture": "#0"},
				"down": {"uv": [0, 0, 5.75, 4], "texture": "#0"}
			}
		},
		{
			"from": [5.18169, 20.80259, 6.5],
			"to": [7.65669, 21.75259, 9.3],
			"rotation": {"angle": 45, "axis": "z", "origin": [5.40669, 16.57759, 6.5]},
			"faces": {
				"north": {"uv": [0, 0, 5.75, 4], "texture": "#0"},
				"east": {"uv": [0, 0, 5.75, 4], "texture": "#0"},
				"south": {"uv": [0, 0, 5.75, 4], "texture": "#0"},
				"west": {"uv": [0, 0, 5.75, 4], "texture": "#0"},
				"up": {"uv": [0, 0, 5.75, 4], "texture": "#0"},
				"down": {"uv": [0, 0, 5.75, 4], "texture": "#0"}
			}
		},
		{
			"from": [8.09412, 20.63228, 4.52],
			"to": [10.02212, 21.02828, 6.814],
			"rotation": {"angle": -45, "axis": "z", "origin": [10.07412, 16.47428, 4.52]},
			"faces": {
				"north": {"uv": [5.75, 0, 1.5, 2], "texture": "#0"},
				"east": {"uv": [5.75, 0, 1.5, 2], "texture": "#0"},
				"south": {"uv": [5.75, 0, 1.5, 2], "texture": "#0"},
				"west": {"uv": [5.75, 0, 1.5, 2], "texture": "#0"},
				"up": {"uv": [5.75, 0, 1.5, 2], "texture": "#0"},
				"down": {"uv": [5.75, 0, 1.5, 2], "texture": "#0"}
			}
		},
		{
			"from": [7.82275, 20.28745, 4.52],
			"to": [10.00075, 20.68345, 6.814],
			"rotation": {"angle": -22.5, "axis": "z", "origin": [11.98075, 16.12945, 4.52]},
			"faces": {
				"north": {"uv": [5.75, 0, 1.5, 2], "texture": "#0"},
				"east": {"uv": [5.75, 0, 1.5, 2], "texture": "#0"},
				"south": {"uv": [5.75, 0, 1.5, 2], "texture": "#0"},
				"west": {"uv": [5.75, 0, 1.5, 2], "texture": "#0"},
				"up": {"uv": [5.75, 0, 1.5, 2], "texture": "#0"},
				"down": {"uv": [5.75, 0, 1.5, 2], "texture": "#0"}
			}
		},
		{
			"from": [5.922, 21.532, 4.52],
			"to": [9.882, 21.928, 6.814],
			"rotation": {"angle": 0, "axis": "y", "origin": [1.764, 17.374, 4.52]},
			"faces": {
				"north": {"uv": [0, 0, 4, 2], "texture": "#0"},
				"east": {"uv": [0, 0, 4, 2], "texture": "#0"},
				"south": {"uv": [0, 0, 4, 2], "texture": "#0"},
				"west": {"uv": [0, 0, 4, 2], "texture": "#0"},
				"up": {"uv": [0, 0, 4, 2], "texture": "#0"},
				"down": {"uv": [0, 0, 4, 2], "texture": "#0"}
			}
		},
		{
			"from": [5.80325, 20.28745, 4.52],
			"to": [7.98125, 20.68345, 6.814],
			"rotation": {"angle": 22.5, "axis": "z", "origin": [3.82325, 16.12945, 4.52]},
			"faces": {
				"north": {"uv": [0, 0, 5.75, 4], "texture": "#0"},
				"east": {"uv": [0, 0, 5.75, 4], "texture": "#0"},
				"south": {"uv": [0, 0, 5.75, 4], "texture": "#0"},
				"west": {"uv": [0, 0, 5.75, 4], "texture": "#0"},
				"up": {"uv": [0, 0, 5.75, 4], "texture": "#0"},
				"down": {"uv": [0, 0, 5.75, 4], "texture": "#0"}
			}
		},
		{
			"from": [5.78188, 20.63228, 4.52],
			"to": [7.70988, 21.02828, 6.814],
			"rotation": {"angle": 45, "axis": "z", "origin": [5.72988, 16.47428, 4.52]},
			"faces": {
				"north": {"uv": [0, 0, 5.75, 4], "texture": "#0"},
				"east": {"uv": [0, 0, 5.75, 4], "texture": "#0"},
				"south": {"uv": [0, 0, 5.75, 4], "texture": "#0"},
				"west": {"uv": [0, 0, 5.75, 4], "texture": "#0"},
				"up": {"uv": [0, 0, 5.75, 4], "texture": "#0"},
				"down": {"uv": [0, 0, 5.75, 4], "texture": "#0"}
			}
		},
		{
			"from": [8.09529, 20.26582, 3.066],
			"to": [9.63769, 20.83262, 7.5012],
			"rotation": {"angle": -45, "axis": "z", "origin": [9.67929, 17.18942, 3.066]},
			"faces": {
				"north": {"uv": [5.75, 0, 1.5, 2], "texture": "#0"},
				"east": {"uv": [5.75, 0, 1.5, 2], "texture": "#0"},
				"south": {"uv": [5.75, 0, 1.5, 2], "texture": "#0"},
				"west": {"uv": [5.75, 0, 1.5, 2], "texture": "#0"},
				"up": {"uv": [5.75, 0, 1.5, 2], "texture": "#0"},
				"down": {"uv": [5.75, 0, 1.5, 2], "texture": "#0"}
			}
		},
		{
			"from": [7.8782, 19.98996, 3.066],
			"to": [9.6206, 20.55676, 7.5012],
			"rotation": {"angle": -22.5, "axis": "z", "origin": [11.2046, 16.91356, 3.066]},
			"faces": {
				"north": {"uv": [5.75, 0, 1.5, 2], "texture": "#0"},
				"east": {"uv": [5.75, 0, 1.5, 2], "texture": "#0"},
				"south": {"uv": [5.75, 0, 1.5, 2], "texture": "#0"},
				"west": {"uv": [5.75, 0, 1.5, 2], "texture": "#0"},
				"up": {"uv": [5.75, 0, 1.5, 2], "texture": "#0"},
				"down": {"uv": [5.75, 0, 1.5, 2], "texture": "#0"}
			}
		},
		{
			"from": [6.3576, 20.9856, 3.066],
			"to": [9.5256, 21.5524, 7.5012],
			"rotation": {"angle": 0, "axis": "y", "origin": [3.0312, 17.9092, 3.066]},
			"faces": {
				"north": {"uv": [0, 0, 4, 2], "texture": "#0"},
				"east": {"uv": [0, 0, 4, 2], "texture": "#0"},
				"south": {"uv": [0, 0, 4, 2], "texture": "#0"},
				"west": {"uv": [0, 0, 4, 2], "texture": "#0"},
				"up": {"uv": [0, 0, 4, 2], "texture": "#0"},
				"down": {"uv": [0, 0, 4, 2], "texture": "#0"}
			}
		},
		{
			"from": [6.2626, 19.98996, 3.066],
			"to": [8.005, 20.55676, 7.5012],
			"rotation": {"angle": 22.5, "axis": "z", "origin": [4.6786, 16.91356, 3.066]},
			"faces": {
				"north": {"uv": [0, 0, 5.75, 4], "texture": "#0"},
				"east": {"uv": [0, 0, 5.75, 4], "texture": "#0"},
				"south": {"uv": [0, 0, 5.75, 4], "texture": "#0"},
				"west": {"uv": [0, 0, 5.75, 4], "texture": "#0"},
				"up": {"uv": [0, 0, 5.75, 4], "texture": "#0"},
				"down": {"uv": [0, 0, 5.75, 4], "texture": "#0"}
			}
		},
		{
			"from": [6.24551, 20.26582, 3.066],
			"to": [7.78791, 20.83262, 7.5012],
			"rotation": {"angle": 45, "axis": "z", "origin": [6.20391, 17.18942, 3.066]},
			"faces": {
				"north": {"uv": [0, 0, 5.75, 4], "texture": "#0"},
				"east": {"uv": [0, 0, 5.75, 4], "texture": "#0"},
				"south": {"uv": [0, 0, 5.75, 4], "texture": "#0"},
				"west": {"uv": [0, 0, 5.75, 4], "texture": "#0"},
				"up": {"uv": [0, 0, 5.75, 4], "texture": "#0"},
				"down": {"uv": [0, 0, 5.75, 4], "texture": "#0"}
			}
		},
		{
			"from": [8.09595, 19.92061, 1.36676],
			"to": [9.42242, 20.40806, 5.18103],
			"rotation": {"angle": -45, "axis": "z", "origin": [9.45819, 17.2749, 1.36676]},
			"faces": {
				"north": {"uv": [5.75, 0, 1.5, 2], "texture": "#0"},
				"east": {"uv": [5.75, 0, 1.5, 2], "texture": "#0"},
				"south": {"uv": [5.75, 0, 1.5, 2], "texture": "#0"},
				"west": {"uv": [5.75, 0, 1.5, 2], "texture": "#0"},
				"up": {"uv": [5.75, 0, 1.5, 2], "texture": "#0"},
				"down": {"uv": [5.75, 0, 1.5, 2], "texture": "#0"}
			}
		},
		{
			"from": [7.90925, 19.68337, 1.36676],
			"to": [9.40772, 20.17082, 5.18103],
			"rotation": {"angle": -22.5, "axis": "z", "origin": [10.76996, 17.03766, 1.36676]},
			"faces": {
				"north": {"uv": [5.75, 0, 1.5, 2], "texture": "#0"},
				"east": {"uv": [5.75, 0, 1.5, 2], "texture": "#0"},
				"south": {"uv": [5.75, 0, 1.5, 2], "texture": "#0"},
				"west": {"uv": [5.75, 0, 1.5, 2], "texture": "#0"},
				"up": {"uv": [5.75, 0, 1.5, 2], "texture": "#0"},
				"down": {"uv": [5.75, 0, 1.5, 2], "texture": "#0"}
			}
		},
		{
			"from": [6.60154, 20.53962, 1.36676],
			"to": [9.32602, 21.02706, 5.18103],
			"rotation": {"angle": 0, "axis": "y", "origin": [3.74083, 17.89391, 1.36676]},
			"faces": {
				"north": {"uv": [0, 0, 4, 2], "texture": "#0"},
				"east": {"uv": [0, 0, 4, 2], "texture": "#0"},
				"south": {"uv": [0, 0, 4, 2], "texture": "#0"},
				"west": {"uv": [0, 0, 4, 2], "texture": "#0"},
				"up": {"uv": [0, 0, 4, 2], "texture": "#0"},
				"down": {"uv": [0, 0, 4, 2], "texture": "#0"}
			}
		},
		{
			"from": [6.51984, 19.68337, 1.36676],
			"to": [8.0183, 20.17082, 5.18103],
			"rotation": {"angle": 22.5, "axis": "z", "origin": [5.1576, 17.03766, 1.36676]},
			"faces": {
				"north": {"uv": [0, 0, 5.75, 4], "texture": "#0"},
				"east": {"uv": [0, 0, 5.75, 4], "texture": "#0"},
				"south": {"uv": [0, 0, 5.75, 4], "texture": "#0"},
				"west": {"uv": [0, 0, 5.75, 4], "texture": "#0"},
				"up": {"uv": [0, 0, 5.75, 4], "texture": "#0"},
				"down": {"uv": [0, 0, 5.75, 4], "texture": "#0"}
			}
		},
		{
			"from": [6.50514, 19.92061, 1.36676],
			"to": [7.8316, 20.40806, 5.18103],
			"rotation": {"angle": 45, "axis": "z", "origin": [6.46936, 17.2749, 1.36676]},
			"faces": {
				"north": {"uv": [0, 0, 5.75, 4], "texture": "#0"},
				"east": {"uv": [0, 0, 5.75, 4], "texture": "#0"},
				"south": {"uv": [0, 0, 5.75, 4], "texture": "#0"},
				"west": {"uv": [0, 0, 5.75, 4], "texture": "#0"},
				"up": {"uv": [0, 0, 5.75, 4], "texture": "#0"},
				"down": {"uv": [0, 0, 5.75, 4], "texture": "#0"}
			}
		},
		{
			"name": "hexadecagon",
			"from": [7.90054, 3.25, 0.75],
			"to": [8.09946, 20.25, 1.75],
			"rotation": {"angle": -45, "axis": "y", "origin": [8, 6.25, 1.25]},
			"faces": {
				"north": {"uv": [0, 0, 1, 1], "texture": "#0"},
				"east": {"uv": [0, 0, 1, 1], "texture": "#0"},
				"south": {"uv": [0, 0, 1, 1], "texture": "#0"},
				"west": {"uv": [0, 0, 1, 1], "texture": "#0"},
				"up": {"uv": [0, 0, 1, 1], "texture": "#0"},
				"down": {"uv": [0, 0, 1, 1], "texture": "#0"}
			}
		},
		{
			"name": "hexadecagon",
			"from": [7.90054, 3.25, 0.75],
			"to": [8.09946, 20.25, 1.75],
			"rotation": {"angle": -22.5, "axis": "y", "origin": [8, 6.25, 1.25]},
			"faces": {
				"north": {"uv": [0, 0, 1, 1], "texture": "#0"},
				"east": {"uv": [0, 0, 1, 1], "texture": "#0"},
				"south": {"uv": [0, 0, 1, 1], "texture": "#0"},
				"west": {"uv": [0, 0, 1, 1], "texture": "#0"},
				"up": {"uv": [0, 0, 1, 1], "texture": "#0"},
				"down": {"uv": [0, 0, 1, 1], "texture": "#0"}
			}
		},
		{
			"name": "hexadecagon",
			"from": [7.90054, 3.25, 0.75],
			"to": [8.09946, 20.25, 1.75],
			"rotation": {"angle": 0, "axis": "y", "origin": [8, 6.25, 1.25]},
			"faces": {
				"north": {"uv": [0, 0, 1, 1], "texture": "#0"},
				"east": {"uv": [0, 0, 1, 1], "texture": "#0"},
				"south": {"uv": [0, 0, 1, 1], "texture": "#0"},
				"west": {"uv": [0, 0, 1, 1], "texture": "#0"},
				"up": {"uv": [0, 0, 1, 1], "texture": "#0"},
				"down": {"uv": [0, 0, 1, 1], "texture": "#0"}
			}
		},
		{
			"name": "hexadecagon",
			"from": [7.90054, 3.25, 0.75],
			"to": [8.09946, 20.25, 1.75],
			"rotation": {"angle": 22.5, "axis": "y", "origin": [8, 6.25, 1.25]},
			"faces": {
				"north": {"uv": [0, 0, 1, 1], "texture": "#0"},
				"east": {"uv": [0, 0, 1, 1], "texture": "#0"},
				"south": {"uv": [0, 0, 1, 1], "texture": "#0"},
				"west": {"uv": [0, 0, 1, 1], "texture": "#0"},
				"up": {"uv": [0, 0, 1, 1], "texture": "#0"},
				"down": {"uv": [0, 0, 1, 1], "texture": "#0"}
			}
		},
		{
			"name": "hexadecagon",
			"from": [7.90054, 3.25, 0.75],
			"to": [8.09946, 20.25, 1.75],
			"rotation": {"angle": 45, "axis": "y", "origin": [8, 6.25, 1.25]},
			"faces": {
				"north": {"uv": [0, 0, 1, 1], "texture": "#0"},
				"east": {"uv": [0, 0, 1, 1], "texture": "#0"},
				"south": {"uv": [0, 0, 1, 1], "texture": "#0"},
				"west": {"uv": [0, 0, 1, 1], "texture": "#0"},
				"up": {"uv": [0, 0, 1, 1], "texture": "#0"},
				"down": {"uv": [0, 0, 1, 1], "texture": "#0"}
			}
		},
		{
			"name": "hexadecagon",
			"from": [7.5, 3.25, 1.15054],
			"to": [8.5, 20.25, 1.34946],
			"rotation": {"angle": -22.5, "axis": "y", "origin": [8, 6.25, 1.25]},
			"faces": {
				"north": {"uv": [0, 0, 1, 1], "texture": "#0"},
				"east": {"uv": [0, 0, 1, 1], "texture": "#0"},
				"south": {"uv": [0, 0, 1, 1], "texture": "#0"},
				"west": {"uv": [0, 0, 1, 1], "texture": "#0"},
				"up": {"uv": [0, 0, 1, 1], "texture": "#0"},
				"down": {"uv": [0, 0, 1, 1], "texture": "#0"}
			}
		},
		{
			"name": "hexadecagon",
			"from": [7.5, 3.25, 1.15054],
			"to": [8.5, 20.25, 1.34946],
			"rotation": {"angle": 0, "axis": "y", "origin": [8, 6.25, 1.25]},
			"faces": {
				"north": {"uv": [0, 0, 1, 1], "texture": "#0"},
				"east": {"uv": [0, 0, 1, 1], "texture": "#0"},
				"south": {"uv": [0, 0, 1, 1], "texture": "#0"},
				"west": {"uv": [0, 0, 1, 1], "texture": "#0"},
				"up": {"uv": [0, 0, 1, 1], "texture": "#0"},
				"down": {"uv": [0, 0, 1, 1], "texture": "#0"}
			}
		},
		{
			"name": "hexadecagon",
			"from": [7.5, 3.25, 1.15054],
			"to": [8.5, 20.25, 1.34946],
			"rotation": {"angle": 22.5, "axis": "y", "origin": [8, 6.25, 1.25]},
			"faces": {
				"north": {"uv": [0, 0, 1, 1], "texture": "#0"},
				"east": {"uv": [0, 0, 1, 1], "texture": "#0"},
				"south": {"uv": [0, 0, 1, 1], "texture": "#0"},
				"west": {"uv": [0, 0, 1, 1], "texture": "#0"},
				"up": {"uv": [0, 0, 1, 1], "texture": "#0"},
				"down": {"uv": [0, 0, 1, 1], "texture": "#0"}
			}
		},
		{
			"from": [11.43289, 19.25, -6.84997],
			"to": [11.93289, 19.75, -5.09997],
			"rotation": {"angle": 45, "axis": "y", "origin": [17.18289, 0, -0.59997]},
			"faces": {
				"north": {"uv": [0, 0, 5.5, 3.75], "texture": "#0"},
				"east": {"uv": [0, 0, 5.5, 3.75], "texture": "#0"},
				"south": {"uv": [0, 0, 5.5, 3.75], "texture": "#0"},
				"west": {"uv": [0, 0, 5.5, 3.75], "texture": "#0"},
				"up": {"uv": [0, 0, 5.5, 3.75], "texture": "#0"},
				"down": {"uv": [0, 0, 5.5, 3.75], "texture": "#0"}
			}
		},
		{
			"from": [10.25, 19.25, -2.25],
			"to": [10.75, 19.75, -0.5],
			"rotation": {"angle": 22.5, "axis": "y", "origin": [16, 0, 0]},
			"faces": {
				"north": {"uv": [0, 0, 5.5, 3.75], "texture": "#0"},
				"east": {"uv": [0, 0, 5.5, 3.75], "texture": "#0"},
				"south": {"uv": [0, 0, 5.5, 3.75], "texture": "#0"},
				"west": {"uv": [0, 0, 5.5, 3.75], "texture": "#0"},
				"up": {"uv": [0, 0, 5.5, 3.75], "texture": "#0"},
				"down": {"uv": [0, 0, 5.5, 3.75], "texture": "#0"}
			}
		},
		{
			"from": [6.95116, 19.25, -1.30708],
			"to": [9.05116, 19.75, -0.80708],
			"rotation": {"angle": 0, "axis": "y", "origin": [13.05116, 0, 0.19292]},
			"faces": {
				"north": {"uv": [0, 0, 5.5, 4.1], "rotation": 90, "texture": "#0"},
				"east": {"uv": [0, 0, 5.5, 4.1], "rotation": 90, "texture": "#0"},
				"south": {"uv": [0, 0, 5.5, 4.1], "rotation": 90, "texture": "#0"},
				"west": {"uv": [0, 0, 5.5, 4.1], "rotation": 90, "texture": "#0"},
				"up": {"uv": [0, 0, 5.5, 4.1], "rotation": 90, "texture": "#0"},
				"down": {"uv": [0, 0, 5.5, 4.1], "rotation": 90, "texture": "#0"}
			}
		},
		{
			"from": [5.25, 19.25, -2.25],
			"to": [5.75, 19.75, -0.5],
			"rotation": {"angle": -22.5, "axis": "y", "origin": [0, 0, 0]},
			"faces": {
				"north": {"uv": [5.5, 0, 0, 3.75], "texture": "#0"},
				"east": {"uv": [5.5, 0, 0, 3.75], "texture": "#0"},
				"south": {"uv": [5.5, 0, 0, 3.75], "texture": "#0"},
				"west": {"uv": [5.5, 0, 0, 3.75], "texture": "#0"},
				"up": {"uv": [5.5, 0, 0, 3.75], "texture": "#0"},
				"down": {"uv": [5.5, 0, 0, 3.75], "texture": "#0"}
			}
		},
		{
			"from": [4.06711, 19.25, -6.84997],
			"to": [4.56711, 19.75, -5.09997],
			"rotation": {"angle": -45, "axis": "y", "origin": [-1.18289, 0, -0.59997]},
			"faces": {
				"north": {"uv": [5.5, 0, 0, 3.75], "texture": "#0"},
				"east": {"uv": [5.5, 0, 0, 3.75], "texture": "#0"},
				"south": {"uv": [5.5, 0, 0, 3.75], "texture": "#0"},
				"west": {"uv": [5.5, 0, 0, 3.75], "texture": "#0"},
				"up": {"uv": [5.5, 0, 0, 3.75], "texture": "#0"},
				"down": {"uv": [5.5, 0, 0, 3.75], "texture": "#0"}
			}
		},
		{
			"from": [11.22691, 19.75, -6.20897],
			"to": [11.69691, 20.25, -4.56397],
			"rotation": {"angle": 45, "axis": "y", "origin": [16.63191, 0.5, -0.33397]},
			"faces": {
				"north": {"uv": [0, 0, 5.5, 3.75], "texture": "#0"},
				"east": {"uv": [0, 0, 5.5, 3.75], "texture": "#0"},
				"south": {"uv": [0, 0, 5.5, 3.75], "texture": "#0"},
				"west": {"uv": [0, 0, 5.5, 3.75], "texture": "#0"},
				"up": {"uv": [0, 0, 5.5, 3.75], "texture": "#0"},
				"down": {"uv": [0, 0, 5.5, 3.75], "texture": "#0"}
			}
		},
		{
			"from": [10.115, 19.75, -1.885],
			"to": [10.585, 20.25, -0.49],
			"rotation": {"angle": 22.5, "axis": "y", "origin": [15.52, 0.5, 0.23]},
			"faces": {
				"north": {"uv": [0, 0, 5.5, 3.75], "texture": "#0"},
				"east": {"uv": [0, 0, 5.5, 3.75], "texture": "#0"},
				"south": {"uv": [0, 0, 5.5, 3.75], "texture": "#0"},
				"west": {"uv": [0, 0, 5.5, 3.75], "texture": "#0"},
				"up": {"uv": [0, 0, 5.5, 3.75], "texture": "#0"},
				"down": {"uv": [0, 0, 5.5, 3.75], "texture": "#0"}
			}
		},
		{
			"from": [7.01409, 19.75, -0.99865],
			"to": [8.98809, 20.25, -0.52865],
			"rotation": {"angle": 0, "axis": "y", "origin": [12.74809, 0.5, 0.41135]},
			"faces": {
				"north": {"uv": [0, 0, 5.5, 4.1], "rotation": 90, "texture": "#0"},
				"east": {"uv": [0, 0, 5.5, 4.1], "rotation": 90, "texture": "#0"},
				"south": {"uv": [0, 0, 5.5, 4.1], "rotation": 90, "texture": "#0"},
				"west": {"uv": [0, 0, 5.5, 4.1], "rotation": 90, "texture": "#0"},
				"up": {"uv": [0, 0, 5.5, 4.1], "rotation": 90, "texture": "#0"},
				"down": {"uv": [0, 0, 5.5, 4.1], "rotation": 90, "texture": "#0"}
			}
		},
		{
			"from": [5.415, 19.75, -1.885],
			"to": [5.885, 20.25, -0.49],
			"rotation": {"angle": -22.5, "axis": "y", "origin": [0.48, 0.5, 0.23]},
			"faces": {
				"north": {"uv": [5.5, 0, 0, 3.75], "texture": "#0"},
				"east": {"uv": [5.5, 0, 0, 3.75], "texture": "#0"},
				"south": {"uv": [5.5, 0, 0, 3.75], "texture": "#0"},
				"west": {"uv": [5.5, 0, 0, 3.75], "texture": "#0"},
				"up": {"uv": [5.5, 0, 0, 3.75], "texture": "#0"},
				"down": {"uv": [5.5, 0, 0, 3.75], "texture": "#0"}
			}
		},
		{
			"from": [4.30309, 19.75, -6.20897],
			"to": [4.77309, 20.25, -4.56397],
			"rotation": {"angle": -45, "axis": "y", "origin": [-0.63191, 0.5, -0.33397]},
			"faces": {
				"north": {"uv": [5.5, 0, 0, 3.75], "texture": "#0"},
				"east": {"uv": [5.5, 0, 0, 3.75], "texture": "#0"},
				"south": {"uv": [5.5, 0, 0, 3.75], "texture": "#0"},
				"west": {"uv": [5.5, 0, 0, 3.75], "texture": "#0"},
				"up": {"uv": [5.5, 0, 0, 3.75], "texture": "#0"},
				"down": {"uv": [5.5, 0, 0, 3.75], "texture": "#0"}
			}
		},
		{
			"from": [10.90422, 20.25, -5.28808],
			"to": [11.32722, 20.5, -3.80758],
			"rotation": {"angle": 45, "axis": "y", "origin": [15.76872, 1, -0.00058]},
			"faces": {
				"north": {"uv": [0, 0, 5.5, 3.75], "texture": "#0"},
				"east": {"uv": [0, 0, 5.5, 3.75], "texture": "#0"},
				"south": {"uv": [0, 0, 5.5, 3.75], "texture": "#0"},
				"west": {"uv": [0, 0, 5.5, 3.75], "texture": "#0"},
				"up": {"uv": [0, 0, 5.5, 3.75], "texture": "#0"},
				"down": {"uv": [0, 0, 5.5, 3.75], "texture": "#0"}
			}
		},
		{
			"from": [9.9035, 20.25, -1.3965],
			"to": [10.3265, 20.5, -0.391],
			"rotation": {"angle": 22.5, "axis": "y", "origin": [14.768, 1, 0.507]},
			"faces": {
				"north": {"uv": [0, 0, 5.5, 3.75], "texture": "#0"},
				"east": {"uv": [0, 0, 5.5, 3.75], "texture": "#0"},
				"south": {"uv": [0, 0, 5.5, 3.75], "texture": "#0"},
				"west": {"uv": [0, 0, 5.5, 3.75], "texture": "#0"},
				"up": {"uv": [0, 0, 5.5, 3.75], "texture": "#0"},
				"down": {"uv": [0, 0, 5.5, 3.75], "texture": "#0"}
			}
		},
		{
			"from": [7.11268, 20.25, -0.59879],
			"to": [8.88928, 20.5, -0.17579],
			"rotation": {"angle": 0, "axis": "y", "origin": [12.27328, 1, 0.67021]},
			"faces": {
				"north": {"uv": [0, 0, 5.5, 4.1], "rotation": 90, "texture": "#0"},
				"east": {"uv": [0, 0, 5.5, 4.1], "rotation": 90, "texture": "#0"},
				"south": {"uv": [0, 0, 5.5, 4.1], "rotation": 90, "texture": "#0"},
				"west": {"uv": [0, 0, 5.5, 4.1], "rotation": 90, "texture": "#0"},
				"up": {"uv": [0, 0, 5.5, 4.1], "rotation": 90, "texture": "#0"},
				"down": {"uv": [0, 0, 5.5, 4.1], "rotation": 90, "texture": "#0"}
			}
		},
		{
			"from": [5.6735, 20.25, -1.3965],
			"to": [6.0965, 20.5, -0.391],
			"rotation": {"angle": -22.5, "axis": "y", "origin": [1.232, 1, 0.507]},
			"faces": {
				"north": {"uv": [5.5, 0, 0, 3.75], "texture": "#0"},
				"east": {"uv": [5.5, 0, 0, 3.75], "texture": "#0"},
				"south": {"uv": [5.5, 0, 0, 3.75], "texture": "#0"},
				"west": {"uv": [5.5, 0, 0, 3.75], "texture": "#0"},
				"up": {"uv": [5.5, 0, 0, 3.75], "texture": "#0"},
				"down": {"uv": [5.5, 0, 0, 3.75], "texture": "#0"}
			}
		},
		{
			"from": [4.67278, 20.25, -5.28808],
			"to": [5.09578, 20.5, -3.80758],
			"rotation": {"angle": -45, "axis": "y", "origin": [0.23128, 1, -0.00058]},
			"faces": {
				"north": {"uv": [5.5, 0, 0, 3.75], "texture": "#0"},
				"east": {"uv": [5.5, 0, 0, 3.75], "texture": "#0"},
				"south": {"uv": [5.5, 0, 0, 3.75], "texture": "#0"},
				"west": {"uv": [5.5, 0, 0, 3.75], "texture": "#0"},
				"up": {"uv": [5.5, 0, 0, 3.75], "texture": "#0"},
				"down": {"uv": [5.5, 0, 0, 3.75], "texture": "#0"}
			}
		},
		{
			"from": [7.61072, 20.25, -3.52379],
			"to": [8.63732, 20.5, -2.10079],
			"rotation": {"angle": -45, "axis": "y", "origin": [3.72672, 1, 0.67021]},
			"faces": {
				"north": {"uv": [0, 4.1, 5.5, 0], "rotation": 90, "texture": "#0"},
				"east": {"uv": [0, 4.1, 5.5, 0], "rotation": 90, "texture": "#0"},
				"south": {"uv": [0, 4.1, 5.5, 0], "rotation": 90, "texture": "#0"},
				"west": {"uv": [0, 4.1, 5.5, 0], "rotation": 90, "texture": "#0"},
				"up": {"uv": [0, 4.1, 5.5, 0], "rotation": 90, "texture": "#0"},
				"down": {"uv": [0, 4.1, 5.5, 0], "rotation": 90, "texture": "#0"}
			}
		},
		{
			"from": [7.11268, 20.25, -0.34879],
			"to": [8.88928, 20.5, 1.57421],
			"rotation": {"angle": 0, "axis": "y", "origin": [12.27328, 1, 0.67021]},
			"faces": {
				"north": {"uv": [0, 0, 5.5, 4.1], "rotation": 90, "texture": "#0"},
				"east": {"uv": [0, 0, 5.5, 4.1], "rotation": 90, "texture": "#0"},
				"south": {"uv": [0, 0, 5.5, 4.1], "rotation": 90, "texture": "#0"},
				"west": {"uv": [0, 0, 5.5, 4.1], "rotation": 90, "texture": "#0"},
				"up": {"uv": [0, 0, 5.5, 4.1], "rotation": 90, "texture": "#0"},
				"down": {"uv": [0, 0, 5.5, 4.1], "rotation": 90, "texture": "#0"}
			}
		},
		{
			"from": [7.11268, 20.25, -2.09879],
			"to": [8.13928, 20.5, -0.67579],
			"rotation": {"angle": 22.5, "axis": "y", "origin": [12.27328, 1, 0.67021]},
			"faces": {
				"north": {"uv": [0, 0, 5.5, 4.1], "rotation": 90, "texture": "#0"},
				"east": {"uv": [0, 0, 5.5, 4.1], "rotation": 90, "texture": "#0"},
				"south": {"uv": [0, 0, 5.5, 4.1], "rotation": 90, "texture": "#0"},
				"west": {"uv": [0, 0, 5.5, 4.1], "rotation": 90, "texture": "#0"},
				"up": {"uv": [0, 0, 5.5, 4.1], "rotation": 90, "texture": "#0"},
				"down": {"uv": [0, 0, 5.5, 4.1], "rotation": 90, "texture": "#0"}
			}
		},
		{
			"from": [7.86072, 20.25, -2.09879],
			"to": [8.88732, 20.5, -0.67579],
			"rotation": {"angle": -22.5, "axis": "y", "origin": [3.72672, 1, 0.67021]},
			"faces": {
				"north": {"uv": [0, 4.1, 5.5, 0], "rotation": 90, "texture": "#0"},
				"east": {"uv": [0, 4.1, 5.5, 0], "rotation": 90, "texture": "#0"},
				"south": {"uv": [0, 4.1, 5.5, 0], "rotation": 90, "texture": "#0"},
				"west": {"uv": [0, 4.1, 5.5, 0], "rotation": 90, "texture": "#0"},
				"up": {"uv": [0, 4.1, 5.5, 0], "rotation": 90, "texture": "#0"},
				"down": {"uv": [0, 4.1, 5.5, 0], "rotation": 90, "texture": "#0"}
			}
		},
		{
			"from": [7.36268, 20.25, -3.52379],
			"to": [8.38928, 20.5, -2.10079],
			"rotation": {"angle": 45, "axis": "y", "origin": [12.27328, 1, 0.67021]},
			"faces": {
				"north": {"uv": [0, 0, 5.5, 4.1], "rotation": 90, "texture": "#0"},
				"east": {"uv": [0, 0, 5.5, 4.1], "rotation": 90, "texture": "#0"},
				"south": {"uv": [0, 0, 5.5, 4.1], "rotation": 90, "texture": "#0"},
				"west": {"uv": [0, 0, 5.5, 4.1], "rotation": 90, "texture": "#0"},
				"up": {"uv": [0, 0, 5.5, 4.1], "rotation": 90, "texture": "#0"},
				"down": {"uv": [0, 0, 5.5, 4.1], "rotation": 90, "texture": "#0"}
			}
		},
		{
			"from": [9.71854, 20.675, -2.63035],
			"to": [9.96884, 20.85, -1.75432],
			"rotation": {"angle": 45, "axis": "y", "origin": [12.59693, 1.425, 0.49833]},
			"faces": {
				"north": {"uv": [0, 0, 5.5, 3.75], "texture": "#0"},
				"east": {"uv": [0, 0, 5.5, 3.75], "texture": "#0"},
				"south": {"uv": [0, 0, 5.5, 3.75], "texture": "#0"},
				"west": {"uv": [0, 0, 5.5, 3.75], "texture": "#0"},
				"up": {"uv": [0, 0, 5.5, 3.75], "texture": "#0"},
				"down": {"uv": [0, 0, 5.5, 3.75], "texture": "#0"}
			}
		},
		{
			"from": [9.1264, 20.675, -0.32766],
			"to": [9.3767, 20.85, 0.26731],
			"rotation": {"angle": 22.5, "axis": "y", "origin": [12.00479, 1.425, 0.79867]},
			"faces": {
				"north": {"uv": [0, 0, 5.5, 3.75], "texture": "#0"},
				"east": {"uv": [0, 0, 5.5, 3.75], "texture": "#0"},
				"south": {"uv": [0, 0, 5.5, 3.75], "texture": "#0"},
				"west": {"uv": [0, 0, 5.5, 3.75], "texture": "#0"},
				"up": {"uv": [0, 0, 5.5, 3.75], "texture": "#0"},
				"down": {"uv": [0, 0, 5.5, 3.75], "texture": "#0"}
			}
		},
		{
			"from": [7.47504, 20.675, 0.14436],
			"to": [8.52628, 20.85, 0.39465],
			"rotation": {"angle": 0, "axis": "y", "origin": [10.52863, 1.425, 0.89524]},
			"faces": {
				"north": {"uv": [0, 0, 5.5, 4.1], "rotation": 90, "texture": "#0"},
				"east": {"uv": [0, 0, 5.5, 4.1], "rotation": 90, "texture": "#0"},
				"south": {"uv": [0, 0, 5.5, 4.1], "rotation": 90, "texture": "#0"},
				"west": {"uv": [0, 0, 5.5, 4.1], "rotation": 90, "texture": "#0"},
				"up": {"uv": [0, 0, 5.5, 4.1], "rotation": 90, "texture": "#0"},
				"down": {"uv": [0, 0, 5.5, 4.1], "rotation": 90, "texture": "#0"}
			}
		},
		{
			"from": [6.62346, 20.675, -0.32766],
			"to": [6.87376, 20.85, 0.26731],
			"rotation": {"angle": -22.5, "axis": "y", "origin": [3.99537, 1.425, 0.79867]},
			"faces": {
				"north": {"uv": [5.5, 0, 0, 3.75], "texture": "#0"},
				"east": {"uv": [5.5, 0, 0, 3.75], "texture": "#0"},
				"south": {"uv": [5.5, 0, 0, 3.75], "texture": "#0"},
				"west": {"uv": [5.5, 0, 0, 3.75], "texture": "#0"},
				"up": {"uv": [5.5, 0, 0, 3.75], "texture": "#0"},
				"down": {"uv": [5.5, 0, 0, 3.75], "texture": "#0"}
			}
		},
		{
			"from": [6.03132, 20.675, -2.63035],
			"to": [6.28162, 20.85, -1.75432],
			"rotation": {"angle": -45, "axis": "y", "origin": [3.40323, 1.425, 0.49833]},
			"faces": {
				"north": {"uv": [5.5, 0, 0, 3.75], "texture": "#0"},
				"east": {"uv": [5.5, 0, 0, 3.75], "texture": "#0"},
				"south": {"uv": [5.5, 0, 0, 3.75], "texture": "#0"},
				"west": {"uv": [5.5, 0, 0, 3.75], "texture": "#0"},
				"up": {"uv": [5.5, 0, 0, 3.75], "texture": "#0"},
				"down": {"uv": [5.5, 0, 0, 3.75], "texture": "#0"}
			}
		},
		{
			"from": [7.76974, 20.675, -1.5864],
			"to": [8.37719, 20.85, -0.74439],
			"rotation": {"angle": -45, "axis": "y", "origin": [5.47153, 1.425, 0.89524]},
			"faces": {
				"north": {"uv": [0, 4.1, 5.5, 0], "rotation": 90, "texture": "#0"},
				"east": {"uv": [0, 4.1, 5.5, 0], "rotation": 90, "texture": "#0"},
				"south": {"uv": [0, 4.1, 5.5, 0], "rotation": 90, "texture": "#0"},
				"west": {"uv": [0, 4.1, 5.5, 0], "rotation": 90, "texture": "#0"},
				"up": {"uv": [0, 4.1, 5.5, 0], "rotation": 90, "texture": "#0"},
				"down": {"uv": [0, 4.1, 5.5, 0], "rotation": 90, "texture": "#0"}
			}
		},
		{
			"from": [7.47504, 20.675, 0.29229],
			"to": [8.52628, 20.85, 1.43015],
			"rotation": {"angle": 0, "axis": "y", "origin": [10.52863, 1.425, 0.89524]},
			"faces": {
				"north": {"uv": [0, 0, 5.5, 4.1], "rotation": 90, "texture": "#0"},
				"east": {"uv": [0, 0, 5.5, 4.1], "rotation": 90, "texture": "#0"},
				"south": {"uv": [0, 0, 5.5, 4.1], "rotation": 90, "texture": "#0"},
				"west": {"uv": [0, 0, 5.5, 4.1], "rotation": 90, "texture": "#0"},
				"up": {"uv": [0, 0, 5.5, 4.1], "rotation": 90, "texture": "#0"},
				"down": {"uv": [0, 0, 5.5, 4.1], "rotation": 90, "texture": "#0"}
			}
		},
		{
			"from": [7.47504, 20.675, -0.74321],
			"to": [8.08249, 20.85, 0.0988],
			"rotation": {"angle": 22.5, "axis": "y", "origin": [10.52863, 1.425, 0.89524]},
			"faces": {
				"north": {"uv": [0, 0, 5.5, 4.1], "rotation": 90, "texture": "#0"},
				"east": {"uv": [0, 0, 5.5, 4.1], "rotation": 90, "texture": "#0"},
				"south": {"uv": [0, 0, 5.5, 4.1], "rotation": 90, "texture": "#0"},
				"west": {"uv": [0, 0, 5.5, 4.1], "rotation": 90, "texture": "#0"},
				"up": {"uv": [0, 0, 5.5, 4.1], "rotation": 90, "texture": "#0"},
				"down": {"uv": [0, 0, 5.5, 4.1], "rotation": 90, "texture": "#0"}
			}
		},
		{
			"from": [7.91767, 20.675, -0.74321],
			"to": [8.52512, 20.85, 0.0988],
			"rotation": {"angle": -22.5, "axis": "y", "origin": [5.47153, 1.425, 0.89524]},
			"faces": {
				"north": {"uv": [0, 4.1, 5.5, 0], "rotation": 90, "texture": "#0"},
				"east": {"uv": [0, 4.1, 5.5, 0], "rotation": 90, "texture": "#0"},
				"south": {"uv": [0, 4.1, 5.5, 0], "rotation": 90, "texture": "#0"},
				"west": {"uv": [0, 4.1, 5.5, 0], "rotation": 90, "texture": "#0"},
				"up": {"uv": [0, 4.1, 5.5, 0], "rotation": 90, "texture": "#0"},
				"down": {"uv": [0, 4.1, 5.5, 0], "rotation": 90, "texture": "#0"}
			}
		},
		{
			"from": [7.62297, 20.675, -1.5864],
			"to": [8.23042, 20.85, -0.74439],
			"rotation": {"angle": 45, "axis": "y", "origin": [10.52863, 1.425, 0.89524]},
			"faces": {
				"north": {"uv": [0, 0, 5.5, 4.1], "rotation": 90, "texture": "#0"},
				"east": {"uv": [0, 0, 5.5, 4.1], "rotation": 90, "texture": "#0"},
				"south": {"uv": [0, 0, 5.5, 4.1], "rotation": 90, "texture": "#0"},
				"west": {"uv": [0, 0, 5.5, 4.1], "rotation": 90, "texture": "#0"},
				"up": {"uv": [0, 0, 5.5, 4.1], "rotation": 90, "texture": "#0"},
				"down": {"uv": [0, 0, 5.5, 4.1], "rotation": 90, "texture": "#0"}
			}
		},
		{
			"from": [10.09574, 20.5, -3.39632],
			"to": [10.40098, 20.675, -2.32799],
			"rotation": {"angle": 45, "axis": "y", "origin": [13.60596, 1.25, 0.41914]},
			"faces": {
				"north": {"uv": [0, 0, 5.5, 3.75], "texture": "#0"},
				"east": {"uv": [0, 0, 5.5, 3.75], "texture": "#0"},
				"south": {"uv": [0, 0, 5.5, 3.75], "texture": "#0"},
				"west": {"uv": [0, 0, 5.5, 3.75], "texture": "#0"},
				"up": {"uv": [0, 0, 5.5, 3.75], "texture": "#0"},
				"down": {"uv": [0, 0, 5.5, 3.75], "texture": "#0"}
			}
		},
		{
			"from": [9.37362, 20.5, -0.58815],
			"to": [9.67886, 20.675, 0.13741],
			"rotation": {"angle": 22.5, "axis": "y", "origin": [12.88384, 1.25, 0.78541]},
			"faces": {
				"north": {"uv": [0, 0, 5.5, 3.75], "texture": "#0"},
				"east": {"uv": [0, 0, 5.5, 3.75], "texture": "#0"},
				"south": {"uv": [0, 0, 5.5, 3.75], "texture": "#0"},
				"west": {"uv": [0, 0, 5.5, 3.75], "texture": "#0"},
				"up": {"uv": [0, 0, 5.5, 3.75], "texture": "#0"},
				"down": {"uv": [0, 0, 5.5, 3.75], "texture": "#0"}
			}
		},
		{
			"from": [7.35976, 20.5, -0.01253],
			"to": [8.64176, 20.675, 0.29271],
			"rotation": {"angle": 0, "axis": "y", "origin": [11.08365, 1.25, 0.90319]},
			"faces": {
				"north": {"uv": [0, 0, 5.5, 4.1], "rotation": 90, "texture": "#0"},
				"east": {"uv": [0, 0, 5.5, 4.1], "rotation": 90, "texture": "#0"},
				"south": {"uv": [0, 0, 5.5, 4.1], "rotation": 90, "texture": "#0"},
				"west": {"uv": [0, 0, 5.5, 4.1], "rotation": 90, "texture": "#0"},
				"up": {"uv": [0, 0, 5.5, 4.1], "rotation": 90, "texture": "#0"},
				"down": {"uv": [0, 0, 5.5, 4.1], "rotation": 90, "texture": "#0"}
			}
		},
		{
			"from": [6.32125, 20.5, -0.58815],
			"to": [6.62649, 20.675, 0.13741],
			"rotation": {"angle": -22.5, "axis": "y", "origin": [3.11627, 1.25, 0.78541]},
			"faces": {
				"north": {"uv": [5.5, 0, 0, 3.75], "texture": "#0"},
				"east": {"uv": [5.5, 0, 0, 3.75], "texture": "#0"},
				"south": {"uv": [5.5, 0, 0, 3.75], "texture": "#0"},
				"west": {"uv": [5.5, 0, 0, 3.75], "texture": "#0"},
				"up": {"uv": [5.5, 0, 0, 3.75], "texture": "#0"},
				"down": {"uv": [5.5, 0, 0, 3.75], "texture": "#0"}
			}
		},
		{
			"from": [5.59913, 20.5, -3.39632],
			"to": [5.90437, 20.675, -2.32799],
			"rotation": {"angle": -45, "axis": "y", "origin": [2.39415, 1.25, 0.41914]},
			"faces": {
				"north": {"uv": [5.5, 0, 0, 3.75], "texture": "#0"},
				"east": {"uv": [5.5, 0, 0, 3.75], "texture": "#0"},
				"south": {"uv": [5.5, 0, 0, 3.75], "texture": "#0"},
				"west": {"uv": [5.5, 0, 0, 3.75], "texture": "#0"},
				"up": {"uv": [5.5, 0, 0, 3.75], "texture": "#0"},
				"down": {"uv": [5.5, 0, 0, 3.75], "texture": "#0"}
			}
		},
		{
			"from": [7.71915, 20.5, -2.12321],
			"to": [8.45994, 20.675, -1.09637],
			"rotation": {"angle": -45, "axis": "y", "origin": [4.91646, 1.25, 0.90319]},
			"faces": {
				"north": {"uv": [0, 4.1, 5.5, 0], "rotation": 90, "texture": "#0"},
				"east": {"uv": [0, 4.1, 5.5, 0], "rotation": 90, "texture": "#0"},
				"south": {"uv": [0, 4.1, 5.5, 0], "rotation": 90, "texture": "#0"},
				"west": {"uv": [0, 4.1, 5.5, 0], "rotation": 90, "texture": "#0"},
				"up": {"uv": [0, 4.1, 5.5, 0], "rotation": 90, "texture": "#0"},
				"down": {"uv": [0, 4.1, 5.5, 0], "rotation": 90, "texture": "#0"}
			}
		},
		{
			"from": [7.35976, 20.5, 0.16787],
			"to": [8.64176, 20.675, 1.55551],
			"rotation": {"angle": 0, "axis": "y", "origin": [11.08365, 1.25, 0.90319]},
			"faces": {
				"north": {"uv": [0, 0, 5.5, 4.1], "rotation": 90, "texture": "#0"},
				"east": {"uv": [0, 0, 5.5, 4.1], "rotation": 90, "texture": "#0"},
				"south": {"uv": [0, 0, 5.5, 4.1], "rotation": 90, "texture": "#0"},
				"west": {"uv": [0, 0, 5.5, 4.1], "rotation": 90, "texture": "#0"},
				"up": {"uv": [0, 0, 5.5, 4.1], "rotation": 90, "texture": "#0"},
				"down": {"uv": [0, 0, 5.5, 4.1], "rotation": 90, "texture": "#0"}
			}
		},
		{
			"from": [7.35976, 20.5, -1.09493],
			"to": [8.10056, 20.675, -0.06809],
			"rotation": {"angle": 22.5, "axis": "y", "origin": [11.08365, 1.25, 0.90319]},
			"faces": {
				"north": {"uv": [0, 0, 5.5, 4.1], "rotation": 90, "texture": "#0"},
				"east": {"uv": [0, 0, 5.5, 4.1], "rotation": 90, "texture": "#0"},
				"south": {"uv": [0, 0, 5.5, 4.1], "rotation": 90, "texture": "#0"},
				"west": {"uv": [0, 0, 5.5, 4.1], "rotation": 90, "texture": "#0"},
				"up": {"uv": [0, 0, 5.5, 4.1], "rotation": 90, "texture": "#0"},
				"down": {"uv": [0, 0, 5.5, 4.1], "rotation": 90, "texture": "#0"}
			}
		},
		{
			"from": [7.89955, 20.5, -1.09493],
			"to": [8.64034, 20.675, -0.06809],
			"rotation": {"angle": -22.5, "axis": "y", "origin": [4.91646, 1.25, 0.90319]},
			"faces": {
				"north": {"uv": [0, 4.1, 5.5, 0], "rotation": 90, "texture": "#0"},
				"east": {"uv": [0, 4.1, 5.5, 0], "rotation": 90, "texture": "#0"},
				"south": {"uv": [0, 4.1, 5.5, 0], "rotation": 90, "texture": "#0"},
				"west": {"uv": [0, 4.1, 5.5, 0], "rotation": 90, "texture": "#0"},
				"up": {"uv": [0, 4.1, 5.5, 0], "rotation": 90, "texture": "#0"},
				"down": {"uv": [0, 4.1, 5.5, 0], "rotation": 90, "texture": "#0"}
			}
		},
		{
			"from": [7.54016, 20.5, -2.12321],
			"to": [8.28096, 20.675, -1.09637],
			"rotation": {"angle": 45, "axis": "y", "origin": [11.08365, 1.25, 0.90319]},
			"faces": {
				"north": {"uv": [0, 0, 5.5, 4.1], "rotation": 90, "texture": "#0"},
				"east": {"uv": [0, 0, 5.5, 4.1], "rotation": 90, "texture": "#0"},
				"south": {"uv": [0, 0, 5.5, 4.1], "rotation": 90, "texture": "#0"},
				"west": {"uv": [0, 0, 5.5, 4.1], "rotation": 90, "texture": "#0"},
				"up": {"uv": [0, 0, 5.5, 4.1], "rotation": 90, "texture": "#0"},
				"down": {"uv": [0, 0, 5.5, 4.1], "rotation": 90, "texture": "#0"}
			}
		}
	],
	"display": {
		"thirdperson_righthand": {
			"rotation": [6, -64, -67],
			"translation": [-8.25, -0.5, 9],
			"scale": [1.5, 1.5, 1.5]
		},
		"thirdperson_lefthand": {
			"rotation": [6, -64, -67],
			"translation": [-8.25, -0.5, 9],
			"scale": [1.5, 1.5, 1.5]
		},
		"firstperson_righthand": {
			"rotation": [-6, -11.7, 1.92],
			"translation": [5.5, 1.75, 3.5],
			"scale": [0.8, 0.8, 0.8]
		},
		"firstperson_lefthand": {
			"rotation": [-2.22, -43.82, 0.71],
			"translation": [5.5, 0.5, 1],
			"scale": [0.8, 0.8, 0.8]
		},
		"ground": {
			"rotation": [-24, 0, 0],
			"scale": [0.7, 0.7, 0.7]
		},
		"gui": {
			"rotation": [45, 45, 0],
			"translation": [-2, -4, 0],
			"scale": [0.8, 0.8, 0.8]
		},
		"head": {
			"rotation": [0, -117, 0],
			"translation": [3.75, -0.25, 1.5]
		},
		"fixed": {
			"rotation": [-97, -64, -99],
			"translation": [-5, -1, -1.75]
		}
	},
	"groups": [
		{
			"name": "group",
			"origin": [12.89994, -1.5714, 0],
			"color": 0,
			"children": [
				0,
				1,
				2,
				3,
				4,
				{
					"name": "group",
					"origin": [5.30669, -0.72241, 3.5],
					"color": 0,
					"children": [
						5,
						6,
						7,
						8,
						9,
						{
							"name": "group",
							"origin": [5.30669, -0.72241, 3.5],
							"color": 0,
							"children": [
								10,
								11,
								12,
								13,
								14,
								{
									"name": "group",
									"origin": [5.30669, -0.72241, 3.5],
									"color": 0,
									"children": [
										15,
										16,
										17,
										18,
										19,
										{
											"name": "group",
											"origin": [2.9312, 1.0592, 11.066],
											"color": 0,
											"children": [
												20,
												21,
												22,
												{
													"name": "group",
													"origin": [2.9312, 1.0592, 11.066],
													"color": 0,
													"children": [
														23,
														24,
														25,
														{
															"name": "group",
															"origin": [5.30669, -0.72241, 3.5],
															"color": 0,
															"children": [
																26,
																27,
																28,
																29,
																30,
																{
																	"name": "group",
																	"origin": [5.30669, -0.72241, 3.5],
																	"color": 0,
																	"children": [
																		31,
																		32,
																		33,
																		34,
																		35,
																		{
																			"name": "group",
																			"origin": [5.30669, -0.72241, 3.5],
																			"color": 0,
																			"children": [
																				36,
																				37,
																				38,
																				39,
																				40,
																				{
																					"name": "group",
																					"origin": [5.30669, -0.72241, 3.5],
																					"color": 0,
																					"children": [41, 42, 43, 44, 45]
																				}
																			]
																		}
																	]
																}
															]
														}
													]
												}
											]
										}
									]
								}
							]
						}
					]
				}
			]
		},
		{
			"name": "hexadecagon",
			"origin": [8, 8, 8],
			"color": 0,
			"children": [46, 47, 48, 49, 50, 51, 52, 53]
		},
		{
			"name": "group",
			"origin": [-1.18289, 0, -0.59997],
			"color": 0,
			"children": [
				54,
				55,
				56,
				57,
				58,
				{
					"name": "group",
					"origin": [-1.18289, 0, -0.59997],
					"color": 0,
					"children": [
						59,
						60,
						61,
						62,
						63,
						{
							"name": "group",
							"origin": [-1.18289, 0, -0.59997],
							"color": 0,
							"children": [
								64,
								65,
								66,
								67,
								68,
								{
									"name": "group",
									"origin": [12.27328, 1, 0.67021],
									"color": 0,
									"children": [69, 70, 71, 72, 73]
								},
								{
									"name": "group",
									"origin": [-1.18289, 0, -0.59997],
									"color": 0,
									"children": [
										74,
										75,
										76,
										77,
										78,
										{
											"name": "group",
											"origin": [12.27328, 1, 0.67021],
											"color": 0,
											"children": [79, 80, 81, 82, 83]
										},
										{
											"name": "group",
											"origin": [-1.18289, 0, -0.59997],
											"color": 0,
											"children": [
												84,
												85,
												86,
												87,
												88,
												{
													"name": "group",
													"origin": [12.27328, 1, 0.67021],
													"color": 0,
													"children": [89, 90, 91, 92, 93]
												}
											]
										}
									]
								}
							]
						}
					]
				}
			]
		}
	]
}