{
	"credit": "Made with Blockbench",
	"textures": {
		"0": "items/do_2",
		"1": "items/do_2_1",
		"particle": "block/do_2"
	},
	"elements": [
		{
			"from": [7.8, 0.85, 7.8],
			"to": [8.2, 1.2, 8.2],
			"rotation": {"angle": 0, "axis": "y", "origin": [8, 1.75, 8]},
			"faces": {
				"north": {"uv": [8, 4, 8.5, 4.5], "texture": "#0"},
				"east": {"uv": [8, 5, 8.5, 5.5], "texture": "#0"},
				"south": {"uv": [8, 6, 8.5, 6.5], "texture": "#0"},
				"west": {"uv": [7, 8, 7.5, 8.5], "texture": "#0"},
				"up": {"uv": [8.5, 7.5, 8, 7], "texture": "#0"},
				"down": {"uv": [8.5, 8, 8, 8.5], "texture": "#0"}
			}
		},
		{
			"from": [7.55, 1.25, 7.55],
			"to": [8.45, 12, 8.45],
			"rotation": {"angle": 0, "axis": "y", "origin": [8, 6.625, 8]},
			"faces": {
				"north": {"uv": [0, 0, 1, 11], "texture": "#0"},
				"east": {"uv": [1, 0, 2, 11], "texture": "#0"},
				"south": {"uv": [2, 0, 3, 11], "texture": "#0"},
				"west": {"uv": [3, 0, 4, 11], "texture": "#0"},
				"up": {"uv": [9, 1, 8, 0], "texture": "#0"},
				"down": {"uv": [9, 1, 8, 2], "texture": "#0"}
			}
		},
		{
			"from": [8.46865, 11.64336, 7.6],
			"to": [9.26865, 17.36836, 8.4],
			"rotation": {"angle": -22.5, "axis": "z", "origin": [8.86865, 14.11836, 8]},
			"faces": {
				"north": {"uv": [4, 0, 5, 6], "texture": "#0"},
				"east": {"uv": [5, 0, 6, 6], "texture": "#0"},
				"south": {"uv": [6, 0, 7, 6], "texture": "#0"},
				"west": {"uv": [4, 6, 5, 12], "texture": "#0"},
				"up": {"uv": [9, 3, 8, 2], "texture": "#0"},
				"down": {"uv": [9, 3, 8, 4], "texture": "#0"}
			}
		},
		{
			"from": [6.73135, 11.61836, 7.7],
			"to": [7.33135, 15.61836, 8.3],
			"rotation": {"angle": 22.5, "axis": "z", "origin": [7.03135, 14.11836, 8]},
			"faces": {
				"north": {"uv": [5, 6, 5.5, 10], "texture": "#0"},
				"east": {"uv": [6, 6, 6.5, 10], "texture": "#0"},
				"south": {"uv": [7, 0, 7.5, 4], "texture": "#0"},
				"west": {"uv": [7, 4, 7.5, 8], "texture": "#0"},
				"up": {"uv": [9.5, 0.5, 9, 0], "texture": "#0"},
				"down": {"uv": [9.5, 1, 9, 1.5], "texture": "#0"}
			}
		},
		{
			"from": [7.675, 0.95, 7.675],
			"to": [8.325, 1.7, 8.325],
			"rotation": {"angle": 0, "axis": "y", "origin": [8, 1.75, 8]},
			"faces": {
				"north": {"uv": [9, 2, 9.5, 2.5], "texture": "#0"},
				"east": {"uv": [9, 3, 9.5, 3.5], "texture": "#0"},
				"south": {"uv": [9, 4, 9.5, 4.5], "texture": "#0"},
				"west": {"uv": [9, 5, 9.5, 5.5], "texture": "#0"},
				"up": {"uv": [9.5, 6.5, 9, 6], "texture": "#0"},
				"down": {"uv": [7.5, 9, 7, 9.5], "texture": "#0"}
			}
		},
		{
			"from": [6.725, -1.4, 8],
			"to": [9.125, 0.95, 8],
			"rotation": {"angle": 0, "axis": "y", "origin": [8, 1.75, 8]},
			"faces": {
				"north": {"uv": [0, 0, 16, 16], "texture": "#1"},
				"east": {"uv": [0, 0, 0, 0], "texture": "#1"},
				"south": {"uv": [16, 0, 0, 16], "texture": "#1"},
				"west": {"uv": [0, 0, 0, 0], "texture": "#1"},
				"up": {"uv": [0, 0, 0, 0], "texture": "#1"},
				"down": {"uv": [0, 0, 0, 0], "texture": "#1"}
			}
		},
		{
			"from": [7.925, -1.4, 6.8],
			"to": [7.925, 0.95, 9.2],
			"rotation": {"angle": 0, "axis": "y", "origin": [7.925, -0.225, 8]},
			"faces": {
				"north": {"uv": [0, 0, 0, 0], "texture": "#1"},
				"east": {"uv": [16, 0, 0, 16], "texture": "#1"},
				"south": {"uv": [0, 0, 0, 0], "texture": "#1"},
				"west": {"uv": [0, 0, 16, 16], "texture": "#1"},
				"up": {"uv": [0, 0, 0, 0], "rotation": 270, "texture": "#1"},
				"down": {"uv": [0, 0, 0, 0], "rotation": 90, "texture": "#1"}
			}
		}
	],
	"display": {
		"thirdperson_righthand": {
			"rotation": [18, -57, 0],
			"translation": [0, 4.25, 2.75],
			"scale": [1.5, 1.65, 1.5]
		},
		"thirdperson_lefthand": {
			"rotation": [18, -57, 0],
			"translation": [0, 4.25, 2.75],
			"scale": [1.5, 1.65, 1.5]
		},
		"firstperson_righthand": {
			"rotation": [-22.23, -0.21, -0.1],
			"translation": [5.5, 4.75, -5.75],
			"scale": [2, 2, 2]
		},
		"firstperson_lefthand": {
			"rotation": [-22.23, -0.21, -0.1],
			"translation": [5.5, 4.75, -5.75]
		},
		"ground": {
			"translation": [0, 5.5, 0]
		},
		"gui": {
			"rotation": [23.01, -0.58, -39.36],
			"translation": [0, 0, 1],
			"scale": [1.5, 1.5, 1.5]
		},
		"head": {
			"rotation": [0, 0, 30.5],
			"translation": [-4.25, -12.5, 4.25],
			"scale": [2, 2, 2]
		}
	},
	"groups": [
		{
			"name": "group",
			"origin": [8, 1.75, 8],
			"color": 0,
			"children": [0, 1, 2, 3, 4]
		},
		5,
		6
	]
}