{
	"credit": "Made with Blockbench",
	"texture_size": [64, 64],
	"textures": {
		"0": "items/taekuk",
		"1": "items/taekuk_1",
		"particle": "items/taekuk"
	},
	"elements": [
		{
			"from": [1, -8, 8],
			"to": [2, 32, 9],
			"faces": {
				"north": {"uv": [0, 0, 0.25, 10], "texture": "#1"},
				"east": {"uv": [0.25, 0, 0.5, 10], "texture": "#1"},
				"south": {"uv": [0.5, 0, 0.75, 10], "texture": "#1"},
				"west": {"uv": [0.75, 0, 1, 10], "texture": "#1"},
				"up": {"uv": [1.25, 0.25, 1, 0], "texture": "#1"},
				"down": {"uv": [1.25, 0.25, 1, 0.5], "texture": "#1"}
			}
		},
		{
			"from": [2, 11, 8],
			"to": [32, 31, 9],
			"faces": {
				"north": {"uv": [0, 0, 16, 10.60299], "texture": "#0"},
				"east": {"uv": [7.5, 0.5, 10.30522, 2.70597], "texture": "#0"},
				"south": {"uv": [0, 0, 16, 10.60299], "texture": "#0"},
				"west": {"uv": [7.5, 5.5, 7.75, 10.5], "texture": "#missing"},
				"up": {"uv": [15, 0.25, 7.5, 0], "texture": "#0"},
				"down": {"uv": [10.05672, 0.25, 7.5, 2.8403], "texture": "#0"}
			}
		}
	],
	"display": {
		"thirdperson_righthand": {
			"rotation": [0, -90, 0],
			"translation": [0.75, 4.75, 4],
			"scale": [0.5, 0.5, 0.5]
		},
		"thirdperson_lefthand": {
			"rotation": [0, 90, 0],
			"translation": [0.75, 4.75, 4],
			"scale": [0.5, 0.5, 0.5]
		},
		"firstperson_righthand": {
			"rotation": [-1, -91, -5],
			"translation": [5.5, -1, 0],
			"scale": [0.5, 0.5, 0.5]
		},
		"firstperson_lefthand": {
			"rotation": [-1, 90, -5],
			"translation": [5.5, -1, 0],
			"scale": [0.5, 0.5, 0.5]
		},
		"ground": {
			"scale": [0.5, 0.5, 0.5]
		},
		"gui": {
			"rotation": [45, 45, 0],
			"translation": [-3.5, -2.25, 0],
			"scale": [0.5, 0.5, 0.5]
		}
	}
}