{
	"parent": "item/handheld",
	"textures": {
		"layer0": "items/fishing_rod_uncast"
	},
	"overrides": [
		{ "predicate": { "damage": 0 }, "model": "fishing_rod/fishing_rod" },
		{ "predicate": { "damaged": 0, "damage": 0.015625 }, "model": "item/chany_c11" },
		{ "predicate": { "damaged": 0, "damage": 0.015625, "cast": 1 }, "model": "item/chany_c11" },
		{ "predicate": { "damaged": 0, "damage": 0.03125 }, "model": "item/do_2" },
		{ "predicate": { "damaged": 0, "damage": 0.03125, "cast": 1 }, "model": "item/do_2" },
		{ "predicate": { "damaged": 0, "damage": 0.046875 }, "model": "item/an2_c12" },
		{ "predicate": { "damaged": 0, "damage": 0.046875, "cast": 1 }, "model": "item/an2_c12" },
		{ "predicate": { "damaged": 0, "damage": 0.0625 }, "model": "item/pu_2" },
		{ "predicate": { "damaged": 0, "damage": 0.0625, "cast": 1 }, "model": "item/pu_2" },
		{ "predicate": { "damaged": 0, "damage": 0.078125 }, "model": "item/pu_1" },
		{ "predicate": { "damaged": 0, "damage": 0.078125, "cast": 1 }, "model": "item/pu_1" },
		{ "predicate": { "damaged": 0, "damage": 0.09375 }, "model": "item/dwd_chi_9" },
		{ "predicate": { "damaged": 0, "damage": 0.09375, "cast": 1 }, "model": "item/dwd_chi_9" },
		{ "predicate": { "damaged": 0, "damage": 0.109375 }, "model": "item/chany_s4" },
		{ "predicate": { "damaged": 0, "damage": 0.109375, "cast": 1 }, "model": "item/chany_s4" },
		{ "predicate": { "damaged": 0, "damage": 0.125 }, "model": "item/croco_pick" },
		{ "predicate": { "damaged": 0, "damage": 0.125, "cast": 1 }, "model": "item/croco_pick" },
		{ "predicate": { "damaged": 0, "damage": 0.140625 }, "model": "item/pencil" },
		{ "predicate": { "damaged": 0, "damage": 0.140625, "cast": 1 }, "model": "item/pencil" },
		{ "predicate": { "damaged": 0, "damage": 0.15625 }, "model": "item/lung_1" },
		{ "predicate": { "damaged": 0, "damage": 0.15625, "cast": 1 }, "model": "item/lung_1" },
		{ "predicate": { "damaged": 0, "damage": 0.171875 }, "model": "item/dwd_chi_10" },
		{ "predicate": { "damaged": 0, "damage": 0.171875, "cast": 1 }, "model": "item/dwd_chi_10" },
		{ "predicate": { "damaged": 0, "damage": 0.1875 }, "model": "item/hotdog" },
		{ "predicate": { "damaged": 0, "damage": 0.1875, "cast": 1 }, "model": "item/hotdog" },
		{ "predicate": { "damaged": 0, "damage": 0.203125 }, "model": "item/rabbit" },
		{ "predicate": { "damaged": 0, "damage": 0.203125, "cast": 1 }, "model": "item/rabbit" },
		{ "predicate": { "damaged": 0, "damage": 0.21875 }, "model": "item/sh3" },
		{ "predicate": { "damaged": 0, "damage": 0.21875, "cast": 1 }, "model": "item/sh3" },
		{ "predicate": { "damaged": 0, "damage": 0.234375 }, "model": "item/umb_1" },
		{ "predicate": { "damaged": 0, "damage": 0.234375, "cast": 1 }, "model": "item/umb_1" },
		{ "predicate": { "damaged": 0, "damage": 0.25 }, "model": "item/umb_2" },
		{ "predicate": { "damaged": 0, "damage": 0.25, "cast": 1 }, "model": "item/umb_2" },
		{ "predicate": { "damaged": 0, "damage": 0.265625 }, "model": "item/umb_3" },
		{ "predicate": { "damaged": 0, "damage": 0.265625, "cast": 1 }, "model": "item/umb_3" },
		{ "predicate": { "damaged": 0, "damage": 0.28125 }, "model": "item/umb_4" },
		{ "predicate": { "damaged": 0, "damage": 0.28125, "cast": 1 }, "model": "item/umb_4" },
		{ "predicate": { "damaged": 0, "damage": 0.296875 }, "model": "item/umb_5" },
		{ "predicate": { "damaged": 0, "damage": 0.296875, "cast": 1 }, "model": "item/umb_5" },
		{ "predicate": { "damaged": 0, "damage": 0.3125 }, "model": "item/umb_6" },
		{ "predicate": { "damaged": 0, "damage": 0.3125, "cast": 1 }, "model": "item/umb_6" },
		{ "predicate": { "damaged": 0, "damage": 0.328125 }, "model": "item/umb_7" },
		{ "predicate": { "damaged": 0, "damage": 0.328125, "cast": 1 }, "model": "item/umb_7" },
		{ "predicate": { "damaged": 0, "damage": 0.34375 }, "model": "item/umb_8" },
		{ "predicate": { "damaged": 0, "damage": 0.34375, "cast": 1 }, "model": "item/umb_8" },
		{ "predicate": { "damaged": 0, "damage": 0.359375 }, "model": "item/umb_9" },
		{ "predicate": { "damaged": 0, "damage": 0.359375, "cast": 1 }, "model": "item/umb_9" },
		{ "predicate": { "damaged": 0, "damage": 0.375 }, "model": "item/taekuk" },
		{ "predicate": { "damaged": 0, "damage": 0.375, "cast": 1 }, "model": "item/taekuk" },
		{ "predicate": { "damaged": 0, "damage": 0.390625 }, "model": "item/unwol" },
		{ "predicate": { "damaged": 0, "damage": 0.390625, "cast": 1 }, "model": "item/unwol" },
		{ "predicate": { "damaged": 0, "damage": 0.40625 }, "model": "item/unwol_2" },
		{ "predicate": { "damaged": 0, "damage": 0.40625, "cast": 1 }, "model": "item/unwol_2" },
		{ "predicate": { "damaged": 0, "damage": 0.421875 }, "model": "item/ar_fist" },
		{ "predicate": { "damaged": 0, "damage": 0.421875, "cast": 1 }, "model": "item/ar_fist" },
		{ "predicate": { "damaged": 0, "damage": 0.4375 }, "model": "item/ar_bo" },
		{ "predicate": { "damaged": 0, "damage": 0.4375, "cast": 1 }, "model": "item/ar_bo" },
		{ "predicate": { "damaged": 0, "damage": 0.453125 }, "model": "item/ar_gawi" },
		{ "predicate": { "damaged": 0, "damage": 0.453125, "cast": 1 }, "model": "item/ar_gawi" },
		{ "predicate": { "damaged": 0, "damage": 0.46875 }, "model": "item/shark" },
		{ "predicate": { "damaged": 0, "damage": 0.46875, "cast": 1 }, "model": "item/shark" },
		{ "predicate": { "damaged": 0, "damage": 0.484375 }, "model": "item/katana" },
		{ "predicate": { "damaged": 0, "damage": 0.484375, "cast": 1 }, "model": "item/katana" },
		{ "predicate": { "damaged": 0, "damage": 0.5 }, "model": "item/genzi" },
		{ "predicate": { "damaged": 0, "damage": 0.5, "cast": 1 }, "model": "item/genzi" },
		{ "predicate": { "damaged": 0, "damage": 0.515625 }, "model": "item/chicken" },
		{ "predicate": { "damaged": 0, "damage": 0.515625, "cast": 1 }, "model": "item/chicken" },
		{ "predicate": { "damaged": 0, "damage": 0.53125 }, "model": "item/tube_1" },
		{ "predicate": { "damaged": 0, "damage": 0.53125, "cast": 1 }, "model": "item/tube_1" },
		{ "predicate": { "damaged": 0, "damage": 0.546875 }, "model": "item/tube_2" },
		{ "predicate": { "damaged": 0, "damage": 0.546875, "cast": 1 }, "model": "item/tube_2" },
		{ "predicate": { "damaged": 0, "damage": 0.5625 }, "model": "item/tube_3" },
		{ "predicate": { "damaged": 0, "damage": 0.5625, "cast": 1 }, "model": "item/tube_3" },
		{ "predicate": { "damaged": 0, "damage": 0.578125 }, "model": "item/tube_4" },
		{ "predicate": { "damaged": 0, "damage": 0.578125, "cast": 1 }, "model": "item/tube_4" },
		{ "predicate": { "damaged": 0, "damage": 0.59375 }, "model": "item/fishing_rod38" },
		{ "predicate": { "damaged": 0, "damage": 0.59375, "cast": 1 }, "model": "item/fishing_rod_cast38" },
		{ "predicate": { "damaged": 0, "damage": 0.609375 }, "model": "item/fishing_rod39" },
		{ "predicate": { "damaged": 0, "damage": 0.609375, "cast": 1 }, "model": "item/fishing_rod_cast39" },
		{ "predicate": { "damaged": 0, "damage": 0.625 }, "model": "item/fishing_rod40" },
		{ "predicate": { "damaged": 0, "damage": 0.625, "cast": 1 }, "model": "item/fishing_rod_cast40" },
		{ "predicate": { "damaged": 0, "damage": 0.640625 }, "model": "item/fishing_rod41" },
		{ "predicate": { "damaged": 0, "damage": 0.640625, "cast": 1 }, "model": "item/fishing_rod_cast41" },
		{ "predicate": { "damaged": 0, "damage": 0.65625 }, "model": "item/fishing_rod42" },
		{ "predicate": { "damaged": 0, "damage": 0.65625, "cast": 1 }, "model": "item/fishing_rod_cast42" },
		{ "predicate": { "damaged": 0, "damage": 0.671875 }, "model": "item/fishing_rod43" },
		{ "predicate": { "damaged": 0, "damage": 0.671875, "cast": 1 }, "model": "item/fishing_rod_cast43" },
		{ "predicate": { "damaged": 0, "damage": 0.6875 }, "model": "item/fishing_rod44" },
		{ "predicate": { "damaged": 0, "damage": 0.6875, "cast": 1 }, "model": "item/fishing_rod_cast44" },
		{ "predicate": { "damaged": 0, "damage": 0.703125 }, "model": "item/fishing_rod45" },
		{ "predicate": { "damaged": 0, "damage": 0.703125, "cast": 1 }, "model": "item/fishing_rod_cast45" },
		{ "predicate": { "damaged": 0, "damage": 0.71875 }, "model": "item/fishing_rod46" },
		{ "predicate": { "damaged": 0, "damage": 0.71875, "cast": 1 }, "model": "item/fishing_rod_cast46" },
		{ "predicate": { "damaged": 0, "damage": 0.734375 }, "model": "item/fishing_rod47" },
		{ "predicate": { "damaged": 0, "damage": 0.734375, "cast": 1 }, "model": "item/fishing_rod_cast47" },
		{ "predicate": { "damaged": 0, "damage": 0.75 }, "model": "item/fishing_rod48" },
		{ "predicate": { "damaged": 0, "damage": 0.75, "cast": 1 }, "model": "item/fishing_rod_cast48" },
		{ "predicate": { "damaged": 0, "damage": 0.765625 }, "model": "item/fishing_rod49" },
		{ "predicate": { "damaged": 0, "damage": 0.765625, "cast": 1 }, "model": "item/fishing_rod_cast49" },
		{ "predicate": { "damaged": 0, "damage": 0.78125 }, "model": "item/fishing_rod50" },
		{ "predicate": { "damaged": 0, "damage": 0.78125, "cast": 1 }, "model": "item/fishing_rod_cast50" },
		{ "predicate": { "damaged": 0, "damage": 0.796875 }, "model": "item/fishing_rod51" },
		{ "predicate": { "damaged": 0, "damage": 0.796875, "cast": 1 }, "model": "item/fishing_rod_cast51" },
		{ "predicate": { "damaged": 0, "damage": 0.8125 }, "model": "item/fishing_rod52" },
		{ "predicate": { "damaged": 0, "damage": 0.8125, "cast": 1 }, "model": "item/fishing_rod_cast52" },
		{ "predicate": { "damaged": 0, "damage": 0.828125 }, "model": "item/fishing_rod53" },
		{ "predicate": { "damaged": 0, "damage": 0.828125, "cast": 1 }, "model": "item/fishing_rod_cast53" },
		{ "predicate": { "damaged": 0, "damage": 0.84375 }, "model": "item/fishing_rod54" },
		{ "predicate": { "damaged": 0, "damage": 0.84375, "cast": 1 }, "model": "item/fishing_rod_cast54" },
		{ "predicate": { "damaged": 0, "damage": 0.859375 }, "model": "item/fishing_rod55" },
		{ "predicate": { "damaged": 0, "damage": 0.859375, "cast": 1 }, "model": "item/fishing_rod_cast55" },
		{ "predicate": { "damaged": 0, "damage": 0.875 }, "model": "item/fishing_rod56" },
		{ "predicate": { "damaged": 0, "damage": 0.875, "cast": 1 }, "model": "item/fishing_rod_cast56" },
		{ "predicate": { "damaged": 0, "damage": 0.890625 }, "model": "item/fishing_rod57" },
		{ "predicate": { "damaged": 0, "damage": 0.890625, "cast": 1 }, "model": "item/fishing_rod_cast57" },
		{ "predicate": { "damaged": 0, "damage": 0.90625 }, "model": "item/fishing_rod58" },
		{ "predicate": { "damaged": 0, "damage": 0.90625, "cast": 1 }, "model": "item/fishing_rod_cast58" },
		{ "predicate": { "damaged": 0, "damage": 0.921875 }, "model": "item/fishing_rod59" },
		{ "predicate": { "damaged": 0, "damage": 0.921875, "cast": 1 }, "model": "item/fishing_rod_cast59" },
		{ "predicate": { "damaged": 0, "damage": 0.9375 }, "model": "item/fishing_rod60" },
		{ "predicate": { "damaged": 0, "damage": 0.9375, "cast": 1 }, "model": "item/fishing_rod_cast60" },
		{ "predicate": { "damaged": 0, "damage": 0.953125 }, "model": "item/fishing_rod61" },
		{ "predicate": { "damaged": 0, "damage": 0.953125, "cast": 1 }, "model": "item/fishing_rod_cast61" },
		{ "predicate": { "damaged": 0, "damage": 0.96875 }, "model": "item/fishing_rod62" },
		{ "predicate": { "damaged": 0, "damage": 0.96875, "cast": 1 }, "model": "item/fishing_rod_cast62" },
		{ "predicate": { "damaged": 0, "damage": 0.984375 }, "model": "item/fishing_rod63" },
		{ "predicate": { "damaged": 0, "damage": 0.984375, "cast": 1 }, "model": "item/fishing_rod_cast63" },
		{ "predicate": { "damaged": 1 }, "model": "fishing_rod/fishing_rod" }
	]
}