{
	"credit": "Made with Blockbench",
	"textures": {
		"0": "items/hotdog",
		"particle": "items/hotdog"
	},
	"elements": [
		{
			"from": [-1.4003, 0.4587, 5.125],
			"to": [-0.5253, 1.3337, 10.875],
			"rotation": {"angle": -45, "axis": "x", "origin": [-1, 0.859, 8]},
			"faces": {
				"north": {"uv": [2.87656, 2.87656, 3.24844, 3.24844], "texture": "#0"},
				"east": {"uv": [0.00156, 2.87656, 2.87344, 3.24844], "texture": "#0"},
				"south": {"uv": [6.12656, 2.87656, 6.49844, 3.24844], "texture": "#0"},
				"west": {"uv": [3.25156, 2.87656, 6.12344, 3.24844], "texture": "#0"},
				"up": {"uv": [3.24844, 2.87344, 2.87656, 0.00156], "texture": "#0"},
				"down": {"uv": [3.62344, 0.00156, 3.25156, 2.87344], "texture": "#0"}
			}
		},
		{
			"from": [-1.5, 0, 5.75],
			"to": [-0.5, 0.5, 10.25],
			"rotation": {"angle": -45, "axis": "x", "origin": [-1, 0.859, 8]},
			"faces": {
				"north": {"uv": [2.25156, 5.50156, 2.74844, 5.74844], "texture": "#0"},
				"east": {"uv": [0.00156, 5.50156, 2.24844, 5.74844], "texture": "#0"},
				"south": {"uv": [5.00156, 5.50156, 5.49844, 5.74844], "texture": "#0"},
				"west": {"uv": [2.75156, 5.50156, 4.99844, 5.74844], "texture": "#0"},
				"up": {"uv": [2.74844, 5.49844, 2.25156, 3.25156], "texture": "#0"},
				"down": {"uv": [3.24844, 3.25156, 2.75156, 5.49844], "texture": "#0"}
			}
		},
		{
			"from": [-1.25385, -0.10196, 5.75],
			"to": [-0.54675, 0.39804, 10.25],
			"rotation": {"angle": -45, "axis": "x", "origin": [-1, 0.859, 8]},
			"faces": {
				"north": {"uv": [5.87656, 2.25156, 6.12344, 2.49844], "texture": "#0"},
				"east": {"uv": [3.62656, 2.25156, 5.87344, 2.49844], "texture": "#0"},
				"south": {"uv": [8.37656, 2.25156, 8.62344, 2.49844], "texture": "#0"},
				"west": {"uv": [6.12656, 2.25156, 8.37344, 2.49844], "texture": "#0"},
				"up": {"uv": [6.12344, 2.24844, 5.87656, 0.00156], "texture": "#0"},
				"down": {"uv": [6.37344, 0.00156, 6.12656, 2.24844], "texture": "#0"}
			}
		},
		{
			"from": [-1.45325, -0.10196, 5.75],
			"to": [-0.74615, 0.39804, 10.25],
			"rotation": {"angle": -45, "axis": "x", "origin": [-1, 0.859, 8]},
			"faces": {
				"north": {"uv": [5.50156, 5.75156, 5.74844, 5.99844], "texture": "#0"},
				"east": {"uv": [3.25156, 5.75156, 5.49844, 5.99844], "texture": "#0"},
				"south": {"uv": [8.00156, 5.75156, 8.24844, 5.99844], "texture": "#0"},
				"west": {"uv": [5.75156, 5.75156, 7.99844, 5.99844], "texture": "#0"},
				"up": {"uv": [5.74844, 5.74844, 5.50156, 3.50156], "texture": "#0"},
				"down": {"uv": [5.99844, 3.50156, 5.75156, 5.74844], "texture": "#0"}
			}
		},
		{
			"from": [-2, 0.5, 5.75],
			"to": [-1.5, 1, 10.25],
			"rotation": {"angle": -45, "axis": "x", "origin": [-1, 0.859, 8]},
			"faces": {
				"north": {"uv": [5.00156, 8.25156, 5.24844, 8.49844], "texture": "#0"},
				"east": {"uv": [2.75156, 8.25156, 4.99844, 8.49844], "texture": "#0"},
				"south": {"uv": [7.50156, 8.25156, 7.74844, 8.49844], "texture": "#0"},
				"west": {"uv": [5.25156, 8.25156, 7.49844, 8.49844], "texture": "#0"},
				"up": {"uv": [5.24844, 8.24844, 5.00156, 6.00156], "texture": "#0"},
				"down": {"uv": [5.49844, 6.00156, 5.25156, 8.24844], "texture": "#0"}
			}
		},
		{
			"from": [-0.5, 0.5, 5.75],
			"to": [0, 1, 10.25],
			"rotation": {"angle": -45, "axis": "x", "origin": [-1, 0.859, 8]},
			"faces": {
				"north": {"uv": [2.25156, 8.00156, 2.49844, 8.24844], "texture": "#0"},
				"east": {"uv": [0.00156, 8.00156, 2.24844, 8.24844], "texture": "#0"},
				"south": {"uv": [4.75156, 8.00156, 4.99844, 8.24844], "texture": "#0"},
				"west": {"uv": [2.50156, 8.00156, 4.74844, 8.24844], "texture": "#0"},
				"up": {"uv": [2.49844, 7.99844, 2.25156, 5.75156], "texture": "#0"},
				"down": {"uv": [2.74844, 5.75156, 2.50156, 7.99844], "texture": "#0"}
			}
		},
		{
			"from": [-2, 1, 6.25],
			"to": [-1.5, 1.5, 9.75],
			"rotation": {"angle": -45, "axis": "x", "origin": [-1, 0.859, 8]},
			"faces": {
				"north": {"uv": [7.75156, 4.25156, 7.99844, 4.49844], "texture": "#0"},
				"east": {"uv": [6.00156, 4.25156, 7.74844, 4.49844], "texture": "#0"},
				"south": {"uv": [9.75156, 4.25156, 9.99844, 4.49844], "texture": "#0"},
				"west": {"uv": [8.00156, 4.25156, 9.74844, 4.49844], "texture": "#0"},
				"up": {"uv": [7.99844, 4.24844, 7.75156, 2.50156], "texture": "#0"},
				"down": {"uv": [8.24844, 2.50156, 8.00156, 4.24844], "texture": "#0"}
			}
		},
		{
			"from": [-0.5, 1, 6.25],
			"to": [0, 1.5, 9.75],
			"rotation": {"angle": -45, "axis": "x", "origin": [-1, 0.859, 8]},
			"faces": {
				"north": {"uv": [7.25156, 7.75156, 7.49844, 7.99844], "texture": "#0"},
				"east": {"uv": [5.50156, 7.75156, 7.24844, 7.99844], "texture": "#0"},
				"south": {"uv": [9.25156, 7.75156, 9.49844, 7.99844], "texture": "#0"},
				"west": {"uv": [7.50156, 7.75156, 9.24844, 7.99844], "texture": "#0"},
				"up": {"uv": [7.49844, 7.74844, 7.25156, 6.00156], "texture": "#0"},
				"down": {"uv": [7.74844, 6.00156, 7.50156, 7.74844], "texture": "#0"}
			}
		},
		{
			"from": [-0.5, 2.04969, 8.78418],
			"to": [0, 2.54969, 9.49129],
			"rotation": {"angle": 0, "axis": "x", "origin": [-1, 0.859, 8]},
			"faces": {
				"north": {"uv": [1.24844, 0.49844, 1.00156, 0.25156], "rotation": 180, "texture": "#0"},
				"east": {"uv": [0.75156, 0.50156, 0.99844, 0.74844], "rotation": 90, "texture": "#0"},
				"south": {"uv": [1.49844, 0.25156, 1.25156, 0.49844], "texture": "#0"},
				"west": {"uv": [1.25156, 0.50156, 1.49844, 0.74844], "rotation": 270, "texture": "#0"},
				"up": {"uv": [1.50156, 0.50156, 1.74844, 0.74844], "texture": "#0"},
				"down": {"uv": [1.00156, 0.50156, 1.24844, 0.74844], "rotation": 180, "texture": "#0"}
			}
		},
		{
			"from": [-2, 2.04969, 8.78418],
			"to": [-1.5, 2.54969, 9.49129],
			"rotation": {"angle": 0, "axis": "x", "origin": [-1, 0.859, 8]},
			"faces": {
				"north": {"uv": [0.49844, 0.24844, 0.25156, 0.00156], "rotation": 180, "texture": "#0"},
				"east": {"uv": [0.00156, 0.25156, 0.24844, 0.49844], "rotation": 90, "texture": "#0"},
				"south": {"uv": [0.74844, 0.00156, 0.50156, 0.24844], "texture": "#0"},
				"west": {"uv": [0.50156, 0.25156, 0.74844, 0.49844], "rotation": 270, "texture": "#0"},
				"up": {"uv": [0.75156, 0.25156, 0.99844, 0.49844], "texture": "#0"},
				"down": {"uv": [0.25156, 0.25156, 0.49844, 0.49844], "rotation": 180, "texture": "#0"}
			}
		},
		{
			"from": [-0.5, -0.63229, 6.30931],
			"to": [0, 0.07482, 6.80931],
			"rotation": {"angle": 0, "axis": "x", "origin": [-1, 0.859, 8]},
			"faces": {
				"north": {"uv": [1.00156, 1.00156, 1.24844, 1.24844], "texture": "#0"},
				"east": {"uv": [0.75156, 1.00156, 0.99844, 1.24844], "texture": "#0"},
				"south": {"uv": [1.50156, 1.00156, 1.74844, 1.24844], "texture": "#0"},
				"west": {"uv": [1.25156, 1.00156, 1.49844, 1.24844], "texture": "#0"},
				"up": {"uv": [1.24844, 0.99844, 1.00156, 0.75156], "texture": "#0"},
				"down": {"uv": [1.49844, 0.75156, 1.25156, 0.99844], "texture": "#0"}
			}
		},
		{
			"from": [-2, -0.63229, 6.30931],
			"to": [-1.5, 0.07482, 6.80931],
			"rotation": {"angle": 0, "axis": "x", "origin": [-1, 0.859, 8]},
			"faces": {
				"north": {"uv": [0.25156, 0.75156, 0.49844, 0.99844], "texture": "#0"},
				"east": {"uv": [0.00156, 0.75156, 0.24844, 0.99844], "texture": "#0"},
				"south": {"uv": [0.75156, 0.75156, 0.99844, 0.99844], "texture": "#0"},
				"west": {"uv": [0.50156, 0.75156, 0.74844, 0.99844], "texture": "#0"},
				"up": {"uv": [0.49844, 0.74844, 0.25156, 0.50156], "texture": "#0"},
				"down": {"uv": [0.74844, 0.50156, 0.50156, 0.74844], "texture": "#0"}
			}
		},
		{
			"from": [14.5997, -8.016, 11.5253],
			"to": [15.4747, -2.266, 12.4003],
			"rotation": {"angle": 0, "axis": "x", "origin": [15, -5.141, 12]},
			"faces": {
				"north": {"uv": [3.24844, 2.87344, 2.87656, 0.00156], "rotation": 180, "texture": "#0"},
				"east": {"uv": [0.00156, 2.87656, 2.87344, 3.24844], "rotation": 90, "texture": "#0"},
				"south": {"uv": [3.62344, 0.00156, 3.25156, 2.87344], "texture": "#0"},
				"west": {"uv": [3.25156, 2.87656, 6.12344, 3.24844], "rotation": 270, "texture": "#0"},
				"up": {"uv": [6.12656, 2.87656, 6.49844, 3.24844], "texture": "#0"},
				"down": {"uv": [2.87656, 2.87656, 3.24844, 3.24844], "rotation": 180, "texture": "#0"}
			}
		},
		{
			"from": [14.5, -7.391, 12.359],
			"to": [15.5, -2.891, 12.859],
			"rotation": {"angle": 0, "axis": "x", "origin": [15, -5.141, 12]},
			"faces": {
				"north": {"uv": [2.74844, 5.49844, 2.25156, 3.25156], "rotation": 180, "texture": "#0"},
				"east": {"uv": [0.00156, 5.50156, 2.24844, 5.74844], "rotation": 90, "texture": "#0"},
				"south": {"uv": [3.24844, 3.25156, 2.75156, 5.49844], "texture": "#0"},
				"west": {"uv": [2.75156, 5.50156, 4.99844, 5.74844], "rotation": 270, "texture": "#0"},
				"up": {"uv": [5.00156, 5.50156, 5.49844, 5.74844], "texture": "#0"},
				"down": {"uv": [2.25156, 5.50156, 2.74844, 5.74844], "rotation": 180, "texture": "#0"}
			}
		},
		{
			"from": [14.74615, -7.391, 12.46096],
			"to": [15.45325, -2.891, 12.96096],
			"rotation": {"angle": 0, "axis": "x", "origin": [15, -5.141, 12]},
			"faces": {
				"north": {"uv": [6.12344, 2.24844, 5.87656, 0.00156], "rotation": 180, "texture": "#0"},
				"east": {"uv": [3.62656, 2.25156, 5.87344, 2.49844], "rotation": 90, "texture": "#0"},
				"south": {"uv": [6.37344, 0.00156, 6.12656, 2.24844], "texture": "#0"},
				"west": {"uv": [6.12656, 2.25156, 8.37344, 2.49844], "rotation": 270, "texture": "#0"},
				"up": {"uv": [8.37656, 2.25156, 8.62344, 2.49844], "texture": "#0"},
				"down": {"uv": [5.87656, 2.25156, 6.12344, 2.49844], "rotation": 180, "texture": "#0"}
			}
		},
		{
			"from": [14.54675, -7.391, 12.46096],
			"to": [15.25385, -2.891, 12.96096],
			"rotation": {"angle": 0, "axis": "x", "origin": [15, -5.141, 12]},
			"faces": {
				"north": {"uv": [5.74844, 5.74844, 5.50156, 3.50156], "rotation": 180, "texture": "#0"},
				"east": {"uv": [3.25156, 5.75156, 5.49844, 5.99844], "rotation": 90, "texture": "#0"},
				"south": {"uv": [5.99844, 3.50156, 5.75156, 5.74844], "texture": "#0"},
				"west": {"uv": [5.75156, 5.75156, 7.99844, 5.99844], "rotation": 270, "texture": "#0"},
				"up": {"uv": [8.00156, 5.75156, 8.24844, 5.99844], "texture": "#0"},
				"down": {"uv": [5.50156, 5.75156, 5.74844, 5.99844], "rotation": 180, "texture": "#0"}
			}
		},
		{
			"from": [14, -7.391, 11.859],
			"to": [14.5, -2.891, 12.359],
			"rotation": {"angle": 0, "axis": "x", "origin": [15, -5.141, 12]},
			"faces": {
				"north": {"uv": [5.24844, 8.24844, 5.00156, 6.00156], "rotation": 180, "texture": "#0"},
				"east": {"uv": [2.75156, 8.25156, 4.99844, 8.49844], "rotation": 90, "texture": "#0"},
				"south": {"uv": [5.49844, 6.00156, 5.25156, 8.24844], "texture": "#0"},
				"west": {"uv": [5.25156, 8.25156, 7.49844, 8.49844], "rotation": 270, "texture": "#0"},
				"up": {"uv": [7.50156, 8.25156, 7.74844, 8.49844], "texture": "#0"},
				"down": {"uv": [5.00156, 8.25156, 5.24844, 8.49844], "rotation": 180, "texture": "#0"}
			}
		},
		{
			"from": [15.5, -7.391, 11.859],
			"to": [16, -2.891, 12.359],
			"rotation": {"angle": 0, "axis": "x", "origin": [15, -5.141, 12]},
			"faces": {
				"north": {"uv": [2.49844, 7.99844, 2.25156, 5.75156], "rotation": 180, "texture": "#0"},
				"east": {"uv": [0.00156, 8.00156, 2.24844, 8.24844], "rotation": 90, "texture": "#0"},
				"south": {"uv": [2.74844, 5.75156, 2.50156, 7.99844], "texture": "#0"},
				"west": {"uv": [2.50156, 8.00156, 4.74844, 8.24844], "rotation": 270, "texture": "#0"},
				"up": {"uv": [4.75156, 8.00156, 4.99844, 8.24844], "texture": "#0"},
				"down": {"uv": [2.25156, 8.00156, 2.49844, 8.24844], "rotation": 180, "texture": "#0"}
			}
		},
		{
			"from": [14, -6.891, 11.359],
			"to": [14.5, -3.391, 11.859],
			"rotation": {"angle": 0, "axis": "x", "origin": [15, -5.141, 12]},
			"faces": {
				"north": {"uv": [7.99844, 4.24844, 7.75156, 2.50156], "rotation": 180, "texture": "#0"},
				"east": {"uv": [6.00156, 4.25156, 7.74844, 4.49844], "rotation": 90, "texture": "#0"},
				"south": {"uv": [8.24844, 2.50156, 8.00156, 4.24844], "texture": "#0"},
				"west": {"uv": [8.00156, 4.25156, 9.74844, 4.49844], "rotation": 270, "texture": "#0"},
				"up": {"uv": [9.75156, 4.25156, 9.99844, 4.49844], "texture": "#0"},
				"down": {"uv": [7.75156, 4.25156, 7.99844, 4.49844], "rotation": 180, "texture": "#0"}
			}
		},
		{
			"from": [15.5, -6.891, 11.359],
			"to": [16, -3.391, 11.859],
			"rotation": {"angle": 0, "axis": "x", "origin": [15, -5.141, 12]},
			"faces": {
				"north": {"uv": [7.49844, 7.74844, 7.25156, 6.00156], "rotation": 180, "texture": "#0"},
				"east": {"uv": [5.50156, 7.75156, 7.24844, 7.99844], "rotation": 90, "texture": "#0"},
				"south": {"uv": [7.74844, 6.00156, 7.50156, 7.74844], "texture": "#0"},
				"west": {"uv": [7.50156, 7.75156, 9.24844, 7.99844], "rotation": 270, "texture": "#0"},
				"up": {"uv": [9.25156, 7.75156, 9.49844, 7.99844], "texture": "#0"},
				"down": {"uv": [7.25156, 7.75156, 7.49844, 7.99844], "rotation": 180, "texture": "#0"}
			}
		},
		{
			"from": [15.5, -3.95031, 12.78418],
			"to": [16, -3.45031, 13.49129],
			"rotation": {"angle": -45, "axis": "x", "origin": [15, -5.141, 12]},
			"faces": {
				"north": {"uv": [1.24844, 0.49844, 1.00156, 0.25156], "rotation": 180, "texture": "#0"},
				"east": {"uv": [0.75156, 0.50156, 0.99844, 0.74844], "rotation": 90, "texture": "#0"},
				"south": {"uv": [1.49844, 0.25156, 1.25156, 0.49844], "texture": "#0"},
				"west": {"uv": [1.25156, 0.50156, 1.49844, 0.74844], "rotation": 270, "texture": "#0"},
				"up": {"uv": [1.50156, 0.50156, 1.74844, 0.74844], "texture": "#0"},
				"down": {"uv": [1.00156, 0.50156, 1.24844, 0.74844], "rotation": 180, "texture": "#0"}
			}
		},
		{
			"from": [14, -3.95031, 12.78418],
			"to": [14.5, -3.45031, 13.49129],
			"rotation": {"angle": -45, "axis": "x", "origin": [15, -5.141, 12]},
			"faces": {
				"north": {"uv": [0.49844, 0.24844, 0.25156, 0.00156], "rotation": 180, "texture": "#0"},
				"east": {"uv": [0.00156, 0.25156, 0.24844, 0.49844], "rotation": 90, "texture": "#0"},
				"south": {"uv": [0.74844, 0.00156, 0.50156, 0.24844], "texture": "#0"},
				"west": {"uv": [0.50156, 0.25156, 0.74844, 0.49844], "rotation": 270, "texture": "#0"},
				"up": {"uv": [0.75156, 0.25156, 0.99844, 0.49844], "texture": "#0"},
				"down": {"uv": [0.25156, 0.25156, 0.49844, 0.49844], "rotation": 180, "texture": "#0"}
			}
		},
		{
			"from": [15.5, -6.63229, 10.30931],
			"to": [16, -5.92518, 10.80931],
			"rotation": {"angle": -45, "axis": "x", "origin": [15, -5.141, 12]},
			"faces": {
				"north": {"uv": [1.00156, 1.00156, 1.24844, 1.24844], "texture": "#0"},
				"east": {"uv": [0.75156, 1.00156, 0.99844, 1.24844], "texture": "#0"},
				"south": {"uv": [1.50156, 1.00156, 1.74844, 1.24844], "texture": "#0"},
				"west": {"uv": [1.25156, 1.00156, 1.49844, 1.24844], "texture": "#0"},
				"up": {"uv": [1.24844, 0.99844, 1.00156, 0.75156], "texture": "#0"},
				"down": {"uv": [1.49844, 0.75156, 1.25156, 0.99844], "texture": "#0"}
			}
		},
		{
			"from": [14, -6.63229, 10.30931],
			"to": [14.5, -5.92518, 10.80931],
			"rotation": {"angle": -45, "axis": "x", "origin": [15, -5.141, 12]},
			"faces": {
				"north": {"uv": [0.25156, 0.75156, 0.49844, 0.99844], "texture": "#0"},
				"east": {"uv": [0.00156, 0.75156, 0.24844, 0.99844], "texture": "#0"},
				"south": {"uv": [0.75156, 0.75156, 0.99844, 0.99844], "texture": "#0"},
				"west": {"uv": [0.50156, 0.75156, 0.74844, 0.99844], "texture": "#0"},
				"up": {"uv": [0.49844, 0.74844, 0.25156, 0.50156], "texture": "#0"},
				"down": {"uv": [0.74844, 0.50156, 0.50156, 0.74844], "texture": "#0"}
			}
		},
		{
			"from": [-3.4003, 5.984, 7.5253],
			"to": [-2.5253, 11.734, 8.4003],
			"rotation": {"angle": -22.5, "axis": "x", "origin": [-3, 8.859, 8]},
			"faces": {
				"north": {"uv": [3.24844, 2.87344, 2.87656, 0.00156], "rotation": 180, "texture": "#0"},
				"east": {"uv": [0.00156, 2.87656, 2.87344, 3.24844], "rotation": 90, "texture": "#0"},
				"south": {"uv": [3.62344, 0.00156, 3.25156, 2.87344], "texture": "#0"},
				"west": {"uv": [3.25156, 2.87656, 6.12344, 3.24844], "rotation": 270, "texture": "#0"},
				"up": {"uv": [6.12656, 2.87656, 6.49844, 3.24844], "texture": "#0"},
				"down": {"uv": [2.87656, 2.87656, 3.24844, 3.24844], "rotation": 180, "texture": "#0"}
			}
		},
		{
			"from": [-3.5, 6.609, 8.359],
			"to": [-2.5, 11.109, 8.859],
			"rotation": {"angle": -22.5, "axis": "x", "origin": [-3, 8.859, 8]},
			"faces": {
				"north": {"uv": [2.74844, 5.49844, 2.25156, 3.25156], "rotation": 180, "texture": "#0"},
				"east": {"uv": [0.00156, 5.50156, 2.24844, 5.74844], "rotation": 90, "texture": "#0"},
				"south": {"uv": [3.24844, 3.25156, 2.75156, 5.49844], "texture": "#0"},
				"west": {"uv": [2.75156, 5.50156, 4.99844, 5.74844], "rotation": 270, "texture": "#0"},
				"up": {"uv": [5.00156, 5.50156, 5.49844, 5.74844], "texture": "#0"},
				"down": {"uv": [2.25156, 5.50156, 2.74844, 5.74844], "rotation": 180, "texture": "#0"}
			}
		},
		{
			"from": [-3.25385, 6.609, 8.46096],
			"to": [-2.54675, 11.109, 8.96096],
			"rotation": {"angle": -22.5, "axis": "x", "origin": [-3, 8.859, 8]},
			"faces": {
				"north": {"uv": [6.12344, 2.24844, 5.87656, 0.00156], "rotation": 180, "texture": "#0"},
				"east": {"uv": [3.62656, 2.25156, 5.87344, 2.49844], "rotation": 90, "texture": "#0"},
				"south": {"uv": [6.37344, 0.00156, 6.12656, 2.24844], "texture": "#0"},
				"west": {"uv": [6.12656, 2.25156, 8.37344, 2.49844], "rotation": 270, "texture": "#0"},
				"up": {"uv": [8.37656, 2.25156, 8.62344, 2.49844], "texture": "#0"},
				"down": {"uv": [5.87656, 2.25156, 6.12344, 2.49844], "rotation": 180, "texture": "#0"}
			}
		},
		{
			"from": [-3.45325, 6.609, 8.46096],
			"to": [-2.74615, 11.109, 8.96096],
			"rotation": {"angle": -22.5, "axis": "x", "origin": [-3, 8.859, 8]},
			"faces": {
				"north": {"uv": [5.74844, 5.74844, 5.50156, 3.50156], "rotation": 180, "texture": "#0"},
				"east": {"uv": [3.25156, 5.75156, 5.49844, 5.99844], "rotation": 90, "texture": "#0"},
				"south": {"uv": [5.99844, 3.50156, 5.75156, 5.74844], "texture": "#0"},
				"west": {"uv": [5.75156, 5.75156, 7.99844, 5.99844], "rotation": 270, "texture": "#0"},
				"up": {"uv": [8.00156, 5.75156, 8.24844, 5.99844], "texture": "#0"},
				"down": {"uv": [5.50156, 5.75156, 5.74844, 5.99844], "rotation": 180, "texture": "#0"}
			}
		},
		{
			"from": [-4, 6.609, 7.859],
			"to": [-3.5, 11.109, 8.359],
			"rotation": {"angle": -22.5, "axis": "x", "origin": [-3, 8.859, 8]},
			"faces": {
				"north": {"uv": [5.24844, 8.24844, 5.00156, 6.00156], "rotation": 180, "texture": "#0"},
				"east": {"uv": [2.75156, 8.25156, 4.99844, 8.49844], "rotation": 90, "texture": "#0"},
				"south": {"uv": [5.49844, 6.00156, 5.25156, 8.24844], "texture": "#0"},
				"west": {"uv": [5.25156, 8.25156, 7.49844, 8.49844], "rotation": 270, "texture": "#0"},
				"up": {"uv": [7.50156, 8.25156, 7.74844, 8.49844], "texture": "#0"},
				"down": {"uv": [5.00156, 8.25156, 5.24844, 8.49844], "rotation": 180, "texture": "#0"}
			}
		},
		{
			"from": [-2.5, 6.609, 7.859],
			"to": [-2, 11.109, 8.359],
			"rotation": {"angle": -22.5, "axis": "x", "origin": [-3, 8.859, 8]},
			"faces": {
				"north": {"uv": [2.49844, 7.99844, 2.25156, 5.75156], "rotation": 180, "texture": "#0"},
				"east": {"uv": [0.00156, 8.00156, 2.24844, 8.24844], "rotation": 90, "texture": "#0"},
				"south": {"uv": [2.74844, 5.75156, 2.50156, 7.99844], "texture": "#0"},
				"west": {"uv": [2.50156, 8.00156, 4.74844, 8.24844], "rotation": 270, "texture": "#0"},
				"up": {"uv": [4.75156, 8.00156, 4.99844, 8.24844], "texture": "#0"},
				"down": {"uv": [2.25156, 8.00156, 2.49844, 8.24844], "rotation": 180, "texture": "#0"}
			}
		},
		{
			"from": [-4, 7.109, 7.359],
			"to": [-3.5, 10.609, 7.859],
			"rotation": {"angle": -22.5, "axis": "x", "origin": [-3, 8.859, 8]},
			"faces": {
				"north": {"uv": [7.99844, 4.24844, 7.75156, 2.50156], "rotation": 180, "texture": "#0"},
				"east": {"uv": [6.00156, 4.25156, 7.74844, 4.49844], "rotation": 90, "texture": "#0"},
				"south": {"uv": [8.24844, 2.50156, 8.00156, 4.24844], "texture": "#0"},
				"west": {"uv": [8.00156, 4.25156, 9.74844, 4.49844], "rotation": 270, "texture": "#0"},
				"up": {"uv": [9.75156, 4.25156, 9.99844, 4.49844], "texture": "#0"},
				"down": {"uv": [7.75156, 4.25156, 7.99844, 4.49844], "rotation": 180, "texture": "#0"}
			}
		},
		{
			"from": [-2.5, 7.109, 7.359],
			"to": [-2, 10.609, 7.859],
			"rotation": {"angle": -22.5, "axis": "x", "origin": [-3, 8.859, 8]},
			"faces": {
				"north": {"uv": [7.49844, 7.74844, 7.25156, 6.00156], "rotation": 180, "texture": "#0"},
				"east": {"uv": [5.50156, 7.75156, 7.24844, 7.99844], "rotation": 90, "texture": "#0"},
				"south": {"uv": [7.74844, 6.00156, 7.50156, 7.74844], "texture": "#0"},
				"west": {"uv": [7.50156, 7.75156, 9.24844, 7.99844], "rotation": 270, "texture": "#0"},
				"up": {"uv": [9.25156, 7.75156, 9.49844, 7.99844], "texture": "#0"},
				"down": {"uv": [7.25156, 7.75156, 7.49844, 7.99844], "rotation": 180, "texture": "#0"}
			}
		},
		{
			"from": [-2.5, 9.64318, 6.30931],
			"to": [-2, 10.35029, 6.80931],
			"rotation": {"angle": 22.5, "axis": "x", "origin": [-3, 8.859, 8]},
			"faces": {
				"north": {"uv": [1.50156, 0.50156, 1.74844, 0.74844], "rotation": 180, "texture": "#0"},
				"east": {"uv": [0.75156, 0.50156, 0.99844, 0.74844], "rotation": 180, "texture": "#0"},
				"south": {"uv": [1.00156, 0.50156, 1.24844, 0.74844], "rotation": 180, "texture": "#0"},
				"west": {"uv": [1.25156, 0.50156, 1.49844, 0.74844], "rotation": 180, "texture": "#0"},
				"up": {"uv": [1.49844, 0.25156, 1.25156, 0.49844], "texture": "#0"},
				"down": {"uv": [1.24844, 0.49844, 1.00156, 0.25156], "texture": "#0"}
			}
		},
		{
			"from": [-4, 9.64318, 6.30931],
			"to": [-3.5, 10.35029, 6.80931],
			"rotation": {"angle": 22.5, "axis": "x", "origin": [-3, 8.859, 8]},
			"faces": {
				"north": {"uv": [0.75156, 0.25156, 0.99844, 0.49844], "rotation": 180, "texture": "#0"},
				"east": {"uv": [0.00156, 0.25156, 0.24844, 0.49844], "rotation": 180, "texture": "#0"},
				"south": {"uv": [0.25156, 0.25156, 0.49844, 0.49844], "rotation": 180, "texture": "#0"},
				"west": {"uv": [0.50156, 0.25156, 0.74844, 0.49844], "rotation": 180, "texture": "#0"},
				"up": {"uv": [0.74844, 0.00156, 0.50156, 0.24844], "texture": "#0"},
				"down": {"uv": [0.49844, 0.24844, 0.25156, 0.00156], "texture": "#0"}
			}
		},
		{
			"from": [-2.5, 7.16831, 8.78418],
			"to": [-2, 7.66831, 9.49129],
			"rotation": {"angle": 22.5, "axis": "x", "origin": [-3, 8.859, 8]},
			"faces": {
				"north": {"uv": [1.24844, 0.99844, 1.00156, 0.75156], "rotation": 180, "texture": "#0"},
				"east": {"uv": [0.75156, 1.00156, 0.99844, 1.24844], "rotation": 90, "texture": "#0"},
				"south": {"uv": [1.49844, 0.75156, 1.25156, 0.99844], "texture": "#0"},
				"west": {"uv": [1.25156, 1.00156, 1.49844, 1.24844], "rotation": 270, "texture": "#0"},
				"up": {"uv": [1.50156, 1.00156, 1.74844, 1.24844], "texture": "#0"},
				"down": {"uv": [1.00156, 1.00156, 1.24844, 1.24844], "rotation": 180, "texture": "#0"}
			}
		},
		{
			"from": [-4, 7.16831, 8.78418],
			"to": [-3.5, 7.66831, 9.49129],
			"rotation": {"angle": 22.5, "axis": "x", "origin": [-3, 8.859, 8]},
			"faces": {
				"north": {"uv": [0.49844, 0.74844, 0.25156, 0.50156], "rotation": 180, "texture": "#0"},
				"east": {"uv": [0.00156, 0.75156, 0.24844, 0.99844], "rotation": 90, "texture": "#0"},
				"south": {"uv": [0.74844, 0.50156, 0.50156, 0.74844], "texture": "#0"},
				"west": {"uv": [0.50156, 0.75156, 0.74844, 0.99844], "rotation": 270, "texture": "#0"},
				"up": {"uv": [0.75156, 0.75156, 0.99844, 0.99844], "texture": "#0"},
				"down": {"uv": [0.25156, 0.75156, 0.49844, 0.99844], "rotation": 180, "texture": "#0"}
			}
		},
		{
			"from": [12.5997, 2.3843, 9.125],
			"to": [13.4747, 3.2593, 14.875],
			"rotation": {"angle": 22.5, "axis": "x", "origin": [13, 2.859, 12]},
			"faces": {
				"north": {"uv": [6.12656, 2.87656, 6.49844, 3.24844], "rotation": 180, "texture": "#0"},
				"east": {"uv": [0.00156, 2.87656, 2.87344, 3.24844], "rotation": 180, "texture": "#0"},
				"south": {"uv": [2.87656, 2.87656, 3.24844, 3.24844], "rotation": 180, "texture": "#0"},
				"west": {"uv": [3.25156, 2.87656, 6.12344, 3.24844], "rotation": 180, "texture": "#0"},
				"up": {"uv": [3.62344, 0.00156, 3.25156, 2.87344], "texture": "#0"},
				"down": {"uv": [3.24844, 2.87344, 2.87656, 0.00156], "texture": "#0"}
			}
		},
		{
			"from": [12.5, 3.218, 9.75],
			"to": [13.5, 3.718, 14.25],
			"rotation": {"angle": 22.5, "axis": "x", "origin": [13, 2.859, 12]},
			"faces": {
				"north": {"uv": [5.00156, 5.50156, 5.49844, 5.74844], "rotation": 180, "texture": "#0"},
				"east": {"uv": [0.00156, 5.50156, 2.24844, 5.74844], "rotation": 180, "texture": "#0"},
				"south": {"uv": [2.25156, 5.50156, 2.74844, 5.74844], "rotation": 180, "texture": "#0"},
				"west": {"uv": [2.75156, 5.50156, 4.99844, 5.74844], "rotation": 180, "texture": "#0"},
				"up": {"uv": [3.24844, 3.25156, 2.75156, 5.49844], "texture": "#0"},
				"down": {"uv": [2.74844, 5.49844, 2.25156, 3.25156], "texture": "#0"}
			}
		},
		{
			"from": [12.74615, 3.31996, 9.75],
			"to": [13.45325, 3.81996, 14.25],
			"rotation": {"angle": 22.5, "axis": "x", "origin": [13, 2.859, 12]},
			"faces": {
				"north": {"uv": [8.37656, 2.25156, 8.62344, 2.49844], "rotation": 180, "texture": "#0"},
				"east": {"uv": [3.62656, 2.25156, 5.87344, 2.49844], "rotation": 180, "texture": "#0"},
				"south": {"uv": [5.87656, 2.25156, 6.12344, 2.49844], "rotation": 180, "texture": "#0"},
				"west": {"uv": [6.12656, 2.25156, 8.37344, 2.49844], "rotation": 180, "texture": "#0"},
				"up": {"uv": [6.37344, 0.00156, 6.12656, 2.24844], "texture": "#0"},
				"down": {"uv": [6.12344, 2.24844, 5.87656, 0.00156], "texture": "#0"}
			}
		},
		{
			"from": [12.54675, 3.31996, 9.75],
			"to": [13.25385, 3.81996, 14.25],
			"rotation": {"angle": 22.5, "axis": "x", "origin": [13, 2.859, 12]},
			"faces": {
				"north": {"uv": [8.00156, 5.75156, 8.24844, 5.99844], "rotation": 180, "texture": "#0"},
				"east": {"uv": [3.25156, 5.75156, 5.49844, 5.99844], "rotation": 180, "texture": "#0"},
				"south": {"uv": [5.50156, 5.75156, 5.74844, 5.99844], "rotation": 180, "texture": "#0"},
				"west": {"uv": [5.75156, 5.75156, 7.99844, 5.99844], "rotation": 180, "texture": "#0"},
				"up": {"uv": [5.99844, 3.50156, 5.75156, 5.74844], "texture": "#0"},
				"down": {"uv": [5.74844, 5.74844, 5.50156, 3.50156], "texture": "#0"}
			}
		},
		{
			"from": [12, 2.718, 9.75],
			"to": [12.5, 3.218, 14.25],
			"rotation": {"angle": 22.5, "axis": "x", "origin": [13, 2.859, 12]},
			"faces": {
				"north": {"uv": [7.50156, 8.25156, 7.74844, 8.49844], "rotation": 180, "texture": "#0"},
				"east": {"uv": [2.75156, 8.25156, 4.99844, 8.49844], "rotation": 180, "texture": "#0"},
				"south": {"uv": [5.00156, 8.25156, 5.24844, 8.49844], "rotation": 180, "texture": "#0"},
				"west": {"uv": [5.25156, 8.25156, 7.49844, 8.49844], "rotation": 180, "texture": "#0"},
				"up": {"uv": [5.49844, 6.00156, 5.25156, 8.24844], "texture": "#0"},
				"down": {"uv": [5.24844, 8.24844, 5.00156, 6.00156], "texture": "#0"}
			}
		},
		{
			"from": [13.5, 2.718, 9.75],
			"to": [14, 3.218, 14.25],
			"rotation": {"angle": 22.5, "axis": "x", "origin": [13, 2.859, 12]},
			"faces": {
				"north": {"uv": [4.75156, 8.00156, 4.99844, 8.24844], "rotation": 180, "texture": "#0"},
				"east": {"uv": [0.00156, 8.00156, 2.24844, 8.24844], "rotation": 180, "texture": "#0"},
				"south": {"uv": [2.25156, 8.00156, 2.49844, 8.24844], "rotation": 180, "texture": "#0"},
				"west": {"uv": [2.50156, 8.00156, 4.74844, 8.24844], "rotation": 180, "texture": "#0"},
				"up": {"uv": [2.74844, 5.75156, 2.50156, 7.99844], "texture": "#0"},
				"down": {"uv": [2.49844, 7.99844, 2.25156, 5.75156], "texture": "#0"}
			}
		},
		{
			"from": [12, 2.218, 10.25],
			"to": [12.5, 2.718, 13.75],
			"rotation": {"angle": 22.5, "axis": "x", "origin": [13, 2.859, 12]},
			"faces": {
				"north": {"uv": [9.75156, 4.25156, 9.99844, 4.49844], "rotation": 180, "texture": "#0"},
				"east": {"uv": [6.00156, 4.25156, 7.74844, 4.49844], "rotation": 180, "texture": "#0"},
				"south": {"uv": [7.75156, 4.25156, 7.99844, 4.49844], "rotation": 180, "texture": "#0"},
				"west": {"uv": [8.00156, 4.25156, 9.74844, 4.49844], "rotation": 180, "texture": "#0"},
				"up": {"uv": [8.24844, 2.50156, 8.00156, 4.24844], "texture": "#0"},
				"down": {"uv": [7.99844, 4.24844, 7.75156, 2.50156], "texture": "#0"}
			}
		},
		{
			"from": [13.5, 2.218, 10.25],
			"to": [14, 2.718, 13.75],
			"rotation": {"angle": 22.5, "axis": "x", "origin": [13, 2.859, 12]},
			"faces": {
				"north": {"uv": [9.25156, 7.75156, 9.49844, 7.99844], "rotation": 180, "texture": "#0"},
				"east": {"uv": [5.50156, 7.75156, 7.24844, 7.99844], "rotation": 180, "texture": "#0"},
				"south": {"uv": [7.25156, 7.75156, 7.49844, 7.99844], "rotation": 180, "texture": "#0"},
				"west": {"uv": [7.50156, 7.75156, 9.24844, 7.99844], "rotation": 180, "texture": "#0"},
				"up": {"uv": [7.74844, 6.00156, 7.50156, 7.74844], "texture": "#0"},
				"down": {"uv": [7.49844, 7.74844, 7.25156, 6.00156], "texture": "#0"}
			}
		},
		{
			"from": [13.5, 3.64318, 10.30931],
			"to": [14, 4.35029, 10.80931],
			"rotation": {"angle": -22.5, "axis": "x", "origin": [13, 2.859, 12]},
			"faces": {
				"north": {"uv": [1.50156, 0.50156, 1.74844, 0.74844], "rotation": 180, "texture": "#0"},
				"east": {"uv": [0.75156, 0.50156, 0.99844, 0.74844], "rotation": 180, "texture": "#0"},
				"south": {"uv": [1.00156, 0.50156, 1.24844, 0.74844], "rotation": 180, "texture": "#0"},
				"west": {"uv": [1.25156, 0.50156, 1.49844, 0.74844], "rotation": 180, "texture": "#0"},
				"up": {"uv": [1.49844, 0.25156, 1.25156, 0.49844], "texture": "#0"},
				"down": {"uv": [1.24844, 0.49844, 1.00156, 0.25156], "texture": "#0"}
			}
		},
		{
			"from": [12, 3.64318, 10.30931],
			"to": [12.5, 4.35029, 10.80931],
			"rotation": {"angle": -22.5, "axis": "x", "origin": [13, 2.859, 12]},
			"faces": {
				"north": {"uv": [0.75156, 0.25156, 0.99844, 0.49844], "rotation": 180, "texture": "#0"},
				"east": {"uv": [0.00156, 0.25156, 0.24844, 0.49844], "rotation": 180, "texture": "#0"},
				"south": {"uv": [0.25156, 0.25156, 0.49844, 0.49844], "rotation": 180, "texture": "#0"},
				"west": {"uv": [0.50156, 0.25156, 0.74844, 0.49844], "rotation": 180, "texture": "#0"},
				"up": {"uv": [0.74844, 0.00156, 0.50156, 0.24844], "texture": "#0"},
				"down": {"uv": [0.49844, 0.24844, 0.25156, 0.00156], "texture": "#0"}
			}
		},
		{
			"from": [13.5, 1.16831, 12.78418],
			"to": [14, 1.66831, 13.49129],
			"rotation": {"angle": -22.5, "axis": "x", "origin": [13, 2.859, 12]},
			"faces": {
				"north": {"uv": [1.24844, 0.99844, 1.00156, 0.75156], "rotation": 180, "texture": "#0"},
				"east": {"uv": [0.75156, 1.00156, 0.99844, 1.24844], "rotation": 90, "texture": "#0"},
				"south": {"uv": [1.49844, 0.75156, 1.25156, 0.99844], "texture": "#0"},
				"west": {"uv": [1.25156, 1.00156, 1.49844, 1.24844], "rotation": 270, "texture": "#0"},
				"up": {"uv": [1.50156, 1.00156, 1.74844, 1.24844], "texture": "#0"},
				"down": {"uv": [1.00156, 1.00156, 1.24844, 1.24844], "rotation": 180, "texture": "#0"}
			}
		},
		{
			"from": [12, 1.16831, 12.78418],
			"to": [12.5, 1.66831, 13.49129],
			"rotation": {"angle": -22.5, "axis": "x", "origin": [13, 2.859, 12]},
			"faces": {
				"north": {"uv": [0.49844, 0.74844, 0.25156, 0.50156], "rotation": 180, "texture": "#0"},
				"east": {"uv": [0.00156, 0.75156, 0.24844, 0.99844], "rotation": 90, "texture": "#0"},
				"south": {"uv": [0.74844, 0.50156, 0.50156, 0.74844], "texture": "#0"},
				"west": {"uv": [0.50156, 0.75156, 0.74844, 0.99844], "rotation": 270, "texture": "#0"},
				"up": {"uv": [0.75156, 0.75156, 0.99844, 0.99844], "texture": "#0"},
				"down": {"uv": [0.25156, 0.75156, 0.49844, 0.99844], "rotation": 180, "texture": "#0"}
			}
		},
		{
			"from": [17.5997, 3.4587, 15.125],
			"to": [18.4747, 4.3337, 20.875],
			"rotation": {"angle": -45, "axis": "x", "origin": [18, 3.859, 18]},
			"faces": {
				"north": {"uv": [2.87656, 2.87656, 3.24844, 3.24844], "texture": "#0"},
				"east": {"uv": [0.00156, 2.87656, 2.87344, 3.24844], "texture": "#0"},
				"south": {"uv": [6.12656, 2.87656, 6.49844, 3.24844], "texture": "#0"},
				"west": {"uv": [3.25156, 2.87656, 6.12344, 3.24844], "texture": "#0"},
				"up": {"uv": [3.24844, 2.87344, 2.87656, 0.00156], "texture": "#0"},
				"down": {"uv": [3.62344, 0.00156, 3.25156, 2.87344], "texture": "#0"}
			}
		},
		{
			"from": [17.5, 3, 15.75],
			"to": [18.5, 3.5, 20.25],
			"rotation": {"angle": -45, "axis": "x", "origin": [18, 3.859, 18]},
			"faces": {
				"north": {"uv": [2.25156, 5.50156, 2.74844, 5.74844], "texture": "#0"},
				"east": {"uv": [0.00156, 5.50156, 2.24844, 5.74844], "texture": "#0"},
				"south": {"uv": [5.00156, 5.50156, 5.49844, 5.74844], "texture": "#0"},
				"west": {"uv": [2.75156, 5.50156, 4.99844, 5.74844], "texture": "#0"},
				"up": {"uv": [2.74844, 5.49844, 2.25156, 3.25156], "texture": "#0"},
				"down": {"uv": [3.24844, 3.25156, 2.75156, 5.49844], "texture": "#0"}
			}
		},
		{
			"from": [17.74615, 2.89804, 15.75],
			"to": [18.45325, 3.39804, 20.25],
			"rotation": {"angle": -45, "axis": "x", "origin": [18, 3.859, 18]},
			"faces": {
				"north": {"uv": [5.87656, 2.25156, 6.12344, 2.49844], "texture": "#0"},
				"east": {"uv": [3.62656, 2.25156, 5.87344, 2.49844], "texture": "#0"},
				"south": {"uv": [8.37656, 2.25156, 8.62344, 2.49844], "texture": "#0"},
				"west": {"uv": [6.12656, 2.25156, 8.37344, 2.49844], "texture": "#0"},
				"up": {"uv": [6.12344, 2.24844, 5.87656, 0.00156], "texture": "#0"},
				"down": {"uv": [6.37344, 0.00156, 6.12656, 2.24844], "texture": "#0"}
			}
		},
		{
			"from": [17.54675, 2.89804, 15.75],
			"to": [18.25385, 3.39804, 20.25],
			"rotation": {"angle": -45, "axis": "x", "origin": [18, 3.859, 18]},
			"faces": {
				"north": {"uv": [5.50156, 5.75156, 5.74844, 5.99844], "texture": "#0"},
				"east": {"uv": [3.25156, 5.75156, 5.49844, 5.99844], "texture": "#0"},
				"south": {"uv": [8.00156, 5.75156, 8.24844, 5.99844], "texture": "#0"},
				"west": {"uv": [5.75156, 5.75156, 7.99844, 5.99844], "texture": "#0"},
				"up": {"uv": [5.74844, 5.74844, 5.50156, 3.50156], "texture": "#0"},
				"down": {"uv": [5.99844, 3.50156, 5.75156, 5.74844], "texture": "#0"}
			}
		},
		{
			"from": [17, 3.5, 15.75],
			"to": [17.5, 4, 20.25],
			"rotation": {"angle": -45, "axis": "x", "origin": [18, 3.859, 18]},
			"faces": {
				"north": {"uv": [5.00156, 8.25156, 5.24844, 8.49844], "texture": "#0"},
				"east": {"uv": [2.75156, 8.25156, 4.99844, 8.49844], "texture": "#0"},
				"south": {"uv": [7.50156, 8.25156, 7.74844, 8.49844], "texture": "#0"},
				"west": {"uv": [5.25156, 8.25156, 7.49844, 8.49844], "texture": "#0"},
				"up": {"uv": [5.24844, 8.24844, 5.00156, 6.00156], "texture": "#0"},
				"down": {"uv": [5.49844, 6.00156, 5.25156, 8.24844], "texture": "#0"}
			}
		},
		{
			"from": [18.5, 3.5, 15.75],
			"to": [19, 4, 20.25],
			"rotation": {"angle": -45, "axis": "x", "origin": [18, 3.859, 18]},
			"faces": {
				"north": {"uv": [2.25156, 8.00156, 2.49844, 8.24844], "texture": "#0"},
				"east": {"uv": [0.00156, 8.00156, 2.24844, 8.24844], "texture": "#0"},
				"south": {"uv": [4.75156, 8.00156, 4.99844, 8.24844], "texture": "#0"},
				"west": {"uv": [2.50156, 8.00156, 4.74844, 8.24844], "texture": "#0"},
				"up": {"uv": [2.49844, 7.99844, 2.25156, 5.75156], "texture": "#0"},
				"down": {"uv": [2.74844, 5.75156, 2.50156, 7.99844], "texture": "#0"}
			}
		},
		{
			"from": [17, 4, 16.25],
			"to": [17.5, 4.5, 19.75],
			"rotation": {"angle": -45, "axis": "x", "origin": [18, 3.859, 18]},
			"faces": {
				"north": {"uv": [7.75156, 4.25156, 7.99844, 4.49844], "texture": "#0"},
				"east": {"uv": [6.00156, 4.25156, 7.74844, 4.49844], "texture": "#0"},
				"south": {"uv": [9.75156, 4.25156, 9.99844, 4.49844], "texture": "#0"},
				"west": {"uv": [8.00156, 4.25156, 9.74844, 4.49844], "texture": "#0"},
				"up": {"uv": [7.99844, 4.24844, 7.75156, 2.50156], "texture": "#0"},
				"down": {"uv": [8.24844, 2.50156, 8.00156, 4.24844], "texture": "#0"}
			}
		},
		{
			"from": [18.5, 4, 16.25],
			"to": [19, 4.5, 19.75],
			"rotation": {"angle": -45, "axis": "x", "origin": [18, 3.859, 18]},
			"faces": {
				"north": {"uv": [7.25156, 7.75156, 7.49844, 7.99844], "texture": "#0"},
				"east": {"uv": [5.50156, 7.75156, 7.24844, 7.99844], "texture": "#0"},
				"south": {"uv": [9.25156, 7.75156, 9.49844, 7.99844], "texture": "#0"},
				"west": {"uv": [7.50156, 7.75156, 9.24844, 7.99844], "texture": "#0"},
				"up": {"uv": [7.49844, 7.74844, 7.25156, 6.00156], "texture": "#0"},
				"down": {"uv": [7.74844, 6.00156, 7.50156, 7.74844], "texture": "#0"}
			}
		},
		{
			"from": [18.5, 5.04969, 18.78418],
			"to": [19, 5.54969, 19.49129],
			"rotation": {"angle": 0, "axis": "x", "origin": [18, 3.859, 18]},
			"faces": {
				"north": {"uv": [1.24844, 0.49844, 1.00156, 0.25156], "rotation": 180, "texture": "#0"},
				"east": {"uv": [0.75156, 0.50156, 0.99844, 0.74844], "rotation": 90, "texture": "#0"},
				"south": {"uv": [1.49844, 0.25156, 1.25156, 0.49844], "texture": "#0"},
				"west": {"uv": [1.25156, 0.50156, 1.49844, 0.74844], "rotation": 270, "texture": "#0"},
				"up": {"uv": [1.50156, 0.50156, 1.74844, 0.74844], "texture": "#0"},
				"down": {"uv": [1.00156, 0.50156, 1.24844, 0.74844], "rotation": 180, "texture": "#0"}
			}
		},
		{
			"from": [17, 5.04969, 18.78418],
			"to": [17.5, 5.54969, 19.49129],
			"rotation": {"angle": 0, "axis": "x", "origin": [18, 3.859, 18]},
			"faces": {
				"north": {"uv": [0.49844, 0.24844, 0.25156, 0.00156], "rotation": 180, "texture": "#0"},
				"east": {"uv": [0.00156, 0.25156, 0.24844, 0.49844], "rotation": 90, "texture": "#0"},
				"south": {"uv": [0.74844, 0.00156, 0.50156, 0.24844], "texture": "#0"},
				"west": {"uv": [0.50156, 0.25156, 0.74844, 0.49844], "rotation": 270, "texture": "#0"},
				"up": {"uv": [0.75156, 0.25156, 0.99844, 0.49844], "texture": "#0"},
				"down": {"uv": [0.25156, 0.25156, 0.49844, 0.49844], "rotation": 180, "texture": "#0"}
			}
		},
		{
			"from": [18.5, 2.36771, 16.30931],
			"to": [19, 3.07482, 16.80931],
			"rotation": {"angle": 0, "axis": "x", "origin": [18, 3.859, 18]},
			"faces": {
				"north": {"uv": [1.00156, 1.00156, 1.24844, 1.24844], "texture": "#0"},
				"east": {"uv": [0.75156, 1.00156, 0.99844, 1.24844], "texture": "#0"},
				"south": {"uv": [1.50156, 1.00156, 1.74844, 1.24844], "texture": "#0"},
				"west": {"uv": [1.25156, 1.00156, 1.49844, 1.24844], "texture": "#0"},
				"up": {"uv": [1.24844, 0.99844, 1.00156, 0.75156], "texture": "#0"},
				"down": {"uv": [1.49844, 0.75156, 1.25156, 0.99844], "texture": "#0"}
			}
		},
		{
			"from": [17, 2.36771, 16.30931],
			"to": [17.5, 3.07482, 16.80931],
			"rotation": {"angle": 0, "axis": "x", "origin": [18, 3.859, 18]},
			"faces": {
				"north": {"uv": [0.25156, 0.75156, 0.49844, 0.99844], "texture": "#0"},
				"east": {"uv": [0.00156, 0.75156, 0.24844, 0.99844], "texture": "#0"},
				"south": {"uv": [0.75156, 0.75156, 0.99844, 0.99844], "texture": "#0"},
				"west": {"uv": [0.50156, 0.75156, 0.74844, 0.99844], "texture": "#0"},
				"up": {"uv": [0.49844, 0.74844, 0.25156, 0.50156], "texture": "#0"},
				"down": {"uv": [0.74844, 0.50156, 0.50156, 0.74844], "texture": "#0"}
			}
		},
		{
			"from": [0.5997, 8.4587, 15.125],
			"to": [1.4747, 9.3337, 20.875],
			"rotation": {"angle": -45, "axis": "x", "origin": [1, 8.859, 18]},
			"faces": {
				"north": {"uv": [2.87656, 2.87656, 3.24844, 3.24844], "texture": "#0"},
				"east": {"uv": [0.00156, 2.87656, 2.87344, 3.24844], "texture": "#0"},
				"south": {"uv": [6.12656, 2.87656, 6.49844, 3.24844], "texture": "#0"},
				"west": {"uv": [3.25156, 2.87656, 6.12344, 3.24844], "texture": "#0"},
				"up": {"uv": [3.24844, 2.87344, 2.87656, 0.00156], "texture": "#0"},
				"down": {"uv": [3.62344, 0.00156, 3.25156, 2.87344], "texture": "#0"}
			}
		},
		{
			"from": [0.5, 8, 15.75],
			"to": [1.5, 8.5, 20.25],
			"rotation": {"angle": -45, "axis": "x", "origin": [1, 8.859, 18]},
			"faces": {
				"north": {"uv": [2.25156, 5.50156, 2.74844, 5.74844], "texture": "#0"},
				"east": {"uv": [0.00156, 5.50156, 2.24844, 5.74844], "texture": "#0"},
				"south": {"uv": [5.00156, 5.50156, 5.49844, 5.74844], "texture": "#0"},
				"west": {"uv": [2.75156, 5.50156, 4.99844, 5.74844], "texture": "#0"},
				"up": {"uv": [2.74844, 5.49844, 2.25156, 3.25156], "texture": "#0"},
				"down": {"uv": [3.24844, 3.25156, 2.75156, 5.49844], "texture": "#0"}
			}
		},
		{
			"from": [0.74615, 7.89804, 15.75],
			"to": [1.45325, 8.39804, 20.25],
			"rotation": {"angle": -45, "axis": "x", "origin": [1, 8.859, 18]},
			"faces": {
				"north": {"uv": [5.87656, 2.25156, 6.12344, 2.49844], "texture": "#0"},
				"east": {"uv": [3.62656, 2.25156, 5.87344, 2.49844], "texture": "#0"},
				"south": {"uv": [8.37656, 2.25156, 8.62344, 2.49844], "texture": "#0"},
				"west": {"uv": [6.12656, 2.25156, 8.37344, 2.49844], "texture": "#0"},
				"up": {"uv": [6.12344, 2.24844, 5.87656, 0.00156], "texture": "#0"},
				"down": {"uv": [6.37344, 0.00156, 6.12656, 2.24844], "texture": "#0"}
			}
		},
		{
			"from": [0.54675, 7.89804, 15.75],
			"to": [1.25385, 8.39804, 20.25],
			"rotation": {"angle": -45, "axis": "x", "origin": [1, 8.859, 18]},
			"faces": {
				"north": {"uv": [5.50156, 5.75156, 5.74844, 5.99844], "texture": "#0"},
				"east": {"uv": [3.25156, 5.75156, 5.49844, 5.99844], "texture": "#0"},
				"south": {"uv": [8.00156, 5.75156, 8.24844, 5.99844], "texture": "#0"},
				"west": {"uv": [5.75156, 5.75156, 7.99844, 5.99844], "texture": "#0"},
				"up": {"uv": [5.74844, 5.74844, 5.50156, 3.50156], "texture": "#0"},
				"down": {"uv": [5.99844, 3.50156, 5.75156, 5.74844], "texture": "#0"}
			}
		},
		{
			"from": [0, 8.5, 15.75],
			"to": [0.5, 9, 20.25],
			"rotation": {"angle": -45, "axis": "x", "origin": [1, 8.859, 18]},
			"faces": {
				"north": {"uv": [5.00156, 8.25156, 5.24844, 8.49844], "texture": "#0"},
				"east": {"uv": [2.75156, 8.25156, 4.99844, 8.49844], "texture": "#0"},
				"south": {"uv": [7.50156, 8.25156, 7.74844, 8.49844], "texture": "#0"},
				"west": {"uv": [5.25156, 8.25156, 7.49844, 8.49844], "texture": "#0"},
				"up": {"uv": [5.24844, 8.24844, 5.00156, 6.00156], "texture": "#0"},
				"down": {"uv": [5.49844, 6.00156, 5.25156, 8.24844], "texture": "#0"}
			}
		},
		{
			"from": [1.5, 8.5, 15.75],
			"to": [2, 9, 20.25],
			"rotation": {"angle": -45, "axis": "x", "origin": [1, 8.859, 18]},
			"faces": {
				"north": {"uv": [2.25156, 8.00156, 2.49844, 8.24844], "texture": "#0"},
				"east": {"uv": [0.00156, 8.00156, 2.24844, 8.24844], "texture": "#0"},
				"south": {"uv": [4.75156, 8.00156, 4.99844, 8.24844], "texture": "#0"},
				"west": {"uv": [2.50156, 8.00156, 4.74844, 8.24844], "texture": "#0"},
				"up": {"uv": [2.49844, 7.99844, 2.25156, 5.75156], "texture": "#0"},
				"down": {"uv": [2.74844, 5.75156, 2.50156, 7.99844], "texture": "#0"}
			}
		},
		{
			"from": [0, 9, 16.25],
			"to": [0.5, 9.5, 19.75],
			"rotation": {"angle": -45, "axis": "x", "origin": [1, 8.859, 18]},
			"faces": {
				"north": {"uv": [7.75156, 4.25156, 7.99844, 4.49844], "texture": "#0"},
				"east": {"uv": [6.00156, 4.25156, 7.74844, 4.49844], "texture": "#0"},
				"south": {"uv": [9.75156, 4.25156, 9.99844, 4.49844], "texture": "#0"},
				"west": {"uv": [8.00156, 4.25156, 9.74844, 4.49844], "texture": "#0"},
				"up": {"uv": [7.99844, 4.24844, 7.75156, 2.50156], "texture": "#0"},
				"down": {"uv": [8.24844, 2.50156, 8.00156, 4.24844], "texture": "#0"}
			}
		},
		{
			"from": [1.5, 9, 16.25],
			"to": [2, 9.5, 19.75],
			"rotation": {"angle": -45, "axis": "x", "origin": [1, 8.859, 18]},
			"faces": {
				"north": {"uv": [7.25156, 7.75156, 7.49844, 7.99844], "texture": "#0"},
				"east": {"uv": [5.50156, 7.75156, 7.24844, 7.99844], "texture": "#0"},
				"south": {"uv": [9.25156, 7.75156, 9.49844, 7.99844], "texture": "#0"},
				"west": {"uv": [7.50156, 7.75156, 9.24844, 7.99844], "texture": "#0"},
				"up": {"uv": [7.49844, 7.74844, 7.25156, 6.00156], "texture": "#0"},
				"down": {"uv": [7.74844, 6.00156, 7.50156, 7.74844], "texture": "#0"}
			}
		},
		{
			"from": [1.5, 10.04969, 18.78418],
			"to": [2, 10.54969, 19.49129],
			"rotation": {"angle": 0, "axis": "y", "origin": [1, 8.859, 18]},
			"faces": {
				"north": {"uv": [1.24844, 0.49844, 1.00156, 0.25156], "rotation": 180, "texture": "#0"},
				"east": {"uv": [0.75156, 0.50156, 0.99844, 0.74844], "rotation": 90, "texture": "#0"},
				"south": {"uv": [1.49844, 0.25156, 1.25156, 0.49844], "texture": "#0"},
				"west": {"uv": [1.25156, 0.50156, 1.49844, 0.74844], "rotation": 270, "texture": "#0"},
				"up": {"uv": [1.50156, 0.50156, 1.74844, 0.74844], "texture": "#0"},
				"down": {"uv": [1.00156, 0.50156, 1.24844, 0.74844], "rotation": 180, "texture": "#0"}
			}
		},
		{
			"from": [0, 10.04969, 18.78418],
			"to": [0.5, 10.54969, 19.49129],
			"rotation": {"angle": 0, "axis": "y", "origin": [1, 8.859, 18]},
			"faces": {
				"north": {"uv": [0.49844, 0.24844, 0.25156, 0.00156], "rotation": 180, "texture": "#0"},
				"east": {"uv": [0.00156, 0.25156, 0.24844, 0.49844], "rotation": 90, "texture": "#0"},
				"south": {"uv": [0.74844, 0.00156, 0.50156, 0.24844], "texture": "#0"},
				"west": {"uv": [0.50156, 0.25156, 0.74844, 0.49844], "rotation": 270, "texture": "#0"},
				"up": {"uv": [0.75156, 0.25156, 0.99844, 0.49844], "texture": "#0"},
				"down": {"uv": [0.25156, 0.25156, 0.49844, 0.49844], "rotation": 180, "texture": "#0"}
			}
		},
		{
			"from": [1.5, 7.36771, 16.30931],
			"to": [2, 8.07482, 16.80931],
			"rotation": {"angle": 0, "axis": "y", "origin": [1, 8.859, 18]},
			"faces": {
				"north": {"uv": [1.00156, 1.00156, 1.24844, 1.24844], "texture": "#0"},
				"east": {"uv": [0.75156, 1.00156, 0.99844, 1.24844], "texture": "#0"},
				"south": {"uv": [1.50156, 1.00156, 1.74844, 1.24844], "texture": "#0"},
				"west": {"uv": [1.25156, 1.00156, 1.49844, 1.24844], "texture": "#0"},
				"up": {"uv": [1.24844, 0.99844, 1.00156, 0.75156], "texture": "#0"},
				"down": {"uv": [1.49844, 0.75156, 1.25156, 0.99844], "texture": "#0"}
			}
		},
		{
			"from": [0, 7.36771, 16.30931],
			"to": [0.5, 8.07482, 16.80931],
			"rotation": {"angle": 0, "axis": "y", "origin": [1, 8.859, 18]},
			"faces": {
				"north": {"uv": [0.25156, 0.75156, 0.49844, 0.99844], "texture": "#0"},
				"east": {"uv": [0.00156, 0.75156, 0.24844, 0.99844], "texture": "#0"},
				"south": {"uv": [0.75156, 0.75156, 0.99844, 0.99844], "texture": "#0"},
				"west": {"uv": [0.50156, 0.75156, 0.74844, 0.99844], "texture": "#0"},
				"up": {"uv": [0.49844, 0.74844, 0.25156, 0.50156], "texture": "#0"},
				"down": {"uv": [0.74844, 0.50156, 0.50156, 0.74844], "texture": "#0"}
			}
		}
	],
	"display": {
		"thirdperson_righthand": {
			"rotation": [95, 0, 0],
			"translation": [-4, 2.25, 13.75],
			"scale": [1.5, 1.5, 1.89]
		},
		"thirdperson_lefthand": {
			"rotation": [95, 0, 0],
			"translation": [-8.25, 2.25, 13.75],
			"scale": [1.5, 1.5, 1.89]
		},
		"firstperson_righthand": {
			"rotation": [79, 0, 0],
			"translation": [-4.5, 8.25, 14],
			"scale": [0, 0, 0]
		},
		"firstperson_lefthand": {
			"rotation": [79, 0, 0],
			"translation": [-4.5, 8.25, 14],
			"scale": [0, 0, 0]
		},
		"ground": {
			"translation": [0, 12.5, 0]
		},
		"gui": {
			"rotation": [45, 45, 0],
			"translation": [-2, 5.5, 0]
		},
		"head": {
			"scale": [0, 0, 0]
		}
	},
	"groups": [
		{
			"name": "group",
			"origin": [8, 0.859, 8],
			"color": 0,
			"children": [
				0,
				1,
				2,
				3,
				4,
				5,
				6,
				7,
				8,
				9,
				10,
				11,
				{
					"name": "group",
					"origin": [8, 0.859, 8],
					"color": 0,
					"children": [12, 13, 14, 15, 16, 17, 18, 19, 20, 21, 22, 23]
				},
				{
					"name": "group",
					"origin": [8, 0.859, 8],
					"color": 0,
					"children": [
						24,
						25,
						26,
						27,
						28,
						29,
						30,
						31,
						32,
						33,
						34,
						35,
						{
							"name": "group",
							"origin": [8, 0.859, 8],
							"color": 0,
							"children": [36, 37, 38, 39, 40, 41, 42, 43, 44, 45, 46, 47]
						}
					]
				}
			]
		},
		{
			"name": "group",
			"origin": [8, 0.859, 8],
			"color": 0,
			"children": [
				48,
				49,
				50,
				51,
				52,
				53,
				54,
				55,
				56,
				57,
				58,
				59,
				{
					"name": "group",
					"origin": [8, 0.859, 8],
					"color": 0,
					"children": [60, 61, 62, 63, 64, 65, 66, 67, 68, 69, 70, 71]
				}
			]
		}
	]
}