{
	"credit": "Made with Blockbench",
	"textures": {
		"0": "an_c2",
		"1": "an_c2_1",
		"particle": "an_c2"
	},
	"elements": [
		{
			"from": [3, 0, 0],
			"to": [3.75, 2.5, 0.5],
			"faces": {
				"north": {"uv": [0, 1, 16, 16], "texture": "#0"},
				"east": {"uv": [0, 0, 16, 16], "texture": "#0"},
				"south": {"uv": [0, 0, 16, 16], "texture": "#0"},
				"west": {"uv": [0, 1, 16, 16], "texture": "#0"},
				"up": {"uv": [0, 0, 16, 16], "texture": "#0"},
				"down": {"uv": [0, 0, 16, 16], "texture": "#0"}
			}
		},
		{
			"from": [5.25, 0, 0],
			"to": [6, 2.5, 0.5],
			"faces": {
				"north": {"uv": [0, 1, 16, 16], "texture": "#0"},
				"east": {"uv": [0, 1, 16, 16], "texture": "#0"},
				"south": {"uv": [0, 0, 16, 16], "texture": "#0"},
				"west": {"uv": [0, 0, 16, 16], "texture": "#0"},
				"up": {"uv": [0, 0, 16, 16], "texture": "#0"},
				"down": {"uv": [0, 0, 16, 16], "texture": "#0"}
			}
		},
		{
			"from": [3.25, 0, 0.5],
			"to": [5.75, 2.5, 1],
			"faces": {
				"north": {"uv": [0, 0, 16, 16], "texture": "#0"},
				"east": {"uv": [0, 1, 16, 16], "texture": "#0"},
				"south": {"uv": [0, 1, 16, 16], "texture": "#0"},
				"west": {"uv": [0, 1, 16, 16], "texture": "#0"},
				"up": {"uv": [0, 0, 16, 16], "texture": "#0"},
				"down": {"uv": [0, 0, 16, 16], "texture": "#0"}
			}
		},
		{
			"from": [3, 2.28582, -0.07674],
			"to": [3.75, 3.58582, 0.42326],
			"rotation": {"angle": -22.5, "axis": "x", "origin": [4.75, 2.58582, -0.07674]},
			"faces": {
				"north": {"uv": [0, 1, 16, 15], "texture": "#0"},
				"east": {"uv": [0, 0, 16, 16], "texture": "#0"},
				"south": {"uv": [0, 0, 16, 16], "texture": "#0"},
				"west": {"uv": [0, 1, 16, 16], "texture": "#0"},
				"up": {"uv": [0, 0, 16, 16], "texture": "#0"},
				"down": {"uv": [0, 0, 16, 16], "texture": "#0"}
			}
		},
		{
			"from": [5.25, 2.28582, -0.07674],
			"to": [6, 3.58582, 0.42326],
			"rotation": {"angle": -22.5, "axis": "x", "origin": [4.75, 2.58582, -0.07674]},
			"faces": {
				"north": {"uv": [0, 1, 16, 16], "texture": "#0"},
				"east": {"uv": [0, 1, 16, 16], "texture": "#0"},
				"south": {"uv": [0, 0, 16, 16], "texture": "#0"},
				"west": {"uv": [0, 0, 16, 16], "texture": "#0"},
				"up": {"uv": [0, 0, 16, 16], "texture": "#0"},
				"down": {"uv": [0, 0, 16, 16], "texture": "#0"}
			}
		},
		{
			"from": [3.25, 2.07926, 0.38478],
			"to": [5.75, 3.57926, 0.88478],
			"rotation": {"angle": -22.5, "axis": "x", "origin": [4.75, 2.57926, -0.11522]},
			"faces": {
				"north": {"uv": [0, 0, 16, 16], "texture": "#0"},
				"east": {"uv": [0, 1, 16, 16], "texture": "#0"},
				"south": {"uv": [0, 1, 16, 15], "texture": "#0"},
				"west": {"uv": [0, 1, 16, 16], "texture": "#0"},
				"up": {"uv": [0, 0, 16, 16], "texture": "#0"},
				"down": {"uv": [0, 0, 16, 16], "texture": "#0"}
			}
		},
		{
			"from": [3.25, 3.97106, 1.22156],
			"to": [4, 5.07106, 1.67156],
			"rotation": {"angle": -45, "axis": "x", "origin": [4.75, 1.77106, 1.17156]},
			"faces": {
				"north": {"uv": [0, 1, 16, 15], "texture": "#0"},
				"east": {"uv": [0, 0, 16, 16], "texture": "#0"},
				"south": {"uv": [0, 0, 16, 16], "texture": "#0"},
				"west": {"uv": [0, 1, 16, 16], "texture": "#0"},
				"up": {"uv": [0, 0, 16, 16], "texture": "#0"},
				"down": {"uv": [0, 0, 16, 16], "texture": "#0"}
			}
		},
		{
			"from": [5, 3.97106, 1.22156],
			"to": [5.75, 5.07106, 1.67156],
			"rotation": {"angle": -45, "axis": "x", "origin": [4.75, 1.77106, 1.17156]},
			"faces": {
				"north": {"uv": [0, 1, 16, 15], "texture": "#0"},
				"east": {"uv": [0, 1, 16, 16], "texture": "#0"},
				"south": {"uv": [0, 0, 16, 16], "texture": "#0"},
				"west": {"uv": [0, 0, 16, 16], "texture": "#0"},
				"up": {"uv": [0, 0, 16, 16], "texture": "#0"},
				"down": {"uv": [0, 0, 16, 16], "texture": "#0"}
			}
		},
		{
			"from": [3.5, 3.7645, 1.63308],
			"to": [5.5, 5.0395, 2.13308],
			"rotation": {"angle": -45, "axis": "x", "origin": [4.75, 1.7645, 1.13308]},
			"faces": {
				"north": {"uv": [0, 0, 16, 16], "texture": "#0"},
				"east": {"uv": [0, 1, 16, 16], "texture": "#0"},
				"south": {"uv": [0, 1, 16, 15], "texture": "#0"},
				"west": {"uv": [0, 1, 16, 16], "texture": "#0"},
				"up": {"uv": [0, 0, 16, 16], "texture": "#0"},
				"down": {"uv": [0, 0, 16, 16], "texture": "#0"}
			}
		},
		{
			"from": [3.525, 2.83917, -2.26322],
			"to": [4.275, 3.23917, -1.76322],
			"rotation": {"angle": 22.5, "axis": "x", "origin": [4.75, 1.48917, 1.68678]},
			"faces": {
				"north": {"uv": [0, 0, 16, 16], "rotation": 180, "texture": "#0"},
				"east": {"uv": [0, 0, 16, 16], "rotation": 180, "texture": "#0"},
				"south": {"uv": [0, 0, 16, 16], "rotation": 180, "texture": "#0"},
				"west": {"uv": [0, 1, 16, 16], "rotation": 180, "texture": "#0"},
				"up": {"uv": [0, 0, 16, 16], "rotation": 180, "texture": "#0"},
				"down": {"uv": [0, 1, 16, 15], "rotation": 180, "texture": "#0"}
			}
		},
		{
			"from": [4.725, 2.83917, -2.26322],
			"to": [5.475, 3.23917, -1.76322],
			"rotation": {"angle": 22.5, "axis": "x", "origin": [4.75, 1.48917, 1.68678]},
			"faces": {
				"north": {"uv": [0, 0, 16, 16], "rotation": 180, "texture": "#0"},
				"east": {"uv": [0, 1, 16, 16], "rotation": 180, "texture": "#0"},
				"south": {"uv": [0, 0, 16, 16], "rotation": 180, "texture": "#0"},
				"west": {"uv": [0, 0, 16, 16], "rotation": 180, "texture": "#0"},
				"up": {"uv": [0, 0, 16, 16], "rotation": 180, "texture": "#0"},
				"down": {"uv": [0, 1, 16, 15], "rotation": 180, "texture": "#0"}
			}
		},
		{
			"from": [3.75, 3.08993, -2.25902],
			"to": [5.2, 3.71493, -1.58402],
			"rotation": {"angle": 22.5, "axis": "x", "origin": [4.475, 1.46493, 1.66598]},
			"faces": {
				"north": {"uv": [0, 0, 16, 16], "rotation": 180, "texture": "#0"},
				"east": {"uv": [0, 1, 16, 16], "rotation": 180, "texture": "#0"},
				"south": {"uv": [0, 0, 16, 16], "rotation": 180, "texture": "#0"},
				"west": {"uv": [0, 1, 16, 16], "rotation": 180, "texture": "#0"},
				"up": {"uv": [0, 1, 16, 15], "rotation": 180, "texture": "#0"},
				"down": {"uv": [0, 0, 16, 16], "rotation": 180, "texture": "#0"}
			}
		},
		{
			"from": [4, 2.83521, -2.84398],
			"to": [4.975, 3.33521, -2.49398],
			"rotation": {"angle": 22.5, "axis": "x", "origin": [5.1, 1.48521, 1.63102]},
			"faces": {
				"north": {"uv": [0, 0, 16, 16], "rotation": 180, "texture": "#0"},
				"east": {"uv": [0, 0, 16, 16], "rotation": 180, "texture": "#0"},
				"south": {"uv": [0, 0, 16, 16], "rotation": 180, "texture": "#0"},
				"west": {"uv": [0, 0, 16, 16], "rotation": 180, "texture": "#0"},
				"up": {"uv": [0, 0, 16, 15], "rotation": 180, "texture": "#0"},
				"down": {"uv": [0, 0, 16, 15], "rotation": 180, "texture": "#0"}
			}
		},
		{
			"from": [3.85, 2.83521, -2.59398],
			"to": [5.125, 3.51021, -2.24398],
			"rotation": {"angle": 22.5, "axis": "x", "origin": [5.1, 1.48521, 1.63102]},
			"faces": {
				"north": {"uv": [0, 0, 16, 16], "rotation": 180, "texture": "#0"},
				"east": {"uv": [0, 0, 16, 16], "rotation": 180, "texture": "#0"},
				"south": {"uv": [0, 0, 16, 16], "rotation": 180, "texture": "#0"},
				"west": {"uv": [0, 0, 16, 16], "rotation": 180, "texture": "#0"},
				"up": {"uv": [0, 1, 16, 15], "rotation": 180, "texture": "#0"},
				"down": {"uv": [0, 1, 16, 15], "rotation": 180, "texture": "#0"}
			}
		},
		{
			"from": [3.75, 0, 0.25],
			"to": [5.25, 2.5, 0.5],
			"faces": {
				"north": {"uv": [0, 3, 16, 16], "texture": "#1"},
				"east": {"uv": [0, 0, 16, 16], "texture": "#1"},
				"south": {"uv": [0, 0, 16, 16], "texture": "#1"},
				"west": {"uv": [0, 0, 16, 16], "texture": "#1"},
				"up": {"uv": [0, 0, 16, 16], "texture": "#1"},
				"down": {"uv": [0, 0, 16, 16], "texture": "#1"}
			}
		},
		{
			"from": [3.75, 2.07926, 0.13478],
			"to": [5.25, 3.57926, 0.38478],
			"rotation": {"angle": -22.5, "axis": "x", "origin": [4.75, 2.57926, -0.11522]},
			"faces": {
				"north": {"uv": [0, 2, 16, 16], "texture": "#1"},
				"east": {"uv": [0, 0, 16, 16], "texture": "#1"},
				"south": {"uv": [0, 0, 16, 16], "texture": "#1"},
				"west": {"uv": [0, 0, 16, 16], "texture": "#1"},
				"up": {"uv": [0, 0, 16, 16], "texture": "#1"},
				"down": {"uv": [0, 0, 16, 16], "texture": "#1"}
			}
		},
		{
			"from": [4, 3.7645, 1.38308],
			"to": [5, 5.0645, 1.63308],
			"rotation": {"angle": -45, "axis": "x", "origin": [4.75, 1.7645, 1.13308]},
			"faces": {
				"north": {"uv": [0, 2, 16, 16], "texture": "#1"},
				"east": {"uv": [0, 0, 16, 16], "texture": "#1"},
				"south": {"uv": [0, 0, 16, 16], "texture": "#1"},
				"west": {"uv": [0, 0, 16, 16], "texture": "#1"},
				"up": {"uv": [0, 0, 16, 16], "texture": "#1"},
				"down": {"uv": [0, 0, 16, 16], "texture": "#1"}
			}
		},
		{
			"from": [4.275, 2.88261, -2.30169],
			"to": [4.725, 3.23261, -1.60169],
			"rotation": {"angle": 22.5, "axis": "x", "origin": [4.75, 1.48261, 1.64831]},
			"faces": {
				"north": {"uv": [0, 0, 16, 16], "rotation": 90, "texture": "#1"},
				"east": {"uv": [0, 0, 16, 16], "rotation": 90, "texture": "#1"},
				"south": {"uv": [0, 0, 16, 16], "rotation": 90, "texture": "#1"},
				"west": {"uv": [0, 0, 16, 16], "rotation": 90, "texture": "#1"},
				"up": {"uv": [0, 0, 16, 16], "rotation": 90, "texture": "#1"},
				"down": {"uv": [0, 0, 12, 16], "rotation": 180, "texture": "#1"}
			}
		},
		{
			"from": [8, 0, 0],
			"to": [8.75, 2.5, 0.5],
			"rotation": {"angle": 0, "axis": "y", "origin": [5, 0, 0]},
			"faces": {
				"north": {"uv": [0, 1, 16, 16], "texture": "#0"},
				"east": {"uv": [0, 0, 16, 16], "texture": "#0"},
				"south": {"uv": [0, 0, 16, 16], "texture": "#0"},
				"west": {"uv": [0, 1, 16, 16], "texture": "#0"},
				"up": {"uv": [0, 0, 16, 16], "texture": "#0"},
				"down": {"uv": [0, 0, 16, 16], "texture": "#0"}
			}
		},
		{
			"from": [10.25, 0, 0],
			"to": [11, 2.5, 0.5],
			"rotation": {"angle": 0, "axis": "y", "origin": [5, 0, 0]},
			"faces": {
				"north": {"uv": [0, 1, 16, 16], "texture": "#0"},
				"east": {"uv": [0, 1, 16, 16], "texture": "#0"},
				"south": {"uv": [0, 0, 16, 16], "texture": "#0"},
				"west": {"uv": [0, 0, 16, 16], "texture": "#0"},
				"up": {"uv": [0, 0, 16, 16], "texture": "#0"},
				"down": {"uv": [0, 0, 16, 16], "texture": "#0"}
			}
		},
		{
			"from": [8.25, 0, 0.5],
			"to": [10.75, 2.5, 1],
			"rotation": {"angle": 0, "axis": "y", "origin": [5, 0, 0]},
			"faces": {
				"north": {"uv": [0, 0, 16, 16], "texture": "#0"},
				"east": {"uv": [0, 1, 16, 16], "texture": "#0"},
				"south": {"uv": [0, 1, 16, 16], "texture": "#0"},
				"west": {"uv": [0, 1, 16, 16], "texture": "#0"},
				"up": {"uv": [0, 0, 16, 16], "texture": "#0"},
				"down": {"uv": [0, 0, 16, 16], "texture": "#0"}
			}
		},
		{
			"from": [8, 2.28582, -0.07674],
			"to": [8.75, 3.58582, 0.42326],
			"rotation": {"angle": -22.5, "axis": "x", "origin": [9.75, 2.58582, -0.07674]},
			"faces": {
				"north": {"uv": [0, 1, 16, 15], "texture": "#0"},
				"east": {"uv": [0, 0, 16, 16], "texture": "#0"},
				"south": {"uv": [0, 0, 16, 16], "texture": "#0"},
				"west": {"uv": [0, 1, 16, 16], "texture": "#0"},
				"up": {"uv": [0, 0, 16, 16], "texture": "#0"},
				"down": {"uv": [0, 0, 16, 16], "texture": "#0"}
			}
		},
		{
			"from": [10.25, 2.28582, -0.07674],
			"to": [11, 3.58582, 0.42326],
			"rotation": {"angle": -22.5, "axis": "x", "origin": [9.75, 2.58582, -0.07674]},
			"faces": {
				"north": {"uv": [0, 1, 16, 16], "texture": "#0"},
				"east": {"uv": [0, 1, 16, 16], "texture": "#0"},
				"south": {"uv": [0, 0, 16, 16], "texture": "#0"},
				"west": {"uv": [0, 0, 16, 16], "texture": "#0"},
				"up": {"uv": [0, 0, 16, 16], "texture": "#0"},
				"down": {"uv": [0, 0, 16, 16], "texture": "#0"}
			}
		},
		{
			"from": [8.25, 2.07926, 0.38478],
			"to": [10.75, 3.57926, 0.88478],
			"rotation": {"angle": -22.5, "axis": "x", "origin": [9.75, 2.57926, -0.11522]},
			"faces": {
				"north": {"uv": [0, 0, 16, 16], "texture": "#0"},
				"east": {"uv": [0, 1, 16, 16], "texture": "#0"},
				"south": {"uv": [0, 1, 16, 15], "texture": "#0"},
				"west": {"uv": [0, 1, 16, 16], "texture": "#0"},
				"up": {"uv": [0, 0, 16, 16], "texture": "#0"},
				"down": {"uv": [0, 0, 16, 16], "texture": "#0"}
			}
		},
		{
			"from": [8.25, 3.97106, 1.22156],
			"to": [9, 5.07106, 1.67156],
			"rotation": {"angle": -45, "axis": "x", "origin": [9.75, 1.77106, 1.17156]},
			"faces": {
				"north": {"uv": [0, 1, 16, 15], "texture": "#0"},
				"east": {"uv": [0, 0, 16, 16], "texture": "#0"},
				"south": {"uv": [0, 0, 16, 16], "texture": "#0"},
				"west": {"uv": [0, 1, 16, 16], "texture": "#0"},
				"up": {"uv": [0, 0, 16, 16], "texture": "#0"},
				"down": {"uv": [0, 0, 16, 16], "texture": "#0"}
			}
		},
		{
			"from": [10, 3.97106, 1.22156],
			"to": [10.75, 5.07106, 1.67156],
			"rotation": {"angle": -45, "axis": "x", "origin": [9.75, 1.77106, 1.17156]},
			"faces": {
				"north": {"uv": [0, 1, 16, 15], "texture": "#0"},
				"east": {"uv": [0, 1, 16, 16], "texture": "#0"},
				"south": {"uv": [0, 0, 16, 16], "texture": "#0"},
				"west": {"uv": [0, 0, 16, 16], "texture": "#0"},
				"up": {"uv": [0, 0, 16, 16], "texture": "#0"},
				"down": {"uv": [0, 0, 16, 16], "texture": "#0"}
			}
		},
		{
			"from": [8.5, 3.7645, 1.63308],
			"to": [10.5, 5.0395, 2.13308],
			"rotation": {"angle": -45, "axis": "x", "origin": [9.75, 1.7645, 1.13308]},
			"faces": {
				"north": {"uv": [0, 0, 16, 16], "texture": "#0"},
				"east": {"uv": [0, 1, 16, 16], "texture": "#0"},
				"south": {"uv": [0, 1, 16, 15], "texture": "#0"},
				"west": {"uv": [0, 1, 16, 16], "texture": "#0"},
				"up": {"uv": [0, 0, 16, 16], "texture": "#0"},
				"down": {"uv": [0, 0, 16, 16], "texture": "#0"}
			}
		},
		{
			"from": [8.525, 2.83917, -2.26322],
			"to": [9.275, 3.23917, -1.76322],
			"rotation": {"angle": 22.5, "axis": "x", "origin": [9.75, 1.48917, 1.68678]},
			"faces": {
				"north": {"uv": [0, 0, 16, 16], "rotation": 180, "texture": "#0"},
				"east": {"uv": [0, 0, 16, 16], "rotation": 180, "texture": "#0"},
				"south": {"uv": [0, 0, 16, 16], "rotation": 180, "texture": "#0"},
				"west": {"uv": [0, 1, 16, 16], "rotation": 180, "texture": "#0"},
				"up": {"uv": [0, 0, 16, 16], "rotation": 180, "texture": "#0"},
				"down": {"uv": [0, 1, 16, 15], "rotation": 180, "texture": "#0"}
			}
		},
		{
			"from": [9.725, 2.83917, -2.26322],
			"to": [10.475, 3.23917, -1.76322],
			"rotation": {"angle": 22.5, "axis": "x", "origin": [9.75, 1.48917, 1.68678]},
			"faces": {
				"north": {"uv": [0, 0, 16, 16], "rotation": 180, "texture": "#0"},
				"east": {"uv": [0, 1, 16, 16], "rotation": 180, "texture": "#0"},
				"south": {"uv": [0, 0, 16, 16], "rotation": 180, "texture": "#0"},
				"west": {"uv": [0, 0, 16, 16], "rotation": 180, "texture": "#0"},
				"up": {"uv": [0, 0, 16, 16], "rotation": 180, "texture": "#0"},
				"down": {"uv": [0, 1, 16, 15], "rotation": 180, "texture": "#0"}
			}
		},
		{
			"from": [8.75, 3.08993, -2.25902],
			"to": [10.2, 3.71493, -1.58402],
			"rotation": {"angle": 22.5, "axis": "x", "origin": [9.475, 1.46493, 1.66598]},
			"faces": {
				"north": {"uv": [0, 0, 16, 16], "rotation": 180, "texture": "#0"},
				"east": {"uv": [0, 1, 16, 16], "rotation": 180, "texture": "#0"},
				"south": {"uv": [0, 0, 16, 16], "rotation": 180, "texture": "#0"},
				"west": {"uv": [0, 1, 16, 16], "rotation": 180, "texture": "#0"},
				"up": {"uv": [0, 1, 16, 15], "rotation": 180, "texture": "#0"},
				"down": {"uv": [0, 0, 16, 16], "rotation": 180, "texture": "#0"}
			}
		},
		{
			"from": [9, 2.83521, -2.84398],
			"to": [9.975, 3.33521, -2.49398],
			"rotation": {"angle": 22.5, "axis": "x", "origin": [10.1, 1.48521, 1.63102]},
			"faces": {
				"north": {"uv": [0, 0, 16, 16], "rotation": 180, "texture": "#0"},
				"east": {"uv": [0, 0, 16, 16], "rotation": 180, "texture": "#0"},
				"south": {"uv": [0, 0, 16, 16], "rotation": 180, "texture": "#0"},
				"west": {"uv": [0, 0, 16, 16], "rotation": 180, "texture": "#0"},
				"up": {"uv": [0, 0, 16, 15], "rotation": 180, "texture": "#0"},
				"down": {"uv": [0, 0, 16, 15], "rotation": 180, "texture": "#0"}
			}
		},
		{
			"from": [8.85, 2.83521, -2.59398],
			"to": [10.125, 3.51021, -2.24398],
			"rotation": {"angle": 22.5, "axis": "x", "origin": [10.1, 1.48521, 1.63102]},
			"faces": {
				"north": {"uv": [0, 0, 16, 16], "rotation": 180, "texture": "#0"},
				"east": {"uv": [0, 0, 16, 16], "rotation": 180, "texture": "#0"},
				"south": {"uv": [0, 0, 16, 16], "rotation": 180, "texture": "#0"},
				"west": {"uv": [0, 0, 16, 16], "rotation": 180, "texture": "#0"},
				"up": {"uv": [0, 1, 16, 15], "rotation": 180, "texture": "#0"},
				"down": {"uv": [0, 1, 16, 15], "rotation": 180, "texture": "#0"}
			}
		},
		{
			"from": [8.75, 0, 0.25],
			"to": [10.25, 2.5, 0.5],
			"rotation": {"angle": 0, "axis": "y", "origin": [5, 0, 0]},
			"faces": {
				"north": {"uv": [0, 3, 16, 16], "texture": "#1"},
				"east": {"uv": [0, 0, 16, 16], "texture": "#1"},
				"south": {"uv": [0, 0, 16, 16], "texture": "#1"},
				"west": {"uv": [0, 0, 16, 16], "texture": "#1"},
				"up": {"uv": [0, 0, 16, 16], "texture": "#1"},
				"down": {"uv": [0, 0, 16, 16], "texture": "#1"}
			}
		},
		{
			"from": [8.75, 2.07926, 0.13478],
			"to": [10.25, 3.57926, 0.38478],
			"rotation": {"angle": -22.5, "axis": "x", "origin": [9.75, 2.57926, -0.11522]},
			"faces": {
				"north": {"uv": [0, 2, 16, 16], "texture": "#1"},
				"east": {"uv": [0, 0, 16, 16], "texture": "#1"},
				"south": {"uv": [0, 0, 16, 16], "texture": "#1"},
				"west": {"uv": [0, 0, 16, 16], "texture": "#1"},
				"up": {"uv": [0, 0, 16, 16], "texture": "#1"},
				"down": {"uv": [0, 0, 16, 16], "texture": "#1"}
			}
		},
		{
			"from": [9, 3.7645, 1.38308],
			"to": [10, 5.0645, 1.63308],
			"rotation": {"angle": -45, "axis": "x", "origin": [9.75, 1.7645, 1.13308]},
			"faces": {
				"north": {"uv": [0, 2, 16, 16], "texture": "#1"},
				"east": {"uv": [0, 0, 16, 16], "texture": "#1"},
				"south": {"uv": [0, 0, 16, 16], "texture": "#1"},
				"west": {"uv": [0, 0, 16, 16], "texture": "#1"},
				"up": {"uv": [0, 0, 16, 16], "texture": "#1"},
				"down": {"uv": [0, 0, 16, 16], "texture": "#1"}
			}
		},
		{
			"from": [9.275, 2.88261, -2.30169],
			"to": [9.725, 3.23261, -1.60169],
			"rotation": {"angle": 22.5, "axis": "x", "origin": [9.75, 1.48261, 1.64831]},
			"faces": {
				"north": {"uv": [0, 0, 16, 16], "rotation": 90, "texture": "#1"},
				"east": {"uv": [0, 0, 16, 16], "rotation": 90, "texture": "#1"},
				"south": {"uv": [0, 0, 16, 16], "rotation": 90, "texture": "#1"},
				"west": {"uv": [0, 0, 16, 16], "rotation": 90, "texture": "#1"},
				"up": {"uv": [0, 0, 16, 16], "rotation": 90, "texture": "#1"},
				"down": {"uv": [0, 0, 12, 16], "rotation": 180, "texture": "#1"}
			}
		}
	],
	"display": {
		"thirdperson_righthand": {
			"rotation": [100, 25, -19],
			"translation": [3.75, -5, 5.75],
			"scale": [0.8, 0.8, 0.8]
		},
		"thirdperson_lefthand": {
			"rotation": [100, 25, -19],
			"translation": [3.75, -5, 5.75],
			"scale": [0.8, 0.8, 0.8]
		},
		"firstperson_righthand": {
			"rotation": [167.44, 60.09, -171.6],
			"translation": [13.25, 3.75, -11.5],
			"scale": [0.8, 0.8, 0.8]
		},
		"firstperson_lefthand": {
			"rotation": [167.44, 60.09, -171.6],
			"translation": [13.25, 3.75, -11.5],
			"scale": [0.8, 0.8, 0.8]
		},
		"ground": {
			"translation": [0, 4.5, 7.75]
		},
		"gui": {
			"rotation": [-171.44, -38.91, 174.48],
			"translation": [-12, 13, 1],
			"scale": [2, 2, 2]
		},
		"head": {
			"translation": [1.25, 17.75, 7],
			"scale": [1.3, 1.5, 1.5]
		},
		"fixed": {
			"translation": [1.5, 9.5, 9.75],
			"scale": [1.5, 1.5, 1.5]
		}
	},
	"groups": [
		{
			"name": "group",
			"origin": [0, 0, 0],
			"color": 0,
			"children": [
				0,
				1,
				2,
				{
					"name": "group",
					"origin": [0, 0, 0],
					"color": 0,
					"children": [
						3,
						4,
						5,
						{
							"name": "group",
							"origin": [0, 0, 0],
							"color": 0,
							"children": [
								6,
								7,
								8,
								{
									"name": "group",
									"origin": [0, 0, 0],
									"color": 0,
									"children": [
										9,
										10,
										11,
										12,
										13,
										{
											"name": "group",
											"origin": [4.75, 1.48261, 1.64831],
											"color": 0,
											"children": [14, 15, 16, 17]
										}
									]
								}
							]
						}
					]
				}
			]
		},
		{
			"name": "group",
			"origin": [0, 0, 0],
			"color": 0,
			"children": [
				18,
				19,
				20,
				{
					"name": "group",
					"origin": [0, 0, 0],
					"color": 0,
					"children": [
						21,
						22,
						23,
						{
							"name": "group",
							"origin": [0, 0, 0],
							"color": 0,
							"children": [
								24,
								25,
								26,
								{
									"name": "group",
									"origin": [0, 0, 0],
									"color": 0,
									"children": [
										27,
										28,
										29,
										30,
										31,
										{
											"name": "group",
											"origin": [4.75, 1.48261, 1.64831],
											"color": 0,
											"children": [32, 33, 34, 35]
										}
									]
								}
							]
						}
					]
				}
			]
		}
	]
}