{
	"credit": "Made with Blockbench",
	"texture_size": [64, 64],
	"textures": {
		"0": "items/umb_8",
		"particle": "items/umb_9"
	},
	"elements": [
		{
			"name": "octagon",
			"from": [4.8934, 7.5, 0.5],
			"to": [11.1066, 8.5, 15.5],
			"rotation": {"angle": 45, "axis": "y", "origin": [8, 8, 8]},
			"faces": {
				"north": {"uv": [6.25, 10, 7.75, 10.25], "texture": "#0"},
				"east": {"uv": [8.25, 2.75, 12, 3], "texture": "#0"},
				"south": {"uv": [10.5, 10.25, 12, 10.5], "texture": "#0"},
				"west": {"uv": [10.5, 8.25, 14.25, 8.5], "texture": "#0"},
				"up": {"uv": [1.5, 3.75, 0, 0], "texture": "#0"},
				"down": {"uv": [3, 0, 1.5, 3.75], "texture": "#0"}
			}
		},
		{
			"name": "octagon",
			"from": [4.8934, 7.5, 0.5],
			"to": [11.1066, 8.5, 15.5],
			"rotation": {"angle": 0, "axis": "y", "origin": [8, 8, 8]},
			"faces": {
				"north": {"uv": [5.5, 11, 7, 11.25], "texture": "#0"},
				"east": {"uv": [8.5, 10.5, 12.25, 10.75], "texture": "#0"},
				"south": {"uv": [11, 5.75, 12.5, 6], "texture": "#0"},
				"west": {"uv": [10.5, 8.5, 14.25, 8.75], "texture": "#0"},
				"up": {"uv": [4.5, 3.75, 3, 0], "texture": "#0"},
				"down": {"uv": [1.5, 3.75, 0, 7.5], "texture": "#0"}
			}
		},
		{
			"name": "octagon",
			"from": [0.5, 7.5, 4.8934],
			"to": [15.5, 8.5, 11.1066],
			"rotation": {"angle": 45, "axis": "y", "origin": [8, 8, 8]},
			"faces": {
				"north": {"uv": [10.5, 8.75, 14.25, 9], "texture": "#0"},
				"east": {"uv": [11, 6, 12.5, 6.25], "texture": "#0"},
				"south": {"uv": [10.5, 9, 14.25, 9.25], "texture": "#0"},
				"west": {"uv": [11, 6.25, 12.5, 6.5], "texture": "#0"},
				"up": {"uv": [5.25, 5.25, 1.5, 3.75], "texture": "#0"},
				"down": {"uv": [8.25, 0, 4.5, 1.5], "texture": "#0"}
			}
		},
		{
			"name": "octagon",
			"from": [0.5, 7.5, 4.8934],
			"to": [15.5, 8.5, 11.1066],
			"rotation": {"angle": 0, "axis": "y", "origin": [8, 8, 8]},
			"faces": {
				"north": {"uv": [10.5, 9.25, 14.25, 9.5], "texture": "#0"},
				"east": {"uv": [11, 6.5, 12.5, 6.75], "texture": "#0"},
				"south": {"uv": [10.5, 9.5, 14.25, 9.75], "texture": "#0"},
				"west": {"uv": [11, 6.75, 12.5, 7], "texture": "#0"},
				"up": {"uv": [8.25, 3, 4.5, 1.5], "texture": "#0"},
				"down": {"uv": [5.25, 5.25, 1.5, 6.75], "texture": "#0"}
			}
		},
		{
			"name": "octagon",
			"from": [5.30761, 7.5, 1.5],
			"to": [10.69239, 9.5, 14.5],
			"rotation": {"angle": 45, "axis": "y", "origin": [8, 8, 8]},
			"faces": {
				"north": {"uv": [0, 7.5, 1.25, 8], "texture": "#0"},
				"east": {"uv": [7.75, 6.75, 11, 7.25], "texture": "#0"},
				"south": {"uv": [6.25, 9.5, 7.5, 10], "texture": "#0"},
				"west": {"uv": [7.75, 7.25, 11, 7.75], "texture": "#0"},
				"up": {"uv": [6.5, 6.25, 5.25, 3], "texture": "#0"},
				"down": {"uv": [6.5, 6.25, 5.25, 9.5], "texture": "#0"}
			}
		},
		{
			"name": "octagon",
			"from": [5.30761, 7.5, 1.5],
			"to": [10.69239, 9.5, 14.5],
			"rotation": {"angle": 0, "axis": "y", "origin": [8, 8, 8]},
			"faces": {
				"north": {"uv": [10.5, 9.75, 11.75, 10.25], "texture": "#0"},
				"east": {"uv": [7.75, 7.75, 11, 8.25], "texture": "#0"},
				"south": {"uv": [0.75, 10.75, 2, 11.25], "texture": "#0"},
				"west": {"uv": [0, 8, 3.25, 8.5], "texture": "#0"},
				"up": {"uv": [7.75, 6.25, 6.5, 3], "texture": "#0"},
				"down": {"uv": [7.75, 6.25, 6.5, 9.5], "texture": "#0"}
			}
		},
		{
			"name": "octagon",
			"from": [1.5, 7.5, 5.30761],
			"to": [14.5, 9.5, 10.69239],
			"rotation": {"angle": 45, "axis": "y", "origin": [8, 8, 8]},
			"faces": {
				"north": {"uv": [8.25, 0, 11.5, 0.5], "texture": "#0"},
				"east": {"uv": [2, 10.75, 3.25, 11.25], "texture": "#0"},
				"south": {"uv": [8.25, 0.5, 11.5, 1], "texture": "#0"},
				"west": {"uv": [8.5, 10.75, 9.75, 11.25], "texture": "#0"},
				"up": {"uv": [4.75, 8, 1.5, 6.75], "texture": "#0"},
				"down": {"uv": [11, 3, 7.75, 4.25], "texture": "#0"}
			}
		},
		{
			"name": "octagon",
			"from": [1.5, 7.5, 5.30761],
			"to": [14.5, 9.5, 10.69239],
			"rotation": {"angle": 0, "axis": "y", "origin": [8, 8, 8]},
			"faces": {
				"north": {"uv": [8.25, 1, 11.5, 1.5], "texture": "#0"},
				"east": {"uv": [9.75, 10.75, 11, 11.25], "texture": "#0"},
				"south": {"uv": [8.25, 1.5, 11.5, 2], "texture": "#0"},
				"west": {"uv": [11, 3, 12.25, 3.5], "texture": "#0"},
				"up": {"uv": [11, 5.5, 7.75, 4.25], "texture": "#0"},
				"down": {"uv": [11, 5.5, 7.75, 6.75], "texture": "#0"}
			}
		},
		{
			"name": "octagon",
			"from": [6.34315, 7.5, 4],
			"to": [9.65685, 10.5, 12],
			"rotation": {"angle": 45, "axis": "y", "origin": [8, 8, 8]},
			"faces": {
				"north": {"uv": [4.5, 3, 5.25, 3.75], "texture": "#0"},
				"east": {"uv": [3.25, 8, 5.25, 8.75], "texture": "#0"},
				"south": {"uv": [4.25, 8.75, 5, 9.5], "texture": "#0"},
				"west": {"uv": [8.25, 2, 10.25, 2.75], "texture": "#0"},
				"up": {"uv": [8.5, 10.25, 7.75, 8.25], "texture": "#0"},
				"down": {"uv": [0.75, 8.5, 0, 10.5], "texture": "#0"}
			}
		},
		{
			"name": "octagon",
			"from": [6.34315, 7.5, 4],
			"to": [9.65685, 10.5, 12],
			"rotation": {"angle": 0, "axis": "y", "origin": [8, 8, 8]},
			"faces": {
				"north": {"uv": [3.25, 10.75, 4, 11.5], "texture": "#0"},
				"east": {"uv": [0.75, 8.5, 2.75, 9.25], "texture": "#0"},
				"south": {"uv": [11, 3.5, 11.75, 4.25], "texture": "#0"},
				"west": {"uv": [8.5, 8.25, 10.5, 9], "texture": "#0"},
				"up": {"uv": [3.5, 10.75, 2.75, 8.75], "texture": "#0"},
				"down": {"uv": [4.25, 8.75, 3.5, 10.75], "texture": "#0"}
			}
		},
		{
			"name": "octagon",
			"from": [4, 7.5, 6.34315],
			"to": [12, 10.5, 9.65685],
			"rotation": {"angle": 45, "axis": "y", "origin": [8, 8, 8]},
			"faces": {
				"north": {"uv": [8.5, 9, 10.5, 9.75], "texture": "#0"},
				"east": {"uv": [4, 11, 4.75, 11.75], "texture": "#0"},
				"south": {"uv": [0.75, 9.25, 2.75, 10], "texture": "#0"},
				"west": {"uv": [11, 4.25, 11.75, 5], "texture": "#0"},
				"up": {"uv": [6.25, 10.25, 4.25, 9.5], "texture": "#0"},
				"down": {"uv": [10.5, 9.75, 8.5, 10.5], "texture": "#0"}
			}
		},
		{
			"from": [7.75, -9, 7.75],
			"to": [8.25, 11, 8.25],
			"faces": {
				"north": {"uv": [8.25, 10.25, 8.5, 14.5], "texture": "#0"},
				"east": {"uv": [0, 10.5, 0.25, 14.75], "texture": "#0"},
				"south": {"uv": [0.25, 10.5, 0.5, 14.75], "texture": "#0"},
				"west": {"uv": [0.5, 10.5, 0.75, 14.75], "texture": "#0"},
				"up": {"uv": [1.5, 7.75, 1.25, 7.5], "texture": "#0"},
				"down": {"uv": [1.5, 7.75, 1.25, 8], "texture": "#0"}
			}
		},
		{
			"from": [7.65, -9, 7.65],
			"to": [8.4, -4.5, 8.4],
			"faces": {
				"north": {"uv": [4.75, 6.75, 5, 8], "texture": "#0"},
				"east": {"uv": [5, 6.75, 5.25, 8], "texture": "#0"},
				"south": {"uv": [7, 11, 7.25, 12.25], "texture": "#0"},
				"west": {"uv": [11, 7, 11.25, 8.25], "texture": "#0"},
				"up": {"uv": [3, 8.75, 2.75, 8.5], "texture": "#0"},
				"down": {"uv": [3.25, 8.5, 3, 8.75], "texture": "#0"}
			}
		},
		{
			"name": "octagon",
			"from": [4, 7.5, 6.34315],
			"to": [12, 10.5, 9.65685],
			"rotation": {"angle": 0, "axis": "y", "origin": [8, 8, 8]},
			"faces": {
				"north": {"uv": [0.75, 10, 2.75, 10.75], "texture": "#0"},
				"east": {"uv": [4.75, 11, 5.5, 11.75], "texture": "#0"},
				"south": {"uv": [10.25, 2, 12.25, 2.75], "texture": "#0"},
				"west": {"uv": [11, 5, 11.75, 5.75], "texture": "#0"},
				"up": {"uv": [6.25, 11, 4.25, 10.25], "texture": "#0"},
				"down": {"uv": [8.25, 10.25, 6.25, 11], "texture": "#0"}
			}
		}
	],
	"display": {
		"thirdperson_righthand": {
			"rotation": [69, 0, 0],
			"translation": [0, 8.75, 25.25],
			"scale": [2.5, 1.86, 2.5]
		},
		"thirdperson_lefthand": {
			"rotation": [69, 0, 0],
			"translation": [0, 8.75, 25.25],
			"scale": [2.5, 1.86, 2.5]
		},
		"firstperson_righthand": {
			"rotation": [11, 0, 0],
			"translation": [3.75, 13.75, 2.75]
		},
		"firstperson_lefthand": {
			"rotation": [11, 0, 0],
			"translation": [3.75, 13.75, 2.75]
		},
		"ground": {
			"translation": [0, 13, 0]
		},
		"gui": {
			"rotation": [45, 45, 0],
			"translation": [0, 3.25, 0]
		},
		"head": {
			"translation": [0, 10.25, 0]
		}
	},
	"groups": [
		{
			"name": "octagon",
			"origin": [8, 8, 8],
			"color": 0,
			"children": [0, 1, 2, 3, 4, 5, 6, 7, 8, 9, 10, 11, 12, 13]
		}
	]
}