{
    "__createdwith": "opl's Model Creator",
    "ambientocclusion": false,
    "textures": {
        "particle": "block/custom/door/crimson"
    },
    "elements": [
        {
            "from": [0,0,0],
            "to": [3,3,16],
            "faces": {
                "up": {
                    "uv": [0,14,1.5,14.5],
                    "texture": "#particle"
                },
                "down": {
                    "uv": [0,14.5,8,16],
                    "texture": "#particle",
                    "rotation": 90
                },
                "west": {
                    "uv": [0,14.5,8,16],
                    "texture": "#particle"
                },
                "east": {
                    "uv": [0,14.5,8,16],
                    "texture": "#particle"
                },
                "north": {
                    "uv": [0,13.5,1.5,15],
                    "texture": "#particle"
                },
                "south": {
                    "uv": [0,13.5,1.5,15],
                    "texture": "#particle"
                }
            }
        },
        {
            "from": [0,3,0],
            "to": [3,16,3],
            "faces": {
                "down": {
                    "uv": [0,3.5,1.5,4],
                    "texture": "#particle",
                    "rotation": 90
                },
                "west": {
                    "uv": [0,8,1.5,14.5],
                    "texture": "#particle"
                },
                "east": {
                    "uv": [6.5,8,8,14.5],
                    "texture": "#particle"
                },
                "north": {
                    "uv": [0,12.5,1.5,13.5],
                    "texture": "#particle"
                },
                "south": {
                    "uv": [0,14,1.5,14.5],
                    "texture": "#particle"
                }
            }
        },
        {
            "from": [0,3,13],
            "to": [3,16,16],
            "faces": {
                "down": {
                    "uv": [0,2.5,1.5,3],
                    "texture": "#particle",
                    "rotation": 90
                },
                "west": {
                    "uv": [6.5,8,8,14.5],
                    "texture": "#particle"
                },
                "east": {
                    "uv": [0,8,1.5,14.5],
                    "texture": "#particle"
                },
                "north": {
                    "uv": [0,14,1.5,14.5],
                    "texture": "#particle"
                },
                "south": {
                    "uv": [0,13.5,1.5,14],
                    "texture": "#particle"
                }
            }
        },
        {
            "from": [1,3,4],
            "to": [2,16,6],
            "faces": {
                "down": {
                    "uv": [0,2.5,1.5,3],
                    "texture": "#particle",
                    "rotation": 90
                },
                "west": {
                    "uv": [2,8,3,14.5],
                    "texture": "#particle"
                },
                "east": {
                    "uv": [5,8,6,14.5],
                    "texture": "#particle"
                },
                "north": {
                    "uv": [0,14.5,0.5,15],
                    "texture": "#particle"
                },
                "south": {
                    "uv": [0,14.5,0.5,15],
                    "texture": "#particle"
                }
            }
        },
        {
            "from": [1,3,10],
            "to": [2,16,12],
            "faces": {
                "down": {
                    "uv": [0,2.5,1.5,3],
                    "texture": "#particle",
                    "rotation": 90
                },
                "west": {
                    "uv": [5,8,6,14.5],
                    "texture": "#particle"
                },
                "east": {
                    "uv": [2,8,3,14.5],
                    "texture": "#particle"
                },
                "north": {
                    "uv": [0,14.5,0.5,15],
                    "texture": "#particle"
                },
                "south": {
                    "uv": [0,14.5,0.5,15],
                    "texture": "#particle"
                }
            }
        },
        {
            "from": [1,3,7],
            "to": [2,16,9],
            "faces": {
                "down": {
                    "uv": [0,2.5,1.5,3],
                    "texture": "#particle",
                    "rotation": 90
                },
                "west": {
                    "uv": [3.5,8,4.5,14.5],
                    "texture": "#particle"
                },
                "east": {
                    "uv": [3.5,8,4.5,14.5],
                    "texture": "#particle"
                },
                "north": {
                    "uv": [0,14.5,0.5,15],
                    "texture": "#particle"
                },
                "south": {
                    "uv": [0,14.5,0.5,15],
                    "texture": "#particle"
                }
            }
        },
        {
            "from": [-1,14,1],
            "to": [4,16,2],
            "faces": {
                "down": {
                    "uv": [8,15.5,8.5,16],
                    "texture": "#particle"
                },
                "west": {
                    "uv": [8,15.5,8.5,16],
                    "texture": "#particle"
                },
                "east": {
                    "uv": [8,15.5,8.5,16],
                    "texture": "#particle"
                },
                "north": {
                    "uv": [8,15.5,8.5,16],
                    "texture": "#particle"
                },
                "south": {
                    "uv": [8,15.5,8.5,16],
                    "texture": "#particle"
                }
            }
        }
    ]
}