{
    "__createdwith": "opl's Model Creator",
    "ambientocclusion": false,
    "textures": {
        "particle": "block/custom/door/iron"
    },
    "elements": [
        {
            "from": [0,13,0],
            "to": [3,16,16],
            "faces": {
                "up": {
                    "uv": [11,0,12.5,8],
                    "texture": "#particle"
                },
                "down": {
                    "uv": [2,15.5,2.5,16],
                    "texture": "#particle"
                },
                "west": {
                    "uv": [0,0,8,1.5],
                    "texture": "#particle"
                },
                "east": {
                    "uv": [0,0,8,1.5],
                    "texture": "#particle"
                },
                "north": {
                    "uv": [8,0,9.5,1.5],
                    "texture": "#particle"
                },
                "south": {
                    "uv": [8,0,9.5,1.5],
                    "texture": "#particle"
                }
            }
        },
        {
            "from": [0,0,13],
            "to": [3,13,16],
            "faces": {
                "west": {
                    "uv": [6.5,1.5,8,8],
                    "texture": "#particle"
                },
                "east": {
                    "uv": [0,1.5,1.5,8],
                    "texture": "#particle"
                },
                "north": {
                    "uv": [0,8,1.5,14.5],
                    "texture": "#particle"
                },
                "south": {
                    "uv": [8,1.5,9.5,8],
                    "texture": "#particle"
                }
            }
        },
        {
            "from": [0,0,0],
            "to": [3,13,3],
            "faces": {
                "west": {
                    "uv": [0,1.5,1.5,8],
                    "texture": "#particle"
                },
                "east": {
                    "uv": [6.5,1.5,8,8],
                    "texture": "#particle"
                },
                "north": {
                    "uv": [8,1.5,9.5,8],
                    "texture": "#particle"
                },
                "south": {
                    "uv": [0,8,1.5,14.5],
                    "texture": "#particle"
                }
            }
        },
        {
            "from": [1,9,3],
            "to": [2,13,13],
            "faces": {
                "down": {
                    "uv": [2,15.5,2.5,16],
                    "texture": "#particle"
                },
                "west": {
                    "uv": [1.5,1.5,6.5,3.5],
                    "texture": "#particle"
                },
                "east": {
                    "uv": [1.5,1.5,6.5,3.5],
                    "texture": "#particle"
                }
            }
        },
        {
            "from": [1,0,3],
            "to": [2,5,13],
            "faces": {
                "up": {
                    "uv": [1.5,3,2,3.5],
                    "texture": "#particle"
                },
                "west": {
                    "uv": [1.5,5.5,6.5,8],
                    "texture": "#particle"
                },
                "east": {
                    "uv": [1.5,5.5,6.5,8],
                    "texture": "#particle"
                }
            }
        },
        {
            "from": [1,5,3],
            "to": [2,9,5],
            "faces": {
                "west": {
                    "uv": [1.5,4,2.5,5],
                    "texture": "#particle"
                },
                "east": {
                    "uv": [5.5,4,6.5,5],
                    "texture": "#particle"
                },
                "south": {
                    "uv": [2,3.5,2.5,5.5],
                    "texture": "#particle"
                }
            }
        },
        {
            "from": [1,5,11],
            "to": [2,9,13],
            "faces": {
                "west": {
                    "uv": [5.5,4,6.5,5],
                    "texture": "#particle"
                },
                "east": {
                    "uv": [1.5,4,2.5,5],
                    "texture": "#particle"
                },
                "north": {
                    "uv": [2,3.5,2.5,5.5],
                    "texture": "#particle"
                }
            }
        },
        {
            "from": [1,5,6],
            "to": [2,9,7],
            "faces": {
                "west": {
                    "uv": [4.5,3.5,5,5.5],
                    "texture": "#particle"
                },
                "east": {
                    "uv": [4.5,3.5,5,5.5],
                    "texture": "#particle"
                },
                "north": {
                    "uv": [4.5,3.5,5,5.5],
                    "texture": "#particle"
                },
                "south": {
                    "uv": [4.5,3.5,5,5.5],
                    "texture": "#particle"
                }
            }
        },
        {
            "from": [1,5,9],
            "to": [2,9,10],
            "faces": {
                "west": {
                    "uv": [4.5,3.5,5,5.5],
                    "texture": "#particle"
                },
                "east": {
                    "uv": [3,3.5,3.5,5.5],
                    "texture": "#particle"
                },
                "north": {
                    "uv": [4.5,3.5,5,5.5],
                    "texture": "#particle"
                },
                "south": {
                    "uv": [4.5,3.5,5,5.5],
                    "texture": "#particle"
                }
            }
        }
    ]
}