{
    "__createdwith": "opl's Model Creator",
    "ambientocclusion": false,
    "textures": {
        "particle": "block/custom/door/jungle"
    },
    "elements": [
        {
            "from": [0,13,0],
            "to": [3,16,16],
            "faces": {
                "up": {
                    "uv": [0,14,1.5,14.5],
                    "texture": "#particle"
                },
                "down": {
                    "uv": [0,14.5,8,16],
                    "texture": "#particle",
                    "rotation": 90
                },
                "west": {
                    "uv": [0,14.5,8,16],
                    "texture": "#particle"
                },
                "east": {
                    "uv": [0,14.5,8,16],
                    "texture": "#particle"
                },
                "north": {
                    "uv": [6.5,1,8,2.5],
                    "texture": "#particle"
                },
                "south": {
                    "uv": [0,1,1.5,2.5],
                    "texture": "#particle"
                }
            }
        },
        {
            "from": [0,0,0],
            "to": [3,13,3],
            "faces": {
                "down": {
                    "uv": [0,3.5,1.5,4],
                    "texture": "#particle",
                    "rotation": 90
                },
                "west": {
                    "uv": [0,1.5,1.5,8],
                    "texture": "#particle"
                },
                "east": {
                    "uv": [6.5,1.5,8,8],
                    "texture": "#particle"
                },
                "north": {
                    "uv": [0,12.5,1.5,13.5],
                    "texture": "#particle"
                },
                "south": {
                    "uv": [0,14,1.5,14.5],
                    "texture": "#particle"
                }
            }
        },
        {
            "from": [0,0,13],
            "to": [3,13,16],
            "faces": {
                "down": {
                    "uv": [0,2.5,1.5,3],
                    "texture": "#particle",
                    "rotation": 90
                },
                "west": {
                    "uv": [6.5,1.5,8,8],
                    "texture": "#particle"
                },
                "east": {
                    "uv": [0,1.5,1.5,8],
                    "texture": "#particle"
                },
                "north": {
                    "uv": [0,14,1.5,14.5],
                    "texture": "#particle"
                },
                "south": {
                    "uv": [0,13.5,1.5,14],
                    "texture": "#particle"
                }
            }
        },
        {
            "from": [1,10,3],
            "to": [2,13,13],
            "faces": {
                "west": {
                    "uv": [1.5,1.5,6.5,3],
                    "texture": "#particle"
                },
                "east": {
                    "uv": [1.5,1.5,6.5,3],
                    "texture": "#particle"
                }
            }
        },
        {
            "from": [1,1,3],
            "to": [2,4,13],
            "faces": {
                "up": {
                    "uv": [0,14.5,0.5,15],
                    "texture": "#particle"
                },
                "down": {
                    "uv": [0,14.5,0.5,15],
                    "texture": "#particle"
                },
                "west": {
                    "uv": [1.5,6,6.5,7.5],
                    "texture": "#particle"
                },
                "east": {
                    "uv": [1.5,6,6.5,7.5],
                    "texture": "#particle"
                }
            }
        },
        {
            "from": [1,6,3],
            "to": [2,9,13],
            "faces": {
                "up": {
                    "uv": [0,14.5,0.5,15],
                    "texture": "#particle"
                },
                "down": {
                    "uv": [0,14.5,0.5,15],
                    "texture": "#particle"
                },
                "west": {
                    "uv": [1.5,3.5,6.5,5],
                    "texture": "#particle"
                },
                "east": {
                    "uv": [1.5,3.5,6.5,5],
                    "texture": "#particle"
                }
            }
        },
        {
            "from": [1,0,4],
            "to": [2,13,7],
            "faces": {
                "down": {
                    "uv": [0,2.5,1.5,3],
                    "texture": "#particle",
                    "rotation": 90
                },
                "west": {
                    "uv": [2,1.5,3.5,8],
                    "texture": "#particle"
                },
                "east": {
                    "uv": [4.5,1.5,6,8],
                    "texture": "#particle"
                },
                "north": {
                    "uv": [0,14.5,0.5,15],
                    "texture": "#particle"
                },
                "south": {
                    "uv": [0,14.5,0.5,15],
                    "texture": "#particle"
                }
            }
        },
        {
            "from": [1,0,9],
            "to": [2,13,12],
            "faces": {
                "down": {
                    "uv": [0,2.5,1.5,3],
                    "texture": "#particle",
                    "rotation": 90
                },
                "west": {
                    "uv": [4.5,1.5,6,8],
                    "texture": "#particle"
                },
                "east": {
                    "uv": [2,1.5,3.5,8],
                    "texture": "#particle"
                },
                "north": {
                    "uv": [0,14.5,0.5,15],
                    "texture": "#particle"
                },
                "south": {
                    "uv": [0,14.5,0.5,15],
                    "texture": "#particle"
                }
            }
        },
        {
            "from": [-1,0,1],
            "to": [4,2,2],
            "faces": {
                "up": {
                    "uv": [8,15,8.5,15.5],
                    "texture": "#particle"
                },
                "down": {
                    "uv": [8,15,8.5,15.5],
                    "texture": "#particle"
                },
                "west": {
                    "uv": [8,15,8.5,15.5],
                    "texture": "#particle"
                },
                "east": {
                    "uv": [8,15,8.5,15.5],
                    "texture": "#particle"
                },
                "north": {
                    "uv": [8,15,8.5,15.5],
                    "texture": "#particle"
                },
                "south": {
                    "uv": [8,15,8.5,15.5],
                    "texture": "#particle"
                }
            }
        }
    ]
}