{
    "__createdwith": "opl's Model Creator",
    "ambientocclusion": false,
    "textures": {
        "particle": "block/custom/door/mangrove"
    },
    "elements": [
        {
            "from": [0,13,0],
            "to": [3,16,16],
            "faces": {
                "up": {
                    "uv": [0,3.5,1.5,4],
                    "texture": "#particle"
                },
                "down": {
                    "uv": [1.5,1,2.5,1.5],
                    "texture": "#particle"
                },
                "west": {
                    "uv": [0,0,8,1.5],
                    "texture": "#particle"
                },
                "east": {
                    "uv": [0,0,8,1.5],
                    "texture": "#particle"
                },
                "north": {
                    "uv": [6.5,1,8,2.5],
                    "texture": "#particle"
                },
                "south": {
                    "uv": [0,1,1.5,2.5],
                    "texture": "#particle"
                }
            }
        },
        {
            "from": [0,0,13],
            "to": [3,13,16],
            "faces": {
                "west": {
                    "uv": [0,1.5,1.5,8],
                    "texture": "#particle"
                },
                "east": {
                    "uv": [0,1.5,1.5,8],
                    "texture": "#particle"
                },
                "north": {
                    "uv": [0,8,1.5,14.5],
                    "texture": "#particle"
                },
                "south": {
                    "uv": [6.5,4,8,6],
                    "texture": "#particle"
                }
            }
        },
        {
            "from": [0,0,0],
            "to": [3,13,3],
            "faces": {
                "west": {
                    "uv": [8,1.5,9.5,8],
                    "texture": "#particle"
                },
                "east": {
                    "uv": [6.5,1.5,8,8],
                    "texture": "#particle"
                },
                "north": {
                    "uv": [0,6.5,1.5,8],
                    "texture": "#particle"
                },
                "south": {
                    "uv": [0,8,1.5,14.5],
                    "texture": "#particle"
                }
            }
        },
        {
            "from": [1,0,3],
            "to": [2,13,5],
            "faces": {
                "west": {
                    "uv": [1.5,1.5,2.5,8],
                    "texture": "#particle"
                },
                "east": {
                    "uv": [5.5,1.5,6.5,8],
                    "texture": "#particle"
                },
                "south": {
                    "uv": [2,3,2.5,3.5],
                    "texture": "#particle"
                }
            }
        },
        {
            "from": [1,0,11],
            "to": [2,13,13],
            "faces": {
                "west": {
                    "uv": [5.5,1.5,6.5,8],
                    "texture": "#particle"
                },
                "east": {
                    "uv": [1.5,1.5,2.5,8],
                    "texture": "#particle"
                },
                "north": {
                    "uv": [2,3.5,2.5,4],
                    "texture": "#particle"
                }
            }
        },
        {
            "from": [1,10,5],
            "to": [2,13,11],
            "faces": {
                "down": {
                    "uv": [1,1,1.5,1.5],
                    "texture": "#particle"
                },
                "west": {
                    "uv": [2.5,1.5,5.5,3],
                    "texture": "#particle"
                },
                "east": {
                    "uv": [2.5,1.5,5.5,3],
                    "texture": "#particle"
                }
            }
        },
        {
            "from": [1,6,6],
            "to": [2,10,10],
            "faces": {
                "up": {
                    "uv": [1.5,2,2,2.5],
                    "texture": "#particle"
                },
                "down": {
                    "uv": [1,1,1.5,1.5],
                    "texture": "#particle"
                },
                "west": {
                    "uv": [3,3,5,5],
                    "texture": "#particle"
                },
                "east": {
                    "uv": [3,3,5,5],
                    "texture": "#particle"
                },
                "north": {
                    "uv": [2,6.5,2.5,7.5],
                    "texture": "#particle"
                },
                "south": {
                    "uv": [2,6.5,2.5,7.5],
                    "texture": "#particle"
                }
            }
        },
        {
            "from": [1,3,5],
            "to": [2,6,11],
            "faces": {
                "up": {
                    "uv": [1.5,2,2,2.5],
                    "texture": "#particle"
                },
                "down": {
                    "uv": [2.5,6,3.5,6.5],
                    "texture": "#particle"
                },
                "west": {
                    "uv": [2.5,5,5.5,6.5],
                    "texture": "#particle"
                },
                "east": {
                    "uv": [2.5,5,5.5,6.5],
                    "texture": "#particle"
                }
            }
        },
        {
            "from": [1,0,6],
            "to": [2,3,10],
            "faces": {
                "up": {
                    "uv": [1.5,2,2,2.5],
                    "texture": "#particle"
                },
                "down": {
                    "uv": [1,1,1.5,1.5],
                    "texture": "#particle"
                },
                "west": {
                    "uv": [3,6.5,5,8],
                    "texture": "#particle"
                },
                "east": {
                    "uv": [3,6.5,5,8],
                    "texture": "#particle"
                },
                "north": {
                    "uv": [2,3,2.5,4],
                    "texture": "#particle"
                },
                "south": {
                    "uv": [3,6.5,3.5,7.5],
                    "texture": "#particle"
                }
            }
        }
    ]
}