{
    "__createdwith": "opl's Model Creator",
    "ambientocclusion": false,
    "textures": {
        "particle": "block/custom/door/mangrove"
    },
    "elements": [
        {
            "from": [0,0,0],
            "to": [3,3,16],
            "faces": {
                "up": {
                    "uv": [0.5,0,1,0.5],
                    "texture": "#particle"
                },
                "down": {
                    "uv": [6.5,14,8,14.5],
                    "texture": "#particle"
                },
                "west": {
                    "uv": [0,14.5,8,16],
                    "texture": "#particle"
                },
                "east": {
                    "uv": [0,0,8,1.5],
                    "texture": "#particle"
                },
                "north": {
                    "uv": [6.5,13.5,8,15],
                    "texture": "#particle"
                },
                "south": {
                    "uv": [0,13.5,1.5,15],
                    "texture": "#particle"
                }
            }
        },
        {
            "from": [0,3,13],
            "to": [3,16,16],
            "faces": {
                "west": {
                    "uv": [0,8,1.5,14.5],
                    "texture": "#particle"
                },
                "east": {
                    "uv": [0,8,1.5,14.5],
                    "texture": "#particle"
                },
                "north": {
                    "uv": [0,8,1.5,14.5],
                    "texture": "#particle"
                },
                "south": {
                    "uv": [6.5,2,8,4],
                    "texture": "#particle"
                }
            }
        },
        {
            "from": [0,3,0],
            "to": [3,16,3],
            "faces": {
                "west": {
                    "uv": [8,8,9.5,14.5],
                    "texture": "#particle"
                },
                "east": {
                    "uv": [6.5,8,8,14.5],
                    "texture": "#particle"
                },
                "north": {
                    "uv": [0,6.5,1.5,8],
                    "texture": "#particle"
                },
                "south": {
                    "uv": [0,8,1.5,14.5],
                    "texture": "#particle"
                }
            }
        },
        {
            "from": [1,3,3],
            "to": [2,16,5],
            "faces": {
                "west": {
                    "uv": [1.5,8,2.5,14.5],
                    "texture": "#particle"
                },
                "east": {
                    "uv": [5.5,8,6.5,14.5],
                    "texture": "#particle"
                },
                "south": {
                    "uv": [2,3,2.5,3.5],
                    "texture": "#particle"
                }
            }
        },
        {
            "from": [1,3,11],
            "to": [2,16,13],
            "faces": {
                "west": {
                    "uv": [5.5,8,6.5,14.5],
                    "texture": "#particle"
                },
                "east": {
                    "uv": [1.5,8,2.5,14.5],
                    "texture": "#particle"
                },
                "north": {
                    "uv": [2,3.5,2.5,4],
                    "texture": "#particle"
                }
            }
        },
        {
            "from": [1,3,5],
            "to": [2,5,11],
            "faces": {
                "up": {
                    "uv": [1.5,8,2,8.5],
                    "texture": "#particle"
                },
                "down": {
                    "uv": [1,1,1.5,1.5],
                    "texture": "#particle"
                },
                "west": {
                    "uv": [2.5,13.5,5.5,14.5],
                    "texture": "#particle"
                },
                "east": {
                    "uv": [2.5,13.5,5.5,14.5],
                    "texture": "#particle"
                }
            }
        },
        {
            "from": [1,5,6],
            "to": [2,9,10],
            "faces": {
                "up": {
                    "uv": [1.5,2,2,2.5],
                    "texture": "#particle"
                },
                "down": {
                    "uv": [1,1,1.5,1.5],
                    "texture": "#particle"
                },
                "west": {
                    "uv": [3,11.5,5,13.5],
                    "texture": "#particle"
                },
                "east": {
                    "uv": [3,11.5,5,13.5],
                    "texture": "#particle"
                },
                "north": {
                    "uv": [2,6.5,2.5,7.5],
                    "texture": "#particle"
                },
                "south": {
                    "uv": [2,6.5,2.5,7.5],
                    "texture": "#particle"
                }
            }
        },
        {
            "from": [1,9,5],
            "to": [2,12,11],
            "faces": {
                "up": {
                    "uv": [1.5,2,2,2.5],
                    "texture": "#particle"
                },
                "down": {
                    "uv": [2.5,6,3.5,6.5],
                    "texture": "#particle"
                },
                "west": {
                    "uv": [2.5,10,5.5,11.5],
                    "texture": "#particle"
                },
                "east": {
                    "uv": [2.5,10,5.5,11.5],
                    "texture": "#particle"
                }
            }
        },
        {
            "from": [1,12,6],
            "to": [2,16,10],
            "faces": {
                "up": {
                    "uv": [1.5,2,2,2.5],
                    "texture": "#particle"
                },
                "down": {
                    "uv": [1,1,1.5,1.5],
                    "texture": "#particle"
                },
                "west": {
                    "uv": [3,8,5,10],
                    "texture": "#particle"
                },
                "east": {
                    "uv": [3,8,5,10],
                    "texture": "#particle"
                },
                "north": {
                    "uv": [2,3,2.5,4],
                    "texture": "#particle"
                },
                "south": {
                    "uv": [3,6.5,3.5,7.5],
                    "texture": "#particle"
                }
            }
        }
    ]
}