{
    "__createdwith": "opl's Model Creator",
    "ambientocclusion": false,
    "textures": {
        "particle": "block/custom/door/oak"
    },
    "elements": [
        {
            "from": [1,11,3],
            "to": [2,13,13],
            "faces": {
                "down": {
                    "uv": [2,2,3,2.5],
                    "texture": "#particle"
                },
                "west": {
                    "uv": [1.5,1.5,6.5,2.5],
                    "texture": "#particle"
                },
                "east": {
                    "uv": [1.5,1.5,6.5,2.5],
                    "texture": "#particle"
                }
            }
        },
        {
            "from": [0,13,0],
            "to": [3,16,16],
            "faces": {
                "up": {
                    "uv": [0.5,0,1,0.5],
                    "texture": "#particle"
                },
                "down": {
                    "uv": [0,8,1.5,14.5],
                    "texture": "#particle"
                },
                "west": {
                    "uv": [0,0,8,1.5],
                    "texture": "#particle"
                },
                "east": {
                    "uv": [0,0,8,1.5],
                    "texture": "#particle"
                },
                "north": {
                    "uv": [0,14.5,1.5,16],
                    "texture": "#particle"
                },
                "south": {
                    "uv": [6.5,14.5,8,16],
                    "texture": "#particle"
                }
            }
        },
        {
            "from": [0,0,13],
            "to": [3,13,16],
            "faces": {
                "west": {
                    "uv": [0,1.5,1.5,8],
                    "texture": "#particle"
                },
                "east": {
                    "uv": [0,1.5,1.5,8],
                    "texture": "#particle"
                },
                "north": {
                    "uv": [0,8,1.5,14.5],
                    "texture": "#particle"
                },
                "south": {
                    "uv": [6.5,1.5,8,8],
                    "texture": "#particle"
                }
            }
        },
        {
            "from": [0,0,0],
            "to": [3,13,3],
            "faces": {
                "west": {
                    "uv": [0,1.5,1.5,8],
                    "texture": "#particle"
                },
                "east": {
                    "uv": [0,1.5,1.5,8],
                    "texture": "#particle"
                },
                "north": {
                    "uv": [0,1.5,1.5,8],
                    "texture": "#particle"
                },
                "south": {
                    "uv": [0,8,1.5,14.5],
                    "texture": "#particle"
                }
            }
        },
        {
            "from": [1,5,3],
            "to": [2,8,13],
            "faces": {
                "up": {
                    "uv": [2,4,3,4.5],
                    "texture": "#particle"
                },
                "down": {
                    "uv": [2,2,3,2.5],
                    "texture": "#particle"
                },
                "west": {
                    "uv": [1.5,4,6.5,5.5],
                    "texture": "#particle"
                },
                "east": {
                    "uv": [1.5,4,6.5,5.5],
                    "texture": "#particle"
                }
            }
        },
        {
            "from": [1,0,3],
            "to": [2,1,13],
            "faces": {
                "up": {
                    "uv": [2,4,3,4.5],
                    "texture": "#particle"
                },
                "west": {
                    "uv": [1.5,7.5,6.5,8],
                    "texture": "#particle"
                },
                "east": {
                    "uv": [1.5,7.5,6.5,8],
                    "texture": "#particle"
                }
            }
        },
        {
            "from": [1,1,6],
            "to": [2,11,10],
            "faces": {
                "west": {
                    "uv": [3,2.5,5,7.5],
                    "texture": "#particle"
                },
                "east": {
                    "uv": [3,2.5,5,7.5],
                    "texture": "#particle"
                },
                "north": {
                    "uv": [3,2.5,3.5,4],
                    "texture": "#particle"
                },
                "south": {
                    "uv": [1.5,2.5,2,4],
                    "texture": "#particle"
                }
            }
        }
    ]
}