{
    "__createdwith": "opl's Model Creator",
    "ambientocclusion": false,
    "textures": {
        "particle": "block/custom/door/warped"
    },
    "elements": [
        {
            "from": [0,13,0],
            "to": [3,16,16],
            "faces": {
                "up": {
                    "uv": [0,14,1.5,14.5],
                    "texture": "#particle"
                },
                "down": {
                    "uv": [0,14.5,8,16],
                    "texture": "#particle",
                    "rotation": 90
                },
                "west": {
                    "uv": [0,14.5,8,16],
                    "texture": "#particle"
                },
                "east": {
                    "uv": [0,14.5,8,16],
                    "texture": "#particle"
                },
                "north": {
                    "uv": [6.5,1,8,2.5],
                    "texture": "#particle"
                },
                "south": {
                    "uv": [0,1,1.5,2.5],
                    "texture": "#particle"
                }
            }
        },
        {
            "from": [0,0,0],
            "to": [3,13,3],
            "faces": {
                "down": {
                    "uv": [0,3.5,1.5,4],
                    "texture": "#particle",
                    "rotation": 90
                },
                "west": {
                    "uv": [0,1.5,1.5,8],
                    "texture": "#particle"
                },
                "east": {
                    "uv": [6.5,1.5,8,8],
                    "texture": "#particle"
                },
                "north": {
                    "uv": [0,12.5,1.5,13.5],
                    "texture": "#particle"
                },
                "south": {
                    "uv": [0,14,1.5,14.5],
                    "texture": "#particle"
                }
            }
        },
        {
            "from": [0,0,13],
            "to": [3,13,16],
            "faces": {
                "down": {
                    "uv": [0,2.5,1.5,3],
                    "texture": "#particle",
                    "rotation": 90
                },
                "west": {
                    "uv": [6.5,1.5,8,8],
                    "texture": "#particle"
                },
                "east": {
                    "uv": [0,1.5,1.5,8],
                    "texture": "#particle"
                },
                "north": {
                    "uv": [0,14,1.5,14.5],
                    "texture": "#particle"
                },
                "south": {
                    "uv": [0,13.5,1.5,14],
                    "texture": "#particle"
                }
            }
        },
        {
            "from": [1,10,4],
            "to": [2,13,6],
            "faces": {
                "down": {
                    "uv": [1,2.5,1.5,3],
                    "texture": "#particle",
                    "rotation": 90
                },
                "west": {
                    "uv": [2,1.5,3,3],
                    "texture": "#particle"
                },
                "east": {
                    "uv": [5,1.5,6,3],
                    "texture": "#particle"
                },
                "north": {
                    "uv": [0,14.5,0.5,15],
                    "texture": "#particle"
                },
                "south": {
                    "uv": [0,14.5,0.5,15],
                    "texture": "#particle"
                }
            }
        },
        {
            "from": [1,10,10],
            "to": [2,13,12],
            "faces": {
                "down": {
                    "uv": [1,2.5,1.5,3],
                    "texture": "#particle",
                    "rotation": 90
                },
                "west": {
                    "uv": [5,1.5,6,3],
                    "texture": "#particle"
                },
                "east": {
                    "uv": [2,1.5,3,3],
                    "texture": "#particle"
                },
                "north": {
                    "uv": [0,14.5,0.5,15],
                    "texture": "#particle"
                },
                "south": {
                    "uv": [0,14.5,0.5,15],
                    "texture": "#particle"
                }
            }
        },
        {
            "from": [1,11,7],
            "to": [2,13,9],
            "faces": {
                "down": {
                    "uv": [1,2.5,1.5,3],
                    "texture": "#particle",
                    "rotation": 90
                },
                "west": {
                    "uv": [3.5,1.5,4.5,2.5],
                    "texture": "#particle"
                },
                "east": {
                    "uv": [3.5,1.5,4.5,2.5],
                    "texture": "#particle"
                },
                "north": {
                    "uv": [0,14.5,0.5,15],
                    "texture": "#particle"
                },
                "south": {
                    "uv": [0,14.5,0.5,15],
                    "texture": "#particle"
                }
            }
        },
        {
            "from": [-1,0,1],
            "to": [4,2,2],
            "faces": {
                "up": {
                    "uv": [8,15,8.5,15.5],
                    "texture": "#particle"
                },
                "west": {
                    "uv": [8,15,8.5,15.5],
                    "texture": "#particle"
                },
                "east": {
                    "uv": [8,15,8.5,15.5],
                    "texture": "#particle"
                },
                "north": {
                    "uv": [8,15,8.5,15.5],
                    "texture": "#particle"
                },
                "south": {
                    "uv": [8,15,8.5,15.5],
                    "texture": "#particle"
                }
            }
        },
        {
            "from": [1,1,4],
            "to": [2,9,6],
            "faces": {
                "up": {
                    "uv": [1,4,1.5,4.5],
                    "texture": "#particle"
                },
                "down": {
                    "uv": [1,2.5,1.5,3],
                    "texture": "#particle",
                    "rotation": 90
                },
                "west": {
                    "uv": [2,3.5,3,7.5],
                    "texture": "#particle"
                },
                "east": {
                    "uv": [5,3.5,6,7.5],
                    "texture": "#particle"
                },
                "north": {
                    "uv": [0,14.5,0.5,15],
                    "texture": "#particle"
                },
                "south": {
                    "uv": [0,14.5,0.5,15],
                    "texture": "#particle"
                }
            }
        },
        {
            "from": [1,1,10],
            "to": [2,9,12],
            "faces": {
                "up": {
                    "uv": [1,4,1.5,4.5],
                    "texture": "#particle"
                },
                "down": {
                    "uv": [1,2.5,1.5,3],
                    "texture": "#particle",
                    "rotation": 90
                },
                "west": {
                    "uv": [5,3.5,6,7.5],
                    "texture": "#particle"
                },
                "east": {
                    "uv": [2,3.5,3,7.5],
                    "texture": "#particle"
                },
                "north": {
                    "uv": [0,14.5,0.5,15],
                    "texture": "#particle"
                },
                "south": {
                    "uv": [0,14.5,0.5,15],
                    "texture": "#particle"
                }
            }
        },
        {
            "from": [1,2,7],
            "to": [2,10,9],
            "faces": {
                "up": {
                    "uv": [1,4,1.5,4.5],
                    "texture": "#particle"
                },
                "down": {
                    "uv": [1,2.5,1.5,3],
                    "texture": "#particle",
                    "rotation": 90
                },
                "west": {
                    "uv": [3.5,3,4.5,7],
                    "texture": "#particle"
                },
                "east": {
                    "uv": [3.5,3,4.5,7],
                    "texture": "#particle"
                },
                "north": {
                    "uv": [0,14.5,0.5,15],
                    "texture": "#particle"
                },
                "south": {
                    "uv": [0,14.5,0.5,15],
                    "texture": "#particle"
                }
            }
        },
        {
            "from": [1,5,3],
            "to": [2,7,13],
            "faces": {
                "up": {
                    "uv": [1,4,1.5,4.5],
                    "texture": "#particle"
                },
                "down": {
                    "uv": [1,2.5,1.5,3],
                    "texture": "#particle",
                    "rotation": 90
                },
                "west": {
                    "uv": [1.5,4.5,6.5,5.5],
                    "texture": "#particle"
                },
                "east": {
                    "uv": [1.5,4.5,6.5,5.5],
                    "texture": "#particle"
                },
                "north": {
                    "uv": [0,14.5,0.5,15],
                    "texture": "#particle"
                },
                "south": {
                    "uv": [0,14.5,0.5,15],
                    "texture": "#particle"
                }
            }
        }
    ]
}