{
    "__createdwith": "opl's Model Creator",
    "ambientocclusion": false,
    "textures": {
        "particle": "block/custom/door/warped"
    },
    "elements": [
        {
            "from": [0,0,0],
            "to": [3,3,16],
            "faces": {
                "up": {
                    "uv": [0,14,1.5,14.5],
                    "texture": "#particle"
                },
                "down": {
                    "uv": [0,14.5,8,16],
                    "texture": "#particle",
                    "rotation": 90
                },
                "west": {
                    "uv": [0,14.5,8,16],
                    "texture": "#particle"
                },
                "east": {
                    "uv": [0,14.5,8,16],
                    "texture": "#particle"
                },
                "north": {
                    "uv": [0,13.5,1.5,15],
                    "texture": "#particle"
                },
                "south": {
                    "uv": [0,13.5,1.5,15],
                    "texture": "#particle"
                }
            }
        },
        {
            "from": [0,3,0],
            "to": [3,16,3],
            "faces": {
                "down": {
                    "uv": [0,3.5,1.5,4],
                    "texture": "#particle",
                    "rotation": 90
                },
                "west": {
                    "uv": [0,8,1.5,14.5],
                    "texture": "#particle"
                },
                "east": {
                    "uv": [6.5,8,8,14.5],
                    "texture": "#particle"
                },
                "north": {
                    "uv": [0,12.5,1.5,13.5],
                    "texture": "#particle"
                },
                "south": {
                    "uv": [0,14,1.5,14.5],
                    "texture": "#particle"
                }
            }
        },
        {
            "from": [0,3,13],
            "to": [3,16,16],
            "faces": {
                "down": {
                    "uv": [0,2.5,1.5,3],
                    "texture": "#particle",
                    "rotation": 90
                },
                "west": {
                    "uv": [6.5,8,8,14.5],
                    "texture": "#particle"
                },
                "east": {
                    "uv": [0,8,1.5,14.5],
                    "texture": "#particle"
                },
                "north": {
                    "uv": [0,14,1.5,14.5],
                    "texture": "#particle"
                },
                "south": {
                    "uv": [0,13.5,1.5,14],
                    "texture": "#particle"
                }
            }
        },
        {
            "from": [1,3,4],
            "to": [2,6,6],
            "faces": {
                "up": {
                    "uv": [1.5,4.5,2,5],
                    "texture": "#particle"
                },
                "down": {
                    "uv": [1,2.5,1.5,3],
                    "texture": "#particle",
                    "rotation": 90
                },
                "west": {
                    "uv": [2,13,3,14.5],
                    "texture": "#particle"
                },
                "east": {
                    "uv": [5,13,6,14.5],
                    "texture": "#particle"
                },
                "north": {
                    "uv": [0,14.5,0.5,15],
                    "texture": "#particle"
                },
                "south": {
                    "uv": [0,14.5,0.5,15],
                    "texture": "#particle"
                }
            }
        },
        {
            "from": [1,3,10],
            "to": [2,6,12],
            "faces": {
                "up": {
                    "uv": [1.5,10.5,2,11],
                    "texture": "#particle"
                },
                "down": {
                    "uv": [1,2.5,1.5,3],
                    "texture": "#particle",
                    "rotation": 90
                },
                "west": {
                    "uv": [5,13,6,14.5],
                    "texture": "#particle"
                },
                "east": {
                    "uv": [2,13,3,14.5],
                    "texture": "#particle"
                },
                "north": {
                    "uv": [0,14.5,0.5,15],
                    "texture": "#particle"
                },
                "south": {
                    "uv": [0,14.5,0.5,15],
                    "texture": "#particle"
                }
            }
        },
        {
            "from": [1,3,7],
            "to": [2,5,9],
            "faces": {
                "up": {
                    "uv": [1.5,10.5,2,11],
                    "texture": "#particle"
                },
                "down": {
                    "uv": [1,2.5,1.5,3],
                    "texture": "#particle",
                    "rotation": 90
                },
                "west": {
                    "uv": [3.5,13.5,4.5,14.5],
                    "texture": "#particle"
                },
                "east": {
                    "uv": [3.5,13.5,4.5,14.5],
                    "texture": "#particle"
                },
                "north": {
                    "uv": [0,14.5,0.5,15],
                    "texture": "#particle"
                },
                "south": {
                    "uv": [0,14.5,0.5,15],
                    "texture": "#particle"
                }
            }
        },
        {
            "from": [-1,14,1],
            "to": [4,16,2],
            "faces": {
                "down": {
                    "uv": [8,15.5,8.5,16],
                    "texture": "#particle"
                },
                "west": {
                    "uv": [8,15.5,8.5,16],
                    "texture": "#particle"
                },
                "east": {
                    "uv": [8,15,8.5,15.5],
                    "texture": "#particle"
                },
                "north": {
                    "uv": [8,15.5,8.5,16],
                    "texture": "#particle"
                },
                "south": {
                    "uv": [8,15.5,8.5,16],
                    "texture": "#particle"
                }
            }
        },
        {
            "from": [1,7,4],
            "to": [2,15,6],
            "faces": {
                "up": {
                    "uv": [1,4,1.5,4.5],
                    "texture": "#particle"
                },
                "down": {
                    "uv": [1,2.5,1.5,3],
                    "texture": "#particle",
                    "rotation": 90
                },
                "west": {
                    "uv": [2,8.5,3,12.5],
                    "texture": "#particle"
                },
                "east": {
                    "uv": [5,8.5,6,12.5],
                    "texture": "#particle"
                },
                "north": {
                    "uv": [0,14.5,0.5,15],
                    "texture": "#particle"
                },
                "south": {
                    "uv": [0,14.5,0.5,15],
                    "texture": "#particle"
                }
            }
        },
        {
            "from": [1,7,10],
            "to": [2,15,12],
            "faces": {
                "up": {
                    "uv": [1,4,1.5,4.5],
                    "texture": "#particle"
                },
                "down": {
                    "uv": [1,2.5,1.5,3],
                    "texture": "#particle",
                    "rotation": 90
                },
                "west": {
                    "uv": [5,8.5,6,12.5],
                    "texture": "#particle"
                },
                "east": {
                    "uv": [2,8.5,3,12.5],
                    "texture": "#particle"
                },
                "north": {
                    "uv": [0,14.5,0.5,15],
                    "texture": "#particle"
                },
                "south": {
                    "uv": [0,14.5,0.5,15],
                    "texture": "#particle"
                }
            }
        },
        {
            "from": [1,6,7],
            "to": [2,14,9],
            "faces": {
                "up": {
                    "uv": [1,4,1.5,4.5],
                    "texture": "#particle"
                },
                "down": {
                    "uv": [1,2.5,1.5,3],
                    "texture": "#particle",
                    "rotation": 90
                },
                "west": {
                    "uv": [3.5,9,4.5,13],
                    "texture": "#particle"
                },
                "east": {
                    "uv": [3.5,9,4.5,13],
                    "texture": "#particle"
                },
                "north": {
                    "uv": [0,14.5,0.5,15],
                    "texture": "#particle"
                },
                "south": {
                    "uv": [0,14.5,0.5,15],
                    "texture": "#particle"
                }
            }
        },
        {
            "from": [1,9,3],
            "to": [2,11,13],
            "faces": {
                "up": {
                    "uv": [1,4,1.5,4.5],
                    "texture": "#particle"
                },
                "down": {
                    "uv": [1,2.5,1.5,3],
                    "texture": "#particle",
                    "rotation": 90
                },
                "west": {
                    "uv": [1.5,10.5,6.5,11.5],
                    "texture": "#particle"
                },
                "east": {
                    "uv": [1.5,4.5,6.5,5.5],
                    "texture": "#particle"
                },
                "north": {
                    "uv": [0,14.5,0.5,15],
                    "texture": "#particle"
                },
                "south": {
                    "uv": [0,14.5,0.5,15],
                    "texture": "#particle"
                }
            }
        }
    ]
}