{
  "multipart": [
    {"apply": {"model": "minecraft:block/flower_pot"}},
    {"apply": [
      { "model": "minecraft:block/oxeye_daisy/potted_oxeye_daisy_1", "y": 90, "weight": 1 },
      { "model": "minecraft:block/oxeye_daisy/potted_oxeye_daisy_2", "y": 0, "weight": 4 },
      { "model": "minecraft:block/oxeye_daisy/potted_oxeye_daisy_2", "y": 90, "weight": 4 },
      { "model": "minecraft:block/oxeye_daisy/potted_oxeye_daisy_2", "y": 180, "weight": 4 },
      { "model": "minecraft:block/oxeye_daisy/potted_oxeye_daisy_2", "y": 270, "weight": 4 }
              ]
    }
               ]
}
Made by Ensis
