{
  "multipart": [
    {"apply": {"model": "minecraft:block/flower_pot"}},
    {"apply": [
      {"model": "minecraft:block/tulip/potted_white_tulip_1"},
      {"model": "minecraft:block/tulip/potted_white_tulip_2"},
      {"model": "minecraft:block/tulip/potted_white_tulip_3"},
      {"model": "minecraft:block/tulip/potted_white_tulip_1", "y": 180 },
      {"model": "minecraft:block/tulip/potted_white_tulip_2", "y": 90 },
      {"model": "minecraft:block/tulip/potted_white_tulip_3", "y": 90 }
              ]
    }
               ]
}
Made by Ensis
