{
    "__createdwith": "opl's Model Creator",
    "ambientocclusion": true,
    "textures": {
        "particle": "block/custom/cake",
        "cake": "block/custom/cake"
    },
    "elements": [
        {
            "from": [13,0,1],
            "to": [15,6,15],
            "faces": {
                "up": {
                    "uv": [6.5,0.5,7.5,7.5],
                    "texture": "#cake"
                },
                "down": {
                    "uv": [14.5,0.5,15.5,7.5],
                    "texture": "#cake"
                },
                "west": {
                    "uv": [0.5,11.5,7.5,14.5],
                    "texture": "#cake"
                },
                "east": {
                    "uv": [0.5,11.5,7.5,14.5],
                    "texture": "#cake"
                },
                "north": {
                    "uv": [6.5,11.5,7.5,14.5],
                    "texture": "#cake"
                },
                "south": {
                    "uv": [6.5,11.5,7.5,14.5],
                    "texture": "#cake"
                }
            }
        }
    ]
}