{
    "__createdwith": "opl's Model Creator",
    "ambientocclusion": false,
	"shading": false,
    "textures": {
        "particle": "block/custom/fence/acacia"
    },
    "elements": [
        {
            "from": [6,0,-2],
            "to": [10,16,2],
            "faces": {
                "up": {
                    "uv": [0,0,4,4],
                    "texture": "#particle"
                },
                "down": {
                    "uv": [4,0,8,4],
                    "texture": "#particle"
                },
                "west": {
                    "uv": [4,0,8,16],
                    "texture": "#particle"
                },
                "east": {
                    "uv": [12,0,16,16],
                    "texture": "#particle"
                },
                "north": {
                    "uv": [0,0,4,16],
                    "texture": "#particle"
                },
                "south": {
                    "uv": [8,0,12,16],
                    "texture": "#particle"
                }
            }
        },
        {
            "from": [7,0,2],
            "to": [9,15,14],
            "faces": {
                "up": {
                    "uv": [0,0,2,12],
                    "texture": "#particle"
                },
                "down": {
                    "uv": [3,0,4,12],
                    "texture": "#particle"
                },
                "west": {
                    "uv": [0,1,12,16],
                    "texture": "#particle"
                },
                "east": {
                    "uv": [0,1,12,16],
                    "texture": "#particle"
                },
                "north": {
                    "uv": [0,0,2,16],
                    "texture": "#particle"
                },
                "south": {
                    "uv": [8,0,10,16],
                    "texture": "#particle"
                }
            }
        },
        {
            "from": [6,0,14],
            "to": [10,16,18],
            "faces": {
                "up": {
                    "uv": [0,0,4,4],
                    "texture": "#particle"
                },
                "down": {
                    "uv": [4,0,8,4],
                    "texture": "#particle"
                },
                "west": {
                    "uv": [4,0,8,16],
                    "texture": "#particle"
                },
                "east": {
                    "uv": [12,0,16,16],
                    "texture": "#particle"
                },
                "north": {
                    "uv": [0,0,4,16],
                    "texture": "#particle"
                },
                "south": {
                    "uv": [8,0,12,16],
                    "texture": "#particle"
                }
            }
        }
    ]
}