{
    "__createdwith": "opl's Model Creator",
    "ambientocclusion": true,
    "textures": {
        "particle": "block/custom/fence/birch"
    },
    "elements": [
        {
            "from": [7.003,0,14.003],
            "to": [8.997,16,16],
            "faces": {
                "up": {
                    "uv": [8.0,8.0,10.0,10.0],
                    "texture": "#particle"
                },
                "down": {
                    "uv": [9.0,5.0,11.0,7.0],
                    "texture": "#particle"
                },
                "west": {
                    "uv": [8.0,0.0,10.0,16.0],
                    "texture": "#particle"
                },
                "east": {
                    "uv": [10.0,0.0,12.0,16.0],
                    "texture": "#particle"
                },
                "north": {
                    "uv": [0.0,0.0,2.0,16.0],
                    "texture": "#particle"
                },
                "south": {
                    "uv": [4.0,0.0,6.0,16.0],
                    "texture": "#particle"
                }
            }
        },
        {
            "from": [7.003,-1,10],
            "to": [8.997,15,13.997],
            "faces": {
                "up": {
                    "uv": [12.0,6.0,14.0,10.0],
                    "texture": "#particle"
                },
                "down": {
                    "uv": [8.0,6.0,10.0,10.0],
                    "texture": "#particle"
                },
                "west": {
                    "uv": [8.0,0.0,12.0,16.0],
                    "texture": "#particle"
                },
                "east": {
                    "uv": [8.0,0.0,12.0,16.0],
                    "texture": "#particle"
                },
                "north": {
                    "uv": [9.0,0.0,11.0,16.0],
                    "texture": "#particle"
                },
                "south": {
                    "uv": [3.0,0.0,5.0,16.0],
                    "texture": "#particle"
                }
            }
        }
    ]
}