{
    "__createdwith": "opl's Model Creator",
    "ambientocclusion": true,
    "textures": {
        "particle": "block/custom/fence/birch"
    },
    "elements": [
        {
            "from": [7.003,0,0],
            "to": [8.997,16,1.997],
            "faces": {
                "up": {
                    "uv": [8.0,0.0,10.0,2.0],
                    "texture": "#particle"
                },
                "down": {
                    "uv": [4.0,0.0,6.0,2.0],
                    "texture": "#particle"
                },
                "west": {
                    "uv": [2.0,0.0,4.0,16.0],
                    "texture": "#particle"
                },
                "east": {
                    "texture": "#particle"
                },
                "north": {
                    "uv": [5.0,0.0,7.0,16.0],
                    "texture": "#particle"
                },
                "south": {
                    "uv": [4.0,0.0,6.0,16.0],
                    "texture": "#particle"
                }
            }
        },
        {
            "from": [7.003,-1,2.003],
            "to": [8.997,15,6],
            "faces": {
                "up": {
                    "uv": [8.0,8.0,10.0,12.0],
                    "texture": "#particle"
                },
                "down": {
                    "uv": [9.0,5.0,11.0,9.0],
                    "texture": "#particle"
                },
                "west": {
                    "uv": [8.0,0.0,12.0,16.0],
                    "texture": "#particle"
                },
                "east": {
                    "uv": [8.0,0.0,12.0,16.0],
                    "texture": "#particle"
                },
                "north": {
                    "uv": [0.0,0.0,2.0,16.0],
                    "texture": "#particle"
                },
                "south": {
                    "uv": [4.0,0.0,6.0,16.0],
                    "texture": "#particle"
                }
            }
        }
    ]
}