{
    "__createdwith": "opl's Model Creator",
    "ambientocclusion": false,
	"shading": false,
    "textures": {
        "particle": "block/custom/fence/birch"
    },
    "elements": [
        {
            "from": [7,0,2],
            "to": [9,15,6],
            "faces": {
                "up": {
                    "uv": [8,0,10,4],
                    "texture": "#particle"
                },
                "down": {
                    "uv": [4,0,6,4],
                    "texture": "#particle"
                },
                "west": {
                    "uv": [0,1,4,16],
                    "texture": "#particle"
                },
                "east": {
                    "uv": [0,1,4,16],
                    "texture": "#particle"
                },
                "north": {
                    "uv": [5,0,7,16],
                    "texture": "#particle"
                },
                "south": {
                    "uv": [4,0,6,16],
                    "texture": "#particle"
                }
            }
        },
        {
            "from": [7,0,6],
            "to": [9,16,10],
            "faces": {
                "up": {
                    "uv": [8,4,10,8],
                    "texture": "#particle"
                },
                "down": {
                    "uv": [8,3,10,7],
                    "texture": "#particle"
                },
                "west": {
                    "texture": "#particle"
                },
                "east": {
                    "texture": "#particle"
                },
                "north": {
                    "uv": [4,0,6,16],
                    "texture": "#particle"
                },
                "south": {
                    "uv": [8,0,10,16],
                    "texture": "#particle"
                }
            }
        },
        {
            "from": [7,0,10],
            "to": [9,15,14],
            "faces": {
                "up": {
                    "uv": [8,8,10,12],
                    "texture": "#particle"
                },
                "down": {
                    "uv": [9,5,11,9],
                    "texture": "#particle"
                },
                "west": {
                    "uv": [8,1,12,16],
                    "texture": "#particle"
                },
                "east": {
                    "uv": [8,1,12,16],
                    "texture": "#particle"
                },
                "north": {
                    "uv": [0,0,2,16],
                    "texture": "#particle"
                },
                "south": {
                    "uv": [4,0,6,16],
                    "texture": "#particle"
                }
            }
        },
        {
            "from": [6,0,14],
            "to": [10,16,18],
            "faces": {
                "up": {
                    "uv": [12,6,16,10],
                    "texture": "#particle"
                },
                "down": {
                    "uv": [8,6,12,10],
                    "texture": "#particle"
                },
                "west": {
                    "uv": [0,0,4,16],
                    "texture": "#particle"
                },
                "east": {
                    "uv": [0,0,4,16],
                    "texture": "#particle"
                },
                "north": {
                    "uv": [9,0,11,16],
                    "texture": "#particle"
                },
                "south": {
                    "uv": [0,0,4,16],
                    "texture": "#particle"
                }
            }
        },
        {
            "from": [6,0,-2],
            "to": [10,16,2],
            "faces": {
                "up": {
                    "uv": [12,6,16,10],
                    "texture": "#particle"
                },
                "down": {
                    "uv": [8,6,12,10],
                    "texture": "#particle"
                },
                "west": {
                    "uv": [0,0,4,16],
                    "texture": "#particle"
                },
                "east": {
                    "uv": [0,0,4,16],
                    "texture": "#particle"
                },
                "north": {
                    "uv": [9,0,11,16],
                    "texture": "#particle"
                },
                "south": {
                    "uv": [0,0,4,16],
                    "texture": "#particle"
                }
            }
        }
    ]
}