{
    "__createdwith": "opl's Model Creator",
    "ambientocclusion": true,
    "textures": {
        "particle": "block/custom/fence/crimson"
    },
    "elements": [
        {
            "from": [6.003,-2,0.003],
            "to": [9.997,14,2],
            "faces": {
                "up": {
                    "uv": [4,2,8,4],
                    "texture": "#particle"
                },
                "down": {
                    "uv": [0,15,4,16],
                    "texture": "#particle"
                },
                "west": {
                    "uv": [2,0,4,16],
                    "texture": "#particle"
                },
                "east": {
                    "uv": [0,0,2,16],
                    "texture": "#particle"
                },
                "north": {
                    "uv": [0,0,4,16],
                    "texture": "#particle"
                },
                "south": {
                    "uv": [0,0,4,16],
                    "texture": "#particle"
                }
            }
        },
        {
            "from": [7,9,2],
            "to": [9,13,6],
            "faces": {
                "up": {
                    "uv": [8,8,10,12],
                    "texture": "#particle"
                },
                "down": {
                    "uv": [7,10,9,14],
                    "texture": "#particle"
                },
                "west": {
                    "uv": [4,4,8,8],
                    "texture": "#particle"
                },
                "east": {
                    "uv": [4,8,8,12],
                    "texture": "#particle"
                },
                "north": {
                    "uv": [0,0,2,16],
                    "texture": "#particle"
                },
                "south": {
                    "uv": [4,12,6,16],
                    "texture": "#particle"
                }
            }
        },
        {
            "from": [7,1,2],
            "to": [9,5,6],
            "faces": {
                "up": {
                    "uv": [8,8,10,12],
                    "texture": "#particle"
                },
                "down": {
                    "uv": [7,10,9,14],
                    "texture": "#particle"
                },
                "west": {
                    "uv": [4,4,8,8],
                    "texture": "#particle"
                },
                "east": {
                    "uv": [4,8,8,12],
                    "texture": "#particle"
                },
                "north": {
                    "uv": [0,0,2,16],
                    "texture": "#particle"
                },
                "south": {
                    "uv": [4,12,6,16],
                    "texture": "#particle"
                }
            }
        }
    ]
}