{
    "__createdwith": "opl's Model Creator",
    "ambientocclusion": true,
    "textures": {
        "particle": "block/custom/fence/crimson"
    },
    "elements": [
        {
            "from": [6.003,-2,14],
            "to": [9.997,14,15.997],
            "faces": {
                "up": {
                    "uv": [4,0,8,2],
                    "texture": "#particle"
                },
                "down": {
                    "uv": [0,15,4,16],
                    "texture": "#particle"
                },
                "west": {
                    "uv": [0,0,2,16],
                    "texture": "#particle"
                },
                "east": {
                    "uv": [2,0,4,16],
                    "texture": "#particle"
                },
                "north": {
                    "uv": [0,0,4,16],
                    "texture": "#particle"
                },
                "south": {
                    "uv": [0,0,4,16],
                    "texture": "#particle"
                }
            }
        },
        {
            "from": [7,9,10],
            "to": [9,13,14],
            "faces": {
                "up": {
                    "uv": [8,8,10,12],
                    "texture": "#particle"
                },
                "down": {
                    "texture": "#particle"
                },
                "west": {
                    "uv": [4,8,8,12],
                    "texture": "#particle"
                },
                "east": {
                    "uv": [4,4,8,8],
                    "texture": "#particle"
                },
                "north": {
                    "uv": [0,0,2,16],
                    "texture": "#particle"
                },
                "south": {
                    "uv": [4,12,6,16],
                    "texture": "#particle"
                }
            }
        },
        {
            "from": [7,1,10],
            "to": [9,5,14],
            "faces": {
                "up": {
                    "uv": [8,8,10,12],
                    "texture": "#particle"
                },
                "down": {
                    "texture": "#particle"
                },
                "west": {
                    "uv": [4,8,8,12],
                    "texture": "#particle"
                },
                "east": {
                    "uv": [4,4,8,8],
                    "texture": "#particle"
                },
                "north": {
                    "uv": [0,0,2,16],
                    "texture": "#particle"
                },
                "south": {
                    "uv": [4,12,6,16],
                    "texture": "#particle"
                }
            }
        }
    ]
}