{
    "__createdwith": "opl's Model Creator",
    "ambientocclusion": false,
	"shading": false,
    "textures": {
        "particle": "block/custom/fence/dark_oak"
    },
    "elements": [
        {
            "from": [6,0,14],
            "to": [10,16,18],
            "faces": {
                "up": {
                    "uv": [4,0,8,4],
                    "texture": "#particle"
                },
                "down": {
                    "uv": [4,0,8,4],
                    "texture": "#particle"
                },
                "west": {
                    "uv": [0,0,4,16],
                    "texture": "#particle"
                },
                "east": {
                    "uv": [0,0,4,16],
                    "texture": "#particle"
                },
                "north": {
                    "uv": [0,0,4,16],
                    "texture": "#particle"
                },
                "south": {
                    "uv": [0,0,4,16],
                    "texture": "#particle"
                }
            }
        },
        {
            "from": [6,0,-2],
            "to": [10,16,2],
            "faces": {
                "up": {
                    "uv": [4,0,8,4],
                    "texture": "#particle"
                },
                "down": {
                    "uv": [4,0,8,4],
                    "texture": "#particle"
                },
                "west": {
                    "uv": [0,0,4,16],
                    "texture": "#particle"
                },
                "east": {
                    "uv": [0,0,4,16],
                    "texture": "#particle"
                },
                "north": {
                    "uv": [0,0,4,16],
                    "texture": "#particle"
                },
                "south": {
                    "uv": [0,0,4,16],
                    "texture": "#particle"
                }
            }
        },
        {
            "from": [7,12,2],
            "to": [9,15,8],
            "faces": {
                "up": {
                    "uv": [0,4,2,10],
                    "texture": "#particle"
                },
                "down": {
                    "uv": [2,10,4,16],
                    "texture": "#particle"
                },
                "west": {
                    "uv": [10,8,16,11],
                    "texture": "#particle"
                },
                "east": {
                    "uv": [10,4,16,7],
                    "texture": "#particle"
                },
                "north": {
                    "uv": [0,0,4,16],
                    "texture": "#particle"
                }
            }
        },
        {
            "from": [7,6,2],
            "to": [9,10,8],
            "faces": {
                "up": {
                    "uv": [0,4,2,10],
                    "texture": "#particle"
                },
                "down": {
                    "uv": [2,10,4,16],
                    "texture": "#particle"
                },
                "west": {
                    "uv": [10,8,16,12],
                    "texture": "#particle"
                },
                "east": {
                    "uv": [10,12,16,16],
                    "texture": "#particle"
                },
                "north": {
                    "uv": [0,0,4,16],
                    "texture": "#particle"
                }
            }
        },
        {
            "from": [7,1,2],
            "to": [9,4,8],
            "faces": {
                "up": {
                    "uv": [0,4,2,10],
                    "texture": "#particle"
                },
                "down": {
                    "uv": [2,10,4,16],
                    "texture": "#particle"
                },
                "west": {
                    "uv": [10,8,16,11],
                    "texture": "#particle"
                },
                "east": {
                    "uv": [10,12,16,15],
                    "texture": "#particle"
                },
                "north": {
                    "uv": [0,0,4,16],
                    "texture": "#particle"
                }
            }
        },
        {
            "from": [7,12,8],
            "to": [9,15,14],
            "faces": {
                "up": {
                    "uv": [0,4,2,10],
                    "texture": "#particle"
                },
                "down": {
                    "uv": [2,10,4,16],
                    "texture": "#particle"
                },
                "west": {
                    "uv": [10,4,16,7],
                    "texture": "#particle"
                },
                "east": {
                    "uv": [10,8,16,11],
                    "texture": "#particle"
                },
                "north": {
                    "uv": [0,0,4,16],
                    "texture": "#particle"
                }
            }
        },
        {
            "from": [7,1,8],
            "to": [9,4,14],
            "faces": {
                "up": {
                    "uv": [0,4,2,10],
                    "texture": "#particle"
                },
                "down": {
                    "uv": [2,10,4,16],
                    "texture": "#particle"
                },
                "west": {
                    "uv": [10,4,16,7],
                    "texture": "#particle"
                },
                "east": {
                    "uv": [10,8,16,11],
                    "texture": "#particle"
                },
                "north": {
                    "uv": [0,0,4,16],
                    "texture": "#particle"
                }
            }
        },
        {
            "from": [7,6,8],
            "to": [9,10,14],
            "faces": {
                "up": {
                    "uv": [0,4,2,10],
                    "texture": "#particle"
                },
                "down": {
                    "uv": [2,10,4,16],
                    "texture": "#particle"
                },
                "west": {
                    "uv": [10,4,16,8],
                    "texture": "#particle"
                },
                "east": {
                    "uv": [10,8,16,12],
                    "texture": "#particle"
                },
                "north": {
                    "uv": [0,0,4,16],
                    "texture": "#particle"
                }
            }
        }
    ]
}