{
    "__createdwith": "opl's Model Creator",
    "ambientocclusion": true,
    "textures": {
        "particle": "block/custom/fence/dark_oak"
    },
    "elements": [
        {
            "from": [7,1,0],
            "to": [9,4,6],
            "faces": {
                "up": {
                    "uv": [1,9,3,15],
                    "texture": "#particle"
                },
                "down": {
                    "uv": [1,9,3,15],
                    "texture": "#particle"
                },
                "west": {
                    "uv": [10,4,16,7],
                    "texture": "#particle"
                },
                "east": {
                    "uv": [10,0,16,3],
                    "texture": "#particle"
                },
                "north": {
                    "uv": [1,0,3,3],
                    "texture": "#particle"
                },
                "south": {
                    "uv": [1,9,3,12],
                    "texture": "#particle"
                }
            }
        },
        {
            "from": [7,12,0],
            "to": [9,15,6],
            "faces": {
                "up": {
                    "uv": [1,9,3,15],
                    "texture": "#particle"
                },
                "down": {
                    "uv": [1,9,3,15],
                    "texture": "#particle"
                },
                "west": {
                    "uv": [10,4,16,7],
                    "texture": "#particle"
                },
                "east": {
                    "uv": [10,0,16,3],
                    "texture": "#particle"
                },
                "north": {
                    "uv": [6,3,8,6],
                    "texture": "#particle"
                },
                "south": {
                    "uv": [1,9,3,12],
                    "texture": "#particle"
                }
            }
        },
        {
            "from": [7,6,0],
            "to": [9,10,6],
            "faces": {
                "up": {
                    "uv": [1,9,3,15],
                    "texture": "#particle"
                },
                "down": {
                    "uv": [1,9,3,15],
                    "texture": "#particle"
                },
                "west": {
                    "uv": [10,12,16,16],
                    "texture": "#particle"
                },
                "east": {
                    "uv": [10,8,16,12],
                    "texture": "#particle"
                },
                "north": {
                    "uv": [1,0,3,4],
                    "texture": "#particle"
                },
                "south": {
                    "uv": [1,9,3,13],
                    "texture": "#particle"
                }
            }
        }
    ]
}