{
    "__createdwith": "opl's Model Creator",
    "ambientocclusion": false,
	"shading": false,
    "textures": {
        "particle": "block/custom/fence/jungle"
    },
    "elements": [
        {
            "from": [6,0,6],
            "to": [10,14,10],
            "faces": {
                "up": {
                    "uv": [3.9979986,0,8,4.000001],
                    "texture": "#particle"
                },
                "down": {
                    "uv": [0,15,4,16],
                    "texture": "#particle"
                },
                "west": {
                    "uv": [0,2,4,16],
                    "texture": "#particle"
                },
                "east": {
                    "uv": [0,2,4,16],
                    "texture": "#particle"
                },
                "north": {
                    "uv": [0,2,4,16],
                    "texture": "#particle"
                },
                "south": {
                    "uv": [0,2,4,16],
                    "texture": "#particle"
                }
            }
        },
        {
            "from": [7,9,2],
            "to": [9,13,6],
            "faces": {
                "up": {
                    "uv": [8,8,10,12],
                    "texture": "#particle"
                },
                "down": {
                    "uv": [7,10,9,14],
                    "texture": "#particle"
                },
                "west": {
                    "uv": [4,8,8,12],
                    "texture": "#particle"
                },
                "east": {
                    "uv": [4,4,8,8],
                    "texture": "#particle"
                },
                "north": {
                    "uv": [0,0,2,16],
                    "texture": "#particle"
                },
                "south": {
                    "uv": [4,12,6,16],
                    "texture": "#particle"
                }
            }
        },
        {
            "from": [7,1,2],
            "to": [9,5,6],
            "faces": {
                "up": {
                    "uv": [8,8,10,12],
                    "texture": "#particle"
                },
                "down": {
                    "uv": [7,10,9,14],
                    "texture": "#particle"
                },
                "west": {
                    "uv": [4,8,8,12],
                    "texture": "#particle"
                },
                "east": {
                    "uv": [4,4,8,8],
                    "texture": "#particle"
                },
                "north": {
                    "uv": [0,0,2,16],
                    "texture": "#particle"
                },
                "south": {
                    "uv": [4,12,6,16],
                    "texture": "#particle"
                }
            }
        },
        {
            "from": [6,0,-2],
            "to": [10,16,2],
            "faces": {
                "up": {
                    "uv": [3.9979986,0,8,4.000001],
                    "texture": "#particle"
                },
                "down": {
                    "uv": [0,15,4,16],
                    "texture": "#particle"
                },
                "west": {
                    "uv": [0,0,4,16],
                    "texture": "#particle"
                },
                "east": {
                    "uv": [0,0,4,16],
                    "texture": "#particle"
                },
                "north": {
                    "uv": [0,0,4,16],
                    "texture": "#particle"
                },
                "south": {
                    "uv": [0,0,4,16],
                    "texture": "#particle"
                }
            }
        },
        {
            "from": [6,0,14],
            "to": [10,16,18],
            "faces": {
                "up": {
                    "uv": [3.9979986,0,8,4.000001],
                    "texture": "#particle"
                },
                "down": {
                    "uv": [0,15,4,16],
                    "texture": "#particle"
                },
                "west": {
                    "uv": [0,0,4,16],
                    "texture": "#particle"
                },
                "east": {
                    "uv": [0,0,4,16],
                    "texture": "#particle"
                },
                "north": {
                    "uv": [0,0,4,16],
                    "texture": "#particle"
                },
                "south": {
                    "uv": [0,0,4,16],
                    "texture": "#particle"
                }
            }
        },
        {
            "from": [7,9,10],
            "to": [9,13,14],
            "faces": {
                "up": {
                    "uv": [8,8,10,12],
                    "texture": "#particle"
                },
                "down": {
                    "uv": [7,10,9,14],
                    "texture": "#particle"
                },
                "west": {
                    "uv": [4,4,8,8],
                    "texture": "#particle"
                },
                "east": {
                    "uv": [4,8,8,12],
                    "texture": "#particle"
                },
                "north": {
                    "uv": [0,0,2,16],
                    "texture": "#particle"
                },
                "south": {
                    "uv": [4,12,6,16],
                    "texture": "#particle"
                }
            }
        },
        {
            "from": [7,1,10],
            "to": [9,5,14],
            "faces": {
                "up": {
                    "uv": [8,8,10,12],
                    "texture": "#particle"
                },
                "down": {
                    "uv": [7,10,9,14],
                    "texture": "#particle"
                },
                "west": {
                    "uv": [4,4,8,8],
                    "texture": "#particle"
                },
                "east": {
                    "uv": [4,8,8,12],
                    "texture": "#particle"
                },
                "north": {
                    "uv": [0,0,2,16],
                    "texture": "#particle"
                },
                "south": {
                    "uv": [4,12,6,16],
                    "texture": "#particle"
                }
            }
        }
    ]
}