{
    "__createdwith": "opl's Model Creator",
    "ambientocclusion": true,
    "textures": {
        "particle": "block/custom/fence/jungle"
    },
    "elements": [
        {
            "from": [6.003,-2,0.002],
            "to": [9.997,14,2.003],
            "faces": {
                "up": {
                    "uv": [4,2,8,4],
                    "texture": "#particle"
                },
                "down": {
                    "uv": [0.0,15.0,4.0,16.0],
                    "texture": "#particle"
                },
                "west": {
                    "uv": [2.0,0.0,4.0,16.0],
                    "texture": "#particle"
                },
                "east": {
                    "uv": [0.0,0.0,2.0,16.0],
                    "texture": "#particle"
                },
                "north": {
                    "uv": [0.0,0.0,4.0,16.0],
                    "texture": "#particle"
                },
                "south": {
                    "uv": [0.0,0.0,4.0,16.0],
                    "texture": "#particle"
                }
            }
        },
        {
            "from": [7,9,2],
            "to": [9,13,6],
            "faces": {
                "up": {
                    "uv": [8.0,8.0,10.0,12.0],
                    "texture": "#particle"
                },
                "down": {
                    "uv": [7.0,10.0,9.0,14.0],
                    "texture": "#particle"
                },
                "west": {
                    "uv": [4.0,4.0,8.0,8.0],
                    "texture": "#particle"
                },
                "east": {
                    "uv": [4.0,8.0,8.0,12.0],
                    "texture": "#particle"
                },
                "north": {
                    "uv": [0.0,0.0,2.0,16.0],
                    "texture": "#particle"
                },
                "south": {
                    "uv": [4.0,12.0,6.0,16.0],
                    "texture": "#particle"
                }
            }
        },
        {
            "from": [7,1,2],
            "to": [9,5,6],
            "faces": {
                "up": {
                    "uv": [8.0,8.0,10.0,12.0],
                    "texture": "#particle"
                },
                "down": {
                    "uv": [7.0,10.0,9.0,14.0],
                    "texture": "#particle"
                },
                "west": {
                    "uv": [4.0,4.0,8.0,8.0],
                    "texture": "#particle"
                },
                "east": {
                    "uv": [4.0,8.0,8.0,12.0],
                    "texture": "#particle"
                },
                "north": {
                    "uv": [0.0,0.0,2.0,16.0],
                    "texture": "#particle"
                },
                "south": {
                    "uv": [4.0,12.0,6.0,16.0],
                    "texture": "#particle"
                }
            }
        }
    ]
}