{
    "__createdwith": "opl's Model Creator",
    "ambientocclusion": false,
	"shading": false,
    "textures": {
        "particle": "block/custom/fence/mangrove"
    },
    "elements": [
        {
            "from": [7,0,9],
            "to": [9,15,13],
            "faces": {
                "up": {
                    "uv": [1,0,3,4],
                    "texture": "#particle"
                },
                "down": {
                    "uv": [2,12,4,16],
                    "texture": "#particle"
                },
                "west": {
                    "uv": [0,0,4,16],
                    "texture": "#particle"
                },
                "east": {
                    "uv": [0,0,4,16],
                    "texture": "#particle"
                },
                "north": {
                    "uv": [0,0,2,16],
                    "texture": "#particle"
                },
                "south": {
                    "uv": [2,0,4,16],
                    "texture": "#particle"
                }
            }
        },
        {
            "from": [7,0,3],
            "to": [9,15,7],
            "faces": {
                "up": {
                    "uv": [1,0,3,4],
                    "texture": "#particle"
                },
                "down": {
                    "uv": [2,12,4,16],
                    "texture": "#particle"
                },
                "west": {
                    "uv": [0,0,4,16],
                    "texture": "#particle"
                },
                "east": {
                    "uv": [0,0,4,16],
                    "texture": "#particle"
                },
                "north": {
                    "uv": [0,0,2,16],
                    "texture": "#particle"
                },
                "south": {
                    "uv": [2,0,4,16],
                    "texture": "#particle"
                }
            }
        },
        {
            "from": [6,10,2],
            "to": [7,14,14],
            "faces": {
                "up": {
                    "uv": [1,2,2,8],
                    "texture": "#particle"
                },
                "down": {
                    "uv": [3,4,4,16],
                    "texture": "#particle"
                },
                "west": {
                    "uv": [4,12,16,16],
                    "texture": "#particle"
                },
                "east": {
                    "uv": [4,12,16,16],
                    "texture": "#particle"
                },
                "north": {
                    "uv": [4,12,5,16],
                    "texture": "#particle"
                },
                "south": {
                    "uv": [4,12,5,16],
                    "texture": "#particle"
                }
            }
        },
        {
            "from": [6,0,-2],
            "to": [10,16,2],
            "faces": {
                "up": {
                    "uv": [4,0,8,4],
                    "texture": "#particle"
                },
                "down": {
                    "uv": [4,0,8,4],
                    "texture": "#particle"
                },
                "west": {
                    "uv": [0,0,4,16],
                    "texture": "#particle"
                },
                "east": {
                    "uv": [0,0,4,16],
                    "texture": "#particle"
                },
                "north": {
                    "uv": [0,0,4,16],
                    "texture": "#particle"
                },
                "south": {
                    "uv": [0,0,4,16],
                    "texture": "#particle"
                }
            }
        },
        {
            "from": [6,0,14],
            "to": [10,16,18],
            "faces": {
                "up": {
                    "uv": [4,0,8,4],
                    "texture": "#particle"
                },
                "down": {
                    "uv": [4,0,8,4],
                    "texture": "#particle"
                },
                "west": {
                    "uv": [0,0,4,16],
                    "texture": "#particle"
                },
                "east": {
                    "uv": [0,0,4,16],
                    "texture": "#particle"
                },
                "north": {
                    "uv": [0,0,4,16],
                    "texture": "#particle"
                },
                "south": {
                    "uv": [0,0,4,16],
                    "texture": "#particle"
                }
            }
        },
        {
            "from": [9,10,2],
            "to": [10,14,14],
            "faces": {
                "up": {
                    "uv": [1,2,2,8],
                    "texture": "#particle"
                },
                "down": {
                    "uv": [3,4,4,16],
                    "texture": "#particle"
                },
                "west": {
                    "uv": [4,12,16,16],
                    "texture": "#particle"
                },
                "east": {
                    "uv": [4,12,16,16],
                    "texture": "#particle"
                },
                "north": {
                    "uv": [4,12,5,16],
                    "texture": "#particle"
                },
                "south": {
                    "uv": [4,12,5,16],
                    "texture": "#particle"
                }
            }
        },
        {
            "from": [6,2,2],
            "to": [7,6,14],
            "faces": {
                "up": {
                    "uv": [1,2,2,8],
                    "texture": "#particle"
                },
                "down": {
                    "uv": [3,4,4,16],
                    "texture": "#particle"
                },
                "west": {
                    "uv": [4,12,16,16],
                    "texture": "#particle"
                },
                "east": {
                    "uv": [4,12,16,16],
                    "texture": "#particle"
                },
                "north": {
                    "uv": [4,12,5,16],
                    "texture": "#particle"
                },
                "south": {
                    "uv": [4,12,5,16],
                    "texture": "#particle"
                }
            }
        },
        {
            "from": [9,2,2],
            "to": [10,6,14],
            "faces": {
                "up": {
                    "uv": [1,2,2,8],
                    "texture": "#particle"
                },
                "down": {
                    "uv": [3,4,4,16],
                    "texture": "#particle"
                },
                "west": {
                    "uv": [4,12,16,16],
                    "texture": "#particle"
                },
                "east": {
                    "uv": [4,12,16,16],
                    "texture": "#particle"
                },
                "north": {
                    "uv": [4,12,5,16],
                    "texture": "#particle"
                },
                "south": {
                    "uv": [4,12,5,16],
                    "texture": "#particle"
                }
            }
        }
    ]
}