{
    "__createdwith": "opl's Model Creator",
    "ambientocclusion": true,
    "textures": {
        "particle": "block/custom/fence/mangrove"
    },
    "elements": [
        {
            "from": [6,10,10],
            "to": [7,14,16],
            "faces": {
                "up": {
                    "uv": [1,2,2,8],
                    "texture": "#particle"
                },
                "down": {
                    "uv": [3,10,4,16],
                    "texture": "#particle"
                },
                "west": {
                    "uv": [4,12,10,16],
                    "texture": "#particle"
                },
                "east": {
                    "uv": [10,12,16,16],
                    "texture": "#particle"
                },
                "north": {
                    "uv": [4,12,5,16],
                    "texture": "#particle"
                },
                "south": {
                    "uv": [4,12,5,16],
                    "texture": "#particle"
                }
            }
        },
        {
            "from": [6.997,-1,11],
            "to": [9.003,15,15],
            "faces": {
                "up": {
                    "uv": [1,0,3,4],
                    "texture": "#particle"
                },
                "down": {
                    "uv": [2,12,4,16],
                    "texture": "#particle"
                },
                "west": {
                    "uv": [0,0,4,16],
                    "texture": "#particle"
                },
                "east": {
                    "uv": [0,0,4,16],
                    "texture": "#particle"
                },
                "north": {
                    "uv": [0,0,2,16],
                    "texture": "#particle"
                },
                "south": {
                    "uv": [2,0,4,16],
                    "texture": "#particle"
                }
            }
        },
        {
            "from": [6,2,10],
            "to": [7,6,16],
            "faces": {
                "up": {
                    "uv": [1,2,2,8],
                    "texture": "#particle"
                },
                "down": {
                    "uv": [3,10,4,16],
                    "texture": "#particle"
                },
                "west": {
                    "uv": [4,12,10,16],
                    "texture": "#particle"
                },
                "east": {
                    "uv": [10,12,16,16],
                    "texture": "#particle"
                },
                "north": {
                    "uv": [4,12,5,16],
                    "texture": "#particle"
                },
                "south": {
                    "uv": [4,12,5,16],
                    "texture": "#particle"
                }
            }
        },
        {
            "from": [9,10,10],
            "to": [10,14,16],
            "faces": {
                "up": {
                    "uv": [1,2,2,8],
                    "texture": "#particle"
                },
                "down": {
                    "uv": [3,10,4,16],
                    "texture": "#particle"
                },
                "west": {
                    "uv": [10,12,16,16],
                    "texture": "#particle"
                },
                "east": {
                    "uv": [10,12,16,16],
                    "texture": "#particle"
                },
                "north": {
                    "uv": [4,12,5,16],
                    "texture": "#particle"
                },
                "south": {
                    "uv": [4,12,5,16],
                    "texture": "#particle"
                }
            }
        },
        {
            "from": [9,2,10],
            "to": [10,6,16],
            "faces": {
                "up": {
                    "uv": [1,2,2,8],
                    "texture": "#particle"
                },
                "down": {
                    "uv": [3,10,4,16],
                    "texture": "#particle"
                },
                "west": {
                    "uv": [10,12,16,16],
                    "texture": "#particle"
                },
                "east": {
                    "uv": [10,12,16,16],
                    "texture": "#particle"
                },
                "north": {
                    "uv": [4,12,5,16],
                    "texture": "#particle"
                },
                "south": {
                    "uv": [4,12,5,16],
                    "texture": "#particle"
                }
            }
        }
    ]
}