{
    "__createdwith": "opl's Model Creator",
    "ambientocclusion": true,
    "textures": {
        "bricks": "block/nether_bricks",
        "particle": "block/custom/fence/nether_brick"
    },
    "elements": [
        {
            "from": [7,10,0],
            "to": [9,14,6],
            "faces": {
                "up": {
                    "uv": [4,1,5,2],
                    "texture": "#bricks"
                },
                "down": {
                    "uv": [7,3,8,9],
                    "texture": "#bricks"
                },
                "west": {
                    "uv": [4,0,10,4],
                    "texture": "#bricks"
                },
                "east": {
                    "uv": [9,0,15,4],
                    "texture": "#bricks"
                },
                "north": {
                    "uv": [5,6,6,10],
                    "texture": "#bricks"
                }
            }
        },
        {
            "from": [7,2,0],
            "to": [9,6,6],
            "faces": {
                "up": {
                    "uv": [4,1,5,2],
                    "texture": "#bricks"
                },
                "down": {
                    "uv": [7,3,8,9],
                    "texture": "#bricks"
                },
                "west": {
                    "uv": [4,0,10,4],
                    "texture": "#bricks"
                },
                "east": {
                    "uv": [9,0,15,4],
                    "texture": "#bricks"
                },
                "north": {
                    "uv": [5,6,6,10],
                    "texture": "#bricks"
                }
            }
        }
    ]
}