{
    "__createdwith": "opl's Model Creator",
    "ambientocclusion": true,
    "textures": {
        "bricks": "block/nether_bricks",
        "particle": "block/custom/fence/nether_brick"
    },
    "elements": [
        {
            "from": [7,10,10],
            "to": [9,14,16],
            "faces": {
                "up": {
                    "uv": [7,11,8,12],
                    "texture": "#bricks"
                },
                "down": {
                    "uv": [7,4,8,10],
                    "texture": "#bricks"
                },
                "west": {
                    "uv": [9,0,15,4],
                    "texture": "#bricks"
                },
                "east": {
                    "uv": [4,0,10,4],
                    "texture": "#bricks"
                },
                "south": {
                    "uv": [5,6,6,10],
                    "texture": "#bricks"
                }
            }
        },
        {
            "from": [7,2,10],
            "to": [9,6,16],
            "faces": {
                "up": {
                    "uv": [9,7,10,8],
                    "texture": "#bricks"
                },
                "down": {
                    "uv": [7,4,8,10],
                    "texture": "#bricks"
                },
                "west": {
                    "uv": [9,0,15,4],
                    "texture": "#bricks"
                },
                "east": {
                    "uv": [4,0,10,4],
                    "texture": "#bricks"
                },
                "south": {
                    "uv": [5,6,6,10],
                    "texture": "#bricks"
                }
            }
        }
    ]
}