{
    "__createdwith": "opl's Model Creator",
    "ambientocclusion": false,
	"shading": false,
    "textures": {
        "particle": "block/custom/fence/nether_brick",
        "bricks": "block/nether_bricks"
    },
    "elements": [
        {
            "from": [6,0,-2],
            "to": [10,16,2],
            "faces": {
                "up": {
                    "uv": [4,0,8,4],
                    "texture": "#particle"
                },
                "down": {
                    "uv": [4,0,8,4],
                    "texture": "#particle"
                },
                "west": {
                    "uv": [12,0,16,16],
                    "texture": "#particle"
                },
                "east": {
                    "uv": [12,0,16,16],
                    "texture": "#particle"
                },
                "north": {
                    "uv": [0,0,4,16],
                    "texture": "#particle"
                },
                "south": {
                    "uv": [0,0,4,16],
                    "texture": "#particle"
                }
            }
        },
        {
            "from": [7,10,2],
            "to": [9,14,8],
            "faces": {
                "up": {
                    "uv": [11,10,13,14],
                    "texture": "#particle"
                },
                "down": {
                    "uv": [0,0,2,4],
                    "texture": "#particle"
                },
                "west": {
                    "uv": [1,5,7,9],
                    "texture": "#bricks"
                },
                "east": {
                    "uv": [7,5,13,9],
                    "texture": "#bricks"
                },
                "north": {
                    "uv": [0,0,2,4],
                    "texture": "#particle"
                }
            }
        },
        {
            "from": [7,2,2],
            "to": [9,6,8],
            "faces": {
                "up": {
                    "uv": [11,10,13,14],
                    "texture": "#particle"
                },
                "down": {
                    "uv": [0,0,2,4],
                    "texture": "#particle"
                },
                "west": {
                    "uv": [1,5,7,9],
                    "texture": "#bricks"
                },
                "east": {
                    "uv": [7,5,13,9],
                    "texture": "#bricks"
                },
                "north": {
                    "uv": [0,0,2,4],
                    "texture": "#particle"
                }
            }
        },
        {
            "from": [7,10,8],
            "to": [9,14,14],
            "faces": {
                "up": {
                    "uv": [11,10,13,14],
                    "texture": "#particle"
                },
                "down": {
                    "uv": [0,0,2,4],
                    "texture": "#particle"
                },
                "west": {
                    "uv": [7,5,13,9],
                    "texture": "#bricks"
                },
                "east": {
                    "uv": [1,5,7,9],
                    "texture": "#bricks"
                },
                "south": {
                    "uv": [0,0,2,4],
                    "texture": "#particle"
                }
            }
        },
        {
            "from": [7,2,8],
            "to": [9,6,14],
            "faces": {
                "up": {
                    "uv": [11,10,13,14],
                    "texture": "#particle"
                },
                "down": {
                    "uv": [0,0,2,4],
                    "texture": "#particle"
                },
                "west": {
                    "uv": [7,5,13,9],
                    "texture": "#bricks"
                },
                "east": {
                    "uv": [1,5,7,9],
                    "texture": "#bricks"
                },
                "south": {
                    "uv": [0,0,2,4],
                    "texture": "#particle"
                }
            }
        },
        {
            "from": [6,0,14],
            "to": [10,16,18],
            "faces": {
                "up": {
                    "uv": [4,0,8,4],
                    "texture": "#particle"
                },
                "down": {
                    "uv": [4,0,8,4],
                    "texture": "#particle"
                },
                "west": {
                    "uv": [12,0,16,16],
                    "texture": "#particle"
                },
                "east": {
                    "uv": [12,0,16,16],
                    "texture": "#particle"
                },
                "north": {
                    "uv": [0,0,4,16],
                    "texture": "#particle"
                },
                "south": {
                    "uv": [0,0,4,16],
                    "texture": "#particle"
                }
            }
        }
    ]
}