{
    "__createdwith": "opl's Model Creator",
    "ambientocclusion": true,
    "textures": {
        "particle": "block/custom/fence/oak",
        "planks": "block/oak_planks"
    },
    "elements": [
        {
            "from": [7,10,10],
            "to": [9,14,16],
            "faces": {
                "up": {
                    "uv": [9,6,10,7],
                    "texture": "#planks"
                },
                "down": {
                    "uv": [5,0,6,1],
                    "texture": "#planks"
                },
                "west": {
                    "uv": [1,5,7,9],
                    "texture": "#planks"
                },
                "east": {
                    "uv": [7,5,13,9],
                    "texture": "#planks"
                },
                "south": {
                    "uv": [5,0,6,1],
                    "texture": "#planks"
                }
            }
        },
        {
            "from": [7,2,10],
            "to": [9,6,16],
            "faces": {
                "up": {
                    "uv": [9,6,10,7],
                    "texture": "#planks"
                },
                "down": {
                    "uv": [5,0,6,1],
                    "texture": "#planks"
                },
                "west": {
                    "uv": [10,11,16,15],
                    "texture": "#planks"
                },
                "east": {
                    "uv": [0,11,6,15],
                    "texture": "#planks"
                },
                "south": {
                    "uv": [5,0,6,1],
                    "texture": "#planks"
                }
            }
        }
    ]
}