{
    "__createdwith": "opl's Model Creator",
    "ambientocclusion": true,
    "textures": {
        "particle": "block/custom/fence/spruce"
    },
    "elements": [
        {
            "from": [6,13,10],
            "to": [10,15,16],
            "faces": {
                "up": {
                    "uv": [0,4,4,10],
                    "texture": "#particle"
                },
                "down": {
                    "uv": [12,0,16,6],
                    "texture": "#particle"
                },
                "west": {
                    "uv": [4,14,10,16],
                    "texture": "#particle"
                },
                "east": {
                    "uv": [10,14,16,16],
                    "texture": "#particle"
                },
                "south": {
                    "uv": [4,13,8,15],
                    "texture": "#particle"
                }
            }
        },
        {
            "from": [6,3,10],
            "to": [10,5,16],
            "faces": {
                "up": {
                    "uv": [0,4,4,10],
                    "texture": "#particle"
                },
                "down": {
                    "uv": [12,0,16,6],
                    "texture": "#particle"
                },
                "west": {
                    "uv": [4,14,10,16],
                    "texture": "#particle"
                },
                "east": {
                    "uv": [10,14,16,16],
                    "texture": "#particle"
                },
                "south": {
                    "uv": [8,14,12,16],
                    "texture": "#particle"
                }
            }
        },
        {
            "from": [7,5,15],
            "to": [9,13,16],
            "faces": {
                "west": {
                    "uv": [3,2,4,10],
                    "texture": "#particle"
                },
                "east": {
                    "uv": [3,2,4,10],
                    "texture": "#particle"
                },
                "north": {
                    "uv": [13,0,15,8],
                    "texture": "#particle"
                },
                "south": {
                    "uv": [7,10,9,11],
                    "texture": "#particle"
                }
            }
        }
    ]
}