{
    "__createdwith": "opl's Model Creator",
    "ambientocclusion": false,
	"shading": false,
    "textures": {
        "particle": "block/custom/fence/spruce"
    },
    "elements": [
        {
            "from": [6,13,2],
            "to": [10,15,8],
            "faces": {
                "up": {
                    "uv": [12,0,16,6],
                    "texture": "#particle"
                },
                "down": {
                    "uv": [12,6,16,12],
                    "texture": "#particle"
                },
                "west": {
                    "uv": [4,14,10,16],
                    "texture": "#particle"
                },
                "east": {
                    "uv": [10,14,16,16],
                    "texture": "#particle"
                },
                "north": {
                    "uv": [0,0,2,16],
                    "texture": "#particle"
                },
                "south": {
                    "uv": [8,0,12,2],
                    "texture": "#particle"
                }
            }
        },
        {
            "from": [6,0,14],
            "to": [10,16,18],
            "faces": {
                "up": {
                    "uv": [4,0,8,4],
                    "texture": "#particle"
                },
                "down": {
                    "uv": [4,0,8,4],
                    "texture": "#particle"
                },
                "west": {
                    "uv": [0,0,4,16],
                    "texture": "#particle"
                },
                "east": {
                    "uv": [0,0,4,16],
                    "texture": "#particle"
                },
                "north": {
                    "uv": [0,0,4,16],
                    "texture": "#particle"
                },
                "south": {
                    "uv": [0,0,4,16],
                    "texture": "#particle"
                }
            }
        },
        {
            "from": [6,0,-2],
            "to": [10,16,2],
            "faces": {
                "up": {
                    "uv": [4,0,8,4],
                    "texture": "#particle"
                },
                "down": {
                    "uv": [4,0,8,4],
                    "texture": "#particle"
                },
                "west": {
                    "uv": [0,0,4,16],
                    "texture": "#particle"
                },
                "east": {
                    "uv": [0,0,4,16],
                    "texture": "#particle"
                },
                "north": {
                    "uv": [0,0,4,16],
                    "texture": "#particle"
                },
                "south": {
                    "uv": [0,0,4,16],
                    "texture": "#particle"
                }
            }
        },
        {
            "from": [6,13,8],
            "to": [10,15,14],
            "faces": {
                "up": {
                    "uv": [12,6,16,12],
                    "texture": "#particle"
                },
                "down": {
                    "uv": [12,0,16,6],
                    "texture": "#particle"
                },
                "west": {
                    "uv": [10,14,16,16],
                    "texture": "#particle"
                },
                "east": {
                    "uv": [4,14,10,16],
                    "texture": "#particle"
                },
                "north": {
                    "uv": [0,0,2,16],
                    "texture": "#particle"
                },
                "south": {
                    "uv": [8,0,12,2],
                    "texture": "#particle"
                }
            }
        },
        {
            "from": [6,3,2],
            "to": [10,5,8],
            "faces": {
                "up": {
                    "uv": [12,0,16,6],
                    "texture": "#particle"
                },
                "down": {
                    "uv": [12,6,16,12],
                    "texture": "#particle"
                },
                "west": {
                    "uv": [4,14,10,16],
                    "texture": "#particle"
                },
                "east": {
                    "uv": [10,14,16,16],
                    "texture": "#particle"
                },
                "north": {
                    "uv": [0,0,2,16],
                    "texture": "#particle"
                },
                "south": {
                    "uv": [8,0,12,2],
                    "texture": "#particle"
                }
            }
        },
        {
            "from": [6,3,8],
            "to": [10,5,14],
            "faces": {
                "up": {
                    "uv": [12,6,16,12],
                    "texture": "#particle"
                },
                "down": {
                    "uv": [12,0,16,6],
                    "texture": "#particle"
                },
                "west": {
                    "uv": [10,14,16,16],
                    "texture": "#particle"
                },
                "east": {
                    "uv": [4,14,10,16],
                    "texture": "#particle"
                },
                "north": {
                    "uv": [0,0,2,16],
                    "texture": "#particle"
                },
                "south": {
                    "uv": [8,0,12,2],
                    "texture": "#particle"
                }
            }
        },
        {
            "from": [7,5,7],
            "to": [9,13,9],
            "faces": {
                "up": {
                    "uv": [4,0,8,4],
                    "texture": "#particle"
                },
                "down": {
                    "uv": [4,0,8,4],
                    "texture": "#particle"
                },
                "west": {
                    "uv": [0,0,2,8],
                    "texture": "#particle"
                },
                "east": {
                    "uv": [0,0,2,8],
                    "texture": "#particle"
                },
                "north": {
                    "uv": [0,0,2,8],
                    "texture": "#particle"
                },
                "south": {
                    "uv": [0,0,2,8],
                    "texture": "#particle"
                }
            }
        }
    ]
}