{
    "__createdwith": "opl's Model Creator",
    "ambientocclusion": true,
    "textures": {
        "particle": "block/custom/fence/spruce"
    },
    "elements": [
        {
            "from": [6,13,0],
            "to": [10,15,6],
            "faces": {
                "up": {
                    "uv": [0,9,4,15],
                    "texture": "#particle"
                },
                "down": {
                    "uv": [12,6,16,12],
                    "texture": "#particle"
                },
                "west": {
                    "uv": [10,14,16,16],
                    "texture": "#particle"
                },
                "east": {
                    "uv": [4,14,10,16],
                    "texture": "#particle"
                },
                "north": {
                    "uv": [4,13,8,15],
                    "texture": "#particle"
                }
            }
        },
        {
            "from": [6,3,0],
            "to": [10,5,6],
            "faces": {
                "up": {
                    "uv": [0,9,4,15],
                    "texture": "#particle"
                },
                "down": {
                    "uv": [12,6,16,12],
                    "texture": "#particle"
                },
                "west": {
                    "uv": [10,14,16,16],
                    "texture": "#particle"
                },
                "east": {
                    "uv": [4,14,10,16],
                    "texture": "#particle"
                },
                "north": {
                    "uv": [9,14,13,16],
                    "texture": "#particle"
                }
            }
        },
        {
            "from": [7,5,0],
            "to": [9,13,1],
            "faces": {
                "west": {
                    "uv": [1,1,2,2],
                    "texture": "#particle"
                },
                "east": {
                    "uv": [1,1,2,2],
                    "texture": "#particle"
                },
                "north": {
                    "uv": [7,10,9,11],
                    "texture": "#particle"
                },
                "south": {
                    "uv": [13,0,15,8],
                    "texture": "#particle"
                }
            }
        }
    ]
}