{
    "__createdwith": "opl's Model Creator",
    "ambientocclusion": true,
    "textures": {
        "particle": "block/custom/fence/warped"
    },
    "elements": [
        {
            "from": [7,9,4],
            "to": [9,13,6],
            "faces": {
                "up": {
                    "uv": [8,8,10,12],
                    "texture": "#particle"
                },
                "down": {
                    "uv": [7,10,9,12],
                    "texture": "#particle"
                },
                "west": {
                    "uv": [6,4,8,8],
                    "texture": "#particle"
                },
                "east": {
                    "uv": [4,8,6,12],
                    "texture": "#particle"
                },
                "north": {
                    "uv": [0,0,2,16],
                    "texture": "#particle"
                },
                "south": {
                    "uv": [4,12,6,16],
                    "texture": "#particle"
                }
            }
        },
        {
            "from": [7,1,4],
            "to": [9,5,6],
            "faces": {
                "up": {
                    "uv": [8,8,10,12],
                    "texture": "#particle"
                },
                "down": {
                    "uv": [7,10,9,12],
                    "texture": "#particle"
                },
                "west": {
                    "uv": [6,4,8,8],
                    "texture": "#particle"
                },
                "east": {
                    "uv": [4,8,6,12],
                    "texture": "#particle"
                },
                "north": {
                    "uv": [0,0,2,16],
                    "texture": "#particle"
                },
                "south": {
                    "uv": [4,12,6,16],
                    "texture": "#particle"
                }
            }
        },
        {
            "from": [7,0,1],
            "to": [9,14,4],
            "faces": {
                "up": {
                    "uv": [6,4,8,7],
                    "texture": "#particle"
                },
                "down": {
                    "uv": [4,8,6,11],
                    "texture": "#particle"
                },
                "west": {
                    "uv": [1,2,4,16],
                    "texture": "#particle"
                },
                "east": {
                    "uv": [1,2,4,16],
                    "texture": "#particle"
                },
                "north": {
                    "uv": [2,2,4,16],
                    "texture": "#particle"
                },
                "south": {
                    "uv": [3,2,4,16],
                    "texture": "#particle"
                }
            }
        },
        {
            "from": [7,5,0],
            "to": [9,9,1],
            "faces": {
                "up": {
                    "uv": [8,8,10,12],
                    "texture": "#particle"
                },
                "down": {
                    "uv": [7,10,9,12],
                    "texture": "#particle"
                },
                "west": {
                    "uv": [7,4,8,8],
                    "texture": "#particle"
                },
                "east": {
                    "uv": [4,8,5,12],
                    "texture": "#particle"
                },
                "north": {
                    "uv": [4,8,6,12],
                    "texture": "#particle"
                },
                "south": {
                    "uv": [4,12,6,16],
                    "texture": "#particle"
                }
            }
        }
    ]
}