{
    "__createdwith": "opl's Model Creator",
    "ambientocclusion": true,
    "textures": {
        "particle": "block/custom/fence/warped"
    },
    "elements": [
        {
            "from": [6,0,6],
            "to": [10,16,10],
            "faces": {
                "up": {
                    "uv": [3.9979986,0.0,8.0,4.000001],
                    "texture": "#particle"
                },
                "down": {
                    "uv": [0.0,15.0,4.0,16.0],
                    "texture": "#particle"
                },
                "west": {
                    "uv": [0.0,0.0,4.0,16.0],
                    "texture": "#particle"
                },
                "east": {
                    "uv": [0.0,0.0,4.0,16.0],
                    "texture": "#particle"
                },
                "north": {
                    "uv": [0.0,0.0,4.0,16.0],
                    "texture": "#particle"
                },
                "south": {
                    "uv": [0.0,0.0,4.0,16.0],
                    "texture": "#particle"
                }
            }
        }
    ]
}