{
    "__createdwith": "opl's Model Creator",
    "ambientocclusion": false,
    "textures": {
        "particle": "block/custom/fence/warped"
    },
    "elements": [
        {
            "from": [7,0,4],
            "to": [9,14,7],
            "faces": {
                "up": {
                    "uv": [6,4,8,7],
                    "texture": "#particle"
                },
                "down": {
                    "uv": [4,8,6,11],
                    "texture": "#particle"
                },
                "west": {
                    "uv": [1,2,4,16],
                    "texture": "#particle"
                },
                "east": {
                    "uv": [1,2,4,16],
                    "texture": "#particle"
                },
                "north": {
                    "uv": [3,2,4,16],
                    "texture": "#particle"
                },
                "south": {
                    "uv": [2,2,4,16],
                    "texture": "#particle"
                }
            }
        },
        {
            "from": [7,9,2],
            "to": [9,13,4],
            "faces": {
                "up": {
                    "uv": [8,8,10,12],
                    "texture": "#particle"
                },
                "down": {
                    "uv": [7,10,9,12],
                    "texture": "#particle"
                },
                "west": {
                    "uv": [4,8,6,12],
                    "texture": "#particle"
                },
                "east": {
                    "uv": [6,4,8,8],
                    "texture": "#particle"
                },
                "north": {
                    "uv": [0,0,2,16],
                    "texture": "#particle"
                },
                "south": {
                    "uv": [4,12,6,16],
                    "texture": "#particle"
                }
            }
        },
        {
            "from": [7,1,2],
            "to": [9,5,4],
            "faces": {
                "up": {
                    "uv": [8,8,10,12],
                    "texture": "#particle"
                },
                "down": {
                    "uv": [7,10,9,12],
                    "texture": "#particle"
                },
                "west": {
                    "uv": [4,8,6,12],
                    "texture": "#particle"
                },
                "east": {
                    "uv": [6,4,8,8],
                    "texture": "#particle"
                },
                "north": {
                    "uv": [0,0,2,16],
                    "texture": "#particle"
                },
                "south": {
                    "uv": [4,12,6,16],
                    "texture": "#particle"
                }
            }
        },
        {
            "from": [6,0,-2],
            "to": [10,16,2],
            "faces": {
                "up": {
                    "uv": [3.9979986,0,8,4.000001],
                    "texture": "#particle"
                },
                "down": {
                    "uv": [0,15,4,16],
                    "texture": "#particle"
                },
                "west": {
                    "uv": [0,0,4,16],
                    "texture": "#particle"
                },
                "east": {
                    "uv": [0,0,4,16],
                    "texture": "#particle"
                },
                "north": {
                    "uv": [0,0,4,16],
                    "texture": "#particle"
                },
                "south": {
                    "uv": [0,0,4,16],
                    "texture": "#particle"
                }
            }
        },
        {
            "from": [6,0,14],
            "to": [10,16,18],
            "faces": {
                "up": {
                    "uv": [3.9979986,0,8,4.000001],
                    "texture": "#particle"
                },
                "down": {
                    "uv": [0,15,4,16],
                    "texture": "#particle"
                },
                "west": {
                    "uv": [0,0,4,16],
                    "texture": "#particle"
                },
                "east": {
                    "uv": [0,0,4,16],
                    "texture": "#particle"
                },
                "north": {
                    "uv": [0,0,4,16],
                    "texture": "#particle"
                },
                "south": {
                    "uv": [0,0,4,16],
                    "texture": "#particle"
                }
            }
        },
        {
            "from": [7,9,12],
            "to": [9,13,14],
            "faces": {
                "up": {
                    "uv": [8,8,10,12],
                    "texture": "#particle"
                },
                "down": {
                    "uv": [7,10,9,12],
                    "texture": "#particle"
                },
                "west": {
                    "uv": [6,4,8,8],
                    "texture": "#particle"
                },
                "east": {
                    "uv": [4,8,6,12],
                    "texture": "#particle"
                },
                "north": {
                    "uv": [0,0,2,16],
                    "texture": "#particle"
                },
                "south": {
                    "uv": [4,12,6,16],
                    "texture": "#particle"
                }
            }
        },
        {
            "from": [7,1,12],
            "to": [9,5,14],
            "faces": {
                "up": {
                    "uv": [8,8,10,12],
                    "texture": "#particle"
                },
                "down": {
                    "uv": [7,10,9,12],
                    "texture": "#particle"
                },
                "west": {
                    "uv": [6,4,8,8],
                    "texture": "#particle"
                },
                "east": {
                    "uv": [4,8,6,12],
                    "texture": "#particle"
                },
                "north": {
                    "uv": [0,0,2,16],
                    "texture": "#particle"
                },
                "south": {
                    "uv": [4,12,6,16],
                    "texture": "#particle"
                }
            }
        },
        {
            "from": [7,0,9],
            "to": [9,14,12],
            "faces": {
                "up": {
                    "uv": [6,4,8,7],
                    "texture": "#particle"
                },
                "down": {
                    "uv": [4,8,6,11],
                    "texture": "#particle"
                },
                "west": {
                    "uv": [1,2,4,16],
                    "texture": "#particle"
                },
                "east": {
                    "uv": [1,2,4,16],
                    "texture": "#particle"
                },
                "north": {
                    "uv": [2,2,4,16],
                    "texture": "#particle"
                },
                "south": {
                    "uv": [3,2,4,16],
                    "texture": "#particle"
                }
            }
        },
        {
            "from": [7,5,7],
            "to": [9,9,9],
            "faces": {
                "up": {
                    "uv": [8,8,10,12],
                    "texture": "#particle"
                },
                "down": {
                    "uv": [7,10,9,12],
                    "texture": "#particle"
                },
                "west": {
                    "uv": [6,8,8,12],
                    "texture": "#particle"
                },
                "east": {
                    "uv": [6,4,8,8],
                    "texture": "#particle"
                },
                "north": {
                    "uv": [0,0,2,16],
                    "texture": "#particle"
                },
                "south": {
                    "uv": [4,12,6,16],
                    "texture": "#particle"
                }
            }
        }
    ]
}