{
	"credit": "Made with Blockbench",
	"textures": {
		"0": "items/an2_c",
		"1": "items/an2_c2",
		"2": "items/an2_c2_1",
		"particle": "an2_c"
	},
	"elements": [
		{
			"from": [11, 0, 7],
			"to": [11.5, 1, 8],
			"rotation": {"angle": 0, "axis": "y", "origin": [11.25, 0.5, 7.75]},
			"faces": {
				"north": {"uv": [0, 0, 16, 16], "texture": "#0"},
				"east": {"uv": [0, 0, 16, 16], "texture": "#0"},
				"south": {"uv": [0, 0, 16, 16], "texture": "#0"},
				"west": {"uv": [0, 0, 16, 16], "texture": "#0"},
				"up": {"uv": [0, 0, 16, 16], "texture": "#0"},
				"down": {"uv": [0, 0, 16, 16], "texture": "#0"}
			}
		},
		{
			"from": [4.5, 0, 7],
			"to": [5, 1, 8],
			"rotation": {"angle": 0, "axis": "y", "origin": [4.75, 0.5, 7.75]},
			"faces": {
				"north": {"uv": [0, 0, 16, 16], "texture": "#0"},
				"east": {"uv": [0, 0, 16, 16], "texture": "#0"},
				"south": {"uv": [0, 0, 16, 16], "texture": "#0"},
				"west": {"uv": [0, 0, 16, 16], "texture": "#0"},
				"up": {"uv": [0, 0, 16, 16], "texture": "#0"},
				"down": {"uv": [0, 0, 16, 16], "texture": "#0"}
			}
		},
		{
			"from": [4.5, 1, 7],
			"to": [11.5, 1.5, 8],
			"rotation": {"angle": 0, "axis": "y", "origin": [4.75, 0.5, 7.75]},
			"faces": {
				"north": {"uv": [0, 0, 16, 16], "texture": "#0"},
				"east": {"uv": [0, 0, 16, 16], "texture": "#0"},
				"south": {"uv": [0, 0, 16, 16], "texture": "#0"},
				"west": {"uv": [0, 0, 16, 16], "texture": "#0"},
				"up": {"uv": [0, 0, 16, 16], "texture": "#0"},
				"down": {"uv": [0, 0, 16, 16], "texture": "#0"}
			}
		},
		{
			"from": [6.27786, 1.60993, 7.375],
			"to": [6.60286, 2.45993, 7.625],
			"rotation": {"angle": -22.5, "axis": "z", "origin": [5.168, 2.29518, 7.375]},
			"faces": {
				"north": {"uv": [0, 0, 16, 16], "rotation": 270, "texture": "#1"},
				"east": {"uv": [0, 0, 0.85, 0.325], "rotation": 270, "texture": "#1"},
				"south": {"uv": [0, 0, 0.85, 0.325], "rotation": 270, "texture": "#1"},
				"west": {"uv": [0, 0, 0.85, 0.325], "rotation": 270, "texture": "#1"},
				"up": {"uv": [0, 0, 0.85, 0.325], "rotation": 270, "texture": "#1"},
				"down": {"uv": [0, 0, 0.85, 0.325], "rotation": 270, "texture": "#1"}
			}
		},
		{
			"from": [5.70286, 2.45993, 7.375],
			"to": [6.60286, 2.78493, 7.625],
			"rotation": {"angle": -22.5, "axis": "z", "origin": [5.168, 2.29518, 7.375]},
			"faces": {
				"north": {"uv": [0, 0, 16, 16], "rotation": 180, "texture": "#1"},
				"east": {"uv": [0, 0, 0.9, 0.325], "rotation": 180, "texture": "#1"},
				"south": {"uv": [0, 0, 0.9, 0.325], "rotation": 180, "texture": "#1"},
				"west": {"uv": [0, 0, 0.9, 0.325], "rotation": 180, "texture": "#1"},
				"up": {"uv": [0, 0, 0.9, 0.325], "rotation": 180, "texture": "#1"},
				"down": {"uv": [0, 0, 0.9, 0.325], "rotation": 180, "texture": "#1"}
			}
		},
		{
			"from": [5.1491, 2.65207, 7.375],
			"to": [5.5991, 2.97707, 7.625],
			"rotation": {"angle": -45, "axis": "z", "origin": [5.168, 2.29518, 7.375]},
			"faces": {
				"north": {"uv": [0, 0, 16, 16], "rotation": 180, "texture": "#1"},
				"east": {"uv": [0, 0, 0.45, 0.325], "rotation": 180, "texture": "#1"},
				"south": {"uv": [0, 0, 0.45, 0.325], "rotation": 180, "texture": "#1"},
				"west": {"uv": [0, 0, 0.45, 0.325], "rotation": 180, "texture": "#1"},
				"up": {"uv": [0, 0, 0.45, 0.325], "rotation": 180, "texture": "#1"},
				"down": {"uv": [0, 0, 0.45, 0.325], "rotation": 180, "texture": "#1"}
			}
		},
		{
			"from": [5.4905, 2.44922, 7.375],
			"to": [5.8155, 2.79922, 7.625],
			"rotation": {"angle": 22.5, "axis": "z", "origin": [5.168, 2.29518, 7.375]},
			"faces": {
				"north": {"uv": [0, 0, 16, 16], "rotation": 90, "texture": "#1"},
				"east": {"uv": [0, 0, 0.35, 0.325], "rotation": 90, "texture": "#1"},
				"south": {"uv": [0, 0, 0.35, 0.325], "rotation": 90, "texture": "#1"},
				"west": {"uv": [0, 0, 0.35, 0.325], "rotation": 90, "texture": "#1"},
				"up": {"uv": [0, 0, 0.35, 0.325], "rotation": 90, "texture": "#1"},
				"down": {"uv": [0, 0, 0.35, 0.325], "rotation": 90, "texture": "#1"}
			}
		},
		{
			"from": [5.27306, 2.88426, 7.375],
			"to": [5.59806, 3.70926, 7.625],
			"rotation": {"angle": 0, "axis": "y", "origin": [5.168, 2.29518, 7.375]},
			"faces": {
				"north": {"uv": [0, 0, 16, 16], "rotation": 90, "texture": "#1"},
				"east": {"uv": [0, 0, 0.825, 0.325], "rotation": 90, "texture": "#1"},
				"south": {"uv": [0, 0, 0.825, 0.325], "rotation": 90, "texture": "#1"},
				"west": {"uv": [0, 0, 0.825, 0.325], "rotation": 90, "texture": "#1"},
				"up": {"uv": [0, 0, 0.825, 0.325], "rotation": 90, "texture": "#1"},
				"down": {"uv": [0, 0, 0.825, 0.325], "rotation": 90, "texture": "#1"}
			}
		},
		{
			"from": [4.77306, 3.70926, 7.375],
			"to": [5.59806, 4.03426, 7.625],
			"rotation": {"angle": 0, "axis": "y", "origin": [5.168, 2.29518, 7.375]},
			"faces": {
				"north": {"uv": [0, 0, 16, 16], "texture": "#1"},
				"east": {"uv": [0, 0, 0.825, 0.325], "texture": "#1"},
				"south": {"uv": [0, 0, 0.825, 0.325], "texture": "#1"},
				"west": {"uv": [0, 0, 0.825, 0.325], "texture": "#1"},
				"up": {"uv": [0, 0, 0.825, 0.325], "texture": "#1"},
				"down": {"uv": [0, 0, 0.825, 0.325], "texture": "#1"}
			}
		},
		{
			"from": [4.69364, 3.72802, 7.375],
			"to": [5.46864, 4.05302, 7.625],
			"rotation": {"angle": 22.5, "axis": "z", "origin": [5.168, 2.29518, 7.375]},
			"faces": {
				"north": {"uv": [0, 0, 16, 16], "texture": "#1"},
				"east": {"uv": [0, 0, 0.775, 0.325], "texture": "#1"},
				"south": {"uv": [0, 0, 0.775, 0.325], "texture": "#1"},
				"west": {"uv": [0, 0, 0.775, 0.325], "texture": "#1"},
				"up": {"uv": [0, 0, 0.775, 0.325], "texture": "#1"},
				"down": {"uv": [0, 0, 0.775, 0.325], "texture": "#1"}
			}
		},
		{
			"from": [3.36244, 1.57963, 7.375],
			"to": [3.68744, 2.52963, 7.625],
			"rotation": {"angle": -45, "axis": "z", "origin": [5.168, 2.29518, 7.375]},
			"faces": {
				"north": {"uv": [0, 0, 16, 16], "rotation": 90, "texture": "#1"},
				"east": {"uv": [0, 0, 0.95, 0.325], "rotation": 90, "texture": "#1"},
				"south": {"uv": [0, 0, 0.95, 0.325], "rotation": 90, "texture": "#1"},
				"west": {"uv": [0, 0, 0.95, 0.325], "rotation": 90, "texture": "#1"},
				"up": {"uv": [0, 0, 0.95, 0.325], "rotation": 90, "texture": "#1"},
				"down": {"uv": [0, 0, 0.95, 0.325], "rotation": 90, "texture": "#1"}
			}
		},
		{
			"from": [5.01864, 2.57802, 7.4],
			"to": [5.59364, 2.85302, 7.6],
			"rotation": {"angle": 22.5, "axis": "z", "origin": [5.168, 2.29518, 7.375]},
			"faces": {
				"north": {"uv": [0, 0, 16, 16], "texture": "#1"},
				"east": {"uv": [0, 0, 0.575, 0.275], "texture": "#1"},
				"south": {"uv": [0, 0, 0.575, 0.275], "texture": "#1"},
				"west": {"uv": [0, 0, 0.575, 0.275], "texture": "#1"},
				"up": {"uv": [0, 0, 0.575, 0.275], "texture": "#1"},
				"down": {"uv": [0, 0, 0.575, 0.275], "texture": "#1"}
			}
		},
		{
			"from": [4.59546, 1.72067, 7.4],
			"to": [4.87046, 2.37067, 7.6],
			"rotation": {"angle": -45, "axis": "z", "origin": [5.168, 2.29518, 7.375]},
			"faces": {
				"north": {"uv": [0, 0, 16, 16], "rotation": 90, "texture": "#1"},
				"east": {"uv": [0, 0, 0.65, 0.275], "rotation": 90, "texture": "#1"},
				"south": {"uv": [0, 0, 0.65, 0.275], "rotation": 90, "texture": "#1"},
				"west": {"uv": [0, 0, 0.65, 0.275], "rotation": 90, "texture": "#1"},
				"up": {"uv": [0, 0, 0.65, 0.275], "rotation": 90, "texture": "#1"},
				"down": {"uv": [0, 0, 0.65, 0.275], "rotation": 90, "texture": "#1"}
			}
		},
		{
			"from": [5.42488, 2.39076, 7.4],
			"to": [5.69988, 2.71576, 7.6],
			"rotation": {"angle": -45, "axis": "z", "origin": [5.168, 2.29518, 7.375]},
			"faces": {
				"north": {"uv": [0, 0, 16, 16], "rotation": 90, "texture": "#1"},
				"east": {"uv": [0, 0, 0.325, 0.275], "rotation": 90, "texture": "#1"},
				"south": {"uv": [0, 0, 0.325, 0.275], "rotation": 90, "texture": "#1"},
				"west": {"uv": [0, 0, 0.325, 0.275], "rotation": 90, "texture": "#1"},
				"up": {"uv": [0, 0, 0.325, 0.275], "rotation": 90, "texture": "#1"},
				"down": {"uv": [0, 0, 0.325, 0.275], "rotation": 90, "texture": "#1"}
			}
		},
		{
			"from": [5.4419, 1.78518, 7.4],
			"to": [5.7169, 2.28518, 7.6],
			"rotation": {"angle": -22.5, "axis": "z", "origin": [5.168, 2.29518, 7.375]},
			"faces": {
				"north": {"uv": [0, 0, 16, 16], "rotation": 90, "texture": "#1"},
				"east": {"uv": [0, 0, 0.5, 0.275], "rotation": 90, "texture": "#1"},
				"south": {"uv": [0, 0, 0.5, 0.275], "rotation": 90, "texture": "#1"},
				"west": {"uv": [0, 0, 0.5, 0.275], "rotation": 90, "texture": "#1"},
				"up": {"uv": [0, 0, 0.5, 0.275], "rotation": 90, "texture": "#1"},
				"down": {"uv": [0, 0, 0.5, 0.275], "rotation": 90, "texture": "#1"}
			}
		},
		{
			"from": [5.90286, 1.58493, 7.475],
			"to": [6.32786, 2.13493, 7.525],
			"rotation": {"angle": 0, "axis": "y", "origin": [5.118, 2.24518, 7.375]},
			"faces": {
				"north": {"uv": [0, 0, 16, 16], "rotation": 270, "texture": "#2"},
				"east": {"uv": [0, 0, 16, 16], "rotation": 270, "texture": "#2"},
				"south": {"uv": [0, 0, 16, 16], "rotation": 270, "texture": "#2"},
				"west": {"uv": [0, 0, 16, 16], "rotation": 270, "texture": "#2"},
				"up": {"uv": [0, 0, 16, 16], "rotation": 270, "texture": "#2"},
				"down": {"uv": [0, 0, 16, 16], "rotation": 270, "texture": "#2"}
			}
		},
		{
			"from": [5.76337, 1.82546, 7.475],
			"to": [6.21337, 2.37546, 7.525],
			"rotation": {"angle": -22.5, "axis": "z", "origin": [5.45351, 2.48571, 7.375]},
			"faces": {
				"north": {"uv": [0, 0, 16, 16], "rotation": 270, "texture": "#2"},
				"east": {"uv": [0, 0, 16, 16], "rotation": 270, "texture": "#2"},
				"south": {"uv": [0, 0, 16, 16], "rotation": 270, "texture": "#2"},
				"west": {"uv": [0, 0, 16, 16], "rotation": 270, "texture": "#2"},
				"up": {"uv": [0, 0, 16, 16], "rotation": 270, "texture": "#2"},
				"down": {"uv": [0, 0, 16, 16], "rotation": 270, "texture": "#2"}
			}
		},
		{
			"from": [5.01337, 1.75046, 7.475],
			"to": [5.41337, 2.57546, 7.525],
			"rotation": {"angle": -45, "axis": "z", "origin": [5.40351, 2.43571, 7.375]},
			"faces": {
				"north": {"uv": [0, 0, 16, 16], "rotation": 270, "texture": "#2"},
				"east": {"uv": [0, 0, 16, 16], "rotation": 270, "texture": "#2"},
				"south": {"uv": [0, 0, 16, 16], "rotation": 270, "texture": "#2"},
				"west": {"uv": [0, 0, 16, 16], "rotation": 270, "texture": "#2"},
				"up": {"uv": [0, 0, 16, 16], "rotation": 270, "texture": "#2"},
				"down": {"uv": [0, 0, 16, 16], "rotation": 270, "texture": "#2"}
			}
		},
		{
			"from": [5.15847, 1.74273, 7.475],
			"to": [5.65847, 2.56773, 7.525],
			"rotation": {"angle": -22.5, "axis": "z", "origin": [5.54861, 2.42798, 7.375]},
			"faces": {
				"north": {"uv": [0, 0, 16, 16], "rotation": 270, "texture": "#2"},
				"east": {"uv": [0, 0, 16, 16], "rotation": 270, "texture": "#2"},
				"south": {"uv": [0, 0, 16, 16], "rotation": 270, "texture": "#2"},
				"west": {"uv": [0, 0, 16, 16], "rotation": 270, "texture": "#2"},
				"up": {"uv": [0, 0, 16, 16], "rotation": 270, "texture": "#2"},
				"down": {"uv": [0, 0, 16, 16], "rotation": 270, "texture": "#2"}
			}
		},
		{
			"from": [3.92618, 2.69592, 7.475],
			"to": [4.85118, 3.52092, 7.525],
			"rotation": {"angle": -22.5, "axis": "z", "origin": [4.41632, 3.38116, 7.375]},
			"faces": {
				"north": {"uv": [0, 0, 16, 16], "rotation": 270, "texture": "#2"},
				"east": {"uv": [0, 0, 16, 16], "rotation": 270, "texture": "#2"},
				"south": {"uv": [0, 0, 16, 16], "rotation": 270, "texture": "#2"},
				"west": {"uv": [0, 0, 16, 16], "rotation": 270, "texture": "#2"},
				"up": {"uv": [0, 0, 16, 16], "rotation": 270, "texture": "#2"},
				"down": {"uv": [0, 0, 16, 16], "rotation": 270, "texture": "#2"}
			}
		},
		{
			"from": [4.53347, 2.26773, 7.475],
			"to": [5.18347, 3.39273, 7.525],
			"rotation": {"angle": -45, "axis": "z", "origin": [4.92361, 2.95298, 7.375]},
			"faces": {
				"north": {"uv": [0, 0, 16, 16], "rotation": 270, "texture": "#2"},
				"east": {"uv": [0, 0, 16, 16], "rotation": 270, "texture": "#2"},
				"south": {"uv": [0, 0, 16, 16], "rotation": 270, "texture": "#2"},
				"west": {"uv": [0, 0, 16, 16], "rotation": 270, "texture": "#2"},
				"up": {"uv": [0, 0, 16, 16], "rotation": 270, "texture": "#2"},
				"down": {"uv": [0, 0, 16, 16], "rotation": 270, "texture": "#2"}
			}
		},
		{
			"from": [4.36336, 3.19311, 7.475],
			"to": [5.36336, 3.76811, 7.525],
			"rotation": {"angle": 0, "axis": "y", "origin": [4.92361, 2.95298, 7.375]},
			"faces": {
				"north": {"uv": [0, 0, 16, 16], "rotation": 180, "texture": "#2"},
				"east": {"uv": [0, 0, 16, 16], "rotation": 180, "texture": "#2"},
				"south": {"uv": [0, 0, 16, 16], "rotation": 180, "texture": "#2"},
				"west": {"uv": [0, 0, 16, 16], "rotation": 180, "texture": "#2"},
				"up": {"uv": [0, 0, 16, 16], "rotation": 180, "texture": "#2"},
				"down": {"uv": [0, 0, 16, 16], "rotation": 180, "texture": "#2"}
			}
		},
		{
			"from": [9.39714, 1.60993, 7.375],
			"to": [9.72214, 2.45993, 7.625],
			"rotation": {"angle": 22.5, "axis": "z", "origin": [10.832, 2.29518, 7.375]},
			"faces": {
				"north": {"uv": [0, 0, 16, 16], "rotation": 270, "texture": "#1"},
				"east": {"uv": [0, 0, 16, 16], "rotation": 270, "texture": "#1"},
				"south": {"uv": [0, 0, 16, 16], "rotation": 270, "texture": "#1"},
				"west": {"uv": [0, 0, 16, 16], "rotation": 270, "texture": "#1"},
				"up": {"uv": [0, 0, 16, 16], "rotation": 270, "texture": "#1"},
				"down": {"uv": [0, 0, 16, 16], "rotation": 270, "texture": "#1"}
			}
		},
		{
			"from": [9.39714, 2.45993, 7.375],
			"to": [10.29714, 2.78493, 7.625],
			"rotation": {"angle": 22.5, "axis": "z", "origin": [10.832, 2.29518, 7.375]},
			"faces": {
				"north": {"uv": [0, 0, 16, 16], "rotation": 180, "texture": "#1"},
				"east": {"uv": [0, 0, 16, 16], "rotation": 180, "texture": "#1"},
				"south": {"uv": [0, 0, 16, 16], "rotation": 180, "texture": "#1"},
				"west": {"uv": [0, 0, 16, 16], "rotation": 180, "texture": "#1"},
				"up": {"uv": [0, 0, 16, 16], "rotation": 180, "texture": "#1"},
				"down": {"uv": [0, 0, 16, 16], "rotation": 180, "texture": "#1"}
			}
		},
		{
			"from": [10.4009, 2.65207, 7.375],
			"to": [10.8509, 2.97707, 7.625],
			"rotation": {"angle": 45, "axis": "z", "origin": [10.832, 2.29518, 7.375]},
			"faces": {
				"north": {"uv": [0, 0, 16, 16], "rotation": 180, "texture": "#1"},
				"east": {"uv": [0, 0, 16, 16], "rotation": 180, "texture": "#1"},
				"south": {"uv": [0, 0, 16, 16], "rotation": 180, "texture": "#1"},
				"west": {"uv": [0, 0, 16, 16], "rotation": 180, "texture": "#1"},
				"up": {"uv": [0, 0, 16, 16], "rotation": 180, "texture": "#1"},
				"down": {"uv": [0, 0, 16, 16], "rotation": 180, "texture": "#1"}
			}
		},
		{
			"from": [10.1845, 2.44922, 7.375],
			"to": [10.5095, 2.79922, 7.625],
			"rotation": {"angle": -22.5, "axis": "z", "origin": [10.832, 2.29518, 7.375]},
			"faces": {
				"north": {"uv": [0, 0, 16, 16], "rotation": 90, "texture": "#1"},
				"east": {"uv": [0, 0, 16, 16], "rotation": 90, "texture": "#1"},
				"south": {"uv": [0, 0, 16, 16], "rotation": 90, "texture": "#1"},
				"west": {"uv": [0, 0, 16, 16], "rotation": 90, "texture": "#1"},
				"up": {"uv": [0, 0, 16, 16], "rotation": 90, "texture": "#1"},
				"down": {"uv": [0, 0, 16, 16], "rotation": 90, "texture": "#1"}
			}
		},
		{
			"from": [10.40194, 2.88426, 7.375],
			"to": [10.72694, 3.70926, 7.625],
			"rotation": {"angle": 0, "axis": "y", "origin": [10.832, 2.29518, 7.375]},
			"faces": {
				"north": {"uv": [0, 0, 16, 16], "rotation": 90, "texture": "#1"},
				"east": {"uv": [0, 0, 16, 16], "rotation": 90, "texture": "#1"},
				"south": {"uv": [0, 0, 16, 16], "rotation": 90, "texture": "#1"},
				"west": {"uv": [0, 0, 16, 16], "rotation": 90, "texture": "#1"},
				"up": {"uv": [0, 0, 16, 16], "rotation": 90, "texture": "#1"},
				"down": {"uv": [0, 0, 16, 16], "rotation": 90, "texture": "#1"}
			}
		},
		{
			"from": [10.40194, 3.70926, 7.375],
			"to": [11.22694, 4.03426, 7.625],
			"rotation": {"angle": 0, "axis": "y", "origin": [10.832, 2.29518, 7.375]},
			"faces": {
				"north": {"uv": [0, 0, 16, 16], "texture": "#1"},
				"east": {"uv": [0, 0, 16, 16], "texture": "#1"},
				"south": {"uv": [0, 0, 16, 16], "texture": "#1"},
				"west": {"uv": [0, 0, 16, 16], "texture": "#1"},
				"up": {"uv": [0, 0, 16, 16], "texture": "#1"},
				"down": {"uv": [0, 0, 16, 16], "texture": "#1"}
			}
		},
		{
			"from": [10.53136, 3.72802, 7.375],
			"to": [11.30636, 4.05302, 7.625],
			"rotation": {"angle": -22.5, "axis": "z", "origin": [10.832, 2.29518, 7.375]},
			"faces": {
				"north": {"uv": [0, 0, 16, 16], "texture": "#1"},
				"east": {"uv": [0, 0, 16, 16], "texture": "#1"},
				"south": {"uv": [0, 0, 16, 16], "texture": "#1"},
				"west": {"uv": [0, 0, 16, 16], "texture": "#1"},
				"up": {"uv": [0, 0, 16, 16], "texture": "#1"},
				"down": {"uv": [0, 0, 16, 16], "texture": "#1"}
			}
		},
		{
			"from": [12.31256, 1.57963, 7.375],
			"to": [12.63756, 2.52963, 7.625],
			"rotation": {"angle": 45, "axis": "z", "origin": [10.832, 2.29518, 7.375]},
			"faces": {
				"north": {"uv": [0, 0, 16, 16], "rotation": 90, "texture": "#1"},
				"east": {"uv": [0, 0, 16, 16], "rotation": 90, "texture": "#1"},
				"south": {"uv": [0, 0, 16, 16], "rotation": 90, "texture": "#1"},
				"west": {"uv": [0, 0, 16, 16], "rotation": 90, "texture": "#1"},
				"up": {"uv": [0, 0, 16, 16], "rotation": 90, "texture": "#1"},
				"down": {"uv": [0, 0, 16, 16], "rotation": 90, "texture": "#1"}
			}
		},
		{
			"from": [10.40636, 2.57802, 7.4],
			"to": [10.98136, 2.85302, 7.6],
			"rotation": {"angle": -22.5, "axis": "z", "origin": [10.832, 2.29518, 7.375]},
			"faces": {
				"north": {"uv": [0, 0, 16, 16], "texture": "#1"},
				"east": {"uv": [0, 0, 16, 16], "texture": "#1"},
				"south": {"uv": [0, 0, 16, 16], "texture": "#1"},
				"west": {"uv": [0, 0, 16, 16], "texture": "#1"},
				"up": {"uv": [0, 0, 16, 16], "texture": "#1"},
				"down": {"uv": [0, 0, 16, 16], "texture": "#1"}
			}
		},
		{
			"from": [11.12954, 1.72067, 7.4],
			"to": [11.40454, 2.37067, 7.6],
			"rotation": {"angle": 45, "axis": "z", "origin": [10.832, 2.29518, 7.375]},
			"faces": {
				"north": {"uv": [0, 0, 16, 16], "rotation": 90, "texture": "#1"},
				"east": {"uv": [0, 0, 16, 16], "rotation": 90, "texture": "#1"},
				"south": {"uv": [0, 0, 16, 16], "rotation": 90, "texture": "#1"},
				"west": {"uv": [0, 0, 16, 16], "rotation": 90, "texture": "#1"},
				"up": {"uv": [0, 0, 16, 16], "rotation": 90, "texture": "#1"},
				"down": {"uv": [0, 0, 16, 16], "rotation": 90, "texture": "#1"}
			}
		},
		{
			"from": [10.30012, 2.39076, 7.4],
			"to": [10.57512, 2.71576, 7.6],
			"rotation": {"angle": 45, "axis": "z", "origin": [10.832, 2.29518, 7.375]},
			"faces": {
				"north": {"uv": [0, 0, 16, 16], "rotation": 90, "texture": "#1"},
				"east": {"uv": [0, 0, 16, 16], "rotation": 90, "texture": "#1"},
				"south": {"uv": [0, 0, 16, 16], "rotation": 90, "texture": "#1"},
				"west": {"uv": [0, 0, 16, 16], "rotation": 90, "texture": "#1"},
				"up": {"uv": [0, 0, 16, 16], "rotation": 90, "texture": "#1"},
				"down": {"uv": [0, 0, 16, 16], "rotation": 90, "texture": "#1"}
			}
		},
		{
			"from": [10.2831, 1.78518, 7.4],
			"to": [10.5581, 2.28518, 7.6],
			"rotation": {"angle": 22.5, "axis": "z", "origin": [10.832, 2.29518, 7.375]},
			"faces": {
				"north": {"uv": [0, 0, 16, 16], "rotation": 90, "texture": "#1"},
				"east": {"uv": [0, 0, 16, 16], "rotation": 90, "texture": "#1"},
				"south": {"uv": [0, 0, 16, 16], "rotation": 90, "texture": "#1"},
				"west": {"uv": [0, 0, 16, 16], "rotation": 90, "texture": "#1"},
				"up": {"uv": [0, 0, 16, 16], "rotation": 90, "texture": "#1"},
				"down": {"uv": [0, 0, 16, 16], "rotation": 90, "texture": "#1"}
			}
		},
		{
			"from": [9.67214, 1.58493, 7.475],
			"to": [10.09714, 2.13493, 7.525],
			"rotation": {"angle": 0, "axis": "y", "origin": [10.882, 2.24518, 7.375]},
			"faces": {
				"north": {"uv": [0, 0, 16, 16], "rotation": 270, "texture": "#2"},
				"east": {"uv": [0, 0, 16, 16], "rotation": 270, "texture": "#2"},
				"south": {"uv": [0, 0, 16, 16], "rotation": 270, "texture": "#2"},
				"west": {"uv": [0, 0, 16, 16], "rotation": 270, "texture": "#2"},
				"up": {"uv": [0, 0, 16, 16], "rotation": 270, "texture": "#2"},
				"down": {"uv": [0, 0, 16, 16], "rotation": 270, "texture": "#2"}
			}
		},
		{
			"from": [9.78663, 1.82546, 7.475],
			"to": [10.23663, 2.37546, 7.525],
			"rotation": {"angle": 22.5, "axis": "z", "origin": [10.54649, 2.48571, 7.375]},
			"faces": {
				"north": {"uv": [0, 0, 16, 16], "rotation": 270, "texture": "#2"},
				"east": {"uv": [0, 0, 16, 16], "rotation": 270, "texture": "#2"},
				"south": {"uv": [0, 0, 16, 16], "rotation": 270, "texture": "#2"},
				"west": {"uv": [0, 0, 16, 16], "rotation": 270, "texture": "#2"},
				"up": {"uv": [0, 0, 16, 16], "rotation": 270, "texture": "#2"},
				"down": {"uv": [0, 0, 16, 16], "rotation": 270, "texture": "#2"}
			}
		},
		{
			"from": [10.58663, 1.75046, 7.475],
			"to": [10.98663, 2.57546, 7.525],
			"rotation": {"angle": 45, "axis": "z", "origin": [10.59649, 2.43571, 7.375]},
			"faces": {
				"north": {"uv": [0, 0, 16, 16], "rotation": 270, "texture": "#2"},
				"east": {"uv": [0, 0, 16, 16], "rotation": 270, "texture": "#2"},
				"south": {"uv": [0, 0, 16, 16], "rotation": 270, "texture": "#2"},
				"west": {"uv": [0, 0, 16, 16], "rotation": 270, "texture": "#2"},
				"up": {"uv": [0, 0, 16, 16], "rotation": 270, "texture": "#2"},
				"down": {"uv": [0, 0, 16, 16], "rotation": 270, "texture": "#2"}
			}
		},
		{
			"from": [10.34153, 1.74273, 7.475],
			"to": [10.84153, 2.56773, 7.525],
			"rotation": {"angle": 22.5, "axis": "z", "origin": [10.45139, 2.42798, 7.375]},
			"faces": {
				"north": {"uv": [0, 0, 16, 16], "rotation": 270, "texture": "#2"},
				"east": {"uv": [0, 0, 16, 16], "rotation": 270, "texture": "#2"},
				"south": {"uv": [0, 0, 16, 16], "rotation": 270, "texture": "#2"},
				"west": {"uv": [0, 0, 16, 16], "rotation": 270, "texture": "#2"},
				"up": {"uv": [0, 0, 16, 16], "rotation": 270, "texture": "#2"},
				"down": {"uv": [0, 0, 16, 16], "rotation": 270, "texture": "#2"}
			}
		},
		{
			"from": [11.14882, 2.69592, 7.475],
			"to": [12.07382, 3.52092, 7.525],
			"rotation": {"angle": 22.5, "axis": "z", "origin": [11.58368, 3.38116, 7.375]},
			"faces": {
				"north": {"uv": [0, 0, 16, 16], "rotation": 270, "texture": "#2"},
				"east": {"uv": [0, 0, 16, 16], "rotation": 270, "texture": "#2"},
				"south": {"uv": [0, 0, 16, 16], "rotation": 270, "texture": "#2"},
				"west": {"uv": [0, 0, 16, 16], "rotation": 270, "texture": "#2"},
				"up": {"uv": [0, 0, 16, 16], "rotation": 270, "texture": "#2"},
				"down": {"uv": [0, 0, 16, 16], "rotation": 270, "texture": "#2"}
			}
		},
		{
			"from": [10.81653, 2.26773, 7.475],
			"to": [11.46653, 3.39273, 7.525],
			"rotation": {"angle": 45, "axis": "z", "origin": [11.07639, 2.95298, 7.375]},
			"faces": {
				"north": {"uv": [0, 0, 16, 16], "rotation": 270, "texture": "#2"},
				"east": {"uv": [0, 0, 16, 16], "rotation": 270, "texture": "#2"},
				"south": {"uv": [0, 0, 16, 16], "rotation": 270, "texture": "#2"},
				"west": {"uv": [0, 0, 16, 16], "rotation": 270, "texture": "#2"},
				"up": {"uv": [0, 0, 16, 16], "rotation": 270, "texture": "#2"},
				"down": {"uv": [0, 0, 16, 16], "rotation": 270, "texture": "#2"}
			}
		},
		{
			"from": [10.63664, 3.19311, 7.475],
			"to": [11.63664, 3.76811, 7.525],
			"rotation": {"angle": 0, "axis": "y", "origin": [11.07639, 2.95298, 7.375]},
			"faces": {
				"north": {"uv": [0, 0, 16, 16], "rotation": 180, "texture": "#2"},
				"east": {"uv": [0, 0, 16, 16], "rotation": 180, "texture": "#2"},
				"south": {"uv": [0, 0, 16, 16], "rotation": 180, "texture": "#2"},
				"west": {"uv": [0, 0, 16, 16], "rotation": 180, "texture": "#2"},
				"up": {"uv": [0, 0, 16, 16], "rotation": 180, "texture": "#2"},
				"down": {"uv": [0, 0, 16, 16], "rotation": 180, "texture": "#2"}
			}
		}
	],
	"display": {
		"thirdperson_righthand": {
			"rotation": [93, 36, 0],
			"translation": [0, 0.75, 6]
		},
		"thirdperson_lefthand": {
			"rotation": [93, 36, 0],
			"translation": [0, 0.75, 6]
		},
		"firstperson_righthand": {
			"rotation": [0, -59, 0],
			"translation": [4.25, 8, -6],
			"scale": [1.3, 1.3, 1.3]
		},
		"firstperson_lefthand": {
			"rotation": [0, -59, 0],
			"translation": [4.25, 8, -6],
			"scale": [1.3, 1.3, 1.3]
		},
		"ground": {
			"translation": [0, 5, 0]
		},
		"gui": {
			"rotation": [15, 38, 0],
			"translation": [1, 12.5, 1],
			"scale": [2, 2, 2]
		},
		"head": {
			"translation": [0, 20, -1],
			"scale": [2, 2, 2]
		},
		"fixed": {
			"translation": [0, 13.5, 0],
			"scale": [2, 2, 2]
		}
	},
	"groups": [
		{
			"name": "group",
			"origin": [4.75, 0.5, 7.75],
			"color": 0,
			"nbt": "{}",
			"armAnimationEnabled": false,
			"children": [0, 1, 2]
		},
		{
			"name": "group",
			"origin": [5.168, 2.29518, 7.25],
			"color": 0,
			"nbt": "{}",
			"armAnimationEnabled": false,
			"children": [3, 4, 5, 6, 7, 8, 9, 10, 11, 12, 13, 14]
		},
		{
			"name": "group",
			"origin": [4.92361, 2.95298, 7.25],
			"color": 0,
			"nbt": "{}",
			"armAnimationEnabled": false,
			"children": [15, 16, 17, 18, 19, 20, 21]
		},
		{
			"name": "group",
			"origin": [4.92361, 2.95298, 7.25],
			"color": 0,
			"nbt": "{}",
			"armAnimationEnabled": false,
			"children": [22, 23, 24, 25, 26, 27, 28, 29, 30, 31, 32, 33, 34, 35, 36, 37, 38, 39, 40]
		}
	]
}