{
	"credit": "Made with Blockbench",
	"textures": {
		"particle": "normal/concrete",
		"concrete": "normal/concrete"
	},
	"elements": [
		{
			"from": [4, 12, 8],
			"to": [5, 13, 9],
			"faces": {
				"north": {"uv": [6, 0, 9, 3], "texture": "#concrete"},
				"east": {"uv": [6, 0, 9, 3], "texture": "#concrete"},
				"south": {"uv": [6, 0, 9, 3], "texture": "#concrete"},
				"west": {"uv": [6, 0, 9, 3], "texture": "#concrete"},
				"up": {"uv": [6, 0, 9, 3], "texture": "#concrete"},
				"down": {"uv": [6, 0, 9, 3], "texture": "#concrete"}
			}
		},
		{
			"from": [5, 12, 8],
			"to": [6, 13, 9],
			"faces": {
				"north": {"uv": [6, 0, 9, 3], "texture": "#concrete"},
				"east": {"uv": [6, 0, 9, 3], "texture": "#concrete"},
				"south": {"uv": [6, 0, 9, 3], "texture": "#concrete"},
				"west": {"uv": [6, 0, 9, 3], "texture": "#concrete"},
				"up": {"uv": [6, 0, 9, 3], "texture": "#concrete"},
				"down": {"uv": [6, 0, 9, 3], "texture": "#concrete"}
			}
		},
		{
			"from": [6, 12, 8],
			"to": [7, 13, 9],
			"faces": {
				"north": {"uv": [6, 0, 9, 3], "texture": "#concrete"},
				"east": {"uv": [6, 0, 9, 3], "texture": "#concrete"},
				"south": {"uv": [6, 0, 9, 3], "texture": "#concrete"},
				"west": {"uv": [6, 0, 9, 3], "texture": "#concrete"},
				"up": {"uv": [6, 0, 9, 3], "texture": "#concrete"},
				"down": {"uv": [6, 0, 9, 3], "texture": "#concrete"}
			}
		},
		{
			"from": [7, 12, 8],
			"to": [8, 13, 9],
			"faces": {
				"north": {"uv": [6, 0, 9, 3], "texture": "#concrete"},
				"east": {"uv": [6, 0, 9, 3], "texture": "#concrete"},
				"south": {"uv": [6, 0, 9, 3], "texture": "#concrete"},
				"west": {"uv": [6, 0, 9, 3], "texture": "#concrete"},
				"up": {"uv": [6, 0, 9, 3], "texture": "#concrete"},
				"down": {"uv": [6, 0, 9, 3], "texture": "#concrete"}
			}
		},
		{
			"from": [8, 12, 8],
			"to": [9, 13, 9],
			"faces": {
				"north": {"uv": [6, 0, 9, 3], "texture": "#concrete"},
				"east": {"uv": [6, 0, 9, 3], "texture": "#concrete"},
				"south": {"uv": [6, 0, 9, 3], "texture": "#concrete"},
				"west": {"uv": [6, 0, 9, 3], "texture": "#concrete"},
				"up": {"uv": [6, 0, 9, 3], "texture": "#concrete"},
				"down": {"uv": [6, 0, 9, 3], "texture": "#concrete"}
			}
		},
		{
			"from": [9, 12, 8],
			"to": [10, 13, 9],
			"faces": {
				"north": {"uv": [6, 0, 9, 3], "texture": "#concrete"},
				"east": {"uv": [6, 0, 9, 3], "texture": "#concrete"},
				"south": {"uv": [6, 0, 9, 3], "texture": "#concrete"},
				"west": {"uv": [6, 0, 9, 3], "texture": "#concrete"},
				"up": {"uv": [6, 0, 9, 3], "texture": "#concrete"},
				"down": {"uv": [6, 0, 9, 3], "texture": "#concrete"}
			}
		},
		{
			"from": [10, 12, 8],
			"to": [11, 13, 9],
			"faces": {
				"north": {"uv": [6, 0, 9, 3], "texture": "#concrete"},
				"east": {"uv": [6, 0, 9, 3], "texture": "#concrete"},
				"south": {"uv": [6, 0, 9, 3], "texture": "#concrete"},
				"west": {"uv": [6, 0, 9, 3], "texture": "#concrete"},
				"up": {"uv": [6, 0, 9, 3], "texture": "#concrete"},
				"down": {"uv": [6, 0, 9, 3], "texture": "#concrete"}
			}
		},
		{
			"from": [11, 12, 8],
			"to": [12, 13, 9],
			"faces": {
				"north": {"uv": [6, 0, 9, 3], "texture": "#concrete"},
				"east": {"uv": [6, 0, 9, 3], "texture": "#concrete"},
				"south": {"uv": [6, 0, 9, 3], "texture": "#concrete"},
				"west": {"uv": [6, 0, 9, 3], "texture": "#concrete"},
				"up": {"uv": [6, 0, 9, 3], "texture": "#concrete"},
				"down": {"uv": [6, 0, 9, 3], "texture": "#concrete"}
			}
		},
		{
			"from": [12, 12, 8],
			"to": [13, 13, 9],
			"faces": {
				"north": {"uv": [6, 0, 9, 3], "texture": "#concrete"},
				"east": {"uv": [6, 0, 9, 3], "texture": "#concrete"},
				"south": {"uv": [6, 0, 9, 3], "texture": "#concrete"},
				"west": {"uv": [6, 0, 9, 3], "texture": "#concrete"},
				"up": {"uv": [6, 0, 9, 3], "texture": "#concrete"},
				"down": {"uv": [6, 0, 9, 3], "texture": "#concrete"}
			}
		},
		{
			"from": [3, 13, 8],
			"to": [4, 14, 9],
			"faces": {
				"north": {"uv": [6, 0, 9, 3], "texture": "#concrete"},
				"east": {"uv": [6, 0, 9, 3], "texture": "#concrete"},
				"south": {"uv": [6, 0, 9, 3], "texture": "#concrete"},
				"west": {"uv": [6, 0, 9, 3], "texture": "#concrete"},
				"up": {"uv": [6, 0, 9, 3], "texture": "#concrete"},
				"down": {"uv": [6, 0, 9, 3], "texture": "#concrete"}
			}
		},
		{
			"from": [4, 13, 8],
			"to": [5, 14, 9],
			"faces": {
				"north": {"uv": [6, 0, 9, 3], "texture": "#concrete"},
				"east": {"uv": [6, 0, 9, 3], "texture": "#concrete"},
				"south": {"uv": [6, 0, 9, 3], "texture": "#concrete"},
				"west": {"uv": [6, 0, 9, 3], "texture": "#concrete"},
				"up": {"uv": [6, 0, 9, 3], "texture": "#concrete"},
				"down": {"uv": [6, 0, 9, 3], "texture": "#concrete"}
			}
		},
		{
			"from": [5, 13, 8],
			"to": [6, 14, 9],
			"faces": {
				"north": {"uv": [0, 0, 3, 3], "texture": "#concrete"},
				"east": {"uv": [0, 0, 3, 3], "texture": "#concrete"},
				"south": {"uv": [0, 0, 3, 3], "texture": "#concrete"},
				"west": {"uv": [0, 0, 3, 3], "texture": "#concrete"},
				"up": {"uv": [0, 0, 3, 3], "texture": "#concrete"},
				"down": {"uv": [0, 0, 3, 3], "texture": "#concrete"}
			}
		},
		{
			"from": [6, 13, 8],
			"to": [7, 14, 9],
			"faces": {
				"north": {"uv": [0, 0, 3, 3], "texture": "#concrete"},
				"east": {"uv": [0, 0, 3, 3], "texture": "#concrete"},
				"south": {"uv": [0, 0, 3, 3], "texture": "#concrete"},
				"west": {"uv": [0, 0, 3, 3], "texture": "#concrete"},
				"up": {"uv": [0, 0, 3, 3], "texture": "#concrete"},
				"down": {"uv": [0, 0, 3, 3], "texture": "#concrete"}
			}
		},
		{
			"from": [7, 13, 8],
			"to": [8, 14, 9],
			"faces": {
				"north": {"uv": [0, 0, 3, 3], "texture": "#concrete"},
				"east": {"uv": [0, 0, 3, 3], "texture": "#concrete"},
				"south": {"uv": [0, 0, 3, 3], "texture": "#concrete"},
				"west": {"uv": [0, 0, 3, 3], "texture": "#concrete"},
				"up": {"uv": [0, 0, 3, 3], "texture": "#concrete"},
				"down": {"uv": [0, 0, 3, 3], "texture": "#concrete"}
			}
		},
		{
			"from": [8, 13, 8],
			"to": [9, 14, 9],
			"faces": {
				"north": {"uv": [0, 0, 3, 3], "texture": "#concrete"},
				"east": {"uv": [0, 0, 3, 3], "texture": "#concrete"},
				"south": {"uv": [0, 0, 3, 3], "texture": "#concrete"},
				"west": {"uv": [0, 0, 3, 3], "texture": "#concrete"},
				"up": {"uv": [0, 0, 3, 3], "texture": "#concrete"},
				"down": {"uv": [0, 0, 3, 3], "texture": "#concrete"}
			}
		},
		{
			"from": [9, 13, 8],
			"to": [10, 14, 9],
			"faces": {
				"north": {"uv": [0, 0, 3, 3], "texture": "#concrete"},
				"east": {"uv": [0, 0, 3, 3], "texture": "#concrete"},
				"south": {"uv": [0, 0, 3, 3], "texture": "#concrete"},
				"west": {"uv": [0, 0, 3, 3], "texture": "#concrete"},
				"up": {"uv": [0, 0, 3, 3], "texture": "#concrete"},
				"down": {"uv": [0, 0, 3, 3], "texture": "#concrete"}
			}
		},
		{
			"from": [10, 13, 8],
			"to": [11, 14, 9],
			"faces": {
				"north": {"uv": [0, 0, 3, 3], "texture": "#concrete"},
				"east": {"uv": [0, 0, 3, 3], "texture": "#concrete"},
				"south": {"uv": [0, 0, 3, 3], "texture": "#concrete"},
				"west": {"uv": [0, 0, 3, 3], "texture": "#concrete"},
				"up": {"uv": [0, 0, 3, 3], "texture": "#concrete"},
				"down": {"uv": [0, 0, 3, 3], "texture": "#concrete"}
			}
		},
		{
			"from": [11, 13, 8],
			"to": [12, 14, 9],
			"faces": {
				"north": {"uv": [0, 0, 3, 3], "texture": "#concrete"},
				"east": {"uv": [0, 0, 3, 3], "texture": "#concrete"},
				"south": {"uv": [0, 0, 3, 3], "texture": "#concrete"},
				"west": {"uv": [0, 0, 3, 3], "texture": "#concrete"},
				"up": {"uv": [0, 0, 3, 3], "texture": "#concrete"},
				"down": {"uv": [0, 0, 3, 3], "texture": "#concrete"}
			}
		},
		{
			"from": [12, 13, 8],
			"to": [13, 14, 9],
			"faces": {
				"north": {"uv": [6, 0, 9, 3], "texture": "#concrete"},
				"east": {"uv": [6, 0, 9, 3], "texture": "#concrete"},
				"south": {"uv": [6, 0, 9, 3], "texture": "#concrete"},
				"west": {"uv": [6, 0, 9, 3], "texture": "#concrete"},
				"up": {"uv": [6, 0, 9, 3], "texture": "#concrete"},
				"down": {"uv": [6, 0, 9, 3], "texture": "#concrete"}
			}
		},
		{
			"from": [13, 13, 8],
			"to": [14, 14, 9],
			"faces": {
				"north": {"uv": [6, 0, 9, 3], "texture": "#concrete"},
				"east": {"uv": [6, 0, 9, 3], "texture": "#concrete"},
				"south": {"uv": [6, 0, 9, 3], "texture": "#concrete"},
				"west": {"uv": [6, 0, 9, 3], "texture": "#concrete"},
				"up": {"uv": [6, 0, 9, 3], "texture": "#concrete"},
				"down": {"uv": [6, 0, 9, 3], "texture": "#concrete"}
			}
		},
		{
			"from": [2, 14, 8],
			"to": [3, 15, 9],
			"faces": {
				"north": {"uv": [6, 0, 9, 3], "texture": "#concrete"},
				"east": {"uv": [6, 0, 9, 3], "texture": "#concrete"},
				"south": {"uv": [6, 0, 9, 3], "texture": "#concrete"},
				"west": {"uv": [6, 0, 9, 3], "texture": "#concrete"},
				"up": {"uv": [6, 0, 9, 3], "texture": "#concrete"},
				"down": {"uv": [6, 0, 9, 3], "texture": "#concrete"}
			}
		},
		{
			"from": [3, 14, 8],
			"to": [4, 15, 9],
			"faces": {
				"north": {"uv": [6, 0, 9, 3], "texture": "#concrete"},
				"east": {"uv": [6, 0, 9, 3], "texture": "#concrete"},
				"south": {"uv": [6, 0, 9, 3], "texture": "#concrete"},
				"west": {"uv": [6, 0, 9, 3], "texture": "#concrete"},
				"up": {"uv": [6, 0, 9, 3], "texture": "#concrete"},
				"down": {"uv": [6, 0, 9, 3], "texture": "#concrete"}
			}
		},
		{
			"from": [4, 14, 8],
			"to": [5, 15, 9],
			"faces": {
				"north": {"uv": [0, 0, 3, 3], "texture": "#concrete"},
				"east": {"uv": [0, 0, 3, 3], "texture": "#concrete"},
				"south": {"uv": [0, 0, 3, 3], "texture": "#concrete"},
				"west": {"uv": [0, 0, 3, 3], "texture": "#concrete"},
				"up": {"uv": [0, 0, 3, 3], "texture": "#concrete"},
				"down": {"uv": [0, 0, 3, 3], "texture": "#concrete"}
			}
		},
		{
			"from": [5, 14, 8],
			"to": [6, 15, 9],
			"faces": {
				"north": {"uv": [0, 0, 3, 3], "texture": "#concrete"},
				"east": {"uv": [0, 0, 3, 3], "texture": "#concrete"},
				"south": {"uv": [0, 0, 3, 3], "texture": "#concrete"},
				"west": {"uv": [0, 0, 3, 3], "texture": "#concrete"},
				"up": {"uv": [0, 0, 3, 3], "texture": "#concrete"},
				"down": {"uv": [0, 0, 3, 3], "texture": "#concrete"}
			}
		},
		{
			"from": [6, 14, 8],
			"to": [7, 15, 9],
			"faces": {
				"north": {"uv": [0, 0, 3, 3], "texture": "#concrete"},
				"east": {"uv": [0, 0, 3, 3], "texture": "#concrete"},
				"south": {"uv": [0, 0, 3, 3], "texture": "#concrete"},
				"west": {"uv": [0, 0, 3, 3], "texture": "#concrete"},
				"up": {"uv": [0, 0, 3, 3], "texture": "#concrete"},
				"down": {"uv": [0, 0, 3, 3], "texture": "#concrete"}
			}
		},
		{
			"from": [7, 14, 8],
			"to": [8, 15, 9],
			"faces": {
				"north": {"uv": [0, 0, 3, 3], "texture": "#concrete"},
				"east": {"uv": [0, 0, 3, 3], "texture": "#concrete"},
				"south": {"uv": [0, 0, 3, 3], "texture": "#concrete"},
				"west": {"uv": [0, 0, 3, 3], "texture": "#concrete"},
				"up": {"uv": [0, 0, 3, 3], "texture": "#concrete"},
				"down": {"uv": [0, 0, 3, 3], "texture": "#concrete"}
			}
		},
		{
			"from": [8, 14, 8],
			"to": [9, 15, 9],
			"faces": {
				"north": {"uv": [0, 0, 3, 3], "texture": "#concrete"},
				"east": {"uv": [0, 0, 3, 3], "texture": "#concrete"},
				"south": {"uv": [0, 0, 3, 3], "texture": "#concrete"},
				"west": {"uv": [0, 0, 3, 3], "texture": "#concrete"},
				"up": {"uv": [0, 0, 3, 3], "texture": "#concrete"},
				"down": {"uv": [0, 0, 3, 3], "texture": "#concrete"}
			}
		},
		{
			"from": [9, 14, 8],
			"to": [10, 15, 9],
			"faces": {
				"north": {"uv": [0, 0, 3, 3], "texture": "#concrete"},
				"east": {"uv": [0, 0, 3, 3], "texture": "#concrete"},
				"south": {"uv": [0, 0, 3, 3], "texture": "#concrete"},
				"west": {"uv": [0, 0, 3, 3], "texture": "#concrete"},
				"up": {"uv": [0, 0, 3, 3], "texture": "#concrete"},
				"down": {"uv": [0, 0, 3, 3], "texture": "#concrete"}
			}
		},
		{
			"from": [10, 14, 8],
			"to": [11, 15, 9],
			"faces": {
				"north": {"uv": [0, 0, 3, 3], "texture": "#concrete"},
				"east": {"uv": [0, 0, 3, 3], "texture": "#concrete"},
				"south": {"uv": [0, 0, 3, 3], "texture": "#concrete"},
				"west": {"uv": [0, 0, 3, 3], "texture": "#concrete"},
				"up": {"uv": [0, 0, 3, 3], "texture": "#concrete"},
				"down": {"uv": [0, 0, 3, 3], "texture": "#concrete"}
			}
		},
		{
			"from": [11, 14, 8],
			"to": [12, 15, 9],
			"faces": {
				"north": {"uv": [0, 0, 3, 3], "texture": "#concrete"},
				"east": {"uv": [0, 0, 3, 3], "texture": "#concrete"},
				"south": {"uv": [0, 0, 3, 3], "texture": "#concrete"},
				"west": {"uv": [0, 0, 3, 3], "texture": "#concrete"},
				"up": {"uv": [0, 0, 3, 3], "texture": "#concrete"},
				"down": {"uv": [0, 0, 3, 3], "texture": "#concrete"}
			}
		},
		{
			"from": [12, 14, 8],
			"to": [13, 15, 9],
			"faces": {
				"north": {"uv": [0, 0, 3, 3], "texture": "#concrete"},
				"east": {"uv": [0, 0, 3, 3], "texture": "#concrete"},
				"south": {"uv": [0, 0, 3, 3], "texture": "#concrete"},
				"west": {"uv": [0, 0, 3, 3], "texture": "#concrete"},
				"up": {"uv": [0, 0, 3, 3], "texture": "#concrete"},
				"down": {"uv": [0, 0, 3, 3], "texture": "#concrete"}
			}
		},
		{
			"from": [13, 14, 8],
			"to": [14, 15, 9],
			"faces": {
				"north": {"uv": [6, 0, 9, 3], "texture": "#concrete"},
				"east": {"uv": [6, 0, 9, 3], "texture": "#concrete"},
				"south": {"uv": [6, 0, 9, 3], "texture": "#concrete"},
				"west": {"uv": [6, 0, 9, 3], "texture": "#concrete"},
				"up": {"uv": [6, 0, 9, 3], "texture": "#concrete"},
				"down": {"uv": [6, 0, 9, 3], "texture": "#concrete"}
			}
		},
		{
			"from": [14, 14, 8],
			"to": [15, 15, 9],
			"faces": {
				"north": {"uv": [6, 0, 9, 3], "texture": "#concrete"},
				"east": {"uv": [6, 0, 9, 3], "texture": "#concrete"},
				"south": {"uv": [6, 0, 9, 3], "texture": "#concrete"},
				"west": {"uv": [6, 0, 9, 3], "texture": "#concrete"},
				"up": {"uv": [6, 0, 9, 3], "texture": "#concrete"},
				"down": {"uv": [6, 0, 9, 3], "texture": "#concrete"}
			}
		},
		{
			"from": [2, 15, 8],
			"to": [3, 16, 9],
			"faces": {
				"north": {"uv": [6, 0, 9, 3], "texture": "#concrete"},
				"east": {"uv": [6, 0, 9, 3], "texture": "#concrete"},
				"south": {"uv": [6, 0, 9, 3], "texture": "#concrete"},
				"west": {"uv": [6, 0, 9, 3], "texture": "#concrete"},
				"up": {"uv": [6, 0, 9, 3], "texture": "#concrete"},
				"down": {"uv": [6, 0, 9, 3], "texture": "#concrete"}
			}
		},
		{
			"from": [3, 15, 8],
			"to": [4, 16, 9],
			"faces": {
				"north": {"uv": [0, 0, 3, 3], "texture": "#concrete"},
				"east": {"uv": [0, 0, 3, 3], "texture": "#concrete"},
				"south": {"uv": [0, 0, 3, 3], "texture": "#concrete"},
				"west": {"uv": [0, 0, 3, 3], "texture": "#concrete"},
				"up": {"uv": [0, 0, 3, 3], "texture": "#concrete"},
				"down": {"uv": [0, 0, 3, 3], "texture": "#concrete"}
			}
		},
		{
			"from": [4, 15, 8],
			"to": [5, 16, 9],
			"faces": {
				"north": {"uv": [0, 0, 3, 3], "texture": "#concrete"},
				"east": {"uv": [0, 0, 3, 3], "texture": "#concrete"},
				"south": {"uv": [0, 0, 3, 3], "texture": "#concrete"},
				"west": {"uv": [0, 0, 3, 3], "texture": "#concrete"},
				"up": {"uv": [0, 0, 3, 3], "texture": "#concrete"},
				"down": {"uv": [0, 0, 3, 3], "texture": "#concrete"}
			}
		},
		{
			"from": [5, 15, 8],
			"to": [6, 16, 9],
			"faces": {
				"north": {"uv": [0, 0, 3, 3], "texture": "#concrete"},
				"east": {"uv": [0, 0, 3, 3], "texture": "#concrete"},
				"south": {"uv": [0, 0, 3, 3], "texture": "#concrete"},
				"west": {"uv": [0, 0, 3, 3], "texture": "#concrete"},
				"up": {"uv": [0, 0, 3, 3], "texture": "#concrete"},
				"down": {"uv": [0, 0, 3, 3], "texture": "#concrete"}
			}
		},
		{
			"from": [6, 15, 8],
			"to": [7, 16, 9],
			"faces": {
				"north": {"uv": [0, 0, 3, 3], "texture": "#concrete"},
				"east": {"uv": [0, 0, 3, 3], "texture": "#concrete"},
				"south": {"uv": [0, 0, 3, 3], "texture": "#concrete"},
				"west": {"uv": [0, 0, 3, 3], "texture": "#concrete"},
				"up": {"uv": [0, 0, 3, 3], "texture": "#concrete"},
				"down": {"uv": [0, 0, 3, 3], "texture": "#concrete"}
			}
		},
		{
			"from": [7, 15, 8],
			"to": [8, 16, 9],
			"faces": {
				"north": {"uv": [0, 0, 3, 3], "texture": "#concrete"},
				"east": {"uv": [0, 0, 3, 3], "texture": "#concrete"},
				"south": {"uv": [0, 0, 3, 3], "texture": "#concrete"},
				"west": {"uv": [0, 0, 3, 3], "texture": "#concrete"},
				"up": {"uv": [0, 0, 3, 3], "texture": "#concrete"},
				"down": {"uv": [0, 0, 3, 3], "texture": "#concrete"}
			}
		},
		{
			"from": [8, 15, 8],
			"to": [9, 16, 9],
			"faces": {
				"north": {"uv": [0, 0, 3, 3], "texture": "#concrete"},
				"east": {"uv": [0, 0, 3, 3], "texture": "#concrete"},
				"south": {"uv": [0, 0, 3, 3], "texture": "#concrete"},
				"west": {"uv": [0, 0, 3, 3], "texture": "#concrete"},
				"up": {"uv": [0, 0, 3, 3], "texture": "#concrete"},
				"down": {"uv": [0, 0, 3, 3], "texture": "#concrete"}
			}
		},
		{
			"from": [9, 15, 8],
			"to": [10, 16, 9],
			"faces": {
				"north": {"uv": [0, 0, 3, 3], "texture": "#concrete"},
				"east": {"uv": [0, 0, 3, 3], "texture": "#concrete"},
				"south": {"uv": [0, 0, 3, 3], "texture": "#concrete"},
				"west": {"uv": [0, 0, 3, 3], "texture": "#concrete"},
				"up": {"uv": [0, 0, 3, 3], "texture": "#concrete"},
				"down": {"uv": [0, 0, 3, 3], "texture": "#concrete"}
			}
		},
		{
			"from": [10, 15, 8],
			"to": [11, 16, 9],
			"faces": {
				"north": {"uv": [0, 0, 3, 3], "texture": "#concrete"},
				"east": {"uv": [0, 0, 3, 3], "texture": "#concrete"},
				"south": {"uv": [0, 0, 3, 3], "texture": "#concrete"},
				"west": {"uv": [0, 0, 3, 3], "texture": "#concrete"},
				"up": {"uv": [0, 0, 3, 3], "texture": "#concrete"},
				"down": {"uv": [0, 0, 3, 3], "texture": "#concrete"}
			}
		},
		{
			"from": [11, 15, 8],
			"to": [12, 16, 9],
			"faces": {
				"north": {"uv": [0, 0, 3, 3], "texture": "#concrete"},
				"east": {"uv": [0, 0, 3, 3], "texture": "#concrete"},
				"south": {"uv": [0, 0, 3, 3], "texture": "#concrete"},
				"west": {"uv": [0, 0, 3, 3], "texture": "#concrete"},
				"up": {"uv": [0, 0, 3, 3], "texture": "#concrete"},
				"down": {"uv": [0, 0, 3, 3], "texture": "#concrete"}
			}
		},
		{
			"from": [12, 15, 8],
			"to": [13, 16, 9],
			"faces": {
				"north": {"uv": [0, 0, 3, 3], "texture": "#concrete"},
				"east": {"uv": [0, 0, 3, 3], "texture": "#concrete"},
				"south": {"uv": [0, 0, 3, 3], "texture": "#concrete"},
				"west": {"uv": [0, 0, 3, 3], "texture": "#concrete"},
				"up": {"uv": [0, 0, 3, 3], "texture": "#concrete"},
				"down": {"uv": [0, 0, 3, 3], "texture": "#concrete"}
			}
		},
		{
			"from": [13, 15, 8],
			"to": [14, 16, 9],
			"faces": {
				"north": {"uv": [0, 0, 3, 3], "texture": "#concrete"},
				"east": {"uv": [0, 0, 3, 3], "texture": "#concrete"},
				"south": {"uv": [0, 0, 3, 3], "texture": "#concrete"},
				"west": {"uv": [0, 0, 3, 3], "texture": "#concrete"},
				"up": {"uv": [0, 0, 3, 3], "texture": "#concrete"},
				"down": {"uv": [0, 0, 3, 3], "texture": "#concrete"}
			}
		},
		{
			"from": [14, 15, 8],
			"to": [15, 16, 9],
			"faces": {
				"north": {"uv": [6, 0, 9, 3], "texture": "#concrete"},
				"east": {"uv": [6, 0, 9, 3], "texture": "#concrete"},
				"south": {"uv": [6, 0, 9, 3], "texture": "#concrete"},
				"west": {"uv": [6, 0, 9, 3], "texture": "#concrete"},
				"up": {"uv": [6, 0, 9, 3], "texture": "#concrete"},
				"down": {"uv": [6, 0, 9, 3], "texture": "#concrete"}
			}
		},
		{
			"from": [15, 15, 8],
			"to": [16, 16, 9],
			"faces": {
				"north": {"uv": [6, 0, 9, 3], "texture": "#concrete"},
				"east": {"uv": [6, 0, 9, 3], "texture": "#concrete"},
				"south": {"uv": [6, 0, 9, 3], "texture": "#concrete"},
				"west": {"uv": [6, 0, 9, 3], "texture": "#concrete"},
				"up": {"uv": [6, 0, 9, 3], "texture": "#concrete"},
				"down": {"uv": [6, 0, 9, 3], "texture": "#concrete"}
			}
		},
		{
			"from": [2, 16, 8],
			"to": [3, 17, 9],
			"faces": {
				"north": {"uv": [6, 0, 9, 3], "texture": "#concrete"},
				"east": {"uv": [6, 0, 9, 3], "texture": "#concrete"},
				"south": {"uv": [6, 0, 9, 3], "texture": "#concrete"},
				"west": {"uv": [6, 0, 9, 3], "texture": "#concrete"},
				"up": {"uv": [6, 0, 9, 3], "texture": "#concrete"},
				"down": {"uv": [6, 0, 9, 3], "texture": "#concrete"}
			}
		},
		{
			"from": [3, 16, 8],
			"to": [4, 17, 9],
			"faces": {
				"north": {"uv": [0, 0, 3, 3], "texture": "#concrete"},
				"east": {"uv": [0, 0, 3, 3], "texture": "#concrete"},
				"south": {"uv": [0, 0, 3, 3], "texture": "#concrete"},
				"west": {"uv": [0, 0, 3, 3], "texture": "#concrete"},
				"up": {"uv": [0, 0, 3, 3], "texture": "#concrete"},
				"down": {"uv": [0, 0, 3, 3], "texture": "#concrete"}
			}
		},
		{
			"from": [4, 16, 8],
			"to": [5, 17, 9],
			"faces": {
				"north": {"uv": [0, 0, 3, 3], "texture": "#concrete"},
				"east": {"uv": [0, 0, 3, 3], "texture": "#concrete"},
				"south": {"uv": [0, 0, 3, 3], "texture": "#concrete"},
				"west": {"uv": [0, 0, 3, 3], "texture": "#concrete"},
				"up": {"uv": [0, 0, 3, 3], "texture": "#concrete"},
				"down": {"uv": [0, 0, 3, 3], "texture": "#concrete"}
			}
		},
		{
			"from": [5, 16, 8],
			"to": [6, 17, 9],
			"faces": {
				"north": {"uv": [0, 0, 3, 3], "texture": "#concrete"},
				"east": {"uv": [0, 0, 3, 3], "texture": "#concrete"},
				"south": {"uv": [0, 0, 3, 3], "texture": "#concrete"},
				"west": {"uv": [0, 0, 3, 3], "texture": "#concrete"},
				"up": {"uv": [0, 0, 3, 3], "texture": "#concrete"},
				"down": {"uv": [0, 0, 3, 3], "texture": "#concrete"}
			}
		},
		{
			"from": [6, 16, 8],
			"to": [7, 17, 9],
			"faces": {
				"north": {"uv": [0, 0, 3, 3], "texture": "#concrete"},
				"east": {"uv": [0, 0, 3, 3], "texture": "#concrete"},
				"south": {"uv": [0, 0, 3, 3], "texture": "#concrete"},
				"west": {"uv": [0, 0, 3, 3], "texture": "#concrete"},
				"up": {"uv": [0, 0, 3, 3], "texture": "#concrete"},
				"down": {"uv": [0, 0, 3, 3], "texture": "#concrete"}
			}
		},
		{
			"from": [7, 16, 8],
			"to": [8, 17, 9],
			"faces": {
				"north": {"uv": [0, 0, 3, 3], "texture": "#concrete"},
				"east": {"uv": [0, 0, 3, 3], "texture": "#concrete"},
				"south": {"uv": [0, 0, 3, 3], "texture": "#concrete"},
				"west": {"uv": [0, 0, 3, 3], "texture": "#concrete"},
				"up": {"uv": [0, 0, 3, 3], "texture": "#concrete"},
				"down": {"uv": [0, 0, 3, 3], "texture": "#concrete"}
			}
		},
		{
			"from": [8, 16, 8],
			"to": [9, 17, 9],
			"faces": {
				"north": {"uv": [0, 0, 3, 3], "texture": "#concrete"},
				"east": {"uv": [0, 0, 3, 3], "texture": "#concrete"},
				"south": {"uv": [0, 0, 3, 3], "texture": "#concrete"},
				"west": {"uv": [0, 0, 3, 3], "texture": "#concrete"},
				"up": {"uv": [0, 0, 3, 3], "texture": "#concrete"},
				"down": {"uv": [0, 0, 3, 3], "texture": "#concrete"}
			}
		},
		{
			"from": [9, 16, 8],
			"to": [10, 17, 9],
			"faces": {
				"north": {"uv": [0, 0, 3, 3], "texture": "#concrete"},
				"east": {"uv": [0, 0, 3, 3], "texture": "#concrete"},
				"south": {"uv": [0, 0, 3, 3], "texture": "#concrete"},
				"west": {"uv": [0, 0, 3, 3], "texture": "#concrete"},
				"up": {"uv": [0, 0, 3, 3], "texture": "#concrete"},
				"down": {"uv": [0, 0, 3, 3], "texture": "#concrete"}
			}
		},
		{
			"from": [10, 16, 8],
			"to": [11, 17, 9],
			"faces": {
				"north": {"uv": [0, 0, 3, 3], "texture": "#concrete"},
				"east": {"uv": [0, 0, 3, 3], "texture": "#concrete"},
				"south": {"uv": [0, 0, 3, 3], "texture": "#concrete"},
				"west": {"uv": [0, 0, 3, 3], "texture": "#concrete"},
				"up": {"uv": [0, 0, 3, 3], "texture": "#concrete"},
				"down": {"uv": [0, 0, 3, 3], "texture": "#concrete"}
			}
		},
		{
			"from": [11, 16, 8],
			"to": [12, 17, 9],
			"faces": {
				"north": {"uv": [0, 0, 3, 3], "texture": "#concrete"},
				"east": {"uv": [0, 0, 3, 3], "texture": "#concrete"},
				"south": {"uv": [0, 0, 3, 3], "texture": "#concrete"},
				"west": {"uv": [0, 0, 3, 3], "texture": "#concrete"},
				"up": {"uv": [0, 0, 3, 3], "texture": "#concrete"},
				"down": {"uv": [0, 0, 3, 3], "texture": "#concrete"}
			}
		},
		{
			"from": [12, 16, 8],
			"to": [13, 17, 9],
			"faces": {
				"north": {"uv": [0, 0, 3, 3], "texture": "#concrete"},
				"east": {"uv": [0, 0, 3, 3], "texture": "#concrete"},
				"south": {"uv": [0, 0, 3, 3], "texture": "#concrete"},
				"west": {"uv": [0, 0, 3, 3], "texture": "#concrete"},
				"up": {"uv": [0, 0, 3, 3], "texture": "#concrete"},
				"down": {"uv": [0, 0, 3, 3], "texture": "#concrete"}
			}
		},
		{
			"from": [13, 16, 8],
			"to": [14, 17, 9],
			"faces": {
				"north": {"uv": [0, 0, 3, 3], "texture": "#concrete"},
				"east": {"uv": [0, 0, 3, 3], "texture": "#concrete"},
				"south": {"uv": [0, 0, 3, 3], "texture": "#concrete"},
				"west": {"uv": [0, 0, 3, 3], "texture": "#concrete"},
				"up": {"uv": [0, 0, 3, 3], "texture": "#concrete"},
				"down": {"uv": [0, 0, 3, 3], "texture": "#concrete"}
			}
		},
		{
			"from": [14, 16, 8],
			"to": [15, 17, 9],
			"faces": {
				"north": {"uv": [0, 0, 3, 3], "texture": "#concrete"},
				"east": {"uv": [0, 0, 3, 3], "texture": "#concrete"},
				"south": {"uv": [0, 0, 3, 3], "texture": "#concrete"},
				"west": {"uv": [0, 0, 3, 3], "texture": "#concrete"},
				"up": {"uv": [0, 0, 3, 3], "texture": "#concrete"},
				"down": {"uv": [0, 0, 3, 3], "texture": "#concrete"}
			}
		},
		{
			"from": [15, 16, 8],
			"to": [16, 17, 9],
			"faces": {
				"north": {"uv": [6, 0, 9, 3], "texture": "#concrete"},
				"east": {"uv": [6, 0, 9, 3], "texture": "#concrete"},
				"south": {"uv": [6, 0, 9, 3], "texture": "#concrete"},
				"west": {"uv": [6, 0, 9, 3], "texture": "#concrete"},
				"up": {"uv": [6, 0, 9, 3], "texture": "#concrete"},
				"down": {"uv": [6, 0, 9, 3], "texture": "#concrete"}
			}
		},
		{
			"from": [2, 17, 8],
			"to": [3, 18, 9],
			"faces": {
				"north": {"uv": [6, 0, 9, 3], "texture": "#concrete"},
				"east": {"uv": [6, 0, 9, 3], "texture": "#concrete"},
				"south": {"uv": [6, 0, 9, 3], "texture": "#concrete"},
				"west": {"uv": [6, 0, 9, 3], "texture": "#concrete"},
				"up": {"uv": [6, 0, 9, 3], "texture": "#concrete"},
				"down": {"uv": [6, 0, 9, 3], "texture": "#concrete"}
			}
		},
		{
			"from": [3, 17, 8],
			"to": [4, 18, 9],
			"faces": {
				"north": {"uv": [0, 0, 3, 3], "texture": "#concrete"},
				"east": {"uv": [0, 0, 3, 3], "texture": "#concrete"},
				"south": {"uv": [0, 0, 3, 3], "texture": "#concrete"},
				"west": {"uv": [0, 0, 3, 3], "texture": "#concrete"},
				"up": {"uv": [0, 0, 3, 3], "texture": "#concrete"},
				"down": {"uv": [0, 0, 3, 3], "texture": "#concrete"}
			}
		},
		{
			"from": [4, 17, 8],
			"to": [5, 18, 9],
			"faces": {
				"north": {"uv": [0, 0, 3, 3], "texture": "#concrete"},
				"east": {"uv": [0, 0, 3, 3], "texture": "#concrete"},
				"south": {"uv": [0, 0, 3, 3], "texture": "#concrete"},
				"west": {"uv": [0, 0, 3, 3], "texture": "#concrete"},
				"up": {"uv": [0, 0, 3, 3], "texture": "#concrete"},
				"down": {"uv": [0, 0, 3, 3], "texture": "#concrete"}
			}
		},
		{
			"from": [5, 17, 8],
			"to": [6, 18, 9],
			"faces": {
				"north": {"uv": [0, 0, 3, 3], "texture": "#concrete"},
				"east": {"uv": [0, 0, 3, 3], "texture": "#concrete"},
				"south": {"uv": [0, 0, 3, 3], "texture": "#concrete"},
				"west": {"uv": [0, 0, 3, 3], "texture": "#concrete"},
				"up": {"uv": [0, 0, 3, 3], "texture": "#concrete"},
				"down": {"uv": [0, 0, 3, 3], "texture": "#concrete"}
			}
		},
		{
			"from": [6, 17, 8],
			"to": [7, 18, 9],
			"faces": {
				"north": {"uv": [0, 0, 3, 3], "texture": "#concrete"},
				"east": {"uv": [0, 0, 3, 3], "texture": "#concrete"},
				"south": {"uv": [0, 0, 3, 3], "texture": "#concrete"},
				"west": {"uv": [0, 0, 3, 3], "texture": "#concrete"},
				"up": {"uv": [0, 0, 3, 3], "texture": "#concrete"},
				"down": {"uv": [0, 0, 3, 3], "texture": "#concrete"}
			}
		},
		{
			"from": [7, 17, 8],
			"to": [8, 18, 9],
			"faces": {
				"north": {"uv": [6, 0, 9, 3], "texture": "#concrete"},
				"east": {"uv": [6, 0, 9, 3], "texture": "#concrete"},
				"south": {"uv": [6, 0, 9, 3], "texture": "#concrete"},
				"west": {"uv": [6, 0, 9, 3], "texture": "#concrete"},
				"up": {"uv": [6, 0, 9, 3], "texture": "#concrete"},
				"down": {"uv": [6, 0, 9, 3], "texture": "#concrete"}
			}
		},
		{
			"from": [8, 17, 8],
			"to": [9, 18, 9],
			"faces": {
				"north": {"uv": [6, 0, 9, 3], "texture": "#concrete"},
				"east": {"uv": [6, 0, 9, 3], "texture": "#concrete"},
				"south": {"uv": [6, 0, 9, 3], "texture": "#concrete"},
				"west": {"uv": [6, 0, 9, 3], "texture": "#concrete"},
				"up": {"uv": [6, 0, 9, 3], "texture": "#concrete"},
				"down": {"uv": [6, 0, 9, 3], "texture": "#concrete"}
			}
		},
		{
			"from": [9, 17, 8],
			"to": [10, 18, 9],
			"faces": {
				"north": {"uv": [6, 0, 9, 3], "texture": "#concrete"},
				"east": {"uv": [6, 0, 9, 3], "texture": "#concrete"},
				"south": {"uv": [6, 0, 9, 3], "texture": "#concrete"},
				"west": {"uv": [6, 0, 9, 3], "texture": "#concrete"},
				"up": {"uv": [6, 0, 9, 3], "texture": "#concrete"},
				"down": {"uv": [6, 0, 9, 3], "texture": "#concrete"}
			}
		},
		{
			"from": [10, 17, 8],
			"to": [11, 18, 9],
			"faces": {
				"north": {"uv": [0, 0, 3, 3], "texture": "#concrete"},
				"east": {"uv": [0, 0, 3, 3], "texture": "#concrete"},
				"south": {"uv": [0, 0, 3, 3], "texture": "#concrete"},
				"west": {"uv": [0, 0, 3, 3], "texture": "#concrete"},
				"up": {"uv": [0, 0, 3, 3], "texture": "#concrete"},
				"down": {"uv": [0, 0, 3, 3], "texture": "#concrete"}
			}
		},
		{
			"from": [11, 17, 8],
			"to": [12, 18, 9],
			"faces": {
				"north": {"uv": [0, 0, 3, 3], "texture": "#concrete"},
				"east": {"uv": [0, 0, 3, 3], "texture": "#concrete"},
				"south": {"uv": [0, 0, 3, 3], "texture": "#concrete"},
				"west": {"uv": [0, 0, 3, 3], "texture": "#concrete"},
				"up": {"uv": [0, 0, 3, 3], "texture": "#concrete"},
				"down": {"uv": [0, 0, 3, 3], "texture": "#concrete"}
			}
		},
		{
			"from": [12, 17, 8],
			"to": [13, 18, 9],
			"faces": {
				"north": {"uv": [0, 0, 3, 3], "texture": "#concrete"},
				"east": {"uv": [0, 0, 3, 3], "texture": "#concrete"},
				"south": {"uv": [0, 0, 3, 3], "texture": "#concrete"},
				"west": {"uv": [0, 0, 3, 3], "texture": "#concrete"},
				"up": {"uv": [0, 0, 3, 3], "texture": "#concrete"},
				"down": {"uv": [0, 0, 3, 3], "texture": "#concrete"}
			}
		},
		{
			"from": [13, 17, 8],
			"to": [14, 18, 9],
			"faces": {
				"north": {"uv": [0, 0, 3, 3], "texture": "#concrete"},
				"east": {"uv": [0, 0, 3, 3], "texture": "#concrete"},
				"south": {"uv": [0, 0, 3, 3], "texture": "#concrete"},
				"west": {"uv": [0, 0, 3, 3], "texture": "#concrete"},
				"up": {"uv": [0, 0, 3, 3], "texture": "#concrete"},
				"down": {"uv": [0, 0, 3, 3], "texture": "#concrete"}
			}
		},
		{
			"from": [14, 17, 8],
			"to": [15, 18, 9],
			"faces": {
				"north": {"uv": [0, 0, 3, 3], "texture": "#concrete"},
				"east": {"uv": [0, 0, 3, 3], "texture": "#concrete"},
				"south": {"uv": [0, 0, 3, 3], "texture": "#concrete"},
				"west": {"uv": [0, 0, 3, 3], "texture": "#concrete"},
				"up": {"uv": [0, 0, 3, 3], "texture": "#concrete"},
				"down": {"uv": [0, 0, 3, 3], "texture": "#concrete"}
			}
		},
		{
			"from": [15, 17, 8],
			"to": [16, 18, 9],
			"faces": {
				"north": {"uv": [6, 0, 9, 3], "texture": "#concrete"},
				"east": {"uv": [6, 0, 9, 3], "texture": "#concrete"},
				"south": {"uv": [6, 0, 9, 3], "texture": "#concrete"},
				"west": {"uv": [6, 0, 9, 3], "texture": "#concrete"},
				"up": {"uv": [6, 0, 9, 3], "texture": "#concrete"},
				"down": {"uv": [6, 0, 9, 3], "texture": "#concrete"}
			}
		},
		{
			"from": [2, 18, 8],
			"to": [3, 19, 9],
			"faces": {
				"north": {"uv": [6, 0, 9, 3], "texture": "#concrete"},
				"east": {"uv": [6, 0, 9, 3], "texture": "#concrete"},
				"south": {"uv": [6, 0, 9, 3], "texture": "#concrete"},
				"west": {"uv": [6, 0, 9, 3], "texture": "#concrete"},
				"up": {"uv": [6, 0, 9, 3], "texture": "#concrete"},
				"down": {"uv": [6, 0, 9, 3], "texture": "#concrete"}
			}
		},
		{
			"from": [3, 18, 8],
			"to": [4, 19, 9],
			"faces": {
				"north": {"uv": [0, 0, 3, 3], "texture": "#concrete"},
				"east": {"uv": [0, 0, 3, 3], "texture": "#concrete"},
				"south": {"uv": [0, 0, 3, 3], "texture": "#concrete"},
				"west": {"uv": [0, 0, 3, 3], "texture": "#concrete"},
				"up": {"uv": [0, 0, 3, 3], "texture": "#concrete"},
				"down": {"uv": [0, 0, 3, 3], "texture": "#concrete"}
			}
		},
		{
			"from": [4, 18, 8],
			"to": [5, 19, 9],
			"faces": {
				"north": {"uv": [0, 0, 3, 3], "texture": "#concrete"},
				"east": {"uv": [0, 0, 3, 3], "texture": "#concrete"},
				"south": {"uv": [0, 0, 3, 3], "texture": "#concrete"},
				"west": {"uv": [0, 0, 3, 3], "texture": "#concrete"},
				"up": {"uv": [0, 0, 3, 3], "texture": "#concrete"},
				"down": {"uv": [0, 0, 3, 3], "texture": "#concrete"}
			}
		},
		{
			"from": [5, 18, 8],
			"to": [6, 19, 9],
			"faces": {
				"north": {"uv": [0, 0, 3, 3], "texture": "#concrete"},
				"east": {"uv": [0, 0, 3, 3], "texture": "#concrete"},
				"south": {"uv": [0, 0, 3, 3], "texture": "#concrete"},
				"west": {"uv": [0, 0, 3, 3], "texture": "#concrete"},
				"up": {"uv": [0, 0, 3, 3], "texture": "#concrete"},
				"down": {"uv": [0, 0, 3, 3], "texture": "#concrete"}
			}
		},
		{
			"from": [6, 18, 8],
			"to": [7, 19, 9],
			"faces": {
				"north": {"uv": [0, 0, 3, 3], "texture": "#concrete"},
				"east": {"uv": [0, 0, 3, 3], "texture": "#concrete"},
				"south": {"uv": [0, 0, 3, 3], "texture": "#concrete"},
				"west": {"uv": [0, 0, 3, 3], "texture": "#concrete"},
				"up": {"uv": [0, 0, 3, 3], "texture": "#concrete"},
				"down": {"uv": [0, 0, 3, 3], "texture": "#concrete"}
			}
		},
		{
			"from": [7, 18, 8],
			"to": [8, 19, 9],
			"faces": {
				"north": {"uv": [0, 0, 3, 3], "texture": "#concrete"},
				"east": {"uv": [0, 0, 3, 3], "texture": "#concrete"},
				"south": {"uv": [0, 0, 3, 3], "texture": "#concrete"},
				"west": {"uv": [0, 0, 3, 3], "texture": "#concrete"},
				"up": {"uv": [0, 0, 3, 3], "texture": "#concrete"},
				"down": {"uv": [0, 0, 3, 3], "texture": "#concrete"}
			}
		},
		{
			"from": [8, 18, 8],
			"to": [9, 19, 9],
			"faces": {
				"north": {"uv": [0, 0, 3, 3], "texture": "#concrete"},
				"east": {"uv": [0, 0, 3, 3], "texture": "#concrete"},
				"south": {"uv": [0, 0, 3, 3], "texture": "#concrete"},
				"west": {"uv": [0, 0, 3, 3], "texture": "#concrete"},
				"up": {"uv": [0, 0, 3, 3], "texture": "#concrete"},
				"down": {"uv": [0, 0, 3, 3], "texture": "#concrete"}
			}
		},
		{
			"from": [9, 18, 8],
			"to": [10, 19, 9],
			"faces": {
				"north": {"uv": [0, 0, 3, 3], "texture": "#concrete"},
				"east": {"uv": [0, 0, 3, 3], "texture": "#concrete"},
				"south": {"uv": [0, 0, 3, 3], "texture": "#concrete"},
				"west": {"uv": [0, 0, 3, 3], "texture": "#concrete"},
				"up": {"uv": [0, 0, 3, 3], "texture": "#concrete"},
				"down": {"uv": [0, 0, 3, 3], "texture": "#concrete"}
			}
		},
		{
			"from": [10, 18, 8],
			"to": [11, 19, 9],
			"faces": {
				"north": {"uv": [6, 0, 9, 3], "texture": "#concrete"},
				"east": {"uv": [6, 0, 9, 3], "texture": "#concrete"},
				"south": {"uv": [6, 0, 9, 3], "texture": "#concrete"},
				"west": {"uv": [6, 0, 9, 3], "texture": "#concrete"},
				"up": {"uv": [6, 0, 9, 3], "texture": "#concrete"},
				"down": {"uv": [6, 0, 9, 3], "texture": "#concrete"}
			}
		},
		{
			"from": [11, 18, 8],
			"to": [12, 19, 9],
			"faces": {
				"north": {"uv": [0, 0, 3, 3], "texture": "#concrete"},
				"east": {"uv": [0, 0, 3, 3], "texture": "#concrete"},
				"south": {"uv": [0, 0, 3, 3], "texture": "#concrete"},
				"west": {"uv": [0, 0, 3, 3], "texture": "#concrete"},
				"up": {"uv": [0, 0, 3, 3], "texture": "#concrete"},
				"down": {"uv": [0, 0, 3, 3], "texture": "#concrete"}
			}
		},
		{
			"from": [12, 18, 8],
			"to": [13, 19, 9],
			"faces": {
				"north": {"uv": [0, 0, 3, 3], "texture": "#concrete"},
				"east": {"uv": [0, 0, 3, 3], "texture": "#concrete"},
				"south": {"uv": [0, 0, 3, 3], "texture": "#concrete"},
				"west": {"uv": [0, 0, 3, 3], "texture": "#concrete"},
				"up": {"uv": [0, 0, 3, 3], "texture": "#concrete"},
				"down": {"uv": [0, 0, 3, 3], "texture": "#concrete"}
			}
		},
		{
			"from": [13, 18, 8],
			"to": [14, 19, 9],
			"faces": {
				"north": {"uv": [0, 0, 3, 3], "texture": "#concrete"},
				"east": {"uv": [0, 0, 3, 3], "texture": "#concrete"},
				"south": {"uv": [0, 0, 3, 3], "texture": "#concrete"},
				"west": {"uv": [0, 0, 3, 3], "texture": "#concrete"},
				"up": {"uv": [0, 0, 3, 3], "texture": "#concrete"},
				"down": {"uv": [0, 0, 3, 3], "texture": "#concrete"}
			}
		},
		{
			"from": [14, 18, 8],
			"to": [15, 19, 9],
			"faces": {
				"north": {"uv": [0, 0, 3, 3], "texture": "#concrete"},
				"east": {"uv": [0, 0, 3, 3], "texture": "#concrete"},
				"south": {"uv": [0, 0, 3, 3], "texture": "#concrete"},
				"west": {"uv": [0, 0, 3, 3], "texture": "#concrete"},
				"up": {"uv": [0, 0, 3, 3], "texture": "#concrete"},
				"down": {"uv": [0, 0, 3, 3], "texture": "#concrete"}
			}
		},
		{
			"from": [15, 18, 8],
			"to": [16, 19, 9],
			"faces": {
				"north": {"uv": [6, 0, 9, 3], "texture": "#concrete"},
				"east": {"uv": [6, 0, 9, 3], "texture": "#concrete"},
				"south": {"uv": [6, 0, 9, 3], "texture": "#concrete"},
				"west": {"uv": [6, 0, 9, 3], "texture": "#concrete"},
				"up": {"uv": [6, 0, 9, 3], "texture": "#concrete"},
				"down": {"uv": [6, 0, 9, 3], "texture": "#concrete"}
			}
		},
		{
			"from": [2, 19, 8],
			"to": [3, 20, 9],
			"faces": {
				"north": {"uv": [6, 0, 9, 3], "texture": "#concrete"},
				"east": {"uv": [6, 0, 9, 3], "texture": "#concrete"},
				"south": {"uv": [6, 0, 9, 3], "texture": "#concrete"},
				"west": {"uv": [6, 0, 9, 3], "texture": "#concrete"},
				"up": {"uv": [6, 0, 9, 3], "texture": "#concrete"},
				"down": {"uv": [6, 0, 9, 3], "texture": "#concrete"}
			}
		},
		{
			"from": [3, 19, 8],
			"to": [4, 20, 9],
			"faces": {
				"north": {"uv": [6, 0, 9, 3], "texture": "#concrete"},
				"east": {"uv": [6, 0, 9, 3], "texture": "#concrete"},
				"south": {"uv": [6, 0, 9, 3], "texture": "#concrete"},
				"west": {"uv": [6, 0, 9, 3], "texture": "#concrete"},
				"up": {"uv": [6, 0, 9, 3], "texture": "#concrete"},
				"down": {"uv": [6, 0, 9, 3], "texture": "#concrete"}
			}
		},
		{
			"from": [4, 19, 8],
			"to": [5, 20, 9],
			"faces": {
				"north": {"uv": [0, 0, 3, 3], "texture": "#concrete"},
				"east": {"uv": [0, 0, 3, 3], "texture": "#concrete"},
				"south": {"uv": [0, 0, 3, 3], "texture": "#concrete"},
				"west": {"uv": [0, 0, 3, 3], "texture": "#concrete"},
				"up": {"uv": [0, 0, 3, 3], "texture": "#concrete"},
				"down": {"uv": [0, 0, 3, 3], "texture": "#concrete"}
			}
		},
		{
			"from": [5, 19, 8],
			"to": [6, 20, 9],
			"faces": {
				"north": {"uv": [0, 0, 3, 3], "texture": "#concrete"},
				"east": {"uv": [0, 0, 3, 3], "texture": "#concrete"},
				"south": {"uv": [0, 0, 3, 3], "texture": "#concrete"},
				"west": {"uv": [0, 0, 3, 3], "texture": "#concrete"},
				"up": {"uv": [0, 0, 3, 3], "texture": "#concrete"},
				"down": {"uv": [0, 0, 3, 3], "texture": "#concrete"}
			}
		},
		{
			"from": [6, 19, 8],
			"to": [7, 20, 9],
			"faces": {
				"north": {"uv": [0, 0, 3, 3], "texture": "#concrete"},
				"east": {"uv": [0, 0, 3, 3], "texture": "#concrete"},
				"south": {"uv": [0, 0, 3, 3], "texture": "#concrete"},
				"west": {"uv": [0, 0, 3, 3], "texture": "#concrete"},
				"up": {"uv": [0, 0, 3, 3], "texture": "#concrete"},
				"down": {"uv": [0, 0, 3, 3], "texture": "#concrete"}
			}
		},
		{
			"from": [7, 19, 8],
			"to": [8, 20, 9],
			"faces": {
				"north": {"uv": [0, 0, 3, 3], "texture": "#concrete"},
				"east": {"uv": [0, 0, 3, 3], "texture": "#concrete"},
				"south": {"uv": [0, 0, 3, 3], "texture": "#concrete"},
				"west": {"uv": [0, 0, 3, 3], "texture": "#concrete"},
				"up": {"uv": [0, 0, 3, 3], "texture": "#concrete"},
				"down": {"uv": [0, 0, 3, 3], "texture": "#concrete"}
			}
		},
		{
			"from": [8, 19, 8],
			"to": [9, 20, 9],
			"faces": {
				"north": {"uv": [0, 0, 3, 3], "texture": "#concrete"},
				"east": {"uv": [0, 0, 3, 3], "texture": "#concrete"},
				"south": {"uv": [0, 0, 3, 3], "texture": "#concrete"},
				"west": {"uv": [0, 0, 3, 3], "texture": "#concrete"},
				"up": {"uv": [0, 0, 3, 3], "texture": "#concrete"},
				"down": {"uv": [0, 0, 3, 3], "texture": "#concrete"}
			}
		},
		{
			"from": [9, 19, 8],
			"to": [10, 20, 9],
			"faces": {
				"north": {"uv": [6, 0, 9, 3], "texture": "#concrete"},
				"east": {"uv": [6, 0, 9, 3], "texture": "#concrete"},
				"south": {"uv": [6, 0, 9, 3], "texture": "#concrete"},
				"west": {"uv": [6, 0, 9, 3], "texture": "#concrete"},
				"up": {"uv": [6, 0, 9, 3], "texture": "#concrete"},
				"down": {"uv": [6, 0, 9, 3], "texture": "#concrete"}
			}
		},
		{
			"from": [10, 19, 8],
			"to": [11, 20, 9],
			"faces": {
				"north": {"uv": [6, 0, 9, 3], "texture": "#concrete"},
				"east": {"uv": [6, 0, 9, 3], "texture": "#concrete"},
				"south": {"uv": [6, 0, 9, 3], "texture": "#concrete"},
				"west": {"uv": [6, 0, 9, 3], "texture": "#concrete"},
				"up": {"uv": [6, 0, 9, 3], "texture": "#concrete"},
				"down": {"uv": [6, 0, 9, 3], "texture": "#concrete"}
			}
		},
		{
			"from": [11, 19, 8],
			"to": [12, 20, 9],
			"faces": {
				"north": {"uv": [0, 0, 3, 3], "texture": "#concrete"},
				"east": {"uv": [0, 0, 3, 3], "texture": "#concrete"},
				"south": {"uv": [0, 0, 3, 3], "texture": "#concrete"},
				"west": {"uv": [0, 0, 3, 3], "texture": "#concrete"},
				"up": {"uv": [0, 0, 3, 3], "texture": "#concrete"},
				"down": {"uv": [0, 0, 3, 3], "texture": "#concrete"}
			}
		},
		{
			"from": [12, 19, 8],
			"to": [13, 20, 9],
			"faces": {
				"north": {"uv": [6, 0, 9, 3], "texture": "#concrete"},
				"east": {"uv": [6, 0, 9, 3], "texture": "#concrete"},
				"south": {"uv": [6, 0, 9, 3], "texture": "#concrete"},
				"west": {"uv": [6, 0, 9, 3], "texture": "#concrete"},
				"up": {"uv": [6, 0, 9, 3], "texture": "#concrete"},
				"down": {"uv": [6, 0, 9, 3], "texture": "#concrete"}
			}
		},
		{
			"from": [13, 19, 8],
			"to": [14, 20, 9],
			"faces": {
				"north": {"uv": [0, 0, 3, 3], "texture": "#concrete"},
				"east": {"uv": [0, 0, 3, 3], "texture": "#concrete"},
				"south": {"uv": [0, 0, 3, 3], "texture": "#concrete"},
				"west": {"uv": [0, 0, 3, 3], "texture": "#concrete"},
				"up": {"uv": [0, 0, 3, 3], "texture": "#concrete"},
				"down": {"uv": [0, 0, 3, 3], "texture": "#concrete"}
			}
		},
		{
			"from": [14, 19, 8],
			"to": [15, 20, 9],
			"faces": {
				"north": {"uv": [0, 0, 3, 3], "texture": "#concrete"},
				"east": {"uv": [0, 0, 3, 3], "texture": "#concrete"},
				"south": {"uv": [0, 0, 3, 3], "texture": "#concrete"},
				"west": {"uv": [0, 0, 3, 3], "texture": "#concrete"},
				"up": {"uv": [0, 0, 3, 3], "texture": "#concrete"},
				"down": {"uv": [0, 0, 3, 3], "texture": "#concrete"}
			}
		},
		{
			"from": [15, 19, 8],
			"to": [16, 20, 9],
			"faces": {
				"north": {"uv": [6, 0, 9, 3], "texture": "#concrete"},
				"east": {"uv": [6, 0, 9, 3], "texture": "#concrete"},
				"south": {"uv": [6, 0, 9, 3], "texture": "#concrete"},
				"west": {"uv": [6, 0, 9, 3], "texture": "#concrete"},
				"up": {"uv": [6, 0, 9, 3], "texture": "#concrete"},
				"down": {"uv": [6, 0, 9, 3], "texture": "#concrete"}
			}
		},
		{
			"from": [3, 20, 8],
			"to": [4, 21, 9],
			"faces": {
				"north": {"uv": [6, 0, 9, 3], "texture": "#concrete"},
				"east": {"uv": [6, 0, 9, 3], "texture": "#concrete"},
				"south": {"uv": [6, 0, 9, 3], "texture": "#concrete"},
				"west": {"uv": [6, 0, 9, 3], "texture": "#concrete"},
				"up": {"uv": [6, 0, 9, 3], "texture": "#concrete"},
				"down": {"uv": [6, 0, 9, 3], "texture": "#concrete"}
			}
		},
		{
			"from": [4, 20, 8],
			"to": [5, 21, 9],
			"faces": {
				"north": {"uv": [6, 0, 9, 3], "texture": "#concrete"},
				"east": {"uv": [6, 0, 9, 3], "texture": "#concrete"},
				"south": {"uv": [6, 0, 9, 3], "texture": "#concrete"},
				"west": {"uv": [6, 0, 9, 3], "texture": "#concrete"},
				"up": {"uv": [6, 0, 9, 3], "texture": "#concrete"},
				"down": {"uv": [6, 0, 9, 3], "texture": "#concrete"}
			}
		},
		{
			"from": [5, 20, 8],
			"to": [6, 21, 9],
			"faces": {
				"north": {"uv": [6, 0, 9, 3], "texture": "#concrete"},
				"east": {"uv": [6, 0, 9, 3], "texture": "#concrete"},
				"south": {"uv": [6, 0, 9, 3], "texture": "#concrete"},
				"west": {"uv": [6, 0, 9, 3], "texture": "#concrete"},
				"up": {"uv": [6, 0, 9, 3], "texture": "#concrete"},
				"down": {"uv": [6, 0, 9, 3], "texture": "#concrete"}
			}
		},
		{
			"from": [6, 20, 8],
			"to": [7, 21, 9],
			"faces": {
				"north": {"uv": [6, 0, 9, 3], "texture": "#concrete"},
				"east": {"uv": [6, 0, 9, 3], "texture": "#concrete"},
				"south": {"uv": [6, 0, 9, 3], "texture": "#concrete"},
				"west": {"uv": [6, 0, 9, 3], "texture": "#concrete"},
				"up": {"uv": [6, 0, 9, 3], "texture": "#concrete"},
				"down": {"uv": [6, 0, 9, 3], "texture": "#concrete"}
			}
		},
		{
			"from": [7, 20, 8],
			"to": [8, 21, 9],
			"faces": {
				"north": {"uv": [6, 0, 9, 3], "texture": "#concrete"},
				"east": {"uv": [6, 0, 9, 3], "texture": "#concrete"},
				"south": {"uv": [6, 0, 9, 3], "texture": "#concrete"},
				"west": {"uv": [6, 0, 9, 3], "texture": "#concrete"},
				"up": {"uv": [6, 0, 9, 3], "texture": "#concrete"},
				"down": {"uv": [6, 0, 9, 3], "texture": "#concrete"}
			}
		},
		{
			"from": [8, 20, 8],
			"to": [9, 21, 9],
			"faces": {
				"north": {"uv": [6, 0, 9, 3], "texture": "#concrete"},
				"east": {"uv": [6, 0, 9, 3], "texture": "#concrete"},
				"south": {"uv": [6, 0, 9, 3], "texture": "#concrete"},
				"west": {"uv": [6, 0, 9, 3], "texture": "#concrete"},
				"up": {"uv": [6, 0, 9, 3], "texture": "#concrete"},
				"down": {"uv": [6, 0, 9, 3], "texture": "#concrete"}
			}
		},
		{
			"from": [9, 20, 8],
			"to": [10, 21, 9],
			"faces": {
				"north": {"uv": [0, 0, 3, 3], "texture": "#concrete"},
				"east": {"uv": [0, 0, 3, 3], "texture": "#concrete"},
				"south": {"uv": [0, 0, 3, 3], "texture": "#concrete"},
				"west": {"uv": [0, 0, 3, 3], "texture": "#concrete"},
				"up": {"uv": [0, 0, 3, 3], "texture": "#concrete"},
				"down": {"uv": [0, 0, 3, 3], "texture": "#concrete"}
			}
		},
		{
			"from": [10, 20, 8],
			"to": [11, 21, 9],
			"faces": {
				"north": {"uv": [0, 0, 3, 3], "texture": "#concrete"},
				"east": {"uv": [0, 0, 3, 3], "texture": "#concrete"},
				"south": {"uv": [0, 0, 3, 3], "texture": "#concrete"},
				"west": {"uv": [0, 0, 3, 3], "texture": "#concrete"},
				"up": {"uv": [0, 0, 3, 3], "texture": "#concrete"},
				"down": {"uv": [0, 0, 3, 3], "texture": "#concrete"}
			}
		},
		{
			"from": [11, 20, 8],
			"to": [12, 21, 9],
			"faces": {
				"north": {"uv": [0, 0, 3, 3], "texture": "#concrete"},
				"east": {"uv": [0, 0, 3, 3], "texture": "#concrete"},
				"south": {"uv": [0, 0, 3, 3], "texture": "#concrete"},
				"west": {"uv": [0, 0, 3, 3], "texture": "#concrete"},
				"up": {"uv": [0, 0, 3, 3], "texture": "#concrete"},
				"down": {"uv": [0, 0, 3, 3], "texture": "#concrete"}
			}
		},
		{
			"from": [12, 20, 8],
			"to": [13, 21, 9],
			"faces": {
				"north": {"uv": [6, 0, 9, 3], "texture": "#concrete"},
				"east": {"uv": [6, 0, 9, 3], "texture": "#concrete"},
				"south": {"uv": [6, 0, 9, 3], "texture": "#concrete"},
				"west": {"uv": [6, 0, 9, 3], "texture": "#concrete"},
				"up": {"uv": [6, 0, 9, 3], "texture": "#concrete"},
				"down": {"uv": [6, 0, 9, 3], "texture": "#concrete"}
			}
		},
		{
			"from": [13, 20, 8],
			"to": [14, 21, 9],
			"faces": {
				"north": {"uv": [0, 0, 3, 3], "texture": "#concrete"},
				"east": {"uv": [0, 0, 3, 3], "texture": "#concrete"},
				"south": {"uv": [0, 0, 3, 3], "texture": "#concrete"},
				"west": {"uv": [0, 0, 3, 3], "texture": "#concrete"},
				"up": {"uv": [0, 0, 3, 3], "texture": "#concrete"},
				"down": {"uv": [0, 0, 3, 3], "texture": "#concrete"}
			}
		},
		{
			"from": [14, 20, 8],
			"to": [15, 21, 9],
			"faces": {
				"north": {"uv": [0, 0, 3, 3], "texture": "#concrete"},
				"east": {"uv": [0, 0, 3, 3], "texture": "#concrete"},
				"south": {"uv": [0, 0, 3, 3], "texture": "#concrete"},
				"west": {"uv": [0, 0, 3, 3], "texture": "#concrete"},
				"up": {"uv": [0, 0, 3, 3], "texture": "#concrete"},
				"down": {"uv": [0, 0, 3, 3], "texture": "#concrete"}
			}
		},
		{
			"from": [15, 20, 8],
			"to": [16, 21, 9],
			"faces": {
				"north": {"uv": [6, 0, 9, 3], "texture": "#concrete"},
				"east": {"uv": [6, 0, 9, 3], "texture": "#concrete"},
				"south": {"uv": [6, 0, 9, 3], "texture": "#concrete"},
				"west": {"uv": [6, 0, 9, 3], "texture": "#concrete"},
				"up": {"uv": [6, 0, 9, 3], "texture": "#concrete"},
				"down": {"uv": [6, 0, 9, 3], "texture": "#concrete"}
			}
		},
		{
			"from": [3, 21, 8],
			"to": [4, 22, 9],
			"faces": {
				"north": {"uv": [6, 0, 9, 3], "texture": "#concrete"},
				"east": {"uv": [6, 0, 9, 3], "texture": "#concrete"},
				"south": {"uv": [6, 0, 9, 3], "texture": "#concrete"},
				"west": {"uv": [6, 0, 9, 3], "texture": "#concrete"},
				"up": {"uv": [6, 0, 9, 3], "texture": "#concrete"},
				"down": {"uv": [6, 0, 9, 3], "texture": "#concrete"}
			}
		},
		{
			"from": [4, 21, 8],
			"to": [5, 22, 9],
			"faces": {
				"north": {"uv": [0, 0, 3, 3], "texture": "#concrete"},
				"east": {"uv": [0, 0, 3, 3], "texture": "#concrete"},
				"south": {"uv": [0, 0, 3, 3], "texture": "#concrete"},
				"west": {"uv": [0, 0, 3, 3], "texture": "#concrete"},
				"up": {"uv": [0, 0, 3, 3], "texture": "#concrete"},
				"down": {"uv": [0, 0, 3, 3], "texture": "#concrete"}
			}
		},
		{
			"from": [5, 21, 8],
			"to": [6, 22, 9],
			"faces": {
				"north": {"uv": [0, 0, 3, 3], "texture": "#concrete"},
				"east": {"uv": [0, 0, 3, 3], "texture": "#concrete"},
				"south": {"uv": [0, 0, 3, 3], "texture": "#concrete"},
				"west": {"uv": [0, 0, 3, 3], "texture": "#concrete"},
				"up": {"uv": [0, 0, 3, 3], "texture": "#concrete"},
				"down": {"uv": [0, 0, 3, 3], "texture": "#concrete"}
			}
		},
		{
			"from": [6, 21, 8],
			"to": [7, 22, 9],
			"faces": {
				"north": {"uv": [6, 0, 9, 3], "texture": "#concrete"},
				"east": {"uv": [6, 0, 9, 3], "texture": "#concrete"},
				"south": {"uv": [6, 0, 9, 3], "texture": "#concrete"},
				"west": {"uv": [6, 0, 9, 3], "texture": "#concrete"},
				"up": {"uv": [6, 0, 9, 3], "texture": "#concrete"},
				"down": {"uv": [6, 0, 9, 3], "texture": "#concrete"}
			}
		},
		{
			"from": [7, 21, 8],
			"to": [8, 22, 9],
			"faces": {
				"north": {"uv": [0, 0, 3, 3], "texture": "#concrete"},
				"east": {"uv": [0, 0, 3, 3], "texture": "#concrete"},
				"south": {"uv": [0, 0, 3, 3], "texture": "#concrete"},
				"west": {"uv": [0, 0, 3, 3], "texture": "#concrete"},
				"up": {"uv": [0, 0, 3, 3], "texture": "#concrete"},
				"down": {"uv": [0, 0, 3, 3], "texture": "#concrete"}
			}
		},
		{
			"from": [8, 21, 8],
			"to": [9, 22, 9],
			"faces": {
				"north": {"uv": [0, 0, 3, 3], "texture": "#concrete"},
				"east": {"uv": [0, 0, 3, 3], "texture": "#concrete"},
				"south": {"uv": [0, 0, 3, 3], "texture": "#concrete"},
				"west": {"uv": [0, 0, 3, 3], "texture": "#concrete"},
				"up": {"uv": [0, 0, 3, 3], "texture": "#concrete"},
				"down": {"uv": [0, 0, 3, 3], "texture": "#concrete"}
			}
		},
		{
			"from": [9, 21, 8],
			"to": [10, 22, 9],
			"faces": {
				"north": {"uv": [6, 0, 9, 3], "texture": "#concrete"},
				"east": {"uv": [6, 0, 9, 3], "texture": "#concrete"},
				"south": {"uv": [6, 0, 9, 3], "texture": "#concrete"},
				"west": {"uv": [6, 0, 9, 3], "texture": "#concrete"},
				"up": {"uv": [6, 0, 9, 3], "texture": "#concrete"},
				"down": {"uv": [6, 0, 9, 3], "texture": "#concrete"}
			}
		},
		{
			"from": [10, 21, 8],
			"to": [11, 22, 9],
			"faces": {
				"north": {"uv": [0, 0, 3, 3], "texture": "#concrete"},
				"east": {"uv": [0, 0, 3, 3], "texture": "#concrete"},
				"south": {"uv": [0, 0, 3, 3], "texture": "#concrete"},
				"west": {"uv": [0, 0, 3, 3], "texture": "#concrete"},
				"up": {"uv": [0, 0, 3, 3], "texture": "#concrete"},
				"down": {"uv": [0, 0, 3, 3], "texture": "#concrete"}
			}
		},
		{
			"from": [11, 21, 8],
			"to": [12, 22, 9],
			"faces": {
				"north": {"uv": [0, 0, 3, 3], "texture": "#concrete"},
				"east": {"uv": [0, 0, 3, 3], "texture": "#concrete"},
				"south": {"uv": [0, 0, 3, 3], "texture": "#concrete"},
				"west": {"uv": [0, 0, 3, 3], "texture": "#concrete"},
				"up": {"uv": [0, 0, 3, 3], "texture": "#concrete"},
				"down": {"uv": [0, 0, 3, 3], "texture": "#concrete"}
			}
		},
		{
			"from": [12, 21, 8],
			"to": [13, 22, 9],
			"faces": {
				"north": {"uv": [6, 0, 9, 3], "texture": "#concrete"},
				"east": {"uv": [6, 0, 9, 3], "texture": "#concrete"},
				"south": {"uv": [6, 0, 9, 3], "texture": "#concrete"},
				"west": {"uv": [6, 0, 9, 3], "texture": "#concrete"},
				"up": {"uv": [6, 0, 9, 3], "texture": "#concrete"},
				"down": {"uv": [6, 0, 9, 3], "texture": "#concrete"}
			}
		},
		{
			"from": [13, 21, 8],
			"to": [14, 22, 9],
			"faces": {
				"north": {"uv": [0, 0, 3, 3], "texture": "#concrete"},
				"east": {"uv": [0, 0, 3, 3], "texture": "#concrete"},
				"south": {"uv": [0, 0, 3, 3], "texture": "#concrete"},
				"west": {"uv": [0, 0, 3, 3], "texture": "#concrete"},
				"up": {"uv": [0, 0, 3, 3], "texture": "#concrete"},
				"down": {"uv": [0, 0, 3, 3], "texture": "#concrete"}
			}
		},
		{
			"from": [14, 21, 8],
			"to": [15, 22, 9],
			"faces": {
				"north": {"uv": [0, 0, 3, 3], "texture": "#concrete"},
				"east": {"uv": [0, 0, 3, 3], "texture": "#concrete"},
				"south": {"uv": [0, 0, 3, 3], "texture": "#concrete"},
				"west": {"uv": [0, 0, 3, 3], "texture": "#concrete"},
				"up": {"uv": [0, 0, 3, 3], "texture": "#concrete"},
				"down": {"uv": [0, 0, 3, 3], "texture": "#concrete"}
			}
		},
		{
			"from": [15, 21, 8],
			"to": [16, 22, 9],
			"faces": {
				"north": {"uv": [6, 0, 9, 3], "texture": "#concrete"},
				"east": {"uv": [6, 0, 9, 3], "texture": "#concrete"},
				"south": {"uv": [6, 0, 9, 3], "texture": "#concrete"},
				"west": {"uv": [6, 0, 9, 3], "texture": "#concrete"},
				"up": {"uv": [6, 0, 9, 3], "texture": "#concrete"},
				"down": {"uv": [6, 0, 9, 3], "texture": "#concrete"}
			}
		},
		{
			"from": [3, 22, 8],
			"to": [4, 23, 9],
			"faces": {
				"north": {"uv": [6, 0, 9, 3], "texture": "#concrete"},
				"east": {"uv": [6, 0, 9, 3], "texture": "#concrete"},
				"south": {"uv": [6, 0, 9, 3], "texture": "#concrete"},
				"west": {"uv": [6, 0, 9, 3], "texture": "#concrete"},
				"up": {"uv": [6, 0, 9, 3], "texture": "#concrete"},
				"down": {"uv": [6, 0, 9, 3], "texture": "#concrete"}
			}
		},
		{
			"from": [4, 22, 8],
			"to": [5, 23, 9],
			"faces": {
				"north": {"uv": [0, 0, 3, 3], "texture": "#concrete"},
				"east": {"uv": [0, 0, 3, 3], "texture": "#concrete"},
				"south": {"uv": [0, 0, 3, 3], "texture": "#concrete"},
				"west": {"uv": [0, 0, 3, 3], "texture": "#concrete"},
				"up": {"uv": [0, 0, 3, 3], "texture": "#concrete"},
				"down": {"uv": [0, 0, 3, 3], "texture": "#concrete"}
			}
		},
		{
			"from": [5, 22, 8],
			"to": [6, 23, 9],
			"faces": {
				"north": {"uv": [0, 0, 3, 3], "texture": "#concrete"},
				"east": {"uv": [0, 0, 3, 3], "texture": "#concrete"},
				"south": {"uv": [0, 0, 3, 3], "texture": "#concrete"},
				"west": {"uv": [0, 0, 3, 3], "texture": "#concrete"},
				"up": {"uv": [0, 0, 3, 3], "texture": "#concrete"},
				"down": {"uv": [0, 0, 3, 3], "texture": "#concrete"}
			}
		},
		{
			"from": [6, 22, 8],
			"to": [7, 23, 9],
			"faces": {
				"north": {"uv": [6, 0, 9, 3], "texture": "#concrete"},
				"east": {"uv": [6, 0, 9, 3], "texture": "#concrete"},
				"south": {"uv": [6, 0, 9, 3], "texture": "#concrete"},
				"west": {"uv": [6, 0, 9, 3], "texture": "#concrete"},
				"up": {"uv": [6, 0, 9, 3], "texture": "#concrete"},
				"down": {"uv": [6, 0, 9, 3], "texture": "#concrete"}
			}
		},
		{
			"from": [7, 22, 8],
			"to": [8, 23, 9],
			"faces": {
				"north": {"uv": [0, 0, 3, 3], "texture": "#concrete"},
				"east": {"uv": [0, 0, 3, 3], "texture": "#concrete"},
				"south": {"uv": [0, 0, 3, 3], "texture": "#concrete"},
				"west": {"uv": [0, 0, 3, 3], "texture": "#concrete"},
				"up": {"uv": [0, 0, 3, 3], "texture": "#concrete"},
				"down": {"uv": [0, 0, 3, 3], "texture": "#concrete"}
			}
		},
		{
			"from": [8, 22, 8],
			"to": [9, 23, 9],
			"faces": {
				"north": {"uv": [0, 0, 3, 3], "texture": "#concrete"},
				"east": {"uv": [0, 0, 3, 3], "texture": "#concrete"},
				"south": {"uv": [0, 0, 3, 3], "texture": "#concrete"},
				"west": {"uv": [0, 0, 3, 3], "texture": "#concrete"},
				"up": {"uv": [0, 0, 3, 3], "texture": "#concrete"},
				"down": {"uv": [0, 0, 3, 3], "texture": "#concrete"}
			}
		},
		{
			"from": [9, 22, 8],
			"to": [10, 23, 9],
			"faces": {
				"north": {"uv": [6, 0, 9, 3], "texture": "#concrete"},
				"east": {"uv": [6, 0, 9, 3], "texture": "#concrete"},
				"south": {"uv": [6, 0, 9, 3], "texture": "#concrete"},
				"west": {"uv": [6, 0, 9, 3], "texture": "#concrete"},
				"up": {"uv": [6, 0, 9, 3], "texture": "#concrete"},
				"down": {"uv": [6, 0, 9, 3], "texture": "#concrete"}
			}
		},
		{
			"from": [10, 22, 8],
			"to": [11, 23, 9],
			"faces": {
				"north": {"uv": [0, 0, 3, 3], "texture": "#concrete"},
				"east": {"uv": [0, 0, 3, 3], "texture": "#concrete"},
				"south": {"uv": [0, 0, 3, 3], "texture": "#concrete"},
				"west": {"uv": [0, 0, 3, 3], "texture": "#concrete"},
				"up": {"uv": [0, 0, 3, 3], "texture": "#concrete"},
				"down": {"uv": [0, 0, 3, 3], "texture": "#concrete"}
			}
		},
		{
			"from": [11, 22, 8],
			"to": [12, 23, 9],
			"faces": {
				"north": {"uv": [0, 0, 3, 3], "texture": "#concrete"},
				"east": {"uv": [0, 0, 3, 3], "texture": "#concrete"},
				"south": {"uv": [0, 0, 3, 3], "texture": "#concrete"},
				"west": {"uv": [0, 0, 3, 3], "texture": "#concrete"},
				"up": {"uv": [0, 0, 3, 3], "texture": "#concrete"},
				"down": {"uv": [0, 0, 3, 3], "texture": "#concrete"}
			}
		},
		{
			"from": [12, 22, 8],
			"to": [13, 23, 9],
			"faces": {
				"north": {"uv": [6, 0, 9, 3], "texture": "#concrete"},
				"east": {"uv": [6, 0, 9, 3], "texture": "#concrete"},
				"south": {"uv": [6, 0, 9, 3], "texture": "#concrete"},
				"west": {"uv": [6, 0, 9, 3], "texture": "#concrete"},
				"up": {"uv": [6, 0, 9, 3], "texture": "#concrete"},
				"down": {"uv": [6, 0, 9, 3], "texture": "#concrete"}
			}
		},
		{
			"from": [13, 22, 8],
			"to": [14, 23, 9],
			"faces": {
				"north": {"uv": [0, 0, 3, 3], "texture": "#concrete"},
				"east": {"uv": [0, 0, 3, 3], "texture": "#concrete"},
				"south": {"uv": [0, 0, 3, 3], "texture": "#concrete"},
				"west": {"uv": [0, 0, 3, 3], "texture": "#concrete"},
				"up": {"uv": [0, 0, 3, 3], "texture": "#concrete"},
				"down": {"uv": [0, 0, 3, 3], "texture": "#concrete"}
			}
		},
		{
			"from": [14, 22, 8],
			"to": [15, 23, 9],
			"faces": {
				"north": {"uv": [6, 0, 9, 3], "texture": "#concrete"},
				"east": {"uv": [6, 0, 9, 3], "texture": "#concrete"},
				"south": {"uv": [6, 0, 9, 3], "texture": "#concrete"},
				"west": {"uv": [6, 0, 9, 3], "texture": "#concrete"},
				"up": {"uv": [6, 0, 9, 3], "texture": "#concrete"},
				"down": {"uv": [6, 0, 9, 3], "texture": "#concrete"}
			}
		},
		{
			"from": [15, 22, 8],
			"to": [16, 23, 9],
			"faces": {
				"north": {"uv": [6, 0, 9, 3], "texture": "#concrete"},
				"east": {"uv": [6, 0, 9, 3], "texture": "#concrete"},
				"south": {"uv": [6, 0, 9, 3], "texture": "#concrete"},
				"west": {"uv": [6, 0, 9, 3], "texture": "#concrete"},
				"up": {"uv": [6, 0, 9, 3], "texture": "#concrete"},
				"down": {"uv": [6, 0, 9, 3], "texture": "#concrete"}
			}
		},
		{
			"from": [3, 23, 8],
			"to": [4, 24, 9],
			"faces": {
				"north": {"uv": [6, 0, 9, 3], "texture": "#concrete"},
				"east": {"uv": [6, 0, 9, 3], "texture": "#concrete"},
				"south": {"uv": [6, 0, 9, 3], "texture": "#concrete"},
				"west": {"uv": [6, 0, 9, 3], "texture": "#concrete"},
				"up": {"uv": [6, 0, 9, 3], "texture": "#concrete"},
				"down": {"uv": [6, 0, 9, 3], "texture": "#concrete"}
			}
		},
		{
			"from": [4, 23, 8],
			"to": [5, 24, 9],
			"faces": {
				"north": {"uv": [6, 0, 9, 3], "texture": "#concrete"},
				"east": {"uv": [6, 0, 9, 3], "texture": "#concrete"},
				"south": {"uv": [6, 0, 9, 3], "texture": "#concrete"},
				"west": {"uv": [6, 0, 9, 3], "texture": "#concrete"},
				"up": {"uv": [6, 0, 9, 3], "texture": "#concrete"},
				"down": {"uv": [6, 0, 9, 3], "texture": "#concrete"}
			}
		},
		{
			"from": [5, 23, 8],
			"to": [6, 24, 9],
			"faces": {
				"north": {"uv": [0, 0, 3, 3], "texture": "#concrete"},
				"east": {"uv": [0, 0, 3, 3], "texture": "#concrete"},
				"south": {"uv": [0, 0, 3, 3], "texture": "#concrete"},
				"west": {"uv": [0, 0, 3, 3], "texture": "#concrete"},
				"up": {"uv": [0, 0, 3, 3], "texture": "#concrete"},
				"down": {"uv": [0, 0, 3, 3], "texture": "#concrete"}
			}
		},
		{
			"from": [6, 23, 8],
			"to": [7, 24, 9],
			"faces": {
				"north": {"uv": [6, 0, 9, 3], "texture": "#concrete"},
				"east": {"uv": [6, 0, 9, 3], "texture": "#concrete"},
				"south": {"uv": [6, 0, 9, 3], "texture": "#concrete"},
				"west": {"uv": [6, 0, 9, 3], "texture": "#concrete"},
				"up": {"uv": [6, 0, 9, 3], "texture": "#concrete"},
				"down": {"uv": [6, 0, 9, 3], "texture": "#concrete"}
			}
		},
		{
			"from": [7, 23, 8],
			"to": [8, 24, 9],
			"faces": {
				"north": {"uv": [0, 0, 3, 3], "texture": "#concrete"},
				"east": {"uv": [0, 0, 3, 3], "texture": "#concrete"},
				"south": {"uv": [0, 0, 3, 3], "texture": "#concrete"},
				"west": {"uv": [0, 0, 3, 3], "texture": "#concrete"},
				"up": {"uv": [0, 0, 3, 3], "texture": "#concrete"},
				"down": {"uv": [0, 0, 3, 3], "texture": "#concrete"}
			}
		},
		{
			"from": [8, 23, 8],
			"to": [9, 24, 9],
			"faces": {
				"north": {"uv": [0, 0, 3, 3], "texture": "#concrete"},
				"east": {"uv": [0, 0, 3, 3], "texture": "#concrete"},
				"south": {"uv": [0, 0, 3, 3], "texture": "#concrete"},
				"west": {"uv": [0, 0, 3, 3], "texture": "#concrete"},
				"up": {"uv": [0, 0, 3, 3], "texture": "#concrete"},
				"down": {"uv": [0, 0, 3, 3], "texture": "#concrete"}
			}
		},
		{
			"from": [9, 23, 8],
			"to": [10, 24, 9],
			"faces": {
				"north": {"uv": [6, 0, 9, 3], "texture": "#concrete"},
				"east": {"uv": [6, 0, 9, 3], "texture": "#concrete"},
				"south": {"uv": [6, 0, 9, 3], "texture": "#concrete"},
				"west": {"uv": [6, 0, 9, 3], "texture": "#concrete"},
				"up": {"uv": [6, 0, 9, 3], "texture": "#concrete"},
				"down": {"uv": [6, 0, 9, 3], "texture": "#concrete"}
			}
		},
		{
			"from": [10, 23, 8],
			"to": [11, 24, 9],
			"faces": {
				"north": {"uv": [0, 0, 3, 3], "texture": "#concrete"},
				"east": {"uv": [0, 0, 3, 3], "texture": "#concrete"},
				"south": {"uv": [0, 0, 3, 3], "texture": "#concrete"},
				"west": {"uv": [0, 0, 3, 3], "texture": "#concrete"},
				"up": {"uv": [0, 0, 3, 3], "texture": "#concrete"},
				"down": {"uv": [0, 0, 3, 3], "texture": "#concrete"}
			}
		},
		{
			"from": [11, 23, 8],
			"to": [12, 24, 9],
			"faces": {
				"north": {"uv": [0, 0, 3, 3], "texture": "#concrete"},
				"east": {"uv": [0, 0, 3, 3], "texture": "#concrete"},
				"south": {"uv": [0, 0, 3, 3], "texture": "#concrete"},
				"west": {"uv": [0, 0, 3, 3], "texture": "#concrete"},
				"up": {"uv": [0, 0, 3, 3], "texture": "#concrete"},
				"down": {"uv": [0, 0, 3, 3], "texture": "#concrete"}
			}
		},
		{
			"from": [12, 23, 8],
			"to": [13, 24, 9],
			"faces": {
				"north": {"uv": [6, 0, 9, 3], "texture": "#concrete"},
				"east": {"uv": [6, 0, 9, 3], "texture": "#concrete"},
				"south": {"uv": [6, 0, 9, 3], "texture": "#concrete"},
				"west": {"uv": [6, 0, 9, 3], "texture": "#concrete"},
				"up": {"uv": [6, 0, 9, 3], "texture": "#concrete"},
				"down": {"uv": [6, 0, 9, 3], "texture": "#concrete"}
			}
		},
		{
			"from": [13, 23, 8],
			"to": [14, 24, 9],
			"faces": {
				"north": {"uv": [6, 0, 9, 3], "texture": "#concrete"},
				"east": {"uv": [6, 0, 9, 3], "texture": "#concrete"},
				"south": {"uv": [6, 0, 9, 3], "texture": "#concrete"},
				"west": {"uv": [6, 0, 9, 3], "texture": "#concrete"},
				"up": {"uv": [6, 0, 9, 3], "texture": "#concrete"},
				"down": {"uv": [6, 0, 9, 3], "texture": "#concrete"}
			}
		},
		{
			"from": [14, 23, 8],
			"to": [15, 24, 9],
			"faces": {
				"north": {"uv": [6, 0, 9, 3], "texture": "#concrete"},
				"east": {"uv": [6, 0, 9, 3], "texture": "#concrete"},
				"south": {"uv": [6, 0, 9, 3], "texture": "#concrete"},
				"west": {"uv": [6, 0, 9, 3], "texture": "#concrete"},
				"up": {"uv": [6, 0, 9, 3], "texture": "#concrete"},
				"down": {"uv": [6, 0, 9, 3], "texture": "#concrete"}
			}
		},
		{
			"from": [4, 24, 8],
			"to": [5, 25, 9],
			"faces": {
				"north": {"uv": [6, 0, 9, 3], "texture": "#concrete"},
				"east": {"uv": [6, 0, 9, 3], "texture": "#concrete"},
				"south": {"uv": [6, 0, 9, 3], "texture": "#concrete"},
				"west": {"uv": [6, 0, 9, 3], "texture": "#concrete"},
				"up": {"uv": [6, 0, 9, 3], "texture": "#concrete"},
				"down": {"uv": [6, 0, 9, 3], "texture": "#concrete"}
			}
		},
		{
			"from": [5, 24, 8],
			"to": [6, 25, 9],
			"faces": {
				"north": {"uv": [6, 0, 9, 3], "texture": "#concrete"},
				"east": {"uv": [6, 0, 9, 3], "texture": "#concrete"},
				"south": {"uv": [6, 0, 9, 3], "texture": "#concrete"},
				"west": {"uv": [6, 0, 9, 3], "texture": "#concrete"},
				"up": {"uv": [6, 0, 9, 3], "texture": "#concrete"},
				"down": {"uv": [6, 0, 9, 3], "texture": "#concrete"}
			}
		},
		{
			"from": [6, 24, 8],
			"to": [7, 25, 9],
			"faces": {
				"north": {"uv": [6, 0, 9, 3], "texture": "#concrete"},
				"east": {"uv": [6, 0, 9, 3], "texture": "#concrete"},
				"south": {"uv": [6, 0, 9, 3], "texture": "#concrete"},
				"west": {"uv": [6, 0, 9, 3], "texture": "#concrete"},
				"up": {"uv": [6, 0, 9, 3], "texture": "#concrete"},
				"down": {"uv": [6, 0, 9, 3], "texture": "#concrete"}
			}
		},
		{
			"from": [8.5, -16, 8],
			"to": [9.5, 12, 9],
			"faces": {
				"north": {"uv": [6, 0, 9, 3], "texture": "#concrete"},
				"east": {"uv": [6, 0, 9, 3], "texture": "#concrete"},
				"south": {"uv": [6, 0, 9, 3], "texture": "#concrete"},
				"west": {"uv": [6, 0, 9, 3], "texture": "#concrete"},
				"up": {"uv": [6, 0, 9, 3], "texture": "#concrete"},
				"down": {"uv": [6, 0, 9, 3], "texture": "#concrete"}
			}
		},
		{
			"from": [7, 24, 8],
			"to": [8, 25, 9],
			"faces": {
				"north": {"uv": [0, 0, 3, 3], "texture": "#concrete"},
				"east": {"uv": [0, 0, 3, 3], "texture": "#concrete"},
				"south": {"uv": [0, 0, 3, 3], "texture": "#concrete"},
				"west": {"uv": [0, 0, 3, 3], "texture": "#concrete"},
				"up": {"uv": [0, 0, 3, 3], "texture": "#concrete"},
				"down": {"uv": [0, 0, 3, 3], "texture": "#concrete"}
			}
		},
		{
			"from": [8, 24, 8],
			"to": [9, 25, 9],
			"faces": {
				"north": {"uv": [0, 0, 3, 3], "texture": "#concrete"},
				"east": {"uv": [0, 0, 3, 3], "texture": "#concrete"},
				"south": {"uv": [0, 0, 3, 3], "texture": "#concrete"},
				"west": {"uv": [0, 0, 3, 3], "texture": "#concrete"},
				"up": {"uv": [0, 0, 3, 3], "texture": "#concrete"},
				"down": {"uv": [0, 0, 3, 3], "texture": "#concrete"}
			}
		},
		{
			"from": [9, 24, 8],
			"to": [10, 25, 9],
			"faces": {
				"north": {"uv": [6, 0, 9, 3], "texture": "#concrete"},
				"east": {"uv": [6, 0, 9, 3], "texture": "#concrete"},
				"south": {"uv": [6, 0, 9, 3], "texture": "#concrete"},
				"west": {"uv": [6, 0, 9, 3], "texture": "#concrete"},
				"up": {"uv": [6, 0, 9, 3], "texture": "#concrete"},
				"down": {"uv": [6, 0, 9, 3], "texture": "#concrete"}
			}
		},
		{
			"from": [10, 24, 8],
			"to": [11, 25, 9],
			"faces": {
				"north": {"uv": [0, 0, 3, 3], "texture": "#concrete"},
				"east": {"uv": [0, 0, 3, 3], "texture": "#concrete"},
				"south": {"uv": [0, 0, 3, 3], "texture": "#concrete"},
				"west": {"uv": [0, 0, 3, 3], "texture": "#concrete"},
				"up": {"uv": [0, 0, 3, 3], "texture": "#concrete"},
				"down": {"uv": [0, 0, 3, 3], "texture": "#concrete"}
			}
		},
		{
			"from": [11, 24, 8],
			"to": [12, 25, 9],
			"faces": {
				"north": {"uv": [0, 0, 3, 3], "texture": "#concrete"},
				"east": {"uv": [0, 0, 3, 3], "texture": "#concrete"},
				"south": {"uv": [0, 0, 3, 3], "texture": "#concrete"},
				"west": {"uv": [0, 0, 3, 3], "texture": "#concrete"},
				"up": {"uv": [0, 0, 3, 3], "texture": "#concrete"},
				"down": {"uv": [0, 0, 3, 3], "texture": "#concrete"}
			}
		},
		{
			"from": [12, 24, 8],
			"to": [13, 25, 9],
			"faces": {
				"north": {"uv": [6, 0, 9, 3], "texture": "#concrete"},
				"east": {"uv": [6, 0, 9, 3], "texture": "#concrete"},
				"south": {"uv": [6, 0, 9, 3], "texture": "#concrete"},
				"west": {"uv": [6, 0, 9, 3], "texture": "#concrete"},
				"up": {"uv": [6, 0, 9, 3], "texture": "#concrete"},
				"down": {"uv": [6, 0, 9, 3], "texture": "#concrete"}
			}
		},
		{
			"from": [6, 25, 8],
			"to": [7, 26, 9],
			"faces": {
				"north": {"uv": [6, 0, 9, 3], "texture": "#concrete"},
				"east": {"uv": [6, 0, 9, 3], "texture": "#concrete"},
				"south": {"uv": [6, 0, 9, 3], "texture": "#concrete"},
				"west": {"uv": [6, 0, 9, 3], "texture": "#concrete"},
				"up": {"uv": [6, 0, 9, 3], "texture": "#concrete"},
				"down": {"uv": [6, 0, 9, 3], "texture": "#concrete"}
			}
		},
		{
			"from": [7, 25, 8],
			"to": [8, 26, 9],
			"faces": {
				"north": {"uv": [6, 0, 9, 3], "texture": "#concrete"},
				"east": {"uv": [6, 0, 9, 3], "texture": "#concrete"},
				"south": {"uv": [6, 0, 9, 3], "texture": "#concrete"},
				"west": {"uv": [6, 0, 9, 3], "texture": "#concrete"},
				"up": {"uv": [6, 0, 9, 3], "texture": "#concrete"},
				"down": {"uv": [6, 0, 9, 3], "texture": "#concrete"}
			}
		},
		{
			"from": [8, 25, 8],
			"to": [9, 26, 9],
			"faces": {
				"north": {"uv": [6, 0, 9, 3], "texture": "#concrete"},
				"east": {"uv": [6, 0, 9, 3], "texture": "#concrete"},
				"south": {"uv": [6, 0, 9, 3], "texture": "#concrete"},
				"west": {"uv": [6, 0, 9, 3], "texture": "#concrete"},
				"up": {"uv": [6, 0, 9, 3], "texture": "#concrete"},
				"down": {"uv": [6, 0, 9, 3], "texture": "#concrete"}
			}
		},
		{
			"from": [9, 25, 8],
			"to": [10, 26, 9],
			"faces": {
				"north": {"uv": [6, 0, 9, 3], "texture": "#concrete"},
				"east": {"uv": [6, 0, 9, 3], "texture": "#concrete"},
				"south": {"uv": [6, 0, 9, 3], "texture": "#concrete"},
				"west": {"uv": [6, 0, 9, 3], "texture": "#concrete"},
				"up": {"uv": [6, 0, 9, 3], "texture": "#concrete"},
				"down": {"uv": [6, 0, 9, 3], "texture": "#concrete"}
			}
		},
		{
			"from": [10, 25, 8],
			"to": [11, 26, 9],
			"faces": {
				"north": {"uv": [6, 0, 9, 3], "texture": "#concrete"},
				"east": {"uv": [6, 0, 9, 3], "texture": "#concrete"},
				"south": {"uv": [6, 0, 9, 3], "texture": "#concrete"},
				"west": {"uv": [6, 0, 9, 3], "texture": "#concrete"},
				"up": {"uv": [6, 0, 9, 3], "texture": "#concrete"},
				"down": {"uv": [6, 0, 9, 3], "texture": "#concrete"}
			}
		},
		{
			"from": [11, 25, 8],
			"to": [12, 26, 9],
			"faces": {
				"north": {"uv": [6, 0, 9, 3], "texture": "#concrete"},
				"east": {"uv": [6, 0, 9, 3], "texture": "#concrete"},
				"south": {"uv": [6, 0, 9, 3], "texture": "#concrete"},
				"west": {"uv": [6, 0, 9, 3], "texture": "#concrete"},
				"up": {"uv": [6, 0, 9, 3], "texture": "#concrete"},
				"down": {"uv": [6, 0, 9, 3], "texture": "#concrete"}
			}
		},
		{
			"from": [12, 25, 8],
			"to": [13, 26, 9],
			"faces": {
				"north": {"uv": [6, 0, 9, 3], "texture": "#concrete"},
				"east": {"uv": [6, 0, 9, 3], "texture": "#concrete"},
				"south": {"uv": [6, 0, 9, 3], "texture": "#concrete"},
				"west": {"uv": [6, 0, 9, 3], "texture": "#concrete"},
				"up": {"uv": [6, 0, 9, 3], "texture": "#concrete"},
				"down": {"uv": [6, 0, 9, 3], "texture": "#concrete"}
			}
		}
	],
	"display": {
		"thirdperson_righthand": {
			"rotation": [0, 90, 0],
			"translation": [0, 11.5, 1.75],
			"scale": [0.7, 0.7, 0.7]
		},
		"thirdperson_lefthand": {
			"rotation": [0, 90, 0],
			"translation": [0, 11.5, 1.75],
			"scale": [0.7, 0.7, 0.7]
		},
		"firstperson_righthand": {
			"translation": [8.25, 4, -6.5],
			"scale": [0.7, 0.7, 0.7]
		},
		"firstperson_lefthand": {
			"translation": [8.25, 4, -6.5],
			"scale": [0.7, 0.7, 0.7]
		},
		"ground": {
			"translation": [0, 13.25, 0],
			"scale": [0.7, 0.7, 0.7]
		},
		"gui": {
			"rotation": [45, 45, 0],
			"translation": [-0.25, 1, 0],
			"scale": [0.7, 0.7, 0.7]
		}
	}
}