{
	"credit": "Made with Blockbench",
	"texture_size": [32, 32],
	"textures": {
		"0": "items/cat1",
		"particle": "items/cat1"
	},
	"elements": [
		{
			"from": [3, 0, 3],
			"to": [13, 6, 13],
			"faces": {
				"north": {"uv": [5, 0, 10, 3], "texture": "#0"},
				"east": {"uv": [5, 3, 10, 6], "texture": "#0"},
				"south": {"uv": [5, 6, 10, 9], "texture": "#0"},
				"west": {"uv": [5, 9, 10, 12], "texture": "#0"},
				"up": {"uv": [5, 5, 0, 0], "texture": "#0"},
				"down": {"uv": [5, 5, 0, 10], "texture": "#0"}
			}
		},
		{
			"from": [1.2, 0.1, 10],
			"to": [3.3, 1.1, 13],
			"rotation": {"angle": 45, "axis": "z", "origin": [3.5, 0.5, 8]},
			"faces": {
				"north": {"uv": [11.5, 8.5, 12.5, 9], "texture": "#0"},
				"east": {"uv": [11, 5.5, 12.5, 6], "texture": "#0"},
				"south": {"uv": [11.5, 9, 12.5, 9.5], "texture": "#0"},
				"west": {"uv": [11, 6, 12.5, 6.5], "texture": "#0"},
				"up": {"uv": [11, 6, 10, 4.5], "texture": "#0"},
				"down": {"uv": [11, 6, 10, 7.5], "texture": "#0"}
			}
		},
		{
			"from": [1.2, 0.1, 3],
			"to": [3.3, 1.1, 6],
			"rotation": {"angle": 45, "axis": "z", "origin": [3.5, 0.5, 8]},
			"faces": {
				"north": {"uv": [11.5, 9.5, 12.5, 10], "texture": "#0"},
				"east": {"uv": [11, 6.5, 12.5, 7], "texture": "#0"},
				"south": {"uv": [10, 11.5, 11, 12], "texture": "#0"},
				"west": {"uv": [11, 7, 12.5, 7.5], "texture": "#0"},
				"up": {"uv": [11, 9, 10, 7.5], "texture": "#0"},
				"down": {"uv": [11, 9, 10, 10.5], "texture": "#0"}
			}
		},
		{
			"from": [6.4, 7.00102, 2.55933],
			"to": [7.4, 10.00102, 5.55933],
			"rotation": {"angle": -22.5, "axis": "x", "origin": [6.9, 6.85, 8.25]},
			"faces": {
				"north": {"uv": [4.5, 10, 5, 11.5], "texture": "#0"},
				"east": {"uv": [0, 10, 1.5, 11.5], "texture": "#0"},
				"south": {"uv": [11, 7.5, 11.5, 9], "texture": "#0"},
				"west": {"uv": [10, 0, 11.5, 1.5], "texture": "#0"},
				"up": {"uv": [11.5, 10.5, 11, 9], "texture": "#0"},
				"down": {"uv": [0.5, 11.5, 0, 13], "texture": "#0"}
			}
		},
		{
			"from": [6.4, 5.6, 10.6],
			"to": [7.4, 7.6, 13.6],
			"rotation": {"angle": 22.5, "axis": "x", "origin": [6.9, 6.85, 11.35]},
			"faces": {
				"north": {"uv": [11.5, 10, 12, 11], "texture": "#0"},
				"east": {"uv": [10, 10.5, 11.5, 11.5], "texture": "#0"},
				"south": {"uv": [11, 11.5, 11.5, 12.5], "texture": "#0"},
				"west": {"uv": [11, 4.5, 12.5, 5.5], "texture": "#0"},
				"up": {"uv": [12, 1.5, 11.5, 0], "texture": "#0"},
				"down": {"uv": [1, 11.5, 0.5, 13], "texture": "#0"}
			}
		},
		{
			"from": [6.4, 7.6, 11.6],
			"to": [7.4, 8.6, 13.6],
			"rotation": {"angle": 22.5, "axis": "x", "origin": [6.9, 6.85, 11.35]},
			"faces": {
				"north": {"uv": [12.5, 0, 13, 0.5], "texture": "#0"},
				"east": {"uv": [11.5, 11, 12.5, 11.5], "texture": "#0"},
				"south": {"uv": [12.5, 0.5, 13, 1], "texture": "#0"},
				"west": {"uv": [11.5, 11.5, 12.5, 12], "texture": "#0"},
				"up": {"uv": [12.5, 1, 12, 0], "texture": "#0"},
				"down": {"uv": [12.5, 1, 12, 2], "texture": "#0"}
			}
		},
		{
			"from": [2.09906, 1.00063, 9],
			"to": [3.09906, 4.10063, 12],
			"rotation": {"angle": 0, "axis": "y", "origin": [3.19906, 0.05063, 10.5]},
			"faces": {
				"north": {"uv": [1, 11.5, 1.5, 13], "texture": "#0"},
				"east": {"uv": [1.5, 10, 3, 11.5], "texture": "#0"},
				"south": {"uv": [1.5, 11.5, 2, 13], "texture": "#0"},
				"west": {"uv": [10, 1.5, 11.5, 3], "texture": "#0"},
				"up": {"uv": [12, 3, 11.5, 1.5], "texture": "#0"},
				"down": {"uv": [2.5, 11.5, 2, 13], "texture": "#0"}
			}
		},
		{
			"from": [2.09906, 1.00063, 4],
			"to": [3.09906, 4.10063, 7],
			"rotation": {"angle": 0, "axis": "y", "origin": [3.19906, 0.05063, 10.5]},
			"faces": {
				"north": {"uv": [2.5, 11.5, 3, 13], "texture": "#0"},
				"east": {"uv": [3, 10, 4.5, 11.5], "texture": "#0"},
				"south": {"uv": [3, 11.5, 3.5, 13], "texture": "#0"},
				"west": {"uv": [10, 3, 11.5, 4.5], "texture": "#0"},
				"up": {"uv": [12, 4.5, 11.5, 3], "texture": "#0"},
				"down": {"uv": [4, 11.5, 3.5, 13], "texture": "#0"}
			}
		},
		{
			"from": [14.05, 0, 7.67],
			"to": [15.85, 1, 8.67],
			"rotation": {"angle": -22.5, "axis": "y", "origin": [14.8, 0.5, 7.9]},
			"faces": {
				"north": {"uv": [12, 2, 13, 2.5], "texture": "#0"},
				"east": {"uv": [12.5, 1, 13, 1.5], "texture": "#0"},
				"south": {"uv": [12, 2.5, 13, 3], "texture": "#0"},
				"west": {"uv": [12.5, 1.5, 13, 2], "texture": "#0"},
				"up": {"uv": [13, 3.5, 12, 3], "texture": "#0"},
				"down": {"uv": [13, 3.5, 12, 4], "texture": "#0"}
			}
		},
		{
			"from": [14.7, 0, 8.48],
			"to": [15.7, 1, 10.28],
			"rotation": {"angle": 22.5, "axis": "y", "origin": [14.8, 0.5, 7.9]},
			"faces": {
				"north": {"uv": [12.5, 4.5, 13, 5], "texture": "#0"},
				"east": {"uv": [12, 4, 13, 4.5], "texture": "#0"},
				"south": {"uv": [5, 12.5, 5.5, 13], "texture": "#0"},
				"west": {"uv": [5, 12, 6, 12.5], "texture": "#0"},
				"up": {"uv": [6.5, 13, 6, 12], "texture": "#0"},
				"down": {"uv": [7, 12, 6.5, 13], "texture": "#0"}
			}
		},
		{
			"from": [15.54, 0, 9.75],
			"to": [16.54, 1, 12.55],
			"rotation": {"angle": 0, "axis": "y", "origin": [14.8, 0.5, 7.9]},
			"faces": {
				"north": {"uv": [12.5, 5, 13, 5.5], "texture": "#0"},
				"east": {"uv": [11.5, 7.5, 13, 8], "texture": "#0"},
				"south": {"uv": [5.5, 12.5, 6, 13], "texture": "#0"},
				"west": {"uv": [11.5, 8, 13, 8.5], "texture": "#0"},
				"up": {"uv": [4.5, 13, 4, 11.5], "texture": "#0"},
				"down": {"uv": [5, 11.5, 4.5, 13], "texture": "#0"}
			}
		},
		{
			"from": [17.185, 0, 11.52],
			"to": [18.185, 1, 13.32],
			"rotation": {"angle": -22.5, "axis": "y", "origin": [14.8, 0.5, 7.9]},
			"faces": {
				"north": {"uv": [12.5, 5.5, 13, 6], "texture": "#0"},
				"east": {"uv": [7, 12, 8, 12.5], "texture": "#0"},
				"south": {"uv": [12.5, 6, 13, 6.5], "texture": "#0"},
				"west": {"uv": [8, 12, 9, 12.5], "texture": "#0"},
				"up": {"uv": [9.5, 13, 9, 12], "texture": "#0"},
				"down": {"uv": [10, 12, 9.5, 13], "texture": "#0"}
			}
		},
		{
			"from": [12.4, 0, 7.4],
			"to": [14.2, 1, 8.4],
			"faces": {
				"north": {"uv": [10, 12, 11, 12.5], "texture": "#0"},
				"east": {"uv": [12.5, 6.5, 13, 7], "texture": "#0"},
				"south": {"uv": [12, 10, 13, 10.5], "texture": "#0"},
				"west": {"uv": [7, 12.5, 7.5, 13], "texture": "#0"},
				"up": {"uv": [13, 11, 12, 10.5], "texture": "#0"},
				"down": {"uv": [12.5, 12, 11.5, 12.5], "texture": "#0"}
			}
		}
	],
	"display": {
		"thirdperson_righthand": {
			"rotation": [90, -90, 0],
			"translation": [0, -1.75, 16],
			"scale": [0.5, 0.5, 0.5]
		},
		"thirdperson_lefthand": {
			"rotation": [90, 90, 0],
			"translation": [0, -1.75, 16],
			"scale": [0.5, 0.5, 0.5]
		},
		"firstperson_righthand": {
			"rotation": [41, -90, 0],
			"translation": [3.5, 5.25, 3],
			"scale": [0, 0, 0]
		},
		"firstperson_lefthand": {
			"rotation": [41, -90, 0],
			"translation": [3.5, 5.25, 3],
			"scale": [0, 0, 0]
		},
		"ground": {
			"translation": [0, 4.25, 0]
		},
		"gui": {
			"rotation": [0, 90, 0],
			"translation": [0, 5, 0],
			"scale": [1.2, 1.2, 1.2]
		},
		"head": {
			"rotation": [0, -90, 0],
			"translation": [0, 18.75, 0],
			"scale": [1.7, 1.7, 1.7]
		},
		"fixed": {
			"rotation": [0, -90, 0],
			"translation": [0, 7.25, 0],
			"scale": [1.5, 1.5, 1.5]
		}
	},
	"groups": [
		{
			"name": "group",
			"origin": [8, 8, 8],
			"color": 0,
			"children": [0, 1, 2, 3, 4, 5, 6, 7, 8, 9, 10, 11, 12]
		}
	]
}