{
	"credit": "Made with Blockbench",
	"textures": {
		"0": "blocks/log_oak",
		"1": "blocks/log_oak_top",
		"2": "blocks/planks_oak",
		"3": "items/123123",
		"4": "items/d_chicken"
	},
	"elements": [
		{
			"from": [3.6, 6.475, 7.025],
			"to": [4.4, 8.475, 7.675],
			"rotation": {"angle": -45, "axis": "x", "origin": [16.5, 0, -1]},
			"faces": {
				"north": {"uv": [0, 0, 16, 16], "texture": "#3"},
				"east": {"uv": [0, 0, 16, 16], "texture": "#3"},
				"south": {"uv": [0, 0, 16, 16], "texture": "#3"},
				"west": {"uv": [0, 0, 16, 16], "texture": "#3"},
				"up": {"uv": [0, 0, 16, 16], "texture": "#3"},
				"down": {"uv": [0, 0, 16, 16], "texture": "#3"}
			}
		},
		{
			"from": [3.6, 11.47688, -3.35858],
			"to": [4.4, 12.12688, -0.85858],
			"rotation": {"angle": 0, "axis": "y", "origin": [16.5, 3.45188, 5.61642]},
			"faces": {
				"north": {"uv": [0, 0, 16, 16], "texture": "#3"},
				"east": {"uv": [0, 0, 16, 16], "texture": "#3"},
				"south": {"uv": [0, 0, 16, 16], "texture": "#3"},
				"west": {"uv": [0, 0, 16, 16], "texture": "#3"},
				"up": {"uv": [0, 0, 16, 16], "texture": "#3"},
				"down": {"uv": [0, 0, 16, 16], "texture": "#3"}
			}
		},
		{
			"from": [3.6, 7.475, -11.89216],
			"to": [4.4, 8.475, -11.24216],
			"rotation": {"angle": 45, "axis": "x", "origin": [16.5, 0, -3.21716]},
			"faces": {
				"north": {"uv": [0, 0, 16, 16], "texture": "#3"},
				"east": {"uv": [0, 0, 16, 16], "texture": "#3"},
				"south": {"uv": [0, 0, 16, 16], "texture": "#3"},
				"west": {"uv": [0, 0, 16, 16], "texture": "#3"},
				"up": {"uv": [0, 0, 16, 16], "texture": "#3"},
				"down": {"uv": [0, 0, 16, 16], "texture": "#3"}
			}
		},
		{
			"from": [3.6, 4.41977, -4.06569],
			"to": [4.4, 11.41977, -3.41569],
			"rotation": {"angle": 0, "axis": "y", "origin": [16.5, 2.94477, 4.60931]},
			"faces": {
				"north": {"uv": [0, 0, 16, 16], "texture": "#3"},
				"east": {"uv": [0, 0, 16, 16], "texture": "#3"},
				"south": {"uv": [0, 0, 16, 16], "texture": "#3"},
				"west": {"uv": [0, 0, 16, 16], "texture": "#3"},
				"up": {"uv": [0, 0, 16, 16], "texture": "#3"},
				"down": {"uv": [0, 0, 16, 16], "texture": "#3"}
			}
		},
		{
			"from": [3.6, 7.0362, -0.6138],
			"to": [4.4, 13.0362, 0.0362],
			"rotation": {"angle": -45, "axis": "x", "origin": [16.5, 4.5612, 8.0612]},
			"faces": {
				"north": {"uv": [0, 0, 16, 16], "texture": "#3"},
				"east": {"uv": [0, 0, 16, 16], "texture": "#3"},
				"south": {"uv": [0, 0, 16, 16], "texture": "#3"},
				"west": {"uv": [0, 0, 16, 16], "texture": "#3"},
				"up": {"uv": [0, 0, 16, 16], "texture": "#3"},
				"down": {"uv": [0, 0, 16, 16], "texture": "#3"}
			}
		},
		{
			"from": [11.6, 6.475, 7.025],
			"to": [12.4, 8.475, 7.675],
			"rotation": {"angle": -45, "axis": "x", "origin": [-0.5, 0, -1]},
			"faces": {
				"north": {"uv": [0, 0, 16, 16], "texture": "#3"},
				"east": {"uv": [0, 0, 16, 16], "texture": "#3"},
				"south": {"uv": [0, 0, 16, 16], "texture": "#3"},
				"west": {"uv": [0, 0, 16, 16], "texture": "#3"},
				"up": {"uv": [0, 0, 16, 16], "texture": "#3"},
				"down": {"uv": [0, 0, 16, 16], "texture": "#3"}
			}
		},
		{
			"from": [11.6, 11.47688, -3.35858],
			"to": [12.4, 12.12688, -0.85858],
			"rotation": {"angle": 0, "axis": "y", "origin": [-0.5, 3.45188, 5.61642]},
			"faces": {
				"north": {"uv": [0, 0, 16, 16], "texture": "#3"},
				"east": {"uv": [0, 0, 16, 16], "texture": "#3"},
				"south": {"uv": [0, 0, 16, 16], "texture": "#3"},
				"west": {"uv": [0, 0, 16, 16], "texture": "#3"},
				"up": {"uv": [0, 0, 16, 16], "texture": "#3"},
				"down": {"uv": [0, 0, 16, 16], "texture": "#3"}
			}
		},
		{
			"from": [11.6, 7.475, -11.89216],
			"to": [12.4, 8.475, -11.24216],
			"rotation": {"angle": 45, "axis": "x", "origin": [-0.5, 0, -3.21716]},
			"faces": {
				"north": {"uv": [0, 0, 16, 16], "texture": "#3"},
				"east": {"uv": [0, 0, 16, 16], "texture": "#3"},
				"south": {"uv": [0, 0, 16, 16], "texture": "#3"},
				"west": {"uv": [0, 0, 16, 16], "texture": "#3"},
				"up": {"uv": [0, 0, 16, 16], "texture": "#3"},
				"down": {"uv": [0, 0, 16, 16], "texture": "#3"}
			}
		},
		{
			"from": [11.6, 4.41977, -4.06569],
			"to": [12.4, 11.41977, -3.41569],
			"rotation": {"angle": 0, "axis": "y", "origin": [-0.5, 2.94477, 4.60931]},
			"faces": {
				"north": {"uv": [0, 0, 16, 16], "texture": "#3"},
				"east": {"uv": [0, 0, 16, 16], "texture": "#3"},
				"south": {"uv": [0, 0, 16, 16], "texture": "#3"},
				"west": {"uv": [0, 0, 16, 16], "texture": "#3"},
				"up": {"uv": [0, 0, 16, 16], "texture": "#3"},
				"down": {"uv": [0, 0, 16, 16], "texture": "#3"}
			}
		},
		{
			"from": [11.6, 7.0362, -0.6138],
			"to": [12.4, 13.0362, 0.0362],
			"rotation": {"angle": -45, "axis": "x", "origin": [-0.5, 4.5612, 8.0612]},
			"faces": {
				"north": {"uv": [0, 0, 16, 16], "texture": "#3"},
				"east": {"uv": [0, 0, 16, 16], "texture": "#3"},
				"south": {"uv": [0, 0, 16, 16], "texture": "#3"},
				"west": {"uv": [0, 0, 16, 16], "texture": "#3"},
				"up": {"uv": [0, 0, 16, 16], "texture": "#3"},
				"down": {"uv": [0, 0, 16, 16], "texture": "#3"}
			}
		},
		{
			"from": [3.5, 1, 0.1],
			"to": [4.5, 14.5, 1.1],
			"rotation": {"angle": 0, "axis": "y", "origin": [16.5, 0, 0]},
			"faces": {
				"north": {"uv": [5, 0, 11, 16], "texture": "#0"},
				"east": {"uv": [5, 0, 11, 16], "texture": "#0"},
				"south": {"uv": [5, 0, 11, 16], "texture": "#0"},
				"west": {"uv": [5, 0, 11, 16], "texture": "#0"},
				"up": {"uv": [0, 0, 16, 16], "texture": "#1"},
				"down": {"uv": [5, 0, 11, 16], "texture": "#0"}
			}
		},
		{
			"from": [3.75, 10, 0.25],
			"to": [12.25, 11, 1],
			"rotation": {"angle": 0, "axis": "y", "origin": [-0.5, 0, 0]},
			"faces": {
				"north": {"uv": [0, 0, 16, 16], "rotation": 90, "texture": "#0"},
				"east": {"uv": [0, 0, 16, 16], "rotation": 90, "texture": "#0"},
				"south": {"uv": [0, 0, 16, 16], "rotation": 90, "texture": "#0"},
				"west": {"uv": [0, 0, 16, 16], "rotation": 90, "texture": "#0"},
				"up": {"uv": [0, 0, 16, 16], "rotation": 90, "texture": "#0"},
				"down": {"uv": [0, 0, 16, 16], "rotation": 90, "texture": "#0"}
			}
		},
		{
			"from": [11.5, 1, 0.1],
			"to": [12.5, 14.5, 1.1],
			"rotation": {"angle": 0, "axis": "y", "origin": [-0.5, 0, 0]},
			"faces": {
				"north": {"uv": [5, 0, 11, 16], "texture": "#0"},
				"east": {"uv": [5, 0, 11, 16], "texture": "#0"},
				"south": {"uv": [5, 0, 11, 16], "texture": "#0"},
				"west": {"uv": [5, 0, 11, 16], "texture": "#0"},
				"up": {"uv": [0, 0, 16, 16], "texture": "#1"},
				"down": {"uv": [5, 0, 11, 16], "texture": "#0"}
			}
		},
		{
			"from": [3.75, 7.25, 0.25],
			"to": [12.25, 8.25, 1],
			"rotation": {"angle": 0, "axis": "y", "origin": [-0.5, 0, 0]},
			"faces": {
				"north": {"uv": [0, 0, 16, 16], "rotation": 90, "texture": "#0"},
				"east": {"uv": [0, 0, 16, 16], "rotation": 90, "texture": "#0"},
				"south": {"uv": [0, 0, 16, 16], "rotation": 90, "texture": "#0"},
				"west": {"uv": [0, 0, 16, 16], "rotation": 90, "texture": "#0"},
				"up": {"uv": [0, 0, 16, 16], "rotation": 90, "texture": "#0"},
				"down": {"uv": [0, 0, 16, 16], "rotation": 90, "texture": "#0"}
			}
		},
		{
			"from": [2.5, 0, 0],
			"to": [13.5, 2, 2],
			"rotation": {"angle": 0, "axis": "y", "origin": [-0.5, 0, 0]},
			"faces": {
				"north": {"uv": [0, 0, 16, 16], "rotation": 90, "texture": "#0"},
				"east": {"uv": [0, 0, 16, 16], "rotation": 90, "texture": "#1"},
				"south": {"uv": [0, 0, 16, 16], "rotation": 90, "texture": "#0"},
				"west": {"uv": [0, 0, 16, 16], "rotation": 90, "texture": "#1"},
				"up": {"uv": [0, 0, 16, 16], "rotation": 90, "texture": "#0"},
				"down": {"uv": [0, 0, 16, 16], "rotation": 90, "texture": "#0"}
			}
		},
		{
			"from": [3.55, -1.5, 5.35],
			"to": [4.45, 10.5, 6.35],
			"rotation": {"angle": -22.5, "axis": "x", "origin": [16.5, 0, 0]},
			"faces": {
				"north": {"uv": [5, 0, 11, 16], "texture": "#0"},
				"east": {"uv": [5, 0, 11, 16], "texture": "#0"},
				"south": {"uv": [5, 0, 11, 16], "texture": "#0"},
				"west": {"uv": [5, 0, 11, 16], "texture": "#0"},
				"up": {"uv": [0, 0, 16, 16], "texture": "#1"},
				"down": {"uv": [5, 0, 11, 16], "texture": "#0"}
			}
		},
		{
			"from": [11.55, -1.5, 5.35],
			"to": [12.45, 10.5, 6.35],
			"rotation": {"angle": -22.5, "axis": "x", "origin": [-0.5, 0, 0]},
			"faces": {
				"north": {"uv": [5, 0, 11, 16], "texture": "#0"},
				"east": {"uv": [5, 0, 11, 16], "texture": "#0"},
				"south": {"uv": [5, 0, 11, 16], "texture": "#0"},
				"west": {"uv": [5, 0, 11, 16], "texture": "#0"},
				"up": {"uv": [0, 0, 16, 16], "texture": "#1"},
				"down": {"uv": [5, 0, 11, 16], "texture": "#0"}
			}
		},
		{
			"from": [3.5, 0.5, 1],
			"to": [4.5, 1.5, 10],
			"rotation": {"angle": 0, "axis": "y", "origin": [0.5, 0, 0]},
			"faces": {
				"north": {"uv": [5, 0, 11, 16], "rotation": 90, "texture": "#0"},
				"east": {"uv": [5, 0, 11, 16], "rotation": 90, "texture": "#0"},
				"south": {"uv": [0, 0, 16, 16], "rotation": 90, "texture": "#1"},
				"west": {"uv": [5, 0, 11, 16], "rotation": 90, "texture": "#0"},
				"up": {"uv": [5, 0, 11, 16], "rotation": 180, "texture": "#0"},
				"down": {"uv": [5, 0, 11, 16], "rotation": 180, "texture": "#0"}
			}
		},
		{
			"from": [11.5, 0.5, 1],
			"to": [12.5, 1.5, 10],
			"rotation": {"angle": 0, "axis": "y", "origin": [15.5, 0, 0]},
			"faces": {
				"north": {"uv": [5, 16, 11, 0], "rotation": 90, "texture": "#0"},
				"east": {"uv": [5, 16, 11, 0], "rotation": 90, "texture": "#0"},
				"south": {"uv": [0, 0, 16, 16], "rotation": 90, "texture": "#1"},
				"west": {"uv": [5, 16, 11, 0], "rotation": 90, "texture": "#0"},
				"up": {"uv": [11, 0, 5, 16], "rotation": 180, "texture": "#0"},
				"down": {"uv": [11, 0, 5, 16], "rotation": 180, "texture": "#0"}
			}
		},
		{
			"from": [4.5, 0.85, 7.5],
			"to": [11.5, 1.15, 9.5],
			"rotation": {"angle": 0, "axis": "y", "origin": [0.5, 0, 0]},
			"faces": {
				"north": {"uv": [0, 0, 16, 16], "texture": "#2"},
				"east": {"uv": [0, 0, 16, 16], "texture": "#2"},
				"south": {"uv": [0, 0, 16, 16], "texture": "#2"},
				"west": {"uv": [0, 0, 16, 16], "texture": "#2"},
				"up": {"uv": [0, 0, 16, 16], "texture": "#2"},
				"down": {"uv": [0, 0, 16, 16], "texture": "#2"}
			}
		},
		{
			"from": [4.5, 0.85, 2.5],
			"to": [11.5, 1.15, 4.5],
			"rotation": {"angle": 0, "axis": "y", "origin": [0.5, 0, 0]},
			"faces": {
				"north": {"uv": [0, 0, 16, 16], "texture": "#2"},
				"east": {"uv": [0, 0, 16, 16], "texture": "#2"},
				"south": {"uv": [0, 0, 16, 16], "texture": "#2"},
				"west": {"uv": [0, 0, 16, 16], "texture": "#2"},
				"up": {"uv": [0, 0, 16, 16], "texture": "#2"},
				"down": {"uv": [0, 0, 16, 16], "texture": "#2"}
			}
		},
		{
			"from": [4.5, 0.85, 5],
			"to": [11.5, 1.15, 7],
			"rotation": {"angle": 0, "axis": "y", "origin": [0.5, 0, 0]},
			"faces": {
				"north": {"uv": [0, 0, 16, 16], "texture": "#2"},
				"east": {"uv": [0, 0, 16, 16], "texture": "#2"},
				"south": {"uv": [0, 0, 16, 16], "texture": "#2"},
				"west": {"uv": [0, 0, 16, 16], "texture": "#2"},
				"up": {"uv": [0, 0, 16, 16], "texture": "#2"},
				"down": {"uv": [0, 0, 16, 16], "texture": "#2"}
			}
		},
		{
			"from": [7.25, 4.5, 6.75],
			"to": [9, 6.5, 8],
			"rotation": {"angle": 0, "axis": "y", "origin": [8.125, 3.06042, 6.67708]},
			"faces": {
				"north": {"uv": [1.5, 3.5, 3.25, 5.5], "rotation": 90, "texture": "#4"},
				"east": {"uv": [1.5, 3.5, 3.25, 5.5], "rotation": 90, "texture": "#4"},
				"south": {"uv": [0.75, 1.5, 1.75, 0.25], "texture": "#4"},
				"west": {"uv": [1.5, 3.5, 3.25, 5.5], "rotation": 90, "texture": "#4"},
				"up": {"uv": [1.5, 3.5, 3.25, 5.5], "rotation": 90, "texture": "#4"},
				"down": {"uv": [1.5, 3.5, 3.25, 5.5], "rotation": 90, "texture": "#4"}
			}
		},
		{
			"from": [7, 3, 4.75],
			"to": [9.25, 5, 7.25],
			"rotation": {"angle": 0, "axis": "y", "origin": [8.125, 3.06042, 6.67708]},
			"faces": {
				"north": {"uv": [1, 3.75, 3.25, 5.75], "texture": "#4"},
				"east": {"uv": [1, 3.75, 3.25, 5.75], "texture": "#4"},
				"south": {"uv": [1, 3.75, 3.25, 5.75], "texture": "#4"},
				"west": {"uv": [1, 3.75, 3.25, 5.75], "texture": "#4"},
				"up": {"uv": [1, 3.75, 3.25, 5.75], "texture": "#4"},
				"down": {"uv": [1, 3.75, 3.25, 5.75], "texture": "#4"}
			}
		},
		{
			"from": [9.25, 3.5, 5],
			"to": [9.5, 5, 7],
			"rotation": {"angle": 0, "axis": "y", "origin": [8.125, 3.06042, 6.67708]},
			"faces": {
				"north": {"uv": [1, 3.75, 2.75, 5.5], "texture": "#4"},
				"east": {"uv": [1, 3.75, 2.75, 5.5], "texture": "#4"},
				"south": {"uv": [1, 3.75, 2.75, 5.5], "texture": "#4"},
				"west": {"uv": [1, 3.75, 2.75, 5.5], "texture": "#4"},
				"up": {"uv": [1, 3.75, 2.75, 5.5], "texture": "#4"},
				"down": {"uv": [1, 3.75, 2.75, 5.5], "texture": "#4"}
			}
		},
		{
			"from": [6.75, 3.5, 5],
			"to": [7, 5, 7],
			"rotation": {"angle": 0, "axis": "y", "origin": [8.125, 3.06042, 6.67708]},
			"faces": {
				"north": {"uv": [1.25, 3.75, 3, 5.5], "texture": "#4"},
				"east": {"uv": [1.25, 3.75, 3, 5.5], "texture": "#4"},
				"south": {"uv": [1.25, 3.75, 3, 5.5], "texture": "#4"},
				"west": {"uv": [1.25, 3.75, 3, 5.5], "texture": "#4"},
				"up": {"uv": [1.25, 3.75, 3, 5.5], "texture": "#4"},
				"down": {"uv": [1.25, 3.75, 3, 5.5], "texture": "#4"}
			}
		},
		{
			"from": [7.325, 1.25, 6],
			"to": [7.675, 3, 6],
			"rotation": {"angle": 0, "axis": "y", "origin": [8.125, 3.06042, 6.67708]},
			"faces": {
				"north": {"uv": [9, 0.75, 9.25, 1.75], "texture": "#4"},
				"east": {"uv": [9, 0.75, 9.25, 1.75], "texture": "#4"},
				"south": {"uv": [9, 0.75, 9.25, 1.75], "texture": "#4"},
				"west": {"uv": [9, 0.75, 9.25, 1.75], "texture": "#4"},
				"up": {"uv": [9, 0.75, 9.25, 1.75], "texture": "#4"},
				"down": {"uv": [9, 0.75, 9.25, 1.75], "texture": "#4"}
			}
		},
		{
			"from": [7.325, 1.25, 6],
			"to": [7.675, 1.25, 6.5],
			"rotation": {"angle": 0, "axis": "y", "origin": [8.125, 3.06042, 6.67708]},
			"faces": {
				"north": {"uv": [8.25, 0, 8.5, 0.5], "texture": "#4"},
				"east": {"uv": [8.25, 0, 8.5, 0.5], "texture": "#4"},
				"south": {"uv": [8.25, 0, 8.5, 0.5], "texture": "#4"},
				"west": {"uv": [8.25, 0, 8.5, 0.5], "texture": "#4"},
				"up": {"uv": [8.25, 0, 8.5, 0.5], "texture": "#4"},
				"down": {"uv": [8.25, 0, 8.5, 0.5], "texture": "#4"}
			}
		},
		{
			"from": [7, 1.25, 6.5],
			"to": [8, 1.25, 7.25],
			"rotation": {"angle": 0, "axis": "y", "origin": [8.125, 3.06042, 6.67708]},
			"faces": {
				"north": {"uv": [8, 0.25, 8.75, 0.75], "texture": "#4"},
				"east": {"uv": [8, 0.25, 8.75, 0.75], "texture": "#4"},
				"south": {"uv": [8, 0.25, 8.75, 0.75], "texture": "#4"},
				"west": {"uv": [8, 0.25, 8.75, 0.75], "texture": "#4"},
				"up": {"uv": [8, 0.25, 8.75, 0.75], "texture": "#4"},
				"down": {"uv": [8, 0.25, 8.75, 0.75], "texture": "#4"}
			}
		},
		{
			"from": [8.25, 1.25, 6.5],
			"to": [9.25, 1.25, 7.25],
			"rotation": {"angle": 0, "axis": "y", "origin": [8.125, 3.06042, 6.67708]},
			"faces": {
				"north": {"uv": [8, 0.25, 8.75, 0.75], "texture": "#4"},
				"east": {"uv": [8, 0.25, 8.75, 0.75], "texture": "#4"},
				"south": {"uv": [8, 0.25, 8.75, 0.75], "texture": "#4"},
				"west": {"uv": [8, 0.25, 8.75, 0.75], "texture": "#4"},
				"up": {"uv": [8, 0.25, 8.75, 0.75], "texture": "#4"},
				"down": {"uv": [8, 0.25, 8.75, 0.75], "texture": "#4"}
			}
		},
		{
			"from": [8.55, 1.25, 6],
			"to": [8.95, 1.25, 6.5],
			"rotation": {"angle": 0, "axis": "y", "origin": [8.125, 3.06042, 6.67708]},
			"faces": {
				"north": {"uv": [8.25, 0, 8.5, 0.5], "texture": "#4"},
				"east": {"uv": [8.25, 0, 8.5, 0.5], "texture": "#4"},
				"south": {"uv": [8.25, 0, 8.5, 0.5], "texture": "#4"},
				"west": {"uv": [8.25, 0, 8.5, 0.5], "texture": "#4"},
				"up": {"uv": [8.25, 0, 8.5, 0.5], "texture": "#4"},
				"down": {"uv": [8.25, 0, 8.5, 0.5], "texture": "#4"}
			}
		},
		{
			"from": [8.55, 1.25, 6],
			"to": [8.95, 3, 6],
			"rotation": {"angle": 0, "axis": "y", "origin": [8.125, 3.06042, 6.67708]},
			"faces": {
				"north": {"uv": [9, 0.75, 9.25, 1.75], "texture": "#4"},
				"east": {"uv": [9, 0.75, 9.25, 1.75], "texture": "#4"},
				"south": {"uv": [9, 0.75, 9.25, 1.75], "texture": "#4"},
				"west": {"uv": [9, 0.75, 9.25, 1.75], "texture": "#4"},
				"up": {"uv": [9, 0.75, 9.25, 1.75], "texture": "#4"},
				"down": {"uv": [9, 0.75, 9.25, 1.75], "texture": "#4"}
			}
		},
		{
			"from": [7.25, 5.25, 8],
			"to": [9, 5.75, 8.75],
			"rotation": {"angle": 0, "axis": "y", "origin": [8.125, 3.06042, 6.67708]},
			"faces": {
				"north": {"uv": [4, 0.75, 5, 1.25], "texture": "#4"},
				"east": {"uv": [6, 0.5, 5, 1], "texture": "#4"},
				"south": {"uv": [4, 0.5, 5, 1], "texture": "#4"},
				"west": {"uv": [5, 0.5, 6, 1], "texture": "#4"},
				"up": {"uv": [4, 0, 5, 0.5], "texture": "#4"},
				"down": {"uv": [4, 1, 5, 0.5], "texture": "#4"}
			}
		},
		{
			"from": [7.75, 4.5, 8],
			"to": [8.5, 5.25, 8.25],
			"rotation": {"angle": 0, "axis": "y", "origin": [8.125, 3.06042, 6.67708]},
			"faces": {
				"north": {"uv": [4, 1.25, 4.75, 2], "texture": "#4"},
				"east": {"uv": [4, 1.25, 4.75, 2], "texture": "#4"},
				"south": {"uv": [4, 1.25, 4.75, 2], "texture": "#4"},
				"west": {"uv": [4, 1.25, 4.75, 2], "texture": "#4"},
				"up": {"uv": [4, 1.25, 4.75, 2], "texture": "#4"},
				"down": {"uv": [4, 1.25, 4.75, 2], "texture": "#4"}
			}
		}
	],
	"display": {
		"thirdperson_righthand": {
			"rotation": [80, 139, 0],
			"translation": [5.5, 1.25, -1.75],
			"scale": [0.8, 0.8, 0.8]
		},
		"thirdperson_lefthand": {
			"rotation": [64.25, 0, 0],
			"translation": [-5.5, -13.75, 13],
			"scale": [1.2, 1.2, 1.2]
		},
		"firstperson_righthand": {
			"rotation": [0, -62, 0],
			"translation": [4, 3, -7]
		},
		"firstperson_lefthand": {
			"rotation": [0, -62, 0],
			"translation": [80, 3, -7]
		},
		"ground": {
			"translation": [0, 1.25, 0],
			"scale": [0.6, 0.6, 0.6]
		},
		"gui": {
			"rotation": [22, -31, 0],
			"translation": [-2.75, -1, 1]
		},
		"head": {
			"rotation": [-8, 0, 0],
			"translation": [0, -11.25, 20],
			"scale": [2, 2, 2]
		},
		"fixed": {
			"rotation": [0, -180, 0],
			"translation": [0, 1.5, -8.75]
		}
	},
	"groups": [
		{
			"name": "group",
			"origin": [16.5, 4.5612, 8.0612],
			"color": 0,
			"nbt": "{}",
			"armAnimationEnabled": false,
			"children": [
				0,
				1,
				2,
				3,
				4,
				{
					"name": "group",
					"origin": [16.5, 4.5612, 8.0612],
					"color": 0,
					"nbt": "{}",
					"armAnimationEnabled": false,
					"children": [5, 6, 7, 8, 9]
				}
			]
		},
		{
			"name": "group",
			"origin": [0.5, 0, 0],
			"color": 0,
			"nbt": "{}",
			"armAnimationEnabled": false,
			"children": [10, 11, 12, 13, 14, 15, 16, 17, 18]
		},
		{
			"name": "group",
			"origin": [0.5, 0, 0],
			"color": 0,
			"nbt": "{}",
			"armAnimationEnabled": false,
			"children": [19, 20, 21]
		},
		{
			"name": "group",
			"origin": [16, 0, 0],
			"color": 0,
			"nbt": "{}",
			"armAnimationEnabled": false,
			"children": [
				22,
				23,
				24,
				25,
				{
					"name": "group",
					"origin": [0, 0, 0],
					"color": 0,
					"nbt": "{}",
					"armAnimationEnabled": false,
					"children": [26, 27, 28, 29, 30, 31, 32, 33]
				}
			]
		}
	]
}