{
	"__comment": "Designed by Duck_Soon with Cubik Studio - https://cubik.studio",
	"textures": {
		"chobab": "items/chobab"
	},
	"elements": [ 	 
		{
			"__comment": "Voxels",
			"from": [ 6.5, -3, 6.5 ],
			"to": [ 7, 3, 9 ],
			"faces": {
				"down": { "uv": [ 4, 8.75, 4.25, 10 ], "texture": "#chobab" },
				"up": { "uv": [ 3.5, 10, 3.75, 8.75 ], "texture": "#chobab" },
				"north": { "uv": [ 6.25, 9.5, 6, 12.5 ], "texture": "#chobab" },
				"south": { "uv": [ 6.25, 9.5, 6.5, 12.5 ], "texture": "#chobab" },
				"west": { "uv": [ 3.5, 10, 4.75, 13 ], "texture": "#chobab" },
				"east": { "uv": [ 4.75, 13, 3.5, 16 ], "texture": "#chobab" }
			}
		},
		{
			"__comment": "Voxels",
			"from": [ 7, 1.5, 4 ],
			"to": [ 11, 2.5, 11.5 ],
			"faces": {
				"down": { "uv": [ 0, 12.25, 2, 16 ], "texture": "#chobab" },
				"up": { "uv": [ 0, 12.25, 2, 8.5 ], "texture": "#chobab" },
				"north": { "uv": [ 2, 8, 0, 8.5 ], "texture": "#chobab" },
				"south": { "uv": [ 6, 13, 8, 13.5 ], "texture": "#chobab" },
				"west": { "uv": [ 8.25, 14.75, 12, 15.25 ], "texture": "#chobab" },
				"east": { "uv": [ 15.75, 14.75, 12, 15.25 ], "texture": "#chobab" }
			}
		},
		{
			"__comment": "Voxels",
			"from": [ 7, 2.5, 6.5 ],
			"to": [ 11.5, 3, 9 ],
			"faces": {
				"down": { "uv": [ 6, 14.75, 8.25, 16 ], "texture": "#chobab" },
				"up": { "uv": [ 6, 14.75, 8.25, 13.5 ], "texture": "#chobab" },
				"north": { "uv": [ 10.5, 14.5, 8.25, 14.75 ], "texture": "#chobab" },
				"south": { "uv": [ 10.5, 14.5, 12.75, 14.75 ], "texture": "#chobab" },
				"west": { "uv": [ 4.75, 10.25, 6, 10.5 ], "texture": "#chobab" },
				"east": { "uv": [ 6, 10, 4.75, 10.25 ], "texture": "#chobab" }
			}
		},
		{
			"__comment": "Voxels",
			"from": [ 7.5, 0, 4.5 ],
			"to": [ 10.5, 1.5, 11 ],
			"faces": {
				"down": { "uv": [ 2, 12.75, 3.5, 16 ], "texture": "#chobab" },
				"up": { "uv": [ 2, 12.75, 3.5, 9.5 ], "texture": "#chobab" },
				"north": { "uv": [ 3.5, 8.75, 2, 9.5 ], "texture": "#chobab" },
				"south": { "uv": [ 2, 8, 3.5, 8.75 ], "texture": "#chobab" },
				"west": { "uv": [ 11.5, 15.25, 14.75, 16 ], "texture": "#chobab" },
				"east": { "uv": [ 11.5, 15.25, 8.25, 16 ], "texture": "#chobab" }
			}
		},
		{
			"__comment": "Voxels",
			"from": [ 7.5, 1.5, 3.5 ],
			"to": [ 10.5, 2.5, 4 ],
			"faces": {
				"down": { "uv": [ 8.25, 14.25, 9.75, 14.5 ], "texture": "#chobab" },
				"up": { "uv": [ 12.75, 14.75, 14.25, 14.5 ], "texture": "#chobab" },
				"north": { "uv": [ 8, 12, 6.5, 12.5 ], "texture": "#chobab" },
				"south": { "uv": [ 6.5, 11.5, 8, 12 ], "texture": "#chobab" },
				"west": { "uv": [ 3.5, 8.25, 3.75, 8.75 ], "texture": "#chobab" },
				"east": { "uv": [ 4.75, 9.5, 4.5, 10 ], "texture": "#chobab" }
			}
		},
		{
			"__comment": "Voxels",
			"from": [ 7.5, 1.5, 11.5 ],
			"to": [ 10.5, 2.5, 12 ],
			"faces": {
				"down": { "uv": [ 14.25, 14.5, 15.75, 14.75 ], "texture": "#chobab" },
				"up": { "uv": [ 9.75, 14.5, 11.25, 14.25 ], "texture": "#chobab" },
				"north": { "uv": [ 8, 11, 6.5, 11.5 ], "texture": "#chobab" },
				"south": { "uv": [ 6, 12.5, 7.5, 13 ], "texture": "#chobab" },
				"west": { "uv": [ 4.5, 9, 4.75, 9.5 ], "texture": "#chobab" },
				"east": { "uv": [ 4, 8.25, 3.75, 8.75 ], "texture": "#chobab" }
			}
		},
		{
			"__comment": "Voxels",
			"from": [ 11, -3, 6.5 ],
			"to": [ 11.5, 2.5, 9 ],
			"faces": {
				"down": { "uv": [ 4.25, 8.75, 4.5, 10 ], "texture": "#chobab" },
				"up": { "uv": [ 3.75, 10, 4, 8.75 ], "texture": "#chobab" },
				"north": { "uv": [ 6.75, 8.25, 6.5, 11 ], "texture": "#chobab" },
				"south": { "uv": [ 6.75, 8.25, 7, 11 ], "texture": "#chobab" },
				"west": { "uv": [ 4.75, 13.25, 6, 16 ], "texture": "#chobab" },
				"east": { "uv": [ 6, 10.5, 4.75, 13.25 ], "texture": "#chobab" }
			}
		}
	],
	"display": {
		"thirdperson_righthand": {
			"translation":  [ 0, 7.884, 0 ]
		},
		"thirdperson_lefthand": {
			"translation":  [ 1.855, 7.884, 0 ]
		},
		"firstperson_righthand": {
			"translation":  [ 0, 19.477, 0 ],
			"scale":  [ 2, 2, 2 ]
		},
		"firstperson_lefthand": {
			"translation":  [ 2.5506, 19.477, 0 ],
			"scale":  [ 2, 2, 2 ]
		},
		"gui": {
			"translation":  [ -1.854, 15.768, 0 ],
			"scale":  [ 2, 2, 2 ]
		},
		"head": {
			"translation":  [ -3.7, 34.782, 0 ],
			"scale":  [ 3.5, 3.5, 3.5 ]
		},
		"ground": {
			"translation":  [ 0, 16.694, 0 ],
			"scale":  [ 2, 2, 2 ]
		},
		"fixed": {
			"translation":  [ -1.855, 15.767, 0 ],
			"scale":  [ 2, 2, 2 ]
		}
	}
}