{
	"credit": "Made with Blockbench",
	"textures": {
		"stone_sword9": "items/da_hat"
	},
	"elements": [
		{
			"name": "Voxels",
			"from": [-0.5, 7, 4.5],
			"to": [3.5, 8, 5],
			"faces": {
				"north": {"uv": [10, 15, 6, 16], "texture": "#stone_sword9"},
				"east": {"uv": [7, 5.5, 6.5, 6.5], "texture": "#stone_sword9"},
				"south": {"uv": [6, 14, 10, 15], "texture": "#stone_sword9"},
				"west": {"uv": [5.5, 0, 6, 1], "texture": "#stone_sword9"},
				"up": {"uv": [6.5, 14, 10.5, 13.5], "texture": "#stone_sword9"},
				"down": {"uv": [2.5, 13.5, 6.5, 14], "texture": "#stone_sword9"}
			}
		},
		{
			"name": "Voxels",
			"from": [-0.5, 8, 4.5],
			"to": [3, 8.5, 5],
			"faces": {
				"north": {"uv": [13, 13, 9.5, 13.5], "texture": "#stone_sword9"},
				"east": {"uv": [13, 8, 12.5, 8.5], "texture": "#stone_sword9"},
				"south": {"uv": [2.5, 12.5, 6, 13], "texture": "#stone_sword9"},
				"west": {"uv": [12, 8, 12.5, 8.5], "texture": "#stone_sword9"},
				"up": {"uv": [6, 13.5, 9.5, 13], "texture": "#stone_sword9"},
				"down": {"uv": [2.5, 13, 6, 13.5], "texture": "#stone_sword9"}
			}
		},
		{
			"name": "Voxels",
			"from": [0, 6.5, 4.5],
			"to": [3.5, 7, 5],
			"faces": {
				"north": {"uv": [9.5, 12.5, 6, 13], "texture": "#stone_sword9"},
				"east": {"uv": [14, 8, 13.5, 8.5], "texture": "#stone_sword9"},
				"south": {"uv": [9.5, 12.5, 13, 13], "texture": "#stone_sword9"},
				"west": {"uv": [13, 8, 13.5, 8.5], "texture": "#stone_sword9"},
				"up": {"uv": [10.5, 14, 14, 13.5], "texture": "#stone_sword9"},
				"down": {"uv": [2.5, 12, 6, 12.5], "texture": "#stone_sword9"}
			}
		},
		{
			"name": "Voxels",
			"from": [0, 7, 5],
			"to": [0.5, 9.5, 5.5],
			"faces": {
				"north": {"uv": [1.5, 8.5, 1, 11], "texture": "#stone_sword9"},
				"east": {"uv": [0.5, 8.5, 0, 11], "texture": "#stone_sword9"},
				"south": {"uv": [1.5, 8.5, 2, 11], "texture": "#stone_sword9"},
				"west": {"uv": [0.5, 8.5, 1, 11], "texture": "#stone_sword9"},
				"up": {"uv": [15, 8.5, 15.5, 8], "texture": "#stone_sword9"},
				"down": {"uv": [14.5, 8, 15, 8.5], "texture": "#stone_sword9"}
			}
		},
		{
			"name": "Voxels",
			"from": [0, 8.5, 4.5],
			"to": [3, 9, 5],
			"faces": {
				"north": {"uv": [14.5, 10.5, 11.5, 11], "texture": "#stone_sword9"},
				"east": {"uv": [10, 7.5, 9.5, 8], "texture": "#stone_sword9"},
				"south": {"uv": [13, 12, 16, 12.5], "texture": "#stone_sword9"},
				"west": {"uv": [9, 7.5, 9.5, 8], "texture": "#stone_sword9"},
				"up": {"uv": [8.5, 11, 11.5, 10.5], "texture": "#stone_sword9"},
				"down": {"uv": [5.5, 10.5, 8.5, 11], "texture": "#stone_sword9"}
			}
		},
		{
			"name": "Voxels",
			"from": [0.5, 6, 4.5],
			"to": [3.5, 6.5, 5],
			"faces": {
				"north": {"uv": [12.5, 11.5, 9.5, 12], "texture": "#stone_sword9"},
				"east": {"uv": [10.5, 7.5, 10, 8], "texture": "#stone_sword9"},
				"south": {"uv": [12.5, 11.5, 15.5, 12], "texture": "#stone_sword9"},
				"west": {"uv": [8.5, 0.5, 9, 1], "texture": "#stone_sword9"},
				"up": {"uv": [13, 13, 16, 12.5], "texture": "#stone_sword9"},
				"down": {"uv": [5.5, 11, 8.5, 11.5], "texture": "#stone_sword9"}
			}
		},
		{
			"name": "Voxels",
			"from": [0.5, 6.5, 5],
			"to": [1, 7, 5.5],
			"faces": {
				"north": {"uv": [8.5, 6.5, 8, 7], "texture": "#stone_sword9"},
				"east": {"uv": [13, 7, 12.5, 7.5], "texture": "#stone_sword9"},
				"south": {"uv": [8, 1.5, 8.5, 2], "texture": "#stone_sword9"},
				"west": {"uv": [12, 7, 12.5, 7.5], "texture": "#stone_sword9"},
				"up": {"uv": [13, 8, 13.5, 7.5], "texture": "#stone_sword9"},
				"down": {"uv": [12.5, 7.5, 13, 8], "texture": "#stone_sword9"}
			}
		},
		{
			"name": "Voxels",
			"from": [0.5, 7, 4],
			"to": [3, 8.5, 4.5],
			"faces": {
				"north": {"uv": [15, 14.5, 12.5, 16], "texture": "#stone_sword9"},
				"east": {"uv": [6, 5.5, 5.5, 7], "texture": "#stone_sword9"},
				"south": {"uv": [0, 12.5, 2.5, 14], "texture": "#stone_sword9"},
				"west": {"uv": [5.5, 7, 6, 8.5], "texture": "#stone_sword9"},
				"up": {"uv": [0, 8, 2.5, 7.5], "texture": "#stone_sword9"},
				"down": {"uv": [0, 8, 2.5, 8.5], "texture": "#stone_sword9"}
			}
		},
		{
			"name": "Voxels",
			"from": [0.5, 8.5, 4],
			"to": [2.5, 9, 4.5],
			"faces": {
				"north": {"uv": [2, 4, 0, 4.5], "texture": "#stone_sword9"},
				"east": {"uv": [14, 7, 13.5, 7.5], "texture": "#stone_sword9"},
				"south": {"uv": [0, 3.5, 2, 4], "texture": "#stone_sword9"},
				"west": {"uv": [13, 7, 13.5, 7.5], "texture": "#stone_sword9"},
				"up": {"uv": [0, 5, 2, 4.5], "texture": "#stone_sword9"},
				"down": {"uv": [0, 5, 2, 5.5], "texture": "#stone_sword9"}
			}
		},
		{
			"name": "Voxels",
			"from": [0.5, 8.5, 5],
			"to": [1, 10, 5.5],
			"faces": {
				"north": {"uv": [6, 1, 5.5, 2.5], "texture": "#stone_sword9"},
				"east": {"uv": [6.5, 5, 6, 6.5], "texture": "#stone_sword9"},
				"south": {"uv": [6, 8, 6.5, 9.5], "texture": "#stone_sword9"},
				"west": {"uv": [6, 6.5, 6.5, 8], "texture": "#stone_sword9"},
				"up": {"uv": [8.5, 7, 9, 6.5], "texture": "#stone_sword9"},
				"down": {"uv": [9, 8, 9.5, 8.5], "texture": "#stone_sword9"}
			}
		},
		{
			"name": "Voxels",
			"from": [0.5, 9, 4.5],
			"to": [2.5, 9.5, 5],
			"faces": {
				"north": {"uv": [4.5, 8.5, 2.5, 9], "texture": "#stone_sword9"},
				"east": {"uv": [9, 5.5, 8.5, 6], "texture": "#stone_sword9"},
				"south": {"uv": [2.5, 8, 4.5, 8.5], "texture": "#stone_sword9"},
				"west": {"uv": [8.5, 6, 9, 6.5], "texture": "#stone_sword9"},
				"up": {"uv": [2.5, 9.5, 4.5, 9], "texture": "#stone_sword9"},
				"down": {"uv": [2.5, 9.5, 4.5, 10], "texture": "#stone_sword9"}
			}
		},
		{
			"name": "Voxels",
			"from": [1, 5.5, 4.5],
			"to": [3, 6, 5],
			"faces": {
				"north": {"uv": [16, 13.5, 14, 14], "texture": "#stone_sword9"},
				"east": {"uv": [9.5, 6.5, 9, 7], "texture": "#stone_sword9"},
				"south": {"uv": [2.5, 2, 4.5, 2.5], "texture": "#stone_sword9"},
				"west": {"uv": [8.5, 0, 9, 0.5], "texture": "#stone_sword9"},
				"up": {"uv": [2.5, 6.5, 4.5, 6], "texture": "#stone_sword9"},
				"down": {"uv": [2.5, 6.5, 4.5, 7], "texture": "#stone_sword9"}
			}
		},
		{
			"name": "Voxels",
			"from": [1, 6, 5],
			"to": [1.5, 6.5, 5.5],
			"faces": {
				"north": {"uv": [2.5, 6.5, 2, 7], "texture": "#stone_sword9"},
				"east": {"uv": [2.5, 5, 2, 5.5], "texture": "#stone_sword9"},
				"south": {"uv": [2, 6, 2.5, 6.5], "texture": "#stone_sword9"},
				"west": {"uv": [2, 5.5, 2.5, 6], "texture": "#stone_sword9"},
				"up": {"uv": [2, 7.5, 2.5, 7], "texture": "#stone_sword9"},
				"down": {"uv": [2, 8.5, 2.5, 9], "texture": "#stone_sword9"}
			}
		},
		{
			"name": "Voxels",
			"from": [1, 6.5, 4],
			"to": [2.5, 7, 4.5],
			"faces": {
				"north": {"uv": [8.5, 8.5, 7, 9], "texture": "#stone_sword9"},
				"east": {"uv": [2.5, 4, 2, 4.5], "texture": "#stone_sword9"},
				"south": {"uv": [8.5, 8.5, 10, 9], "texture": "#stone_sword9"},
				"west": {"uv": [2, 4.5, 2.5, 5], "texture": "#stone_sword9"},
				"up": {"uv": [14.5, 9.5, 16, 9], "texture": "#stone_sword9"},
				"down": {"uv": [13, 9, 14.5, 9.5], "texture": "#stone_sword9"}
			}
		},
		{
			"name": "Voxels",
			"from": [1, 9, 4],
			"to": [2, 9.5, 4.5],
			"faces": {
				"north": {"uv": [5.5, 5, 4.5, 5.5], "texture": "#stone_sword9"},
				"east": {"uv": [2.5, 3, 2, 3.5], "texture": "#stone_sword9"},
				"south": {"uv": [4.5, 4.5, 5.5, 5], "texture": "#stone_sword9"},
				"west": {"uv": [2, 3.5, 2.5, 4], "texture": "#stone_sword9"},
				"up": {"uv": [4.5, 6, 5.5, 5.5], "texture": "#stone_sword9"},
				"down": {"uv": [4.5, 6, 5.5, 6.5], "texture": "#stone_sword9"}
			}
		},
		{
			"name": "Voxels",
			"from": [1, 9, 5],
			"to": [2.5, 9.5, 5.5],
			"faces": {
				"north": {"uv": [7, 10, 5.5, 10.5], "texture": "#stone_sword9"},
				"east": {"uv": [14, 7.5, 13.5, 8], "texture": "#stone_sword9"},
				"south": {"uv": [7, 10, 8.5, 10.5], "texture": "#stone_sword9"},
				"west": {"uv": [2, 2.5, 2.5, 3], "texture": "#stone_sword9"},
				"up": {"uv": [14.5, 11, 16, 10.5], "texture": "#stone_sword9"},
				"down": {"uv": [14.5, 11, 16, 11.5], "texture": "#stone_sword9"}
			}
		},
		{
			"name": "Voxels",
			"from": [1, 9.5, 4.5],
			"to": [1.5, 10, 5.5],
			"faces": {
				"north": {"uv": [12.5, 7.5, 12, 8], "texture": "#stone_sword9"},
				"east": {"uv": [5.5, 4, 4.5, 4.5], "texture": "#stone_sword9"},
				"south": {"uv": [15.5, 8, 16, 8.5], "texture": "#stone_sword9"},
				"west": {"uv": [4.5, 3.5, 5.5, 4], "texture": "#stone_sword9"},
				"up": {"uv": [7, 7.5, 7.5, 6.5], "texture": "#stone_sword9"},
				"down": {"uv": [7, 5.5, 7.5, 6.5], "texture": "#stone_sword9"}
			}
		},
		{
			"name": "Voxels",
			"from": [1.5, 5.5, 5],
			"to": [3, 6, 5.5],
			"faces": {
				"north": {"uv": [14.5, 10, 13, 10.5], "texture": "#stone_sword9"},
				"east": {"uv": [10, 8, 9.5, 8.5], "texture": "#stone_sword9"},
				"south": {"uv": [11.5, 10, 13, 10.5], "texture": "#stone_sword9"},
				"west": {"uv": [14, 8, 14.5, 8.5], "texture": "#stone_sword9"},
				"up": {"uv": [10, 10.5, 11.5, 10], "texture": "#stone_sword9"},
				"down": {"uv": [8.5, 10, 10, 10.5], "texture": "#stone_sword9"}
			}
		},
		{
			"name": "Voxels",
			"from": [1.5, 9.5, 5],
			"to": [2, 10, 5.5],
			"faces": {
				"north": {"uv": [8.5, 8, 8, 8.5], "texture": "#stone_sword9"},
				"east": {"uv": [8, 4, 7.5, 4.5], "texture": "#stone_sword9"},
				"south": {"uv": [7.5, 3, 8, 3.5], "texture": "#stone_sword9"},
				"west": {"uv": [7.5, 3.5, 8, 4], "texture": "#stone_sword9"},
				"up": {"uv": [8.5, 8.5, 9, 8], "texture": "#stone_sword9"},
				"down": {"uv": [10.5, 7.5, 11, 8], "texture": "#stone_sword9"}
			}
		},
		{
			"name": "Voxels",
			"from": [2, 8.5, 5],
			"to": [3, 9, 5.5],
			"faces": {
				"north": {"uv": [5.5, 8.5, 4.5, 9], "texture": "#stone_sword9"},
				"east": {"uv": [6.5, 0, 6, 0.5], "texture": "#stone_sword9"},
				"south": {"uv": [4.5, 9, 5.5, 9.5], "texture": "#stone_sword9"},
				"west": {"uv": [7, 0, 7.5, 0.5], "texture": "#stone_sword9"},
				"up": {"uv": [4.5, 8.5, 5.5, 8], "texture": "#stone_sword9"},
				"down": {"uv": [4.5, 9.5, 5.5, 10], "texture": "#stone_sword9"}
			}
		},
		{
			"name": "Voxels",
			"from": [2.5, 6, 5],
			"to": [3, 6.5, 5.5],
			"faces": {
				"north": {"uv": [3.5, 0, 3, 0.5], "texture": "#stone_sword9"},
				"east": {"uv": [8, 1.5, 7.5, 2], "texture": "#stone_sword9"},
				"south": {"uv": [15, 7.5, 15.5, 8], "texture": "#stone_sword9"},
				"west": {"uv": [7.5, 1, 8, 1.5], "texture": "#stone_sword9"},
				"up": {"uv": [3.5, 0.5, 4, 0], "texture": "#stone_sword9"},
				"down": {"uv": [4, 0, 4.5, 0.5], "texture": "#stone_sword9"}
			}
		},
		{
			"name": "Voxels",
			"from": [2.5, 7.5, 5],
			"to": [3.5, 8.5, 5.5],
			"faces": {
				"north": {"uv": [1, 1, 0, 2], "texture": "#stone_sword9"},
				"east": {"uv": [7, 4.5, 6.5, 5.5], "texture": "#stone_sword9"},
				"south": {"uv": [0, 0, 1, 1], "texture": "#stone_sword9"},
				"west": {"uv": [6.5, 3.5, 7, 4.5], "texture": "#stone_sword9"},
				"up": {"uv": [4.5, 7, 5.5, 6.5], "texture": "#stone_sword9"},
				"down": {"uv": [4.5, 7, 5.5, 7.5], "texture": "#stone_sword9"}
			}
		},
		{
			"name": "Voxels",
			"from": [3, 6.5, 5],
			"to": [3.5, 7.5, 5.5],
			"faces": {
				"north": {"uv": [7.5, 0.5, 7, 1.5], "texture": "#stone_sword9"},
				"east": {"uv": [7.5, 4.5, 7, 5.5], "texture": "#stone_sword9"},
				"south": {"uv": [7, 1.5, 7.5, 2.5], "texture": "#stone_sword9"},
				"west": {"uv": [7, 2.5, 7.5, 3.5], "texture": "#stone_sword9"},
				"up": {"uv": [6.5, 0.5, 7, 0], "texture": "#stone_sword9"},
				"down": {"uv": [15.5, 8.5, 16, 9], "texture": "#stone_sword9"}
			}
		},
		{
			"name": "Voxels",
			"from": [8.5, 6, 4.5],
			"to": [11.5, 8, 5],
			"faces": {
				"north": {"uv": [6, 14, 3, 16], "texture": "#stone_sword9"},
				"east": {"uv": [2, 0, 1.5, 2], "texture": "#stone_sword9"},
				"south": {"uv": [0, 14, 3, 16], "texture": "#stone_sword9"},
				"west": {"uv": [2, 0, 2.5, 2], "texture": "#stone_sword9"},
				"up": {"uv": [2.5, 11.5, 5.5, 11], "texture": "#stone_sword9"},
				"down": {"uv": [13, 13, 16, 13.5], "texture": "#stone_sword9"}
			}
		},
		{
			"name": "Voxels",
			"from": [8.5, 6.5, 5],
			"to": [9, 8.5, 5.5],
			"faces": {
				"north": {"uv": [1.5, 0, 1, 2], "texture": "#stone_sword9"},
				"east": {"uv": [15.5, 14, 15, 16], "texture": "#stone_sword9"},
				"south": {"uv": [2, 9, 2.5, 11], "texture": "#stone_sword9"},
				"west": {"uv": [15.5, 14, 16, 16], "texture": "#stone_sword9"},
				"up": {"uv": [15, 9, 15.5, 8.5], "texture": "#stone_sword9"},
				"down": {"uv": [13.5, 8.5, 14, 9], "texture": "#stone_sword9"}
			}
		},
		{
			"name": "Voxels",
			"from": [9, 5.5, 4.5],
			"to": [11, 6, 5],
			"faces": {
				"north": {"uv": [4.5, 2.5, 2.5, 3], "texture": "#stone_sword9"},
				"east": {"uv": [8.5, 7, 8, 7.5], "texture": "#stone_sword9"},
				"south": {"uv": [2.5, 3, 4.5, 3.5], "texture": "#stone_sword9"},
				"west": {"uv": [15.5, 7.5, 16, 8], "texture": "#stone_sword9"},
				"up": {"uv": [0, 7.5, 2, 7], "texture": "#stone_sword9"},
				"down": {"uv": [0, 6.5, 2, 7], "texture": "#stone_sword9"}
			}
		},
		{
			"name": "Voxels",
			"from": [9, 5.5, 5],
			"to": [10.5, 6, 5.5],
			"faces": {
				"north": {"uv": [9, 9.5, 7.5, 10], "texture": "#stone_sword9"},
				"east": {"uv": [9, 3.5, 8.5, 4], "texture": "#stone_sword9"},
				"south": {"uv": [9, 9.5, 10.5, 10], "texture": "#stone_sword9"},
				"west": {"uv": [8.5, 5, 9, 5.5], "texture": "#stone_sword9"},
				"up": {"uv": [6, 10, 7.5, 9.5], "texture": "#stone_sword9"},
				"down": {"uv": [14.5, 10, 16, 10.5], "texture": "#stone_sword9"}
			}
		},
		{
			"name": "Voxels",
			"from": [9, 6, 5],
			"to": [9.5, 6.5, 5.5],
			"faces": {
				"north": {"uv": [9, 2, 8.5, 2.5], "texture": "#stone_sword9"},
				"east": {"uv": [3, 0, 2.5, 0.5], "texture": "#stone_sword9"},
				"south": {"uv": [2, 2, 2.5, 2.5], "texture": "#stone_sword9"},
				"west": {"uv": [15.5, 11.5, 16, 12], "texture": "#stone_sword9"},
				"up": {"uv": [8.5, 3, 9, 2.5], "texture": "#stone_sword9"},
				"down": {"uv": [8.5, 3, 9, 3.5], "texture": "#stone_sword9"}
			}
		},
		{
			"name": "Voxels",
			"from": [9, 7, 4],
			"to": [11.5, 8.5, 4.5],
			"faces": {
				"north": {"uv": [12.5, 14.5, 10, 16], "texture": "#stone_sword9"},
				"east": {"uv": [6, 2.5, 5.5, 4], "texture": "#stone_sword9"},
				"south": {"uv": [0, 11, 2.5, 12.5], "texture": "#stone_sword9"},
				"west": {"uv": [5.5, 4, 6, 5.5], "texture": "#stone_sword9"},
				"up": {"uv": [10, 14.5, 12.5, 14], "texture": "#stone_sword9"},
				"down": {"uv": [12.5, 14, 15, 14.5], "texture": "#stone_sword9"}
			}
		},
		{
			"name": "Voxels",
			"from": [9, 7.5, 5],
			"to": [9.5, 9, 5.5],
			"faces": {
				"north": {"uv": [6.5, 3.5, 6, 5], "texture": "#stone_sword9"},
				"east": {"uv": [7, 8, 6.5, 9.5], "texture": "#stone_sword9"},
				"south": {"uv": [6, 2, 6.5, 3.5], "texture": "#stone_sword9"},
				"west": {"uv": [6, 0.5, 6.5, 2], "texture": "#stone_sword9"},
				"up": {"uv": [14.5, 9, 15, 8.5], "texture": "#stone_sword9"},
				"down": {"uv": [14, 8.5, 14.5, 9], "texture": "#stone_sword9"}
			}
		},
		{
			"name": "Voxels",
			"from": [9, 8, 4.5],
			"to": [12.5, 8.5, 5],
			"faces": {
				"north": {"uv": [6, 11.5, 2.5, 12], "texture": "#stone_sword9"},
				"east": {"uv": [8, 4.5, 7.5, 5], "texture": "#stone_sword9"},
				"south": {"uv": [9.5, 12, 13, 12.5], "texture": "#stone_sword9"},
				"west": {"uv": [7.5, 5, 8, 5.5], "texture": "#stone_sword9"},
				"up": {"uv": [6, 12, 9.5, 11.5], "texture": "#stone_sword9"},
				"down": {"uv": [6, 12, 9.5, 12.5], "texture": "#stone_sword9"}
			}
		},
		{
			"name": "Voxels",
			"from": [9, 8.5, 4.5],
			"to": [12, 9, 5],
			"faces": {
				"north": {"uv": [14.5, 11, 11.5, 11.5], "texture": "#stone_sword9"},
				"east": {"uv": [8, 2, 7.5, 2.5], "texture": "#stone_sword9"},
				"south": {"uv": [8.5, 11, 11.5, 11.5], "texture": "#stone_sword9"},
				"west": {"uv": [7.5, 2.5, 8, 3], "texture": "#stone_sword9"},
				"up": {"uv": [2.5, 10.5, 5.5, 10], "texture": "#stone_sword9"},
				"down": {"uv": [2.5, 10.5, 5.5, 11], "texture": "#stone_sword9"}
			}
		},
		{
			"name": "Voxels",
			"from": [9.5, 6.5, 4],
			"to": [11, 7, 4.5],
			"faces": {
				"north": {"uv": [15, 9.5, 13.5, 10], "texture": "#stone_sword9"},
				"east": {"uv": [8, 0, 7.5, 0.5], "texture": "#stone_sword9"},
				"south": {"uv": [7, 9, 8.5, 9.5], "texture": "#stone_sword9"},
				"west": {"uv": [7.5, 0.5, 8, 1], "texture": "#stone_sword9"},
				"up": {"uv": [12, 10, 13.5, 9.5], "texture": "#stone_sword9"},
				"down": {"uv": [10.5, 9.5, 12, 10], "texture": "#stone_sword9"}
			}
		},
		{
			"name": "Voxels",
			"from": [9.5, 8.5, 4],
			"to": [11.5, 9, 4.5],
			"faces": {
				"north": {"uv": [4.5, 7, 2.5, 7.5], "texture": "#stone_sword9"},
				"east": {"uv": [11, 8, 10.5, 8.5], "texture": "#stone_sword9"},
				"south": {"uv": [2.5, 7.5, 4.5, 8], "texture": "#stone_sword9"},
				"west": {"uv": [10, 8, 10.5, 8.5], "texture": "#stone_sword9"},
				"up": {"uv": [2.5, 6, 4.5, 5.5], "texture": "#stone_sword9"},
				"down": {"uv": [2.5, 4.5, 4.5, 5], "texture": "#stone_sword9"}
			}
		},
		{
			"name": "Voxels",
			"from": [9.5, 8.5, 5],
			"to": [10, 9.5, 5.5],
			"faces": {
				"north": {"uv": [7, 2.5, 6.5, 3.5], "texture": "#stone_sword9"},
				"east": {"uv": [7.5, 7.5, 7, 8.5], "texture": "#stone_sword9"},
				"south": {"uv": [6.5, 1.5, 7, 2.5], "texture": "#stone_sword9"},
				"west": {"uv": [6.5, 0.5, 7, 1.5], "texture": "#stone_sword9"},
				"up": {"uv": [11.5, 8.5, 12, 8], "texture": "#stone_sword9"},
				"down": {"uv": [11, 8, 11.5, 8.5], "texture": "#stone_sword9"}
			}
		},
		{
			"name": "Voxels",
			"from": [9.5, 9, 4.5],
			"to": [11.5, 9.5, 5],
			"faces": {
				"north": {"uv": [2, 2.5, 0, 3], "texture": "#stone_sword9"},
				"east": {"uv": [9, 7.5, 8.5, 8], "texture": "#stone_sword9"},
				"south": {"uv": [0, 3, 2, 3.5], "texture": "#stone_sword9"},
				"west": {"uv": [8, 7.5, 8.5, 8], "texture": "#stone_sword9"},
				"up": {"uv": [0, 2.5, 2, 2], "texture": "#stone_sword9"},
				"down": {"uv": [2.5, 5, 4.5, 5.5], "texture": "#stone_sword9"}
			}
		},
		{
			"name": "Voxels",
			"from": [10, 9, 4],
			"to": [11, 9.5, 4.5],
			"faces": {
				"north": {"uv": [5.5, 2, 4.5, 2.5], "texture": "#stone_sword9"},
				"east": {"uv": [12, 7.5, 11.5, 8], "texture": "#stone_sword9"},
				"south": {"uv": [4.5, 7.5, 5.5, 8], "texture": "#stone_sword9"},
				"west": {"uv": [11, 7.5, 11.5, 8], "texture": "#stone_sword9"},
				"up": {"uv": [4.5, 3, 5.5, 2.5], "texture": "#stone_sword9"},
				"down": {"uv": [4.5, 3, 5.5, 3.5], "texture": "#stone_sword9"}
			}
		},
		{
			"name": "Voxels",
			"from": [10, 9, 5],
			"to": [12, 9.5, 5.5],
			"faces": {
				"north": {"uv": [4.5, 3.5, 2.5, 4], "texture": "#stone_sword9"},
				"east": {"uv": [15, 7.5, 14.5, 8], "texture": "#stone_sword9"},
				"south": {"uv": [2.5, 4, 4.5, 4.5], "texture": "#stone_sword9"},
				"west": {"uv": [14, 7.5, 14.5, 8], "texture": "#stone_sword9"},
				"up": {"uv": [0, 6.5, 2, 6], "texture": "#stone_sword9"},
				"down": {"uv": [0, 5.5, 2, 6], "texture": "#stone_sword9"}
			}
		},
		{
			"name": "Voxels",
			"from": [10, 9.5, 5],
			"to": [11.5, 10, 5.5],
			"faces": {
				"north": {"uv": [13, 9, 11.5, 9.5], "texture": "#stone_sword9"},
				"east": {"uv": [8.5, 5.5, 8, 6], "texture": "#stone_sword9"},
				"south": {"uv": [10, 8.5, 11.5, 9], "texture": "#stone_sword9"},
				"west": {"uv": [8, 6, 8.5, 6.5], "texture": "#stone_sword9"},
				"up": {"uv": [10, 9.5, 11.5, 9], "texture": "#stone_sword9"},
				"down": {"uv": [8.5, 9, 10, 9.5], "texture": "#stone_sword9"}
			}
		},
		{
			"name": "Voxels",
			"from": [10.5, 6, 5],
			"to": [11, 6.5, 5.5],
			"faces": {
				"north": {"uv": [8.5, 4, 8, 4.5], "texture": "#stone_sword9"},
				"east": {"uv": [8.5, 2.5, 8, 3], "texture": "#stone_sword9"},
				"south": {"uv": [8, 3.5, 8.5, 4], "texture": "#stone_sword9"},
				"west": {"uv": [8, 3, 8.5, 3.5], "texture": "#stone_sword9"},
				"up": {"uv": [8, 5, 8.5, 4.5], "texture": "#stone_sword9"},
				"down": {"uv": [8, 5, 8.5, 5.5], "texture": "#stone_sword9"}
			}
		},
		{
			"name": "Voxels",
			"from": [10.5, 9.5, 4.5],
			"to": [11, 10, 5],
			"faces": {
				"north": {"uv": [8.5, 1, 8, 1.5], "texture": "#stone_sword9"},
				"east": {"uv": [9, 7, 8.5, 7.5], "texture": "#stone_sword9"},
				"south": {"uv": [8, 0.5, 8.5, 1], "texture": "#stone_sword9"},
				"west": {"uv": [8, 0, 8.5, 0.5], "texture": "#stone_sword9"},
				"up": {"uv": [9.5, 7, 10, 6.5], "texture": "#stone_sword9"},
				"down": {"uv": [8, 2, 8.5, 2.5], "texture": "#stone_sword9"}
			}
		},
		{
			"name": "Voxels",
			"from": [11, 6.5, 5],
			"to": [11.5, 7, 5.5],
			"faces": {
				"north": {"uv": [10.5, 7, 10, 7.5], "texture": "#stone_sword9"},
				"east": {"uv": [12, 7, 11.5, 7.5], "texture": "#stone_sword9"},
				"south": {"uv": [10.5, 7, 11, 7.5], "texture": "#stone_sword9"},
				"west": {"uv": [11, 7, 11.5, 7.5], "texture": "#stone_sword9"},
				"up": {"uv": [9.5, 7.5, 10, 7], "texture": "#stone_sword9"},
				"down": {"uv": [9, 7, 9.5, 7.5], "texture": "#stone_sword9"}
			}
		},
		{
			"name": "Voxels",
			"from": [11, 8.5, 5],
			"to": [12, 9, 5.5],
			"faces": {
				"north": {"uv": [12.5, 8.5, 11.5, 9], "texture": "#stone_sword9"},
				"east": {"uv": [15, 7, 14.5, 7.5], "texture": "#stone_sword9"},
				"south": {"uv": [12.5, 8.5, 13.5, 9], "texture": "#stone_sword9"},
				"west": {"uv": [14, 7, 14.5, 7.5], "texture": "#stone_sword9"},
				"up": {"uv": [15, 10, 16, 9.5], "texture": "#stone_sword9"},
				"down": {"uv": [4.5, 0, 5.5, 0.5], "texture": "#stone_sword9"}
			}
		},
		{
			"name": "Voxels",
			"from": [11.5, 6.5, 4.5],
			"to": [12, 8, 5],
			"faces": {
				"north": {"uv": [7, 6.5, 6.5, 8], "texture": "#stone_sword9"},
				"east": {"uv": [4, 0.5, 3.5, 2], "texture": "#stone_sword9"},
				"south": {"uv": [2.5, 0.5, 3, 2], "texture": "#stone_sword9"},
				"west": {"uv": [3, 0.5, 3.5, 2], "texture": "#stone_sword9"},
				"up": {"uv": [15.5, 7.5, 16, 7], "texture": "#stone_sword9"},
				"down": {"uv": [15, 7, 15.5, 7.5], "texture": "#stone_sword9"}
			}
		},
		{
			"name": "Voxels",
			"from": [11.5, 7, 5],
			"to": [12, 8.5, 5.5],
			"faces": {
				"north": {"uv": [4.5, 0.5, 4, 2], "texture": "#stone_sword9"},
				"east": {"uv": [6, 8.5, 5.5, 10], "texture": "#stone_sword9"},
				"south": {"uv": [4.5, 0.5, 5, 2], "texture": "#stone_sword9"},
				"west": {"uv": [5, 0.5, 5.5, 2], "texture": "#stone_sword9"},
				"up": {"uv": [8.5, 4.5, 9, 4], "texture": "#stone_sword9"},
				"down": {"uv": [8.5, 4.5, 9, 5], "texture": "#stone_sword9"}
			}
		},
		{
			"name": "Voxels",
			"from": [12, 7, 4.5],
			"to": [12.5, 8, 5],
			"faces": {
				"north": {"uv": [8, 7.5, 7.5, 8.5], "texture": "#stone_sword9"},
				"east": {"uv": [7.5, 3.5, 7, 4.5], "texture": "#stone_sword9"},
				"south": {"uv": [7.5, 6.5, 8, 7.5], "texture": "#stone_sword9"},
				"west": {"uv": [7.5, 5.5, 8, 6.5], "texture": "#stone_sword9"},
				"up": {"uv": [8.5, 1.5, 9, 1], "texture": "#stone_sword9"},
				"down": {"uv": [8.5, 1.5, 9, 2], "texture": "#stone_sword9"}
			}
		}
	],
	"display": {
		"thirdperson_righthand": {
			"rotation": [75, -144, 0],
			"translation": [0, 2.5, 0.6956],
			"scale": [0.5, 0.5, 0.5]
		},
		"thirdperson_lefthand": {
			"rotation": [75, -126, 0],
			"translation": [0, 3.4782, 0],
			"scale": [0.5, 0.5, 0.5]
		},
		"firstperson_righthand": {
			"rotation": [0, -42.5, 0],
			"translation": [4, 0, -3.5]
		},
		"firstperson_lefthand": {
			"rotation": [0, -42.5, 0],
			"translation": [2.75, 0, -7.75]
		},
		"ground": {
			"translation": [2.7826, 8.3478, 1.3913],
			"scale": [0.8, 0.8, 0.8]
		},
		"gui": {
			"rotation": [-4.63, -14.52, -2.66],
			"translation": [1.25, 0, 1]
		},
		"head": {
			"rotation": [0, 180, 0],
			"translation": [-2.5, 8.5, -9.8],
			"scale": [1.15, 1, 1.5]
		},
		"fixed": {
			"rotation": [0, 180, 0],
			"translation": [-2.5, 1, -3.478]
		}
	}
}