{
	"credit": "Made with Blockbench",
	"textures": {
		"0": "items/an2_c92",
		"1": "items/an2_c9_12",
		"2": "items/an2_c9_22",
		"particle": "an2_c92"
	},
	"elements": [
		{
			"from": [6.25, 1, 0],
			"to": [9, 2, 1],
			"rotation": {"angle": 0, "axis": "y", "origin": [8, 1, 0.5]},
			"faces": {
				"north": {"uv": [0, 0, 16, 16], "texture": "#0"},
				"east": {"uv": [0, 0, 16, 16], "texture": "#0"},
				"south": {"uv": [0, 0, 16, 16], "texture": "#0"},
				"west": {"uv": [0, 0, 16, 16], "texture": "#0"},
				"up": {"uv": [0, 0, 16, 16], "texture": "#1"},
				"down": {"uv": [0, 0, 16, 16], "texture": "#0"}
			}
		},
		{
			"from": [6.25, 0.80866, 1.03806],
			"to": [9, 1.80866, 2.53806],
			"rotation": {"angle": -22.5, "axis": "x", "origin": [8, 0.80866, 0.53806]},
			"faces": {
				"north": {"uv": [0, 0, 16, 16], "texture": "#0"},
				"east": {"uv": [0, 0, 16, 16], "texture": "#0"},
				"south": {"uv": [0, 0, 16, 16], "texture": "#0"},
				"west": {"uv": [0, 0, 16, 16], "texture": "#0"},
				"up": {"uv": [0, 0, 16, 16], "texture": "#1"},
				"down": {"uv": [0, 0, 16, 16], "texture": "#0"}
			}
		},
		{
			"from": [6.25, 1.22047, 2.53227],
			"to": [9, 2.22047, 3.50727],
			"rotation": {"angle": -45, "axis": "x", "origin": [8, 1.22047, 2.03227]},
			"faces": {
				"north": {"uv": [0, 0, 16, 16], "texture": "#0"},
				"east": {"uv": [0, 0, 16, 16], "texture": "#0"},
				"south": {"uv": [0, 0, 16, 16], "texture": "#0"},
				"west": {"uv": [0, 0, 16, 16], "texture": "#0"},
				"up": {"uv": [0, 0, 16, 16], "texture": "#1"},
				"down": {"uv": [0, 0, 16, 16], "texture": "#0"}
			}
		},
		{
			"from": [6.25, 2.30151, 1.88391],
			"to": [9, 3.52651, 2.88391],
			"rotation": {"angle": 22.5, "axis": "x", "origin": [8, 1.80151, 2.88391]},
			"faces": {
				"north": {"uv": [0, 0, 16, 16], "texture": "#1"},
				"east": {"uv": [0, 0, 16, 16], "rotation": 90, "texture": "#0"},
				"south": {"uv": [0, 0, 16, 16], "rotation": 90, "texture": "#0"},
				"west": {"uv": [0, 0, 16, 16], "rotation": 90, "texture": "#0"},
				"up": {"uv": [0, 0, 16, 16], "rotation": 90, "texture": "#1"},
				"down": {"uv": [0, 0, 16, 16], "rotation": 90, "texture": "#0"}
			}
		},
		{
			"from": [6.25, 3.39521, 2.54404],
			"to": [9, 4.32021, 3.54404],
			"rotation": {"angle": 0, "axis": "y", "origin": [8, 2.89521, 3.54404]},
			"faces": {
				"north": {"uv": [0, 0, 16, 16], "texture": "#1"},
				"east": {"uv": [0, 0, 16, 16], "rotation": 90, "texture": "#0"},
				"south": {"uv": [0, 0, 16, 16], "rotation": 90, "texture": "#0"},
				"west": {"uv": [0, 0, 16, 16], "rotation": 90, "texture": "#0"},
				"up": {"uv": [0, 0, 16, 16], "rotation": 90, "texture": "#1"},
				"down": {"uv": [0, 0, 16, 16], "rotation": 90, "texture": "#0"}
			}
		},
		{
			"from": [6.25, 4.35827, 2.73538],
			"to": [9, 5.78327, 3.73538],
			"rotation": {"angle": -22.5, "axis": "x", "origin": [8, 3.85827, 3.73538]},
			"faces": {
				"north": {"uv": [0, 0, 16, 16], "texture": "#1"},
				"east": {"uv": [0, 0, 16, 16], "rotation": 90, "texture": "#0"},
				"south": {"uv": [0, 0, 16, 16], "rotation": 90, "texture": "#0"},
				"west": {"uv": [0, 0, 16, 16], "rotation": 90, "texture": "#0"},
				"up": {"uv": [0, 0, 16, 16], "rotation": 90, "texture": "#1"},
				"down": {"uv": [0, 0, 16, 16], "rotation": 90, "texture": "#0"}
			}
		},
		{
			"from": [6.25, 5.25405, 2.07483],
			"to": [9, 7.42905, 3.07483],
			"rotation": {"angle": 0, "axis": "y", "origin": [8, 4.75405, 3.07483]},
			"faces": {
				"north": {"uv": [0, 0, 16, 16], "texture": "#1"},
				"east": {"uv": [0, 0, 16, 16], "rotation": 90, "texture": "#0"},
				"south": {"uv": [0, 0, 16, 16], "rotation": 90, "texture": "#0"},
				"west": {"uv": [0, 0, 16, 16], "rotation": 90, "texture": "#0"},
				"up": {"uv": [0, 0, 16, 16], "rotation": 90, "texture": "#1"},
				"down": {"uv": [0, 0, 16, 16], "rotation": 90, "texture": "#0"}
			}
		},
		{
			"from": [6.25, 7.08443, 1.80737],
			"to": [9, 8.95943, 2.80737],
			"rotation": {"angle": 22.5, "axis": "x", "origin": [8, 6.58443, 2.80737]},
			"faces": {
				"north": {"uv": [0, 0, 16, 16], "texture": "#1"},
				"east": {"uv": [0, 0, 16, 16], "rotation": 90, "texture": "#0"},
				"south": {"uv": [0, 0, 16, 16], "rotation": 90, "texture": "#0"},
				"west": {"uv": [0, 0, 16, 16], "rotation": 90, "texture": "#0"},
				"up": {"uv": [0, 0, 16, 16], "rotation": 90, "texture": "#1"},
				"down": {"uv": [0, 0, 16, 16], "rotation": 90, "texture": "#0"}
			}
		},
		{
			"from": [6.25, 8.60067, 2.14592],
			"to": [9, 10.47567, 3.14592],
			"rotation": {"angle": 45, "axis": "x", "origin": [8, 8.10067, 3.14592]},
			"faces": {
				"north": {"uv": [0, 0, 16, 16], "texture": "#1"},
				"east": {"uv": [0, 0, 16, 16], "rotation": 90, "texture": "#0"},
				"south": {"uv": [0, 0, 16, 16], "rotation": 90, "texture": "#0"},
				"west": {"uv": [0, 0, 16, 16], "rotation": 90, "texture": "#0"},
				"up": {"uv": [0, 0, 16, 16], "rotation": 90, "texture": "#1"},
				"down": {"uv": [0, 0, 16, 16], "rotation": 90, "texture": "#0"}
			}
		},
		{
			"from": [6.25, 9.37193, 4.53893],
			"to": [9, 10.37193, 5.41393],
			"rotation": {"angle": -22.5, "axis": "x", "origin": [8, 9.37193, 4.03893]},
			"faces": {
				"north": {"uv": [0, 0, 16, 16], "texture": "#0"},
				"east": {"uv": [0, 0, 16, 16], "texture": "#0"},
				"south": {"uv": [0, 0, 16, 16], "texture": "#0"},
				"west": {"uv": [0, 0, 16, 16], "texture": "#0"},
				"up": {"uv": [0, 0, 16, 16], "texture": "#1"},
				"down": {"uv": [0, 0, 16, 16], "texture": "#0"}
			}
		},
		{
			"from": [6.25, 9.822, 4.92658],
			"to": [9, 10.822, 7.30158],
			"rotation": {"angle": 0, "axis": "y", "origin": [8, 9.822, 4.42658]},
			"faces": {
				"north": {"uv": [0, 0, 16, 16], "texture": "#0"},
				"east": {"uv": [0, 0, 16, 16], "texture": "#0"},
				"south": {"uv": [0, 0, 16, 16], "texture": "#0"},
				"west": {"uv": [0, 0, 16, 16], "texture": "#0"},
				"up": {"uv": [0, 0, 16, 16], "texture": "#1"},
				"down": {"uv": [0, 0, 16, 16], "texture": "#0"}
			}
		},
		{
			"from": [6.25, 10.08946, 6.95696],
			"to": [9, 11.08946, 8.00696],
			"rotation": {"angle": 22.5, "axis": "x", "origin": [8, 10.08946, 6.45696]},
			"faces": {
				"north": {"uv": [0, 0, 16, 16], "texture": "#0"},
				"east": {"uv": [0, 0, 16, 16], "texture": "#0"},
				"south": {"uv": [0, 0, 16, 16], "texture": "#0"},
				"west": {"uv": [0, 0, 16, 16], "texture": "#0"},
				"up": {"uv": [0, 0, 16, 16], "texture": "#1"},
				"down": {"uv": [0, 0, 16, 16], "texture": "#0"}
			}
		},
		{
			"from": [6.25, 10.06663, 7.711],
			"to": [9, 11.06663, 9.311],
			"rotation": {"angle": 45, "axis": "x", "origin": [8, 10.06663, 7.211]},
			"faces": {
				"north": {"uv": [0, 0, 16, 16], "texture": "#0"},
				"east": {"uv": [0, 0, 16, 16], "texture": "#0"},
				"south": {"uv": [0, 0, 16, 16], "texture": "#0"},
				"west": {"uv": [0, 0, 16, 16], "texture": "#0"},
				"up": {"uv": [0, 0, 16, 16], "texture": "#1"},
				"down": {"uv": [0, 0, 16, 16], "texture": "#0"}
			}
		},
		{
			"from": [6.25, 7.76807, 8.28781],
			"to": [9, 8.86807, 9.28781],
			"rotation": {"angle": -22.5, "axis": "x", "origin": [8, 9.36807, 8.28781]},
			"faces": {
				"north": {"uv": [0, 0, 16, 16], "rotation": 270, "texture": "#0"},
				"east": {"uv": [0, 0, 16, 16], "rotation": 270, "texture": "#0"},
				"south": {"uv": [0, 0, 16, 16], "rotation": 180, "texture": "#1"},
				"west": {"uv": [0, 0, 16, 16], "rotation": 270, "texture": "#0"},
				"up": {"uv": [0, 0, 16, 16], "rotation": 270, "texture": "#1"},
				"down": {"uv": [0, 0, 16, 16], "rotation": 270, "texture": "#0"}
			}
		},
		{
			"from": [6.25, 6.17254, 8.82398],
			"to": [9, 8.27254, 9.82398],
			"rotation": {"angle": 0, "axis": "y", "origin": [8, 8.77254, 8.82398]},
			"faces": {
				"north": {"uv": [0, 0, 16, 16], "rotation": 270, "texture": "#0"},
				"east": {"uv": [0, 0, 16, 16], "rotation": 270, "texture": "#0"},
				"south": {"uv": [0, 0, 16, 16], "rotation": 180, "texture": "#1"},
				"west": {"uv": [0, 0, 16, 16], "rotation": 270, "texture": "#0"},
				"up": {"uv": [0, 0, 16, 16], "rotation": 270, "texture": "#1"},
				"down": {"uv": [0, 0, 16, 16], "rotation": 270, "texture": "#0"}
			}
		},
		{
			"from": [6.275, 5.97463, 7.829],
			"to": [8.975, 8.07463, 8.829],
			"rotation": {"angle": -22.5, "axis": "x", "origin": [8, 8.57463, 7.829]},
			"faces": {
				"north": {"uv": [0, 0, 16, 16], "rotation": 270, "texture": "#0"},
				"east": {"uv": [0, 0, 16, 16], "rotation": 270, "texture": "#0"},
				"south": {"uv": [0, 0, 16, 16], "rotation": 270, "texture": "#0"},
				"west": {"uv": [0, 0, 16, 16], "rotation": 270, "texture": "#0"},
				"up": {"uv": [0, 0, 16, 16], "rotation": 270, "texture": "#0"},
				"down": {"uv": [0, 0, 16, 16], "rotation": 270, "texture": "#0"}
			}
		},
		{
			"from": [6.275, 8.22463, 7.479],
			"to": [8.975, 9.22463, 8.979],
			"rotation": {"angle": 45, "axis": "x", "origin": [8, 8.57463, 7.829]},
			"faces": {
				"north": {"uv": [0, 0, 16, 16], "rotation": 90, "texture": "#0"},
				"east": {"uv": [0, 0, 16, 16], "texture": "#0"},
				"south": {"uv": [0, 0, 16, 16], "rotation": 270, "texture": "#0"},
				"west": {"uv": [0, 0, 16, 16], "rotation": 180, "texture": "#0"},
				"up": {"uv": [0, 0, 16, 16], "rotation": 270, "texture": "#0"},
				"down": {"uv": [0, 0, 16, 16], "rotation": 90, "texture": "#0"}
			}
		},
		{
			"from": [6.275, 0.20932, 7.27641],
			"to": [8.975, 0.93432, 8.27641],
			"rotation": {"angle": 45, "axis": "x", "origin": [8, 7.08432, 8.27641]},
			"faces": {
				"north": {"uv": [0, 16, 16, 0], "rotation": 270, "texture": "#0"},
				"east": {"uv": [0, 16, 16, 0], "rotation": 270, "texture": "#0"},
				"south": {"uv": [0, 16, 16, 0], "rotation": 270, "texture": "#0"},
				"west": {"uv": [0, 16, 16, 0], "rotation": 270, "texture": "#0"},
				"up": {"uv": [16, 0, 0, 16], "rotation": 270, "texture": "#0"},
				"down": {"uv": [16, 0, 0, 16], "rotation": 270, "texture": "#0"}
			}
		},
		{
			"from": [6.275, 2.26937, 5.27164],
			"to": [8.975, 3.14437, 6.27164],
			"rotation": {"angle": 22.5, "axis": "x", "origin": [8, 8.39437, 6.27164]},
			"faces": {
				"north": {"uv": [0, 16, 16, 0], "rotation": 270, "texture": "#0"},
				"east": {"uv": [0, 16, 16, 0], "rotation": 270, "texture": "#0"},
				"south": {"uv": [0, 16, 16, 0], "rotation": 270, "texture": "#0"},
				"west": {"uv": [0, 16, 16, 0], "rotation": 270, "texture": "#0"},
				"up": {"uv": [16, 0, 0, 16], "rotation": 270, "texture": "#0"},
				"down": {"uv": [16, 0, 0, 16], "rotation": 270, "texture": "#0"}
			}
		},
		{
			"from": [6.275, 3.544, 3.26255],
			"to": [8.975, 5.944, 4.26255],
			"rotation": {"angle": 0, "axis": "y", "origin": [8, 9.669, 4.26255]},
			"faces": {
				"north": {"uv": [0, 16, 16, 0], "rotation": 270, "texture": "#0"},
				"east": {"uv": [0, 16, 16, 0], "rotation": 270, "texture": "#0"},
				"south": {"uv": [0, 16, 16, 0], "rotation": 270, "texture": "#0"},
				"west": {"uv": [0, 16, 16, 0], "rotation": 270, "texture": "#0"},
				"up": {"uv": [16, 0, 0, 16], "rotation": 270, "texture": "#0"},
				"down": {"uv": [16, 0, 0, 16], "rotation": 270, "texture": "#0"}
			}
		},
		{
			"from": [6.275, 0.20316, 5.42025],
			"to": [8.975, 0.97816, 6.42025],
			"rotation": {"angle": 45, "axis": "x", "origin": [8, 5.22816, 6.42025]},
			"faces": {
				"north": {"uv": [0, 16, 16, 0], "rotation": 270, "texture": "#0"},
				"east": {"uv": [0, 16, 16, 0], "rotation": 270, "texture": "#0"},
				"south": {"uv": [0, 16, 16, 0], "rotation": 270, "texture": "#0"},
				"west": {"uv": [0, 16, 16, 0], "rotation": 270, "texture": "#0"},
				"up": {"uv": [16, 0, 0, 16], "rotation": 270, "texture": "#0"},
				"down": {"uv": [16, 0, 0, 16], "rotation": 270, "texture": "#0"}
			}
		},
		{
			"from": [6.275, 3.30135, 2.16853],
			"to": [8.975, 4.30135, 2.54353],
			"rotation": {"angle": -22.5, "axis": "x", "origin": [8, 3.30135, 6.79353]},
			"faces": {
				"north": {"uv": [16, 0, 0, 16], "rotation": 90, "texture": "#0"},
				"east": {"uv": [0, 16, 16, 0], "rotation": 180, "texture": "#0"},
				"south": {"uv": [16, 0, 0, 16], "rotation": 270, "texture": "#0"},
				"west": {"uv": [0, 16, 16, 0], "texture": "#0"},
				"up": {"uv": [0, 16, 16, 0], "rotation": 90, "texture": "#0"},
				"down": {"uv": [0, 16, 16, 0], "rotation": 270, "texture": "#0"}
			}
		},
		{
			"from": [6.275, 1.53144, 2.14559],
			"to": [8.975, 2.53144, 2.52059],
			"rotation": {"angle": 0, "axis": "y", "origin": [8, 1.53144, 6.77059]},
			"faces": {
				"north": {"uv": [16, 0, 0, 16], "rotation": 90, "texture": "#0"},
				"east": {"uv": [0, 16, 16, 0], "rotation": 180, "texture": "#0"},
				"south": {"uv": [16, 0, 0, 16], "rotation": 270, "texture": "#0"},
				"west": {"uv": [0, 16, 16, 0], "texture": "#0"},
				"up": {"uv": [0, 16, 16, 0], "rotation": 90, "texture": "#0"},
				"down": {"uv": [0, 16, 16, 0], "rotation": 270, "texture": "#0"}
			}
		},
		{
			"from": [6.275, 8.22463, 3.696],
			"to": [8.975, 9.22463, 6.396],
			"rotation": {"angle": -45, "axis": "x", "origin": [8, 8.57463, 6.046]},
			"faces": {
				"north": {"uv": [0, 16, 16, 0], "rotation": 270, "texture": "#0"},
				"east": {"uv": [16, 0, 0, 16], "texture": "#0"},
				"south": {"uv": [0, 16, 16, 0], "rotation": 90, "texture": "#0"},
				"west": {"uv": [16, 0, 0, 16], "rotation": 180, "texture": "#0"},
				"up": {"uv": [16, 0, 0, 16], "rotation": 270, "texture": "#0"},
				"down": {"uv": [16, 0, 0, 16], "rotation": 90, "texture": "#0"}
			}
		},
		{
			"from": [6.275, 5.04138, 4.11238],
			"to": [8.975, 8.21638, 5.26238],
			"rotation": {"angle": 22.5, "axis": "x", "origin": [8, 7.86638, 4.76238]},
			"faces": {
				"north": {"uv": [16, 0, 0, 16], "rotation": 90, "texture": "#0"},
				"east": {"uv": [16, 0, 0, 16], "rotation": 90, "texture": "#0"},
				"south": {"uv": [16, 0, 0, 16], "rotation": 90, "texture": "#0"},
				"west": {"uv": [16, 0, 0, 16], "rotation": 90, "texture": "#0"},
				"up": {"uv": [0, 16, 16, 0], "rotation": 90, "texture": "#0"},
				"down": {"uv": [0, 16, 16, 0], "rotation": 90, "texture": "#0"}
			}
		},
		{
			"from": [6.35, 5.24217, 9.09144],
			"to": [8.9, 6.51717, 10.09144],
			"rotation": {"angle": 22.5, "axis": "x", "origin": [8, 7.01717, 9.09144]},
			"faces": {
				"north": {"uv": [0, 0, 16, 16], "rotation": 270, "texture": "#2"},
				"east": {"uv": [0, 0, 16, 16], "rotation": 270, "texture": "#2"},
				"south": {"uv": [0, 0, 16, 16], "rotation": 270, "texture": "#2"},
				"west": {"uv": [0, 0, 16, 16], "rotation": 270, "texture": "#2"},
				"up": {"uv": [0, 0, 16, 16], "rotation": 270, "texture": "#2"},
				"down": {"uv": [0, 0, 16, 16], "rotation": 270, "texture": "#2"}
			}
		},
		{
			"from": [6.35, 4.53026, 8.9825],
			"to": [8.9, 5.55526, 9.9825],
			"rotation": {"angle": 45, "axis": "x", "origin": [8, 6.05526, 8.9825]},
			"faces": {
				"north": {"uv": [0, 0, 16, 16], "rotation": 270, "texture": "#2"},
				"east": {"uv": [0, 0, 16, 16], "rotation": 270, "texture": "#2"},
				"south": {"uv": [0, 0, 16, 16], "rotation": 270, "texture": "#2"},
				"west": {"uv": [0, 0, 16, 16], "rotation": 270, "texture": "#2"},
				"up": {"uv": [0, 0, 16, 16], "rotation": 270, "texture": "#2"},
				"down": {"uv": [0, 0, 16, 16], "rotation": 270, "texture": "#2"}
			}
		},
		{
			"from": [6.35, 4.38503, 6.91553],
			"to": [8.9, 5.38503, 8.19053],
			"rotation": {"angle": -22.5, "axis": "x", "origin": [8, 5.38503, 8.69053]},
			"faces": {
				"north": {"uv": [0, 0, 16, 16], "rotation": 180, "texture": "#2"},
				"east": {"uv": [0, 0, 16, 16], "rotation": 180, "texture": "#2"},
				"south": {"uv": [0, 0, 16, 16], "rotation": 180, "texture": "#2"},
				"west": {"uv": [0, 0, 16, 16], "rotation": 180, "texture": "#2"},
				"up": {"uv": [0, 0, 16, 16], "rotation": 180, "texture": "#2"},
				"down": {"uv": [0, 0, 16, 16], "rotation": 180, "texture": "#2"}
			}
		},
		{
			"from": [6.35, 3.78189, 6.20833],
			"to": [8.9, 4.78189, 7.43333],
			"rotation": {"angle": 0, "axis": "y", "origin": [8, 4.78189, 7.93333]},
			"faces": {
				"north": {"uv": [0, 0, 16, 16], "rotation": 180, "texture": "#2"},
				"east": {"uv": [0, 0, 16, 16], "rotation": 180, "texture": "#2"},
				"south": {"uv": [0, 0, 16, 16], "rotation": 180, "texture": "#2"},
				"west": {"uv": [0, 0, 16, 16], "rotation": 180, "texture": "#2"},
				"up": {"uv": [0, 0, 16, 16], "rotation": 180, "texture": "#2"},
				"down": {"uv": [0, 0, 16, 16], "rotation": 180, "texture": "#2"}
			}
		},
		{
			"from": [6.35, 0.52565, 0.00832],
			"to": [8.9, 1.52565, 3.43332],
			"rotation": {"angle": 0, "axis": "y", "origin": [8, 0.52565, 2.93332]},
			"faces": {
				"north": {"uv": [0, 0, 16, 16], "texture": "#2"},
				"east": {"uv": [0, 0, 16, 16], "texture": "#2"},
				"south": {"uv": [0, 0, 16, 16], "texture": "#2"},
				"west": {"uv": [0, 0, 16, 16], "texture": "#2"},
				"up": {"uv": [0, 0, 16, 16], "texture": "#2"},
				"down": {"uv": [0, 0, 16, 16], "texture": "#2"}
			}
		},
		{
			"from": [6.35, 0.81266, 3.37623],
			"to": [8.9, 1.81266, 6.12623],
			"rotation": {"angle": -22.5, "axis": "x", "origin": [8, 0.81266, 4.12623]},
			"faces": {
				"north": {"uv": [0, 0, 16, 16], "texture": "#2"},
				"east": {"uv": [0, 0, 16, 16], "texture": "#2"},
				"south": {"uv": [0, 0, 16, 16], "texture": "#2"},
				"west": {"uv": [0, 0, 16, 16], "texture": "#2"},
				"up": {"uv": [0, 0, 16, 16], "texture": "#2"},
				"down": {"uv": [0, 0, 16, 16], "texture": "#2"}
			}
		},
		{
			"from": [6.35, 1.22447, 6.12044],
			"to": [8.9, 2.22447, 7.09544],
			"rotation": {"angle": -45, "axis": "x", "origin": [8, 1.22447, 5.62044]},
			"faces": {
				"north": {"uv": [0, 0, 16, 16], "texture": "#2"},
				"east": {"uv": [0, 0, 16, 16], "texture": "#2"},
				"south": {"uv": [0, 0, 16, 16], "texture": "#2"},
				"west": {"uv": [0, 0, 16, 16], "texture": "#2"},
				"up": {"uv": [0, 0, 16, 16], "texture": "#2"},
				"down": {"uv": [0, 0, 16, 16], "texture": "#2"}
			}
		},
		{
			"from": [6.35, 2.30552, 5.47208],
			"to": [8.9, 4.28052, 6.47208],
			"rotation": {"angle": 22.5, "axis": "x", "origin": [8, 1.80552, 6.47208]},
			"faces": {
				"north": {"uv": [0, 0, 16, 16], "rotation": 90, "texture": "#2"},
				"east": {"uv": [0, 0, 16, 16], "rotation": 90, "texture": "#2"},
				"south": {"uv": [0, 0, 16, 16], "rotation": 90, "texture": "#2"},
				"west": {"uv": [0, 0, 16, 16], "rotation": 90, "texture": "#2"},
				"up": {"uv": [0, 0, 16, 16], "rotation": 90, "texture": "#2"},
				"down": {"uv": [0, 0, 16, 16], "rotation": 90, "texture": "#2"}
			}
		},
		{
			"from": [6.375, 1.52565, 2.00832],
			"to": [8.875, 2.27565, 5.43332],
			"rotation": {"angle": 0, "axis": "y", "origin": [8, 0.52565, 2.93332]},
			"faces": {
				"north": {"uv": [0, 0, 16, 16], "texture": "#2"},
				"east": {"uv": [0, 0, 16, 16], "texture": "#2"},
				"south": {"uv": [0, 0, 16, 16], "texture": "#2"},
				"west": {"uv": [0, 0, 16, 16], "texture": "#2"},
				"up": {"uv": [0, 0, 16, 16], "texture": "#2"},
				"down": {"uv": [0, 0, 16, 16], "texture": "#2"}
			}
		},
		{
			"from": [6.375, 2.27565, 5.00832],
			"to": [8.875, 7.97565, 6.43332],
			"rotation": {"angle": 0, "axis": "y", "origin": [8, 0.52565, 2.93332]},
			"faces": {
				"north": {"uv": [0, 0, 16, 16], "texture": "#2"},
				"east": {"uv": [0, 0, 16, 16], "texture": "#2"},
				"south": {"uv": [0, 0, 16, 16], "texture": "#2"},
				"west": {"uv": [0, 0, 16, 16], "texture": "#2"},
				"up": {"uv": [0, 0, 16, 16], "texture": "#2"},
				"down": {"uv": [0, 0, 16, 16], "texture": "#2"}
			}
		},
		{
			"from": [6.375, 2.27565, 4.55832],
			"to": [8.875, 7.22565, 5.00832],
			"rotation": {"angle": 0, "axis": "y", "origin": [8, 0.52565, 2.93332]},
			"faces": {
				"north": {"uv": [0, 0, 16, 16], "texture": "#2"},
				"east": {"uv": [0, 0, 16, 16], "texture": "#2"},
				"south": {"uv": [0, 0, 16, 16], "texture": "#2"},
				"west": {"uv": [0, 0, 16, 16], "texture": "#2"},
				"up": {"uv": [0, 0, 16, 16], "texture": "#2"},
				"down": {"uv": [0, 0, 16, 16], "texture": "#2"}
			}
		},
		{
			"from": [6.375, 2.27565, 4.13332],
			"to": [8.875, 6.22565, 4.55832],
			"rotation": {"angle": 0, "axis": "y", "origin": [8, 0.52565, 2.93332]},
			"faces": {
				"north": {"uv": [0, 0, 16, 16], "texture": "#2"},
				"east": {"uv": [0, 0, 16, 16], "texture": "#2"},
				"south": {"uv": [0, 0, 16, 16], "texture": "#2"},
				"west": {"uv": [0, 0, 16, 16], "texture": "#2"},
				"up": {"uv": [0, 0, 16, 16], "texture": "#2"},
				"down": {"uv": [0, 0, 16, 16], "texture": "#2"}
			}
		},
		{
			"from": [6.375, 2.27565, 3.73332],
			"to": [8.875, 4.97565, 4.13332],
			"rotation": {"angle": 0, "axis": "y", "origin": [8, 0.52565, 2.93332]},
			"faces": {
				"north": {"uv": [0, 0, 16, 16], "texture": "#2"},
				"east": {"uv": [0, 0, 16, 16], "texture": "#2"},
				"south": {"uv": [0, 0, 16, 16], "texture": "#2"},
				"west": {"uv": [0, 0, 16, 16], "texture": "#2"},
				"up": {"uv": [0, 0, 16, 16], "texture": "#2"},
				"down": {"uv": [0, 0, 16, 16], "texture": "#2"}
			}
		},
		{
			"from": [6.375, 2.27565, 3.33332],
			"to": [8.875, 3.47565, 3.73332],
			"rotation": {"angle": 0, "axis": "y", "origin": [8, 0.52565, 2.93332]},
			"faces": {
				"north": {"uv": [0, 0, 16, 16], "texture": "#2"},
				"east": {"uv": [0, 0, 16, 16], "texture": "#2"},
				"south": {"uv": [0, 0, 16, 16], "texture": "#2"},
				"west": {"uv": [0, 0, 16, 16], "texture": "#2"},
				"up": {"uv": [0, 0, 16, 16], "texture": "#2"},
				"down": {"uv": [0, 0, 16, 16], "texture": "#2"}
			}
		},
		{
			"from": [6.375, 2.27565, 2.93332],
			"to": [8.875, 3.22565, 3.33332],
			"rotation": {"angle": 0, "axis": "y", "origin": [8, 0.52565, 2.93332]},
			"faces": {
				"north": {"uv": [0, 0, 16, 16], "texture": "#2"},
				"east": {"uv": [0, 0, 16, 16], "texture": "#2"},
				"south": {"uv": [0, 0, 16, 16], "texture": "#2"},
				"west": {"uv": [0, 0, 16, 16], "texture": "#2"},
				"up": {"uv": [0, 0, 16, 16], "texture": "#2"},
				"down": {"uv": [0, 0, 16, 16], "texture": "#2"}
			}
		},
		{
			"from": [6.375, 4.77565, 6.43332],
			"to": [8.875, 7.97565, 8.85832],
			"rotation": {"angle": 0, "axis": "y", "origin": [8, 0.52565, 2.93332]},
			"faces": {
				"north": {"uv": [0, 0, 16, 16], "texture": "#2"},
				"east": {"uv": [0, 0, 16, 16], "texture": "#2"},
				"south": {"uv": [0, 0, 16, 16], "texture": "#2"},
				"west": {"uv": [0, 0, 16, 16], "texture": "#2"},
				"up": {"uv": [0, 0, 16, 16], "texture": "#2"},
				"down": {"uv": [0, 0, 16, 16], "texture": "#2"}
			}
		},
		{
			"from": [6.375, 7.97565, 5.75832],
			"to": [8.875, 8.47565, 7.93332],
			"rotation": {"angle": 0, "axis": "y", "origin": [8, 0.52565, 2.93332]},
			"faces": {
				"north": {"uv": [0, 0, 16, 16], "texture": "#2"},
				"east": {"uv": [0, 0, 16, 16], "texture": "#2"},
				"south": {"uv": [0, 0, 16, 16], "texture": "#2"},
				"west": {"uv": [0, 0, 16, 16], "texture": "#2"},
				"up": {"uv": [0, 0, 16, 16], "texture": "#2"},
				"down": {"uv": [0, 0, 16, 16], "texture": "#2"}
			}
		},
		{
			"from": [6.275, 9.27565, 4.00832],
			"to": [8.975, 10.27565, 8.35832],
			"rotation": {"angle": 0, "axis": "y", "origin": [8, 0.52565, 2.93332]},
			"faces": {
				"north": {"uv": [0, 0, 16, 16], "texture": "#0"},
				"east": {"uv": [0, 0, 16, 16], "texture": "#0"},
				"south": {"uv": [0, 0, 16, 16], "texture": "#0"},
				"west": {"uv": [0, 0, 16, 16], "texture": "#0"},
				"up": {"uv": [0, 0, 16, 16], "texture": "#0"},
				"down": {"uv": [0, 0, 16, 16], "texture": "#0"}
			}
		},
		{
			"from": [6.275, 7.97565, 7.93332],
			"to": [8.975, 9.27565, 8.85832],
			"rotation": {"angle": 0, "axis": "y", "origin": [8, 0.52565, 2.93332]},
			"faces": {
				"north": {"uv": [0, 0, 16, 16], "texture": "#0"},
				"east": {"uv": [0, 0, 16, 16], "texture": "#0"},
				"south": {"uv": [0, 0, 16, 16], "texture": "#0"},
				"west": {"uv": [0, 0, 16, 16], "texture": "#0"},
				"up": {"uv": [0, 0, 16, 16], "texture": "#0"},
				"down": {"uv": [0, 0, 16, 16], "texture": "#0"}
			}
		},
		{
			"from": [6.275, 8.17565, 3.48332],
			"to": [8.975, 9.27565, 7.93332],
			"rotation": {"angle": 0, "axis": "y", "origin": [8, 0.52565, 2.93332]},
			"faces": {
				"north": {"uv": [0, 0, 16, 16], "texture": "#0"},
				"east": {"uv": [0, 0, 16, 16], "texture": "#0"},
				"south": {"uv": [0, 0, 16, 16], "texture": "#0"},
				"west": {"uv": [0, 0, 16, 16], "texture": "#0"},
				"up": {"uv": [0, 0, 16, 16], "texture": "#0"},
				"down": {"uv": [0, 0, 16, 16], "texture": "#0"}
			}
		},
		{
			"from": [6.275, 7.97565, 3.23332],
			"to": [8.975, 8.47565, 5.75832],
			"rotation": {"angle": 0, "axis": "y", "origin": [8, 0.52565, 2.93332]},
			"faces": {
				"north": {"uv": [0, 0, 16, 16], "texture": "#0"},
				"east": {"uv": [0, 0, 16, 16], "texture": "#0"},
				"south": {"uv": [0, 0, 16, 16], "texture": "#0"},
				"west": {"uv": [0, 0, 16, 16], "texture": "#0"},
				"up": {"uv": [0, 0, 16, 16], "texture": "#0"},
				"down": {"uv": [0, 0, 16, 16], "texture": "#0"}
			}
		},
		{
			"from": [6.275, 7.22565, 2.98332],
			"to": [8.975, 7.97565, 5.00832],
			"rotation": {"angle": 0, "axis": "y", "origin": [8, 0.52565, 2.93332]},
			"faces": {
				"north": {"uv": [0, 0, 16, 16], "texture": "#0"},
				"east": {"uv": [0, 0, 16, 16], "texture": "#0"},
				"south": {"uv": [0, 0, 16, 16], "texture": "#0"},
				"west": {"uv": [0, 0, 16, 16], "texture": "#0"},
				"up": {"uv": [0, 0, 16, 16], "texture": "#0"},
				"down": {"uv": [0, 0, 16, 16], "texture": "#0"}
			}
		},
		{
			"from": [6.275, 6.22565, 2.78332],
			"to": [8.975, 7.22565, 4.55832],
			"rotation": {"angle": 0, "axis": "y", "origin": [8, 0.52565, 2.93332]},
			"faces": {
				"north": {"uv": [0, 0, 16, 16], "texture": "#0"},
				"east": {"uv": [0, 0, 16, 16], "texture": "#0"},
				"south": {"uv": [0, 0, 16, 16], "texture": "#0"},
				"west": {"uv": [0, 0, 16, 16], "texture": "#0"},
				"up": {"uv": [0, 0, 16, 16], "texture": "#0"},
				"down": {"uv": [0, 0, 16, 16], "texture": "#0"}
			}
		},
		{
			"from": [6.275, 4.97565, 2.78332],
			"to": [8.975, 6.22565, 4.13332],
			"rotation": {"angle": 0, "axis": "y", "origin": [8, 0.52565, 2.93332]},
			"faces": {
				"north": {"uv": [0, 0, 16, 16], "texture": "#0"},
				"east": {"uv": [0, 0, 16, 16], "texture": "#0"},
				"south": {"uv": [0, 0, 16, 16], "texture": "#0"},
				"west": {"uv": [0, 0, 16, 16], "texture": "#0"},
				"up": {"uv": [0, 0, 16, 16], "texture": "#0"},
				"down": {"uv": [0, 0, 16, 16], "texture": "#0"}
			}
		},
		{
			"from": [6.275, 3.37565, 2.78332],
			"to": [8.975, 4.97565, 3.73332],
			"rotation": {"angle": 0, "axis": "y", "origin": [8, 0.52565, 2.93332]},
			"faces": {
				"north": {"uv": [0, 0, 16, 16], "texture": "#0"},
				"east": {"uv": [0, 0, 16, 16], "texture": "#0"},
				"south": {"uv": [0, 0, 16, 16], "texture": "#0"},
				"west": {"uv": [0, 0, 16, 16], "texture": "#0"},
				"up": {"uv": [0, 0, 16, 16], "texture": "#0"},
				"down": {"uv": [0, 0, 16, 16], "texture": "#0"}
			}
		}
	],
	"display": {
		"thirdperson_righthand": {
			"rotation": [88.66, 41.27, -14.28],
			"translation": [1.75, 0, 3.5]
		},
		"thirdperson_lefthand": {
			"rotation": [67.5, 0, 0],
			"translation": [-6.25, -15.5, 22.5],
			"scale": [2, 2, 2]
		},
		"firstperson_righthand": {
			"rotation": [0, 112, 0],
			"translation": [4.75, 6.5, -3.75]
		},
		"firstperson_lefthand": {
			"rotation": [0, 112, 0],
			"translation": [80, 6.5, -3.75]
		},
		"ground": {
			"translation": [0, 3.25, 0]
		},
		"gui": {
			"rotation": [0, 138, 0],
			"translation": [3, 5.5, 1],
			"scale": [2, 2, 2]
		},
		"head": {
			"translation": [1, -4.5, 22.5],
			"scale": [2.5, 2.5, 2.5]
		},
		"fixed": {
			"rotation": [0, -47, 0],
			"translation": [-2.5, 4, 0],
			"scale": [1.5, 1.5, 1.5]
		}
	},
	"groups": [
		{
			"name": "group",
			"origin": [8, 1.80552, 6.47208],
			"color": 0,
			"children": [
				0,
				1,
				2,
				3,
				4,
				5,
				6,
				7,
				8,
				9,
				10,
				11,
				12,
				13,
				14,
				15,
				16,
				17,
				18,
				19,
				20,
				21,
				22,
				23,
				24,
				25,
				26,
				27,
				28,
				29,
				30,
				31,
				32,
				{
					"name": "group",
					"origin": [8, 0.52565, 2.93332],
					"color": 0,
					"children": [33, 34, 35, 36, 37, 38, 39, 40, 41, 42]
				}
			]
		},
		{
			"name": "group",
			"origin": [8, 0.52565, 2.93332],
			"color": 0,
			"children": [43, 44, 45, 46, 47, 48, 49]
		}
	]
}