{
	"parent": "item/handheld",
	"textures": {
		"layer0": "items/golden_hoe"
	},
	"overrides": [
		{ "predicate": { "damage": 0 }, "model": "golden_hoe/golden_hoe" },
		{ "predicate": { "damaged": 0, "damage": 0.03125 }, "model": "item/chany_c12" },
		{ "predicate": { "damaged": 0, "damage": 0.0625 }, "model": "item/n_hat" },
		{ "predicate": { "damaged": 0, "damage": 0.09375 }, "model": "item/an2_c10" },
		{ "predicate": { "damaged": 0, "damage": 0.125 }, "model": "item/m_h_hat" },
		{ "predicate": { "damaged": 0, "damage": 0.15625 }, "model": "item/da_hat" },
		{ "predicate": { "damaged": 0, "damage": 0.1875 }, "model": "item/mi_hat" },
		{ "predicate": { "damaged": 0, "damage": 0.21875 }, "model": "item/honey_back" },
		{ "predicate": { "damaged": 0, "damage": 0.25 }, "model": "item/da_t" },
		{ "predicate": { "damaged": 0, "damage": 0.28125 }, "model": "item/an2_c6" },
		{ "predicate": { "damaged": 0, "damage": 0.3125 }, "model": "item/chany_du1" },
		{ "predicate": { "damaged": 0, "damage": 0.34375 }, "model": "item/an_c7" },
		{ "predicate": { "damaged": 0, "damage": 0.375 }, "model": "item/stone_swordf" },
		{ "predicate": { "damaged": 0, "damage": 0.40625 }, "model": "item/an2_c2" },
		{ "predicate": { "damaged": 0, "damage": 0.4375 }, "model": "item/s_hat" },
		{ "predicate": { "damaged": 0, "damage": 0.46875 }, "model": "item/han_hat" },
		{ "predicate": { "damaged": 0, "damage": 0.5 }, "model": "item/ma_hat" },
		{ "predicate": { "damaged": 0, "damage": 0.53125 }, "model": "item/an_c12" },
		{ "predicate": { "damaged": 0, "damage": 0.5625 }, "model": "item/an_c6" },
		{ "predicate": { "damaged": 0, "damage": 0.59375 }, "model": "item/an_c3" },
		{ "predicate": { "damaged": 0, "damage": 0.625 }, "model": "item/chobab" },
		{ "predicate": { "damaged": 0, "damage": 0.65625 }, "model": "item/hige" },
		{ "predicate": { "damaged": 0, "damage": 0.6875 }, "model": "item/ya_ggul" },
		{ "predicate": { "damaged": 0, "damage": 0.71875 }, "model": "item/hotdog2" },
		{ "predicate": { "damaged": 0, "damage": 0.75 }, "model": "item/wing11" },
		{ "predicate": { "damaged": 0, "damage": 0.78125 }, "model": "item/da_hat2" },
		{ "predicate": { "damaged": 0, "damage": 0.8125 }, "model": "item/da_t2" },
		{ "predicate": { "damaged": 0, "damage": 0.84375 }, "model": "item/golden_hoe27" },
		{ "predicate": { "damaged": 0, "damage": 0.875 }, "model": "item/golden_hoe28" },
		{ "predicate": { "damaged": 0, "damage": 0.90625 }, "model": "item/golden_hoe29" },
		{ "predicate": { "damaged": 0, "damage": 0.9375 }, "model": "item/golden_hoe30" },
		{ "predicate": { "damaged": 0, "damage": 0.96875 }, "model": "item/golden_hoe31" },
		{ "predicate": { "damaged": 1 }, "model": "golden_hoe/golden_hoe" }
	]
}