{
	"credit": "Made with Blockbench",
	"textures": {
		"0": "items/cos_sj_hat1_1"
	},
	"elements": [
		{
			"from": [4, 0.79658, 1.71324],
			"to": [12, 3.54658, 5.46324],
			"rotation": {"angle": 0, "axis": "y", "origin": [8, 2.04658, 3.58824]},
			"faces": {
				"north": {"uv": [8, 12, 16, 16], "texture": "#0"},
				"east": {"uv": [8, 12, 16, 16], "texture": "#0"},
				"south": {"uv": [8, 12, 16, 16], "texture": "#0"},
				"west": {"uv": [8, 12, 16, 16], "texture": "#0"},
				"up": {"uv": [8, 12, 16, 16], "texture": "#0"},
				"down": {"uv": [8, 14, 16, 16], "texture": "#0"}
			}
		},
		{
			"from": [4.325, 1.07105, 0.33668],
			"to": [11.675, 4.57105, 3.58668],
			"rotation": {"angle": -45, "axis": "x", "origin": [8, 2.69605, 1.71168]},
			"faces": {
				"north": {"uv": [12.25, 8, 16, 16], "texture": "#0"},
				"east": {"uv": [8, 8, 16, 16], "texture": "#0"},
				"south": {"uv": [8, 8, 16, 16], "texture": "#0"},
				"west": {"uv": [8, 8, 16, 16], "texture": "#0"},
				"up": {"uv": [0, 4, 8, 8], "texture": "#0"},
				"down": {"uv": [8, 8, 16, 16], "texture": "#0"}
			}
		},
		{
			"from": [3.425, 2.45796, 2.28649],
			"to": [12.575, 6.20796, 6.03649],
			"rotation": {"angle": -22.5, "axis": "x", "origin": [8, 4.33296, 4.16149]},
			"faces": {
				"north": {"uv": [8, 8, 16, 14], "texture": "#0"},
				"east": {"uv": [11, 8, 16, 14], "texture": "#0"},
				"south": {"uv": [8, 8, 16, 14], "texture": "#0"},
				"west": {"uv": [12.5, 8, 16, 14], "texture": "#0"},
				"up": {"uv": [0, 3, 8, 0], "texture": "#0"},
				"down": {"uv": [8, 15, 16, 16], "texture": "#0"}
			}
		},
		{
			"from": [3.075, 0.45796, 5.13649],
			"to": [12.925, 6.90796, 8.28649],
			"rotation": {"angle": 0, "axis": "y", "origin": [8, 4.33296, 4.16149]},
			"faces": {
				"north": {"uv": [8, 8, 16, 16], "texture": "#0"},
				"east": {"uv": [12, 8, 16, 16], "texture": "#0"},
				"south": {"uv": [8, 8, 16, 16], "texture": "#0"},
				"west": {"uv": [10.75, 8, 16, 15], "texture": "#0"},
				"up": {"uv": [0, 0, 8, 3], "texture": "#0"},
				"down": {"uv": [8, 15, 16, 16], "texture": "#0"}
			}
		},
		{
			"from": [3.825, 0.45796, 7.03649],
			"to": [12.175, 5.90796, 10.18649],
			"rotation": {"angle": 22.5, "axis": "x", "origin": [8, 3.68296, 9.86149]},
			"faces": {
				"north": {"uv": [8, 8, 16, 15], "texture": "#0"},
				"east": {"uv": [9.5, 8, 16, 15], "texture": "#0"},
				"south": {"uv": [8, 8, 16, 15], "texture": "#0"},
				"west": {"uv": [8, 8, 16, 15], "texture": "#0"},
				"up": {"uv": [0, 0, 8, 4], "texture": "#0"},
				"down": {"uv": [8, 15, 16, 16], "texture": "#0"}
			}
		},
		{
			"from": [4.875, -0.47157, 8.80268],
			"to": [11.125, 4.22843, 11.95268],
			"rotation": {"angle": 45, "axis": "x", "origin": [8, 2.37843, 11.37768]},
			"faces": {
				"north": {"uv": [8, 8, 16, 16], "texture": "#0"},
				"east": {"uv": [10.75, 8, 16, 16], "texture": "#0"},
				"south": {"uv": [8, 8, 16, 16], "texture": "#0"},
				"west": {"uv": [8, 8, 16, 16], "texture": "#0"},
				"up": {"uv": [0, 4, 8, 0], "texture": "#0"},
				"down": {"uv": [8, 15, 16, 16], "texture": "#0"}
			}
		},
		{
			"from": [5.875, -1.0704, 10.44441],
			"to": [10.125, 2.8296, 12.64441],
			"rotation": {"angle": 0, "axis": "y", "origin": [8, 0.5046, 12.54441]},
			"faces": {
				"north": {"uv": [8, 14, 16, 16], "rotation": 90, "texture": "#0"},
				"east": {"uv": [13.5, 16, 8, 8], "rotation": 90, "texture": "#0"},
				"south": {"uv": [0, 0, 8, 3], "texture": "#0"},
				"west": {"uv": [8, 8, 16, 16], "rotation": 90, "texture": "#0"},
				"up": {"uv": [8, 8, 16, 16], "rotation": 90, "texture": "#0"},
				"down": {"uv": [8, 8, 16, 16], "texture": "#0"}
			}
		},
		{
			"from": [3.70758, -2.53975, 11.44441],
			"to": [7.70758, -0.38975, 12.39441],
			"rotation": {"angle": -45, "axis": "x", "origin": [8, -1.29733, 11.54441]},
			"faces": {
				"north": {"uv": [8, 15, 16, 16], "texture": "#0"},
				"east": {"uv": [8, 8, 16, 16], "rotation": 270, "texture": "#0"},
				"south": {"uv": [0, 0, 8, 3], "texture": "#0"},
				"west": {"uv": [8, 8, 16, 16], "rotation": 90, "texture": "#0"},
				"up": {"uv": [8, 16, 16, 8], "texture": "#0"},
				"down": {"uv": [8, 8, 16, 16], "texture": "#0"}
			}
		},
		{
			"from": [8.29242, -2.53975, 11.44441],
			"to": [12.29242, -0.38975, 12.39441],
			"rotation": {"angle": -45, "axis": "x", "origin": [8, -1.29733, 11.54441]},
			"faces": {
				"north": {"uv": [16, 15, 8, 16], "texture": "#0"},
				"east": {"uv": [8, 16, 16, 8], "rotation": 90, "texture": "#0"},
				"south": {"uv": [8, 0, 0, 3], "texture": "#0"},
				"west": {"uv": [8, 16, 16, 8], "rotation": 270, "texture": "#0"},
				"up": {"uv": [16, 16, 8, 8], "texture": "#0"},
				"down": {"uv": [16, 8, 8, 16], "texture": "#0"}
			}
		},
		{
			"from": [3.85, 1.16896, 1.08432],
			"to": [12.15, 4.16896, 6.08432],
			"rotation": {"angle": 22.5, "axis": "x", "origin": [8, 2.41896, 4.20932]},
			"faces": {
				"north": {"uv": [8, 9, 16, 16], "texture": "#0"},
				"east": {"uv": [8, 9, 16, 16], "texture": "#0"},
				"south": {"uv": [8, 9, 16, 16], "texture": "#0"},
				"west": {"uv": [9.25, 9, 16, 16], "texture": "#0"},
				"up": {"uv": [8, 9, 16, 16], "texture": "#0"},
				"down": {"uv": [8, 14, 16, 16], "texture": "#0"}
			}
		},
		{
			"from": [7.325, 5.09951, 6.98668],
			"to": [8.675, 9.29951, 7.63668],
			"rotation": {"angle": 45, "axis": "x", "origin": [8, 6.47716, 8.79375]},
			"faces": {
				"north": {"uv": [0, 11, 5, 16], "texture": "#0"},
				"east": {"uv": [0, 11, 5, 16], "texture": "#0"},
				"south": {"uv": [0, 11, 5, 16], "texture": "#0"},
				"west": {"uv": [0, 11, 5, 16], "texture": "#0"},
				"up": {"uv": [0, 11, 5, 16], "texture": "#0"},
				"down": {"uv": [0, 11, 5, 16], "texture": "#0"}
			}
		},
		{
			"from": [7.325, 5.32621, 8.2043],
			"to": [8.675, 9.77621, 9.1043],
			"rotation": {"angle": 22.5, "axis": "x", "origin": [8, 6.47716, 8.79375]},
			"faces": {
				"north": {"uv": [0, 11, 5, 16], "texture": "#0"},
				"east": {"uv": [0, 11, 5, 16], "texture": "#0"},
				"south": {"uv": [0, 11, 5, 16], "texture": "#0"},
				"west": {"uv": [0, 11, 5, 16], "texture": "#0"},
				"up": {"uv": [0, 11, 5, 16], "texture": "#0"},
				"down": {"uv": [0, 11, 5, 16], "texture": "#0"}
			}
		},
		{
			"from": [7.325, 5.20624, 9.44315],
			"to": [8.675, 9.40624, 10.34315],
			"rotation": {"angle": 0, "axis": "y", "origin": [8, 6.47716, 8.79375]},
			"faces": {
				"north": {"uv": [0, 11, 5, 16], "texture": "#0"},
				"east": {"uv": [0, 11, 5, 16], "texture": "#0"},
				"south": {"uv": [0, 11, 5, 16], "texture": "#0"},
				"west": {"uv": [0, 11, 5, 16], "texture": "#0"},
				"up": {"uv": [0, 11, 5, 16], "texture": "#0"},
				"down": {"uv": [0, 11, 5, 16], "texture": "#0"}
			}
		},
		{
			"from": [7.325, 5.89591, 9.08657],
			"to": [8.675, 7.47091, 9.76157],
			"rotation": {"angle": 22.5, "axis": "x", "origin": [8, 6.47716, 8.79375]},
			"faces": {
				"north": {"uv": [0, 11, 5, 16], "texture": "#0"},
				"east": {"uv": [0, 11, 5, 16], "texture": "#0"},
				"south": {"uv": [0, 11, 5, 16], "texture": "#0"},
				"west": {"uv": [0, 11, 5, 16], "texture": "#0"},
				"up": {"uv": [0, 11, 5, 16], "texture": "#0"},
				"down": {"uv": [0, 11, 5, 16], "texture": "#0"}
			}
		},
		{
			"from": [7.325, 5.89591, 7.31157],
			"to": [8.675, 7.47091, 8.21157],
			"rotation": {"angle": 22.5, "axis": "x", "origin": [8, 6.47716, 8.79375]},
			"faces": {
				"north": {"uv": [0, 11, 5, 16], "texture": "#0"},
				"east": {"uv": [0, 11, 5, 16], "texture": "#0"},
				"south": {"uv": [0, 11, 5, 16], "texture": "#0"},
				"west": {"uv": [0, 11, 5, 16], "texture": "#0"},
				"up": {"uv": [0, 11, 5, 16], "texture": "#0"},
				"down": {"uv": [0, 11, 5, 16], "texture": "#0"}
			}
		},
		{
			"from": [7.325, 7.47091, 7.93657],
			"to": [8.675, 8.09591, 8.21157],
			"rotation": {"angle": 22.5, "axis": "x", "origin": [8, 6.47716, 8.79375]},
			"faces": {
				"north": {"uv": [0, 11, 5, 16], "texture": "#0"},
				"east": {"uv": [0, 11, 5, 16], "texture": "#0"},
				"south": {"uv": [0, 11, 5, 16], "texture": "#0"},
				"west": {"uv": [0, 11, 5, 16], "texture": "#0"},
				"up": {"uv": [0, 11, 5, 16], "texture": "#0"},
				"down": {"uv": [0, 11, 5, 16], "texture": "#0"}
			}
		},
		{
			"from": [0.42765, 0.80216, 6.73668],
			"to": [4.62765, 1.65216, 7.38668],
			"rotation": {"angle": 45, "axis": "y", "origin": [3.25, 1.47716, 8.54375]},
			"faces": {
				"north": {"uv": [0, 11, 5, 16], "rotation": 270, "texture": "#0"},
				"east": {"uv": [0, 11, 5, 16], "rotation": 270, "texture": "#0"},
				"south": {"uv": [0, 11, 5, 16], "rotation": 270, "texture": "#0"},
				"west": {"uv": [0, 11, 5, 16], "rotation": 270, "texture": "#0"},
				"up": {"uv": [0, 11, 5, 16], "rotation": 270, "texture": "#0"},
				"down": {"uv": [0, 11, 5, 16], "rotation": 270, "texture": "#0"}
			}
		},
		{
			"from": [-0.04904, 0.80216, 7.9543],
			"to": [4.40096, 1.65216, 8.8543],
			"rotation": {"angle": 22.5, "axis": "y", "origin": [3.25, 1.47716, 8.54375]},
			"faces": {
				"north": {"uv": [0, 11, 5, 16], "rotation": 270, "texture": "#0"},
				"east": {"uv": [0, 11, 5, 16], "rotation": 270, "texture": "#0"},
				"south": {"uv": [0, 11, 5, 16], "rotation": 270, "texture": "#0"},
				"west": {"uv": [0, 11, 5, 16], "rotation": 270, "texture": "#0"},
				"up": {"uv": [0, 11, 5, 16], "rotation": 270, "texture": "#0"},
				"down": {"uv": [0, 11, 5, 16], "rotation": 270, "texture": "#0"}
			}
		},
		{
			"from": [0.32092, 0.80216, 9.19315],
			"to": [5.02092, 1.65216, 10.09315],
			"rotation": {"angle": 0, "axis": "y", "origin": [3.25, 1.47716, 8.54375]},
			"faces": {
				"north": {"uv": [0, 11, 5, 16], "rotation": 270, "texture": "#0"},
				"east": {"uv": [0, 11, 5, 16], "rotation": 270, "texture": "#0"},
				"south": {"uv": [0, 11, 5, 16], "rotation": 270, "texture": "#0"},
				"west": {"uv": [0, 11, 5, 16], "rotation": 270, "texture": "#0"},
				"up": {"uv": [0, 11, 5, 16], "rotation": 270, "texture": "#0"},
				"down": {"uv": [0, 11, 5, 16], "rotation": 270, "texture": "#0"}
			}
		},
		{
			"from": [2.25625, 0.80216, 8.83657],
			"to": [4.58125, 1.65216, 9.76157],
			"rotation": {"angle": 22.5, "axis": "y", "origin": [3.25, 1.47716, 8.54375]},
			"faces": {
				"north": {"uv": [0, 11, 5, 16], "rotation": 270, "texture": "#0"},
				"east": {"uv": [0, 11, 5, 16], "rotation": 270, "texture": "#0"},
				"south": {"uv": [0, 11, 5, 16], "rotation": 270, "texture": "#0"},
				"west": {"uv": [0, 11, 5, 16], "rotation": 270, "texture": "#0"},
				"up": {"uv": [0, 11, 5, 16], "rotation": 270, "texture": "#0"},
				"down": {"uv": [0, 11, 5, 16], "rotation": 270, "texture": "#0"}
			}
		},
		{
			"from": [2.25625, 0.80216, 7.06157],
			"to": [3.83125, 1.65216, 7.96157],
			"rotation": {"angle": 22.5, "axis": "y", "origin": [3.25, 1.47716, 8.54375]},
			"faces": {
				"north": {"uv": [0, 11, 5, 16], "rotation": 270, "texture": "#0"},
				"east": {"uv": [0, 11, 5, 16], "rotation": 270, "texture": "#0"},
				"south": {"uv": [0, 11, 5, 16], "rotation": 270, "texture": "#0"},
				"west": {"uv": [0, 11, 5, 16], "rotation": 270, "texture": "#0"},
				"up": {"uv": [0, 11, 5, 16], "rotation": 270, "texture": "#0"},
				"down": {"uv": [0, 11, 5, 16], "rotation": 270, "texture": "#0"}
			}
		},
		{
			"from": [1.63125, 0.80216, 7.68657],
			"to": [2.25625, 1.65216, 7.96157],
			"rotation": {"angle": 22.5, "axis": "y", "origin": [3.25, 1.47716, 8.54375]},
			"faces": {
				"north": {"uv": [0, 11, 5, 16], "rotation": 270, "texture": "#0"},
				"east": {"uv": [0, 11, 5, 16], "rotation": 270, "texture": "#0"},
				"south": {"uv": [0, 11, 5, 16], "rotation": 270, "texture": "#0"},
				"west": {"uv": [0, 11, 5, 16], "rotation": 270, "texture": "#0"},
				"up": {"uv": [0, 11, 5, 16], "rotation": 270, "texture": "#0"},
				"down": {"uv": [0, 11, 5, 16], "rotation": 270, "texture": "#0"}
			}
		},
		{
			"from": [11.37235, 0.80216, 6.73668],
			"to": [15.57235, 1.65216, 7.38668],
			"rotation": {"angle": -45, "axis": "y", "origin": [12.75, 1.47716, 8.54375]},
			"faces": {
				"north": {"uv": [0, 11, 5, 16], "rotation": 270, "texture": "#0"},
				"east": {"uv": [0, 11, 5, 16], "rotation": 270, "texture": "#0"},
				"south": {"uv": [0, 11, 5, 16], "rotation": 270, "texture": "#0"},
				"west": {"uv": [0, 11, 5, 16], "rotation": 270, "texture": "#0"},
				"up": {"uv": [0, 11, 5, 16], "rotation": 270, "texture": "#0"},
				"down": {"uv": [0, 11, 5, 16], "rotation": 270, "texture": "#0"}
			}
		},
		{
			"from": [11.59904, 0.80216, 7.9543],
			"to": [16.04904, 1.65216, 8.8543],
			"rotation": {"angle": -22.5, "axis": "y", "origin": [12.75, 1.47716, 8.54375]},
			"faces": {
				"north": {"uv": [0, 11, 5, 16], "rotation": 270, "texture": "#0"},
				"east": {"uv": [0, 11, 5, 16], "rotation": 270, "texture": "#0"},
				"south": {"uv": [0, 11, 5, 16], "rotation": 270, "texture": "#0"},
				"west": {"uv": [0, 11, 5, 16], "rotation": 270, "texture": "#0"},
				"up": {"uv": [0, 11, 5, 16], "rotation": 270, "texture": "#0"},
				"down": {"uv": [0, 11, 5, 16], "rotation": 270, "texture": "#0"}
			}
		},
		{
			"from": [10.97908, 0.80216, 9.19315],
			"to": [15.67908, 1.65216, 10.09315],
			"rotation": {"angle": 0, "axis": "y", "origin": [12.75, 1.47716, 8.54375]},
			"faces": {
				"north": {"uv": [0, 11, 5, 16], "rotation": 270, "texture": "#0"},
				"east": {"uv": [0, 11, 5, 16], "rotation": 270, "texture": "#0"},
				"south": {"uv": [0, 11, 5, 16], "rotation": 270, "texture": "#0"},
				"west": {"uv": [0, 11, 5, 16], "rotation": 270, "texture": "#0"},
				"up": {"uv": [0, 11, 5, 16], "rotation": 270, "texture": "#0"},
				"down": {"uv": [0, 11, 5, 16], "rotation": 270, "texture": "#0"}
			}
		},
		{
			"from": [11.41875, 0.80216, 8.83657],
			"to": [13.74375, 1.65216, 9.76157],
			"rotation": {"angle": -22.5, "axis": "y", "origin": [12.75, 1.47716, 8.54375]},
			"faces": {
				"north": {"uv": [0, 11, 5, 16], "rotation": 270, "texture": "#0"},
				"east": {"uv": [0, 11, 5, 16], "rotation": 270, "texture": "#0"},
				"south": {"uv": [0, 11, 5, 16], "rotation": 270, "texture": "#0"},
				"west": {"uv": [0, 11, 5, 16], "rotation": 270, "texture": "#0"},
				"up": {"uv": [0, 11, 5, 16], "rotation": 270, "texture": "#0"},
				"down": {"uv": [0, 11, 5, 16], "rotation": 270, "texture": "#0"}
			}
		},
		{
			"from": [12.16875, 0.80216, 7.06157],
			"to": [13.74375, 1.65216, 7.96157],
			"rotation": {"angle": -22.5, "axis": "y", "origin": [12.75, 1.47716, 8.54375]},
			"faces": {
				"north": {"uv": [0, 11, 5, 16], "rotation": 270, "texture": "#0"},
				"east": {"uv": [0, 11, 5, 16], "rotation": 270, "texture": "#0"},
				"south": {"uv": [0, 11, 5, 16], "rotation": 270, "texture": "#0"},
				"west": {"uv": [0, 11, 5, 16], "rotation": 270, "texture": "#0"},
				"up": {"uv": [0, 11, 5, 16], "rotation": 270, "texture": "#0"},
				"down": {"uv": [0, 11, 5, 16], "rotation": 270, "texture": "#0"}
			}
		},
		{
			"from": [13.74375, 0.80216, 7.68657],
			"to": [14.36875, 1.65216, 7.96157],
			"rotation": {"angle": -22.5, "axis": "y", "origin": [12.75, 1.47716, 8.54375]},
			"faces": {
				"north": {"uv": [0, 11, 5, 16], "rotation": 270, "texture": "#0"},
				"east": {"uv": [0, 11, 5, 16], "rotation": 270, "texture": "#0"},
				"south": {"uv": [0, 11, 5, 16], "rotation": 270, "texture": "#0"},
				"west": {"uv": [0, 11, 5, 16], "rotation": 270, "texture": "#0"},
				"up": {"uv": [0, 11, 5, 16], "rotation": 270, "texture": "#0"},
				"down": {"uv": [0, 11, 5, 16], "rotation": 270, "texture": "#0"}
			}
		},
		{
			"from": [3.1, 3.6391, 2.72757],
			"to": [12.9, 4.8891, 3.97757],
			"rotation": {"angle": -22.5, "axis": "x", "origin": [8.75, 4.2641, 3.35257]},
			"faces": {
				"north": {"uv": [14.25, 0, 16, 1.5], "texture": "#0"},
				"east": {"uv": [14.25, 0, 16, 1.5], "texture": "#0"},
				"south": {"uv": [14.25, 0, 16, 1.5], "texture": "#0"},
				"west": {"uv": [14.25, 0, 16, 1.5], "texture": "#0"},
				"up": {"uv": [14.25, 0, 16, 1.5], "texture": "#0"},
				"down": {"uv": [14.25, 0, 16, 1.5], "texture": "#0"}
			}
		}
	],
	"display": {
		"thirdperson_righthand": {
			"rotation": [75, 48.36, -5.62],
			"translation": [0, 0, 1.25],
			"scale": [0.5, 0.5, 0.5]
		},
		"thirdperson_lefthand": {
			"rotation": [75, 48.36, -5.62],
			"translation": [0, 0, 1.25],
			"scale": [0.5, 0.5, 0.5]
		},
		"firstperson_righthand": {
			"rotation": [-180, 65.25, -180],
			"translation": [4.25, 4.25, -4.5],
			"scale": [0.7, 0.7, 0.7]
		},
		"firstperson_lefthand": {
			"rotation": [-180, 65.25, -180],
			"translation": [4.25, 4.25, -4.5],
			"scale": [0.7, 0.7, 0.7]
		},
		"ground": {
			"translation": [0, 3, 0],
			"scale": [0.7, 0.7, 0.7]
		},
		"gui": {
			"rotation": [-168.31, 28.53, 178],
			"translation": [0, 4.5, 1]
		},
		"head": {
			"translation": [0, 15.5, 4],
			"scale": [2, 2, 2]
		},
		"fixed": {
			"translation": [0, 4.25, 0]
		}
	},
	"groups": [
		{
			"name": "group",
			"origin": [8, 2.41896, 4.20932],
			"color": 0,
			"nbt": "{}",
			"armAnimationEnabled": false,
			"children": [0, 1, 2, 3, 4, 5, 6, 7, 8, 9]
		},
		{
			"name": "group",
			"origin": [8, 4.82091, 10.51157],
			"color": 0,
			"nbt": "{}",
			"armAnimationEnabled": false,
			"children": [
				10,
				11,
				12,
				13,
				14,
				15,
				{
					"name": "group",
					"origin": [8, 4.82091, 10.51157],
					"color": 0,
					"nbt": "{}",
					"armAnimationEnabled": false,
					"children": [
						16,
						17,
						18,
						19,
						20,
						21,
						{
							"name": "group",
							"origin": [8, 4.82091, 10.51157],
							"color": 0,
							"nbt": "{}",
							"armAnimationEnabled": false,
							"children": [22, 23, 24, 25, 26, 27]
						}
					]
				}
			]
		},
		28
	]
}