{
	"credit": "Made with Blockbench",
	"textures": {
		"3": "items/duck_handle",
		"4": "items/duck",
		"particle": "items/duck_mouth"
	},
	"elements": [
		{
			"from": [5, 2, 10],
			"to": [11, 3.4, 12],
			"faces": {
				"north": {"uv": [0, 0, 6, 1.4], "texture": "#4"},
				"east": {"uv": [0, 0, 2, 1.4], "texture": "#4"},
				"south": {"uv": [0, 0, 6, 1.4], "texture": "#4"},
				"west": {"uv": [0, 0, 2, 1.4], "texture": "#4"},
				"up": {"uv": [0, 0, 2, 6], "rotation": 270, "texture": "#4"},
				"down": {"uv": [0, 0, 2, 6], "rotation": 90, "texture": "#4"}
			}
		},
		{
			"from": [10, 2, 5],
			"to": [12, 3.4, 11],
			"faces": {
				"north": {"uv": [0, 0, 2, 1.4], "texture": "#4"},
				"east": {"uv": [0, 0, 6, 1.4], "texture": "#4"},
				"south": {"uv": [0, 0, 2, 1.4], "texture": "#4"},
				"west": {"uv": [0, 0, 6, 1.4], "texture": "#4"},
				"up": {"uv": [0, 0, 2, 6], "texture": "#4"},
				"down": {"uv": [0, 0, 2, 6], "texture": "#4"}
			}
		},
		{
			"from": [4, 2, 5],
			"to": [6, 3.4, 11],
			"faces": {
				"north": {"uv": [0, 0, 2, 1.4], "texture": "#4"},
				"east": {"uv": [0, 0, 6, 1.4], "texture": "#4"},
				"south": {"uv": [0, 0, 2, 1.4], "texture": "#4"},
				"west": {"uv": [0, 0, 6, 1.4], "texture": "#4"},
				"up": {"uv": [0, 0, 2, 6], "texture": "#4"},
				"down": {"uv": [0, 0, 2, 6], "texture": "#4"}
			}
		},
		{
			"from": [5, 2, 4],
			"to": [11, 3.4, 6],
			"faces": {
				"north": {"uv": [0, 0, 6, 1.4], "texture": "#4"},
				"east": {"uv": [0, 0, 2, 1.4], "texture": "#4"},
				"south": {"uv": [0, 0, 6, 1.4], "texture": "#4"},
				"west": {"uv": [0, 0, 2, 1.4], "texture": "#4"},
				"up": {"uv": [0, 0, 2, 6], "rotation": 270, "texture": "#4"},
				"down": {"uv": [0, 0, 2, 6], "rotation": 90, "texture": "#4"}
			}
		},
		{
			"from": [5, 1.6, 4.6],
			"to": [11, 3.8, 6],
			"faces": {
				"north": {"uv": [0, 0, 6, 2.2], "texture": "#4"},
				"east": {"uv": [0, 0, 1.4, 2.2], "texture": "#4"},
				"south": {"uv": [0, 0, 6, 2.2], "texture": "#4"},
				"west": {"uv": [0, 0, 1.4, 2.2], "texture": "#4"},
				"up": {"uv": [0, 0, 1.4, 6], "rotation": 270, "texture": "#4"},
				"down": {"uv": [0, 0, 1.4, 6], "rotation": 90, "texture": "#4"}
			}
		},
		{
			"from": [5, 1.6, 10],
			"to": [11, 3.8, 11.4],
			"faces": {
				"north": {"uv": [0, 0, 6, 2], "texture": "#4"},
				"east": {"uv": [0, 6, 1, 8], "texture": "#4"},
				"south": {"uv": [0, 2, 6, 4], "texture": "#4"},
				"west": {"uv": [6, 0, 7, 2], "texture": "#4"},
				"up": {"uv": [6, 5, 0, 4], "texture": "#4"},
				"down": {"uv": [6, 5, 0, 6], "texture": "#4"}
			}
		},
		{
			"from": [10, 1.6, 5],
			"to": [11.4, 3.8, 11],
			"faces": {
				"north": {"uv": [0, 0, 1.4, 2.2], "texture": "#4"},
				"east": {"uv": [0, 0, 6, 2.2], "texture": "#4"},
				"south": {"uv": [0, 0, 1.4, 2.2], "texture": "#4"},
				"west": {"uv": [0, 0, 6, 2.2], "texture": "#4"},
				"up": {"uv": [0, 0, 1.4, 6], "rotation": 180, "texture": "#4"},
				"down": {"uv": [0, 0, 1.4, 6], "rotation": 180, "texture": "#4"}
			}
		},
		{
			"from": [4.6, 1.6, 5],
			"to": [6, 3.8, 11],
			"faces": {
				"north": {"uv": [0, 0, 1.4, 2.2], "texture": "#4"},
				"east": {"uv": [0, 0, 6, 2.2], "texture": "#4"},
				"south": {"uv": [0, 0, 1.4, 2.2], "texture": "#4"},
				"west": {"uv": [0, 0, 6, 2.2], "texture": "#4"},
				"up": {"uv": [0, 0, 1.4, 6], "rotation": 180, "texture": "#4"},
				"down": {"uv": [0, 0, 1.4, 6], "rotation": 180, "texture": "#4"}
			}
		},
		{
			"from": [4.4, 2.2, 4.4],
			"to": [5.4, 3.2, 5.4],
			"faces": {
				"north": {"uv": [0, 0, 1, 1], "texture": "#4"},
				"east": {"uv": [0, 0, 1, 1], "texture": "#4"},
				"south": {"uv": [0, 0, 1, 1], "texture": "#4"},
				"west": {"uv": [0, 0, 1, 1], "texture": "#4"},
				"up": {"uv": [0, 0, 1, 1], "texture": "#4"},
				"down": {"uv": [0, 0, 1, 1], "texture": "#4"}
			}
		},
		{
			"from": [4.4, 2.2, 10.5],
			"to": [5.4, 3.2, 11.5],
			"faces": {
				"north": {"uv": [0, 0, 1, 1], "texture": "#4"},
				"east": {"uv": [0, 0, 1, 1], "texture": "#4"},
				"south": {"uv": [0, 0, 1, 1], "texture": "#4"},
				"west": {"uv": [0, 0, 1, 1], "texture": "#4"},
				"up": {"uv": [0, 0, 1, 1], "texture": "#4"},
				"down": {"uv": [0, 0, 1, 1], "texture": "#4"}
			}
		},
		{
			"from": [10.6, 2.2, 10.6],
			"to": [11.6, 3.2, 11.6],
			"faces": {
				"north": {"uv": [0, 0, 1, 1], "texture": "#4"},
				"east": {"uv": [0, 0, 1, 1], "texture": "#4"},
				"south": {"uv": [0, 0, 1, 1], "texture": "#4"},
				"west": {"uv": [0, 0, 1, 1], "texture": "#4"},
				"up": {"uv": [0, 0, 1, 1], "texture": "#4"},
				"down": {"uv": [0, 0, 1, 1], "texture": "#4"}
			}
		},
		{
			"from": [10.6, 2.2, 4.4],
			"to": [11.6, 3.2, 5.4],
			"faces": {
				"north": {"uv": [0, 0, 1, 1], "texture": "#4"},
				"east": {"uv": [0, 0, 1, 1], "texture": "#4"},
				"south": {"uv": [0, 0, 1, 1], "texture": "#4"},
				"west": {"uv": [0, 0, 1, 1], "texture": "#4"},
				"up": {"uv": [0, 0, 1, 1], "texture": "#4"},
				"down": {"uv": [0, 0, 1, 1], "texture": "#4"}
			}
		},
		{
			"from": [7, 3.3, 11],
			"to": [9, 5.3, 13],
			"faces": {
				"north": {"uv": [8, 3, 10, 5], "texture": "#4"},
				"east": {"uv": [0, 9, 2, 11], "texture": "#4"},
				"south": {"uv": [9, 0, 11, 2], "texture": "#4"},
				"west": {"uv": [2, 9, 4, 11], "texture": "#4"},
				"up": {"uv": [6, 11, 4, 9], "texture": "#4"},
				"down": {"uv": [11, 5, 9, 7], "texture": "#4"}
			}
		},
		{
			"from": [6.6, 4.3, 11],
			"to": [9.4, 7, 13.8],
			"faces": {
				"north": {"uv": [0, 0, 3, 3], "texture": "#4"},
				"east": {"uv": [0, 3, 3, 6], "texture": "#4"},
				"south": {"uv": [3, 0, 6, 3], "texture": "#4"},
				"west": {"uv": [3, 3, 6, 6], "texture": "#4"},
				"up": {"uv": [3, 9, 0, 6], "texture": "#4"},
				"down": {"uv": [9, 0, 6, 3], "texture": "#4"}
			}
		},
		{
			"from": [7, 4.8, 12.8],
			"to": [9, 5.3, 15.4],
			"faces": {
				"north": {"uv": [9, 9, 11, 10], "texture": "#4"},
				"east": {"uv": [9, 2, 12, 3], "texture": "#4"},
				"south": {"uv": [10, 3, 12, 4], "texture": "#4"},
				"west": {"uv": [6, 9, 9, 10], "texture": "#4"},
				"up": {"uv": [5, 9, 3, 6], "texture": "#4"},
				"down": {"uv": [8, 3, 6, 6], "texture": "#4"}
			}
		},
		{
			"from": [7.2, 4.8, 13.2],
			"to": [8.8, 5.3, 15.8],
			"faces": {
				"north": {"uv": [10, 4, 12, 5], "texture": "#4"},
				"east": {"uv": [9, 7, 12, 8], "texture": "#4"},
				"south": {"uv": [6, 10, 8, 11], "texture": "#4"},
				"west": {"uv": [9, 8, 12, 9], "texture": "#4"},
				"up": {"uv": [7, 9, 5, 6], "texture": "#4"},
				"down": {"uv": [9, 6, 7, 9], "texture": "#4"}
			}
		},
		{
			"from": [7.1, 5.7, 13.3],
			"to": [7.7, 6.4, 14],
			"faces": {
				"north": {"uv": [8, 5, 9, 6], "texture": "#4"},
				"east": {"uv": [8, 10, 9, 11], "texture": "#4"},
				"south": {"uv": [9, 10, 10, 11], "texture": "#4"},
				"west": {"uv": [10, 10, 11, 11], "texture": "#4"},
				"up": {"uv": [1, 12, 0, 11], "texture": "#4"},
				"down": {"uv": [12, 0, 11, 1], "texture": "#4"}
			}
		},
		{
			"from": [8.3, 5.7, 13.3],
			"to": [8.9, 6.4, 14],
			"faces": {
				"north": {"uv": [1, 11, 2, 12], "texture": "#4"},
				"east": {"uv": [11, 1, 12, 2], "texture": "#4"},
				"south": {"uv": [2, 11, 3, 12], "texture": "#4"},
				"west": {"uv": [3, 11, 4, 12], "texture": "#4"},
				"up": {"uv": [5, 12, 4, 11], "texture": "#4"},
				"down": {"uv": [6, 11, 5, 12], "texture": "#4"}
			}
		},
		{
			"from": [10.3, 2, 7.1],
			"to": [11.2, 4.2, 9.1],
			"faces": {
				"north": {"uv": [0, 4, 1, 6], "texture": "#3"},
				"east": {"uv": [0, 0, 2, 2], "texture": "#3"},
				"south": {"uv": [4, 0, 5, 2], "texture": "#3"},
				"west": {"uv": [0, 2, 2, 4], "texture": "#3"},
				"up": {"uv": [2, 6, 1, 4], "texture": "#3"},
				"down": {"uv": [3, 4, 2, 6], "texture": "#3"}
			}
		},
		{
			"from": [4.9, 2, 7.1],
			"to": [5.8, 4.2, 9.1],
			"faces": {
				"north": {"uv": [4, 2, 5, 4], "texture": "#3"},
				"east": {"uv": [2, 0, 4, 2], "texture": "#3"},
				"south": {"uv": [3, 4, 4, 6], "texture": "#3"},
				"west": {"uv": [2, 2, 4, 4], "texture": "#3"},
				"up": {"uv": [5, 6, 4, 4], "texture": "#3"},
				"down": {"uv": [6, 0, 5, 2], "texture": "#3"}
			}
		},
		{
			"from": [5.1, 4.4, 7.5],
			"to": [5.6, 4.6, 8.7],
			"faces": {
				"north": {"uv": [7, 3, 7.5, 3.5], "texture": "#3"},
				"east": {"uv": [5, 2, 6, 2.5], "texture": "#3"},
				"south": {"uv": [4, 7, 4.5, 7.5], "texture": "#3"},
				"west": {"uv": [5, 3, 6, 3.5], "texture": "#3"},
				"up": {"uv": [5.5, 5, 5, 4], "texture": "#3"},
				"down": {"uv": [5.5, 5, 5, 6], "texture": "#3"}
			}
		},
		{
			"from": [5.1, 3.4, 7.5],
			"to": [5.6, 4.6, 7.7],
			"faces": {
				"north": {"uv": [0, 6, 0.5, 7], "texture": "#3"},
				"east": {"uv": [6, 0, 6.5, 1], "texture": "#3"},
				"south": {"uv": [1, 6, 1.5, 7], "texture": "#3"},
				"west": {"uv": [6, 1, 6.5, 2], "texture": "#3"},
				"up": {"uv": [7.5, 4.5, 7, 4], "texture": "#3"},
				"down": {"uv": [5.5, 7, 5, 7.5], "texture": "#3"}
			}
		},
		{
			"from": [5.1, 3.4, 8.5],
			"to": [5.6, 4.6, 8.7],
			"faces": {
				"north": {"uv": [2, 6, 2.5, 7], "texture": "#3"},
				"east": {"uv": [6, 2, 6.5, 3], "texture": "#3"},
				"south": {"uv": [3, 6, 3.5, 7], "texture": "#3"},
				"west": {"uv": [6, 3, 6.5, 4], "texture": "#3"},
				"up": {"uv": [7.5, 5.5, 7, 5], "texture": "#3"},
				"down": {"uv": [6.5, 7, 6, 7.5], "texture": "#3"}
			}
		},
		{
			"from": [10.5, 3.4, 7.5],
			"to": [11, 4.6, 7.7],
			"faces": {
				"north": {"uv": [4, 6, 4.5, 7], "texture": "#3"},
				"east": {"uv": [6, 4, 6.5, 5], "texture": "#3"},
				"south": {"uv": [5, 6, 5.5, 7], "texture": "#3"},
				"west": {"uv": [6, 5, 6.5, 6], "texture": "#3"},
				"up": {"uv": [7.5, 6.5, 7, 6], "texture": "#3"},
				"down": {"uv": [7.5, 7, 7, 7.5], "texture": "#3"}
			}
		},
		{
			"from": [10.5, 4.4, 7.5],
			"to": [11, 4.6, 8.7],
			"faces": {
				"north": {"uv": [0, 8, 0.5, 8.5], "texture": "#3"},
				"east": {"uv": [6, 6, 7, 6.5], "texture": "#3"},
				"south": {"uv": [8, 0, 8.5, 0.5], "texture": "#3"},
				"west": {"uv": [0, 7, 1, 7.5], "texture": "#3"},
				"up": {"uv": [7.5, 1, 7, 0], "texture": "#3"},
				"down": {"uv": [1.5, 7, 1, 8], "texture": "#3"}
			}
		},
		{
			"from": [10.5, 3.4, 8.5],
			"to": [11, 4.6, 8.7],
			"faces": {
				"north": {"uv": [7, 1, 7.5, 2], "texture": "#3"},
				"east": {"uv": [2, 7, 2.5, 8], "texture": "#3"},
				"south": {"uv": [7, 2, 7.5, 3], "texture": "#3"},
				"west": {"uv": [3, 7, 3.5, 8], "texture": "#3"},
				"up": {"uv": [1.5, 8.5, 1, 8], "texture": "#3"},
				"down": {"uv": [8.5, 1, 8, 1.5], "texture": "#3"}
			}
		}
	],
	"display": {
		"thirdperson_righthand": {
			"rotation": [70, -180, 0],
			"translation": [-6, -1, 13.25],
			"scale": [3, 3, 3]
		},
		"thirdperson_lefthand": {
			"rotation": [70, -180, 0],
			"translation": [-6, -1, 13.25],
			"scale": [3, 3, 3]
		},
		"firstperson_righthand": {
			"rotation": [0, -180, 0],
			"translation": [0, 8, 6]
		},
		"firstperson_lefthand": {
			"rotation": [0, -180, 0],
			"translation": [0, 8, 6]
		},
		"ground": {
			"rotation": [-1, 0, 0]
		},
		"gui": {
			"rotation": [45, 45, 0],
			"translation": [0, 6.75, 0],
			"scale": [2, 2, 2]
		},
		"head": {
			"rotation": [0, 180, 0],
			"translation": [0, -8.75, 0],
			"scale": [3, 3, 3]
		}
	},
	"groups": [
		{
			"name": "중앙",
			"origin": [8, 8, 8],
			"color": 0,
			"children": [0, 1, 2, 3]
		},
		{
			"name": "안쪽",
			"origin": [8, 8, 8],
			"color": 0,
			"children": [4, 5, 6, 7]
		},
		{
			"name": "외곽중앙",
			"origin": [8, 8, 8],
			"color": 0,
			"children": [8, 9, 10, 11]
		},
		{
			"name": "오리",
			"origin": [8, 8, 8],
			"color": 0,
			"children": [12, 13, 14, 15, 16, 17]
		},
		{
			"name": "손잡이",
			"origin": [0, 0, 0],
			"color": 0,
			"children": [18, 19, 20, 21, 22, 23, 24, 25]
		}
	]
}