{
	"credit": "Made with Blockbench",
	"textures": {
		"1": "items/cauldron_side11"
	},
	"elements": [
		{
			"name": "hand",
			"from": [7.75, -16, 7.75],
			"to": [8.25, 18, 8.25],
			"faces": {
				"north": {"uv": [0.75, 0.75, 15.25, 15.25], "texture": "#1"},
				"east": {"uv": [0.75, 0.75, 15.25, 15.25], "texture": "#1"},
				"south": {"uv": [0.75, 0.75, 15.25, 15.25], "texture": "#1"},
				"west": {"uv": [0.75, 0.75, 15.25, 15.25], "texture": "#1"},
				"up": {"uv": [0.75, 0.75, 15.25, 15.25], "texture": "#1"},
				"down": {"uv": [0.75, 0.75, 15.25, 15.25], "texture": "#1"}
			}
		},
		{
			"name": "off",
			"from": [7.5, -16, 7.5],
			"to": [8.5, -15, 8.5],
			"faces": {
				"north": {"uv": [0, 0, 15, 12], "texture": "#1"},
				"east": {"uv": [0, 0, 15, 12], "texture": "#1"},
				"south": {"uv": [0, 0, 15, 12], "texture": "#1"},
				"west": {"uv": [0, 0, 15, 12], "texture": "#1"},
				"up": {"uv": [0, 0, 15, 12], "texture": "#1"},
				"down": {"uv": [0, 0, 15, 12], "texture": "#1"}
			}
		},
		{
			"name": "head",
			"from": [7.7, 18, 6.3],
			"to": [8.2, 19, 9.7],
			"faces": {
				"north": {"uv": [0.88889, 2.08, 2.73778, 6.20889], "texture": "#1"},
				"east": {"uv": [0.88889, 2.08, 2.73778, 6.20889], "texture": "#1"},
				"south": {"uv": [0.88889, 2.08, 2.73778, 6.20889], "texture": "#1"},
				"west": {"uv": [0.88889, 2.08, 2.73778, 6.20889], "texture": "#1"},
				"up": {"uv": [0.88889, 2.08, 2.73778, 6.20889], "texture": "#1"},
				"down": {"uv": [0.88889, 2.08, 2.73778, 6.20889], "texture": "#1"}
			}
		},
		{
			"name": "fork",
			"from": [7.75, 19, 7.75],
			"to": [8.25, 24, 8.25],
			"faces": {
				"north": {"uv": [0.88889, 2.08, 2.73778, 6.20889], "texture": "#1"},
				"east": {"uv": [0.75, 0.75, 15.25, 15.25], "texture": "#1"},
				"south": {"uv": [0.88889, 2.08, 2.73778, 6.20889], "texture": "#1"},
				"west": {"uv": [0.88889, 2.08, 2.73778, 6.20889], "texture": "#1"},
				"up": {"uv": [0.88889, 2.08, 2.73778, 6.20889], "texture": "#1"},
				"down": {"uv": [0.88889, 2.08, 2.73778, 6.20889], "texture": "#1"}
			}
		},
		{
			"name": "fork",
			"from": [7.75, 19, 9.15],
			"to": [8.25, 24, 9.65],
			"faces": {
				"north": {"uv": [0.88889, 2.08, 2.73778, 6.20889], "texture": "#1"},
				"east": {"uv": [0.75, 0.75, 15.25, 15.25], "texture": "#1"},
				"south": {"uv": [0.88889, 2.08, 2.73778, 6.20889], "texture": "#1"},
				"west": {"uv": [0.88889, 2.08, 2.73778, 6.20889], "texture": "#1"},
				"up": {"uv": [0.88889, 2.08, 2.73778, 6.20889], "texture": "#1"},
				"down": {"uv": [0.88889, 2.08, 2.73778, 6.20889], "texture": "#1"}
			}
		},
		{
			"name": "fork",
			"from": [7.75, 19, 6.35],
			"to": [8.25, 24, 6.85],
			"faces": {
				"north": {"uv": [0.88889, 2.08, 2.73778, 6.20889], "texture": "#1"},
				"east": {"uv": [0.75, 0.75, 15.25, 15.25], "texture": "#1"},
				"south": {"uv": [0.88889, 2.08, 2.73778, 6.20889], "texture": "#1"},
				"west": {"uv": [0.88889, 2.08, 2.73778, 6.20889], "texture": "#1"},
				"up": {"uv": [0.88889, 2.08, 2.73778, 6.20889], "texture": "#1"},
				"down": {"uv": [0.88889, 2.08, 2.73778, 6.20889], "texture": "#1"}
			}
		}
	],
	"display": {
		"thirdperson_righthand": {
			"rotation": [-26, -180, 0],
			"translation": [0, 2.5, -1],
			"scale": [1.5, 1.5, 1.5]
		},
		"thirdperson_lefthand": {
			"rotation": [-26, -180, 0],
			"translation": [0, 2.5, -1],
			"scale": [1.5, 1.5, 1.5]
		},
		"firstperson_righthand": {
			"rotation": [9, -180, 0],
			"translation": [1.75, -0.5, 0.5]
		},
		"firstperson_lefthand": {
			"rotation": [9, -180, 0],
			"translation": [1.75, -0.5, 0.5]
		},
		"ground": {
			"translation": [0, 13, 0]
		},
		"gui": {
			"rotation": [45, 45, 0],
			"translation": [0, -1, 0]
		},
		"head": {
			"translation": [0, 10.25, 0]
		}
	},
	"groups": [
		0,
		1,
		2,
		{
			"name": "group",
			"origin": [0, 0, 0],
			"color": 0,
			"children": [3, 4, 5]
		}
	]
}