{"texture_size":[32,32],"textures":{"9":"items/wing07"},"elements":[{"from":[-15.90185,11.57824,7.78125],"to":[-13.15285,12.04699,8.21875],"rotation":{"angle":0,"axis":"y","origin":[-16.40185,11.57824,8]},"faces":{"north":{"uv":[1,12,2.25,12.25],"texture":"#9"},"east":{"uv":[12.5,0,12.75,0.25],"texture":"#9"},"south":{"uv":[2.5,12,3.75,12.25],"texture":"#9"},"west":{"uv":[12.5,0.5,12.75,0.75],"texture":"#9"},"up":{"uv":[6.25,12.25,5,12],"texture":"#9"},"down":{"uv":[7.75,12,6.5,12.25],"texture":"#9"}}},{"from":[-13.15185,11.54699,7.75],"to":[-1.90185,12.07824,8.25],"rotation":{"angle":0,"axis":"y","origin":[-16.40185,11.57824,8]},"faces":{"north":{"uv":[10,8,15.75,8.25],"texture":"#9"},"east":{"uv":[12,11.5,12.25,11.75],"texture":"#9"},"south":{"uv":[10,8.5,15.75,8.75],"texture":"#9"},"west":{"uv":[12,12,12.25,12.25],"texture":"#9"},"up":{"uv":[15.75,9.25,10,9],"texture":"#9"},"down":{"uv":[15.75,9.5,10,9.75],"texture":"#9"}}},{"from":[-10.38086,7.85629,7.75],"to":[0.1343,8.45629,8.25],"rotation":{"angle":45,"axis":"z","origin":[-5.25586,7.80941,8]},"faces":{"north":{"uv":[10,10,15.25,10.25],"texture":"#9"},"east":{"uv":[1,12.5,1.25,12.75],"texture":"#9"},"south":{"uv":[10,10.5,15.25,10.75],"texture":"#9"},"west":{"uv":[12.5,1,12.75,1.25],"texture":"#9"},"up":{"uv":[10.25,11.25,5,11],"texture":"#9"},"down":{"uv":[15.75,11,10.5,11.25],"texture":"#9"}}},{"from":[1.29082,9.19641,7.75],"to":[2.29082,13.33658,8.25],"rotation":{"angle":45,"axis":"z","origin":[2.43769,7.94641,8]},"faces":{"north":{"uv":[5,8,5.5,10],"texture":"#9"},"east":{"uv":[0,12,0.25,14],"texture":"#9"},"south":{"uv":[5.5,8,6,10],"texture":"#9"},"west":{"uv":[0.5,12,0.75,14],"texture":"#9"},"up":{"uv":[5.5,10.75,5,10.5],"texture":"#9"},"down":{"uv":[6,10.5,5.5,10.75],"texture":"#9"}}},{"from":[0.7741,8.01934,7.75],"to":[7.0241,9.01934,8.25],"rotation":{"angle":0,"axis":"z","origin":[6.16426,9.16621,8]},"faces":{"north":{"uv":[10,7,13.25,7.5],"texture":"#9"},"east":{"uv":[11,12,11.25,12.5],"texture":"#9"},"south":{"uv":[10,7.5,13.25,8],"texture":"#9"},"west":{"uv":[11.5,12,11.75,12.5],"texture":"#9"},"up":{"uv":[8.25,11.75,5,11.5],"texture":"#9"},"down":{"uv":[11.75,11.5,8.5,11.75],"texture":"#9"}}},{"from":[0.31601,1.80941,7.75],"to":[1.16601,8.93441,8.25],"rotation":{"angle":0,"axis":"z","origin":[0.71289,5.30941,8]},"faces":{"north":{"uv":[4,8,4.5,11.5],"texture":"#9"},"east":{"uv":[4,11.5,4.25,15],"texture":"#9"},"south":{"uv":[4.5,8,5,11.5],"texture":"#9"},"west":{"uv":[4.5,11.5,4.75,15],"texture":"#9"},"up":{"uv":[10.5,12.25,10,12],"texture":"#9"},"down":{"uv":[11,12,10.5,12.25],"texture":"#9"}}},{"from":[0.37851,0.43441,7.8125],"to":[1.10351,1.80941,8.1875],"rotation":{"angle":0,"axis":"z","origin":[0.71289,5.30941,8]},"faces":{"north":{"uv":[8,12,8.25,12.75],"texture":"#9"},"east":{"uv":[8.5,12,8.75,12.75],"texture":"#9"},"south":{"uv":[9,12,9.25,12.75],"texture":"#9"},"west":{"uv":[9.5,12,9.75,12.75],"texture":"#9"},"up":{"uv":[1.75,12.75,1.5,12.5],"texture":"#9"},"down":{"uv":[12.75,1.5,12.5,1.75],"texture":"#9"}}},{"from":[-15.90185,4.57824,8],"to":[-3.40185,11.57824,8],"rotation":{"angle":0,"axis":"y","origin":[-6.27685,-8.04676,8]},"faces":{"north":{"uv":[6,0,12.25,3.5],"texture":"#9"},"east":{"uv":[0,0,0,3.5],"texture":"#9"},"south":{"uv":[6,3.5,12.25,7],"texture":"#9"},"west":{"uv":[0,0,0,3.5],"texture":"#9"},"up":{"uv":[6.25,0,0,0],"texture":"#9"},"down":{"uv":[6.25,0,0,0],"texture":"#9"}}},{"from":[-3.40185,10.57824,8],"to":[-2.40185,11.57824,8],"rotation":{"angle":0,"axis":"y","origin":[-6.27685,-8.04676,8]},"faces":{"north":{"uv":[5,10,5.5,10.5],"texture":"#9"},"east":{"uv":[0,0,0,0.5],"texture":"#9"},"south":{"uv":[5.5,10,6,10.5],"texture":"#9"},"west":{"uv":[0,0,0,0.5],"texture":"#9"},"up":{"uv":[0.5,0,0,0],"texture":"#9"},"down":{"uv":[0.5,0,0,0],"texture":"#9"}}},{"from":[-8.47797,0.75433,8],"to":[3.0372,8.75433,8],"rotation":{"angle":45,"axis":"z","origin":[-2.72038,4.75433,8]},"faces":{"north":{"uv":[0,0,5.75,4],"texture":"#9"},"east":{"uv":[0,0,0,4],"texture":"#9"},"south":{"uv":[0,4,5.75,8],"texture":"#9"},"west":{"uv":[0,0,0,4],"texture":"#9"},"up":{"uv":[5.75,0,0,0],"texture":"#9"},"down":{"uv":[5.75,0,0,0],"texture":"#9"}}},{"from":[1.02962,2.028,8],"to":[9.02962,10.028,8],"rotation":{"angle":0,"axis":"z","origin":[5.02962,7.78558,8]},"faces":{"north":{"uv":[6,7,10,11],"texture":"#9"},"east":{"uv":[0,0,0,4],"texture":"#9"},"south":{"uv":[0,8,4,12],"texture":"#9"},"west":{"uv":[0,0,0,4],"texture":"#9"},"up":{"uv":[4,0,0,0],"texture":"#9"},"down":{"uv":[4,0,0,0],"texture":"#9"}}},{"from":[29.15285,11.57824,7.78125],"to":[31.90185,12.04699,8.21875],"rotation":{"angle":0,"axis":"y","origin":[32.40185,11.57824,8]},"faces":{"north":{"uv":[2.25,12,1,12.25],"texture":"#9"},"east":{"uv":[12.75,0.5,12.5,0.75],"texture":"#9"},"south":{"uv":[3.75,12,2.5,12.25],"texture":"#9"},"west":{"uv":[12.75,0,12.5,0.25],"texture":"#9"},"up":{"uv":[5,12.25,6.25,12],"texture":"#9"},"down":{"uv":[6.5,12,7.75,12.25],"texture":"#9"}}},{"from":[17.90185,11.54699,7.75],"to":[29.15185,12.07824,8.25],"rotation":{"angle":0,"axis":"y","origin":[32.40185,11.57824,8]},"faces":{"north":{"uv":[15.75,8,10,8.25],"texture":"#9"},"east":{"uv":[12.25,12,12,12.25],"texture":"#9"},"south":{"uv":[15.75,8.5,10,8.75],"texture":"#9"},"west":{"uv":[12.25,11.5,12,11.75],"texture":"#9"},"up":{"uv":[10,9.25,15.75,9],"texture":"#9"},"down":{"uv":[10,9.5,15.75,9.75],"texture":"#9"}}},{"from":[15.8657,7.85629,7.75],"to":[26.38086,8.45629,8.25],"rotation":{"angle":-45,"axis":"z","origin":[21.25586,7.80941,8]},"faces":{"north":{"uv":[15.25,10,10,10.25],"texture":"#9"},"east":{"uv":[12.75,1,12.5,1.25],"texture":"#9"},"south":{"uv":[15.25,10.5,10,10.75],"texture":"#9"},"west":{"uv":[1.25,12.5,1,12.75],"texture":"#9"},"up":{"uv":[5,11.25,10.25,11],"texture":"#9"},"down":{"uv":[10.5,11,15.75,11.25],"texture":"#9"}}},{"from":[13.70918,9.19641,7.75],"to":[14.70918,13.33658,8.25],"rotation":{"angle":-45,"axis":"z","origin":[13.56231,7.94641,8]},"faces":{"north":{"uv":[5.5,8,5,10],"texture":"#9"},"east":{"uv":[0.75,12,0.5,14],"texture":"#9"},"south":{"uv":[6,8,5.5,10],"texture":"#9"},"west":{"uv":[0.25,12,0,14],"texture":"#9"},"up":{"uv":[5,10.75,5.5,10.5],"texture":"#9"},"down":{"uv":[5.5,10.5,6,10.75],"texture":"#9"}}},{"from":[8.9759,8.01934,7.75],"to":[15.2259,9.01934,8.25],"rotation":{"angle":0,"axis":"z","origin":[9.83574,9.16621,8]},"faces":{"north":{"uv":[13.25,7,10,7.5],"texture":"#9"},"east":{"uv":[11.75,12,11.5,12.5],"texture":"#9"},"south":{"uv":[13.25,7.5,10,8],"texture":"#9"},"west":{"uv":[11.25,12,11,12.5],"texture":"#9"},"up":{"uv":[5,11.75,8.25,11.5],"texture":"#9"},"down":{"uv":[8.5,11.5,11.75,11.75],"texture":"#9"}}},{"from":[14.83399,1.80941,7.75],"to":[15.68399,8.93441,8.25],"rotation":{"angle":0,"axis":"z","origin":[15.28711,5.30941,8]},"faces":{"north":{"uv":[4.5,8,4,11.5],"texture":"#9"},"east":{"uv":[4.75,11.5,4.5,15],"texture":"#9"},"south":{"uv":[5,8,4.5,11.5],"texture":"#9"},"west":{"uv":[4.25,11.5,4,15],"texture":"#9"},"up":{"uv":[10,12.25,10.5,12],"texture":"#9"},"down":{"uv":[10.5,12,11,12.25],"texture":"#9"}}},{"from":[14.89649,0.43441,7.8125],"to":[15.62149,1.80941,8.1875],"rotation":{"angle":0,"axis":"z","origin":[15.28711,5.30941,8]},"faces":{"north":{"uv":[8.25,12,8,12.75],"texture":"#9"},"east":{"uv":[9.75,12,9.5,12.75],"texture":"#9"},"south":{"uv":[9.25,12,9,12.75],"texture":"#9"},"west":{"uv":[8.75,12,8.5,12.75],"texture":"#9"},"up":{"uv":[1.5,12.75,1.75,12.5],"texture":"#9"},"down":{"uv":[12.5,1.5,12.75,1.75],"texture":"#9"}}},{"from":[19.40185,4.57824,8],"to":[31.90185,11.57824,8],"rotation":{"angle":0,"axis":"y","origin":[22.27685,-8.04676,8]},"faces":{"north":{"uv":[12.25,0,6,3.5],"texture":"#9"},"east":{"uv":[0,0,0,3.5],"texture":"#9"},"south":{"uv":[12.25,3.5,6,7],"texture":"#9"},"west":{"uv":[0,0,0,3.5],"texture":"#9"},"up":{"uv":[0,0,6.25,0],"texture":"#9"},"down":{"uv":[0,0,6.25,0],"texture":"#9"}}},{"from":[18.40185,10.57824,8],"to":[19.40185,11.57824,8],"rotation":{"angle":0,"axis":"y","origin":[22.27685,-8.04676,8]},"faces":{"north":{"uv":[5.5,10,5,10.5],"texture":"#9"},"east":{"uv":[0,0,0,0.5],"texture":"#9"},"south":{"uv":[6,10,5.5,10.5],"texture":"#9"},"west":{"uv":[0,0,0,0.5],"texture":"#9"},"up":{"uv":[0,0,0.5,0],"texture":"#9"},"down":{"uv":[0,0,0.5,0],"texture":"#9"}}},{"from":[12.9628,0.75433,8],"to":[24.47797,8.75433,8],"rotation":{"angle":-45,"axis":"z","origin":[18.72038,4.75433,8]},"faces":{"north":{"uv":[5.75,0,0,4],"texture":"#9"},"east":{"uv":[0,0,0,4],"texture":"#9"},"south":{"uv":[5.75,4,0,8],"texture":"#9"},"west":{"uv":[0,0,0,4],"texture":"#9"},"up":{"uv":[0,0,5.75,0],"texture":"#9"},"down":{"uv":[0,0,5.75,0],"texture":"#9"}}},{"from":[6.97038,2.028,8],"to":[14.97038,10.028,8],"rotation":{"angle":0,"axis":"z","origin":[10.97038,7.78558,8]},"faces":{"north":{"uv":[10,7,6,11],"texture":"#9"},"east":{"uv":[0,0,0,4],"texture":"#9"},"south":{"uv":[4,8,0,12],"texture":"#9"},"west":{"uv":[0,0,0,4],"texture":"#9"},"up":{"uv":[0,0,4,0],"texture":"#9"},"down":{"uv":[0,0,4,0],"texture":"#9"}}}],"display":{"thirdperson_righthand":{"rotation":[70,0,0],"translation":[-5.5,-4.5,11]},"thirdperson_lefthand":{"rotation":[70,0,0],"translation":[-5.5,-4.5,11]},"firstperson_righthand":{"scale":[0,0,0]},"firstperson_lefthand":{"scale":[0,0,0]},"ground":{"translation":[0,5,0],"scale":[0.5,0.5,0.5]},"gui":{"rotation":[10,-150,0],"scale":[0.35,0.35,0.35]},"head":{"translation":[0,-9.5,4.5],"scale":[1.6,1.6,1.6]}},"groups":[{"name":"group","origin":[8,8,8],"children":[{"name":"group","origin":[6.98974,13.35617,0],"children":[0,1,2,3,4,5,6]},{"name":"group","origin":[3.55647,12.80108,0],"children":[7,8,9,10]}]},{"name":"group","origin":[8,8,8],"children":[{"name":"group","origin":[6.98974,13.35617,0],"children":[11,12,13,14,15,16,17]},{"name":"group","origin":[3.55647,12.80108,0],"children":[18,19,20,21]}]}]}