{
	"texture_size": [64, 64],
	"textures": {
		"1": "items/wing09",
		"particle": "items/wing09"
	},
	"elements": [
		{
			"from": [-16, -0.75, 7.995],
			"to": [8, 16.75, 8.005],
			"rotation": {"angle": 0, "axis": "y", "origin": [13.375, 9.375, 7.995]},
			"faces": {
				"north": {"uv": [0, 0, 6, 4.375], "texture": "#1"},
				"east": {"uv": [6, 0.5, 6.125, 4.875], "texture": "#1"},
				"south": {"uv": [6, 0, 0, 4.375], "texture": "#1"},
				"west": {"uv": [6, 5, 6.125, 9.375], "texture": "#1"},
				"up": {"uv": [12, 0.125, 6, 0], "texture": "#1"},
				"down": {"uv": [12, 0.25, 6, 0.375], "texture": "#1"}
			}
		},
		{
			"from": [8, -0.75, 7.995],
			"to": [32, 16.75, 8.005],
			"rotation": {"angle": 0, "axis": "y", "origin": [2.625, 9.375, 7.995]},
			"faces": {
				"north": {"uv": [6, 0, 0, 4.375], "texture": "#1"},
				"east": {"uv": [6.125, 5, 6, 9.375], "texture": "#1"},
				"south": {"uv": [0, 0, 6, 4.375], "texture": "#1"},
				"west": {"uv": [6.125, 0.5, 6, 4.875], "texture": "#1"},
				"up": {"uv": [6, 0.125, 12, 0], "texture": "#1"},
				"down": {"uv": [6, 0.25, 12, 0.375], "texture": "#1"}
			}
		}
	],
	"display": {
		"thirdperson_righthand": {
			"rotation": [68, 0, 0],
			"translation": [-5.5, -5.25, 9.25],
			"scale": [1, 1.2, 1]
		},
		"thirdperson_lefthand": {
			"rotation": [68, 0, 0],
			"translation": [-5.5, -5.25, 9.25],
			"scale": [1, 1.2, 1]
		},
		"firstperson_righthand": {
			"scale": [0, 0, 0]
		},
		"firstperson_lefthand": {
			"rotation": [68, 0, 0],
			"translation": [-5.5, -13.25, 10.25]
		},
		"ground": {
			"translation": [0, 2, 0],
			"scale": [0.5, 0.5, 0.5]
		},
		"gui": {
			"rotation": [20, -160, 0],
			"translation": [0, -1, 0],
			"scale": [0.35, 0.4, 0.3]
		},
		"head": {
			"translation": [0, -12.5, 4.5],
			"scale": [1.5, 1.7, 1]
		}
	}
}