{"credit":"MadewithBlockbench","texture_size":[64,64],"textures":{"0":"naniii_furniture:item/board/1","particle":"item/board/1"},"elements":[{"from":[5.75,0,12.5],"to":[6,0.5,14],"rotation":{"angle":0,"axis":"y","origin":[13.75,8,18.5]},"faces":{"north":{"uv":[5.25,3.5,7.25,5.5],"texture":"#0"},"east":{"uv":[5.25,3.5,7.25,5.5],"texture":"#0"},"south":{"uv":[5.25,3.5,7.25,5.5],"texture":"#0"},"west":{"uv":[5.25,3.5,7.25,5.5],"texture":"#0"},"up":{"uv":[5.25,3.5,7.25,5.5],"texture":"#0"},"down":{"uv":[5.25,3.5,7.25,5.5],"texture":"#0"}}},{"from":[7.625,0.25,9.375],"to":[9.125,0.75,9.625],"rotation":{"angle":22.5,"axis":"y","origin":[8.375,0.5,9.5]},"faces":{"north":{"uv":[5.25,3.5,7.25,5.5],"rotation":90,"texture":"#0"},"east":{"uv":[5.25,3.5,7.25,5.5],"rotation":90,"texture":"#0"},"south":{"uv":[5.25,3.5,7.25,5.5],"rotation":90,"texture":"#0"},"west":{"uv":[5.25,3.5,7.25,5.5],"rotation":90,"texture":"#0"},"up":{"uv":[5.25,3.5,7.25,5.5],"rotation":90,"texture":"#0"},"down":{"uv":[5.25,3.5,7.25,5.5],"rotation":90,"texture":"#0"}}},{"from":[6.625,0.25,9.125],"to":[8.125,0.75,9.375],"rotation":{"angle":22.5,"axis":"y","origin":[7.375,0.5,9.25]},"faces":{"north":{"uv":[5.25,3.5,7.25,5.5],"rotation":90,"texture":"#0"},"east":{"uv":[5.25,3.5,7.25,5.5],"rotation":90,"texture":"#0"},"south":{"uv":[5.25,3.5,7.25,5.5],"rotation":90,"texture":"#0"},"west":{"uv":[5.25,3.5,7.25,5.5],"rotation":90,"texture":"#0"},"up":{"uv":[5.25,3.5,7.25,5.5],"rotation":90,"texture":"#0"},"down":{"uv":[5.25,3.5,7.25,5.5],"rotation":90,"texture":"#0"}}},{"from":[2.25,0,12],"to":[6.25,0.25,14.25],"rotation":{"angle":0,"axis":"y","origin":[10.25,8,20.75]},"faces":{"north":{"uv":[0,4.25,1,5.25],"texture":"#0"},"east":{"uv":[0,4.25,1,5.25],"texture":"#0"},"south":{"uv":[0,4.25,1,5.25],"texture":"#0"},"west":{"uv":[0,4.25,1,5.25],"texture":"#0"},"up":{"uv":[0,4.25,1,5.25],"texture":"#0"},"down":{"uv":[0,4.25,1,5.25],"texture":"#0"}}},{"from":[8,0,12.25],"to":[12,0.25,14.5],"rotation":{"angle":22.5,"axis":"y","origin":[10,0.225,13.375]},"faces":{"north":{"uv":[3,4.25,4,5.25],"texture":"#0"},"east":{"uv":[3,4.25,4,5.25],"texture":"#0"},"south":{"uv":[3,4.25,4,5.25],"texture":"#0"},"west":{"uv":[3,4.25,4,5.25],"texture":"#0"},"up":{"uv":[3,4.25,4,5.25],"texture":"#0"},"down":{"uv":[3,4.25,4,5.25],"texture":"#0"}}},{"from":[2,0,11.75],"to":[2.25,0.5,14.5],"rotation":{"angle":0,"axis":"y","origin":[10,8,18.5]},"faces":{"north":{"uv":[0,4.25,1,5.25],"texture":"#0"},"east":{"uv":[0,4.25,1,5.25],"texture":"#0"},"south":{"uv":[0,4.25,1,5.25],"texture":"#0"},"west":{"uv":[0,4.25,1,5.25],"texture":"#0"},"up":{"uv":[0,4.25,1,5.25],"texture":"#0"},"down":{"uv":[0,4.25,1,5.25],"texture":"#0"}}},{"from":[7.75,0,12],"to":[8,0.5,14.75],"rotation":{"angle":22.5,"axis":"y","origin":[10,0.225,13.375]},"faces":{"north":{"uv":[3,4.25,4,5.25],"texture":"#0"},"east":{"uv":[3,4.25,4,5.25],"texture":"#0"},"south":{"uv":[3,4.25,4,5.25],"texture":"#0"},"west":{"uv":[3,4.25,4,5.25],"texture":"#0"},"up":{"uv":[3,4.25,4,5.25],"texture":"#0"},"down":{"uv":[3,4.25,4,5.25],"texture":"#0"}}},{"from":[5.25,0.25,12],"to":[5.5,0.75,14.25],"rotation":{"angle":0,"axis":"y","origin":[13.25,8,18.5]},"faces":{"north":{"uv":[3,4.25,4,5.25],"texture":"#0"},"east":{"uv":[3,4.25,4,5.25],"texture":"#0"},"south":{"uv":[3,4.25,4,5.25],"texture":"#0"},"west":{"uv":[3,4.25,4,5.25],"texture":"#0"},"up":{"uv":[3,4.25,4,5.25],"texture":"#0"},"down":{"uv":[3,4.25,4,5.25],"texture":"#0"}}},{"from":[6.25,0,11.75],"to":[6.5,0.5,14.5],"rotation":{"angle":0,"axis":"y","origin":[14.25,8,18.5]},"faces":{"north":{"uv":[0,4.25,1,5.25],"texture":"#0"},"east":{"uv":[0,4.25,1,5.25],"texture":"#0"},"south":{"uv":[0,4.25,1,5.25],"texture":"#0"},"west":{"uv":[0,4.25,1,5.25],"texture":"#0"},"up":{"uv":[0,4.25,1,5.25],"texture":"#0"},"down":{"uv":[0,4.25,1,5.25],"texture":"#0"}}},{"from":[12,0,12],"to":[12.25,0.5,14.75],"rotation":{"angle":22.5,"axis":"y","origin":[10,0.225,13.375]},"faces":{"north":{"uv":[3,4.25,4,5.25],"texture":"#0"},"east":{"uv":[3,4.25,4,5.25],"texture":"#0"},"south":{"uv":[3,4.25,4,5.25],"texture":"#0"},"west":{"uv":[3,4.25,4,5.25],"texture":"#0"},"up":{"uv":[3,4.25,4,5.25],"texture":"#0"},"down":{"uv":[3,4.25,4,5.25],"texture":"#0"}}},{"from":[2.25,0,11.75],"to":[6.25,0.5,12],"rotation":{"angle":0,"axis":"y","origin":[10,8,18.5]},"faces":{"north":{"uv":[0,4.25,1,5.25],"texture":"#0"},"east":{"uv":[0,4.25,1,5.25],"texture":"#0"},"south":{"uv":[0,4.25,1,5.25],"texture":"#0"},"west":{"uv":[0,4.25,1,5.25],"texture":"#0"},"up":{"uv":[0,4.25,1,5.25],"texture":"#0"},"down":{"uv":[0,4.25,1,5.25],"texture":"#0"}}},{"from":[8,0,12],"to":[12,0.5,12.25],"rotation":{"angle":22.5,"axis":"y","origin":[10,0.225,13.375]},"faces":{"north":{"uv":[3,4.25,4,5.25],"texture":"#0"},"east":{"uv":[3,4.25,4,5.25],"texture":"#0"},"south":{"uv":[3,4.25,4,5.25],"texture":"#0"},"west":{"uv":[3,4.25,4,5.25],"texture":"#0"},"up":{"uv":[3,4.25,4,5.25],"texture":"#0"},"down":{"uv":[3,4.25,4,5.25],"texture":"#0"}}},{"from":[2.25,0,14.25],"to":[6.25,0.5,14.5],"rotation":{"angle":0,"axis":"y","origin":[10.25,8,21]},"faces":{"north":{"uv":[0,4.25,1,5.25],"texture":"#0"},"east":{"uv":[0,4.25,1,5.25],"texture":"#0"},"south":{"uv":[0,4.25,1,5.25],"texture":"#0"},"west":{"uv":[0,4.25,1,5.25],"texture":"#0"},"up":{"uv":[0,4.25,1,5.25],"texture":"#0"},"down":{"uv":[0,4.25,1,5.25],"texture":"#0"}}},{"from":[8,0,14.5],"to":[12,0.5,14.75],"rotation":{"angle":22.5,"axis":"y","origin":[10,0.225,13.375]},"faces":{"north":{"uv":[3,4.25,4,5.25],"texture":"#0"},"east":{"uv":[3,4.25,4,5.25],"texture":"#0"},"south":{"uv":[3,4.25,4,5.25],"texture":"#0"},"west":{"uv":[3,4.25,4,5.25],"texture":"#0"},"up":{"uv":[3,4.25,4,5.25],"texture":"#0"},"down":{"uv":[3,4.25,4,5.25],"texture":"#0"}}},{"from":[10,0.5,8.5],"to":[12,1.25,9.75],"rotation":{"angle":22.5,"axis":"y","origin":[11,0.875,9.125]},"faces":{"north":{"uv":[0,6,8,10],"texture":"#0"},"east":{"uv":[0,6,8,10],"texture":"#0"},"south":{"uv":[0,6,8,10],"texture":"#0"},"west":{"uv":[0,6,8,10],"texture":"#0"},"up":{"uv":[0,6,8,10],"texture":"#0"},"down":{"uv":[0,6,8,10],"texture":"#0"}}},{"from":[5.5,0.5,7],"to":[7,0.75,8.75],"rotation":{"angle":-22.5,"axis":"y","origin":[6.25,0.625,7.875]},"faces":{"north":{"uv":[0,1.25,1,2.25],"texture":"#0"},"east":{"uv":[0,1.25,1,2.25],"texture":"#0"},"south":{"uv":[0,1.25,1,2.25],"texture":"#0"},"west":{"uv":[0,1.25,1,2.25],"texture":"#0"},"up":{"uv":[2.5,0,4.5,4],"texture":"#0"},"down":{"uv":[0,1.25,1,2.25],"texture":"#0"}}},{"from":[2.75,0.25,12.25],"to":[4.25,0.5,14],"rotation":{"angle":-22.5,"axis":"y","origin":[3.5,0.375,13.125]},"faces":{"north":{"uv":[0,1.25,1,2.25],"texture":"#0"},"east":{"uv":[0,1.25,1,2.25],"texture":"#0"},"south":{"uv":[0,1.25,1,2.25],"texture":"#0"},"west":{"uv":[0,1.25,1,2.25],"texture":"#0"},"up":{"uv":[2.5,0,4.5,4],"texture":"#0"},"down":{"uv":[0,1.25,1,2.25],"texture":"#0"}}},{"from":[7.5,0.5,6.5],"to":[9,0.75,8.25],"rotation":{"angle":0,"axis":"y","origin":[8.25,0.625,7.375]},"faces":{"north":{"uv":[0,1.25,1,2.25],"texture":"#0"},"east":{"uv":[0,1.25,1,2.25],"texture":"#0"},"south":{"uv":[0,1.25,1,2.25],"texture":"#0"},"west":{"uv":[0,1.25,1,2.25],"texture":"#0"},"up":{"uv":[2.5,0,4.5,4],"texture":"#0"},"down":{"uv":[0,1.25,1,2.25],"texture":"#0"}}},{"from":[3,0,5],"to":[13,0.25,11],"rotation":{"angle":0,"axis":"y","origin":[15,8,13]},"faces":{"north":{"uv":[8,12,16,16],"texture":"#0"},"east":{"uv":[8,12,16,16],"texture":"#0"},"south":{"uv":[8,12,16,16],"texture":"#0"},"west":{"uv":[8,12,16,16],"texture":"#0"},"up":{"uv":[8,12,16,16],"texture":"#0"},"down":{"uv":[8,12,16,16],"texture":"#0"}}},{"from":[12.5,0.25,5.25],"to":[12.75,0.5,10.75],"rotation":{"angle":0,"axis":"y","origin":[15,8.25,13]},"faces":{"north":{"uv":[1.25,0,2.25,1],"texture":"#0"},"east":{"uv":[1.25,0,2.25,1],"texture":"#0"},"south":{"uv":[1.25,0,2.25,1],"texture":"#0"},"west":{"uv":[1.25,2.5,2.25,3.5],"texture":"#0"},"up":{"uv":[1.25,0,2.25,1],"texture":"#0"},"down":{"uv":[1.25,0,2.25,1],"texture":"#0"}}},{"from":[3.25,0.25,5.25],"to":[3.5,0.5,10.75],"rotation":{"angle":0,"axis":"y","origin":[5.75,8.25,13]},"faces":{"north":{"uv":[1.25,0,2.25,1],"texture":"#0"},"east":{"uv":[5.5,1.75,6.5,2.75],"texture":"#0"},"south":{"uv":[1.25,0,2.25,1],"texture":"#0"},"west":{"uv":[1.25,0,2.25,1],"texture":"#0"},"up":{"uv":[1.25,0,2.25,1],"texture":"#0"},"down":{"uv":[1.25,0,2.25,1],"texture":"#0"}}},{"from":[3.5,0.25,5.25],"to":[12.5,0.5,5.5],"rotation":{"angle":0,"axis":"y","origin":[6,8.25,13]},"faces":{"north":{"uv":[1.25,0,2.25,1],"texture":"#0"},"east":{"uv":[1.25,0,2.25,1],"texture":"#0"},"south":{"uv":[11.25,0,12.25,1],"texture":"#0"},"west":{"uv":[1.25,0,2.25,1],"texture":"#0"},"up":{"uv":[1.25,0,2.25,1],"texture":"#0"},"down":{"uv":[1.25,0,2.25,1],"texture":"#0"}}},{"from":[3.5,0.25,10.5],"to":[12.5,0.5,10.75],"rotation":{"angle":0,"axis":"y","origin":[6,8.25,18.25]},"faces":{"north":{"uv":[9.25,0,10.25,1],"texture":"#0"},"east":{"uv":[1.25,0,2.25,1],"texture":"#0"},"south":{"uv":[1.25,0,2.25,1],"texture":"#0"},"west":{"uv":[1.25,0,2.25,1],"texture":"#0"},"up":{"uv":[1.25,0,2.25,1],"texture":"#0"},"down":{"uv":[1.25,0,2.25,1],"texture":"#0"}}},{"from":[3.75,0.25,5.75],"to":[12.25,0.5,10.25],"rotation":{"angle":0,"axis":"y","origin":[6,8.25,17.75]},"faces":{"north":{"uv":[8.25,15,9.25,16],"texture":"#0"},"east":{"uv":[8.25,15,9.25,16],"texture":"#0"},"south":{"uv":[8.25,15,9.25,16],"texture":"#0"},"west":{"uv":[8.25,15,9.25,16],"texture":"#0"},"up":{"uv":[0,12,8,16],"texture":"#0"},"down":{"uv":[8.25,15,9.25,16],"texture":"#0"}}},{"from":[4.25,0.5,6.25],"to":[4.5,0.75,7],"rotation":{"angle":0,"axis":"y","origin":[4,0.625,7.125]},"faces":{"north":{"uv":[5.5,0,6.5,1],"texture":"#0"},"east":{"uv":[5.5,0,6.5,1],"texture":"#0"},"south":{"uv":[5.5,0,6.5,1],"texture":"#0"},"west":{"uv":[5.5,0,6.5,1],"texture":"#0"},"up":{"uv":[5.5,0,6.5,1],"texture":"#0"},"down":{"uv":[5.5,0,6.5,1],"texture":"#0"}}},{"from":[4,0.5,7],"to":[4.5,0.75,7.25],"rotation":{"angle":0,"axis":"y","origin":[3.75,0.625,7.375]},"faces":{"north":{"uv":[5.5,0,6.5,1],"texture":"#0"},"east":{"uv":[5.5,0,6.5,1],"texture":"#0"},"south":{"uv":[5.5,0,6.5,1],"texture":"#0"},"west":{"uv":[5.5,0,6.5,1],"texture":"#0"},"up":{"uv":[5.5,0,6.5,1],"texture":"#0"},"down":{"uv":[5.5,0,6.5,1],"texture":"#0"}}},{"from":[4.25,0.5,7.25],"to":[4.5,0.75,9],"rotation":{"angle":0,"axis":"y","origin":[4,0.625,8.125]},"faces":{"north":{"uv":[7.5,0,8.5,1],"texture":"#0"},"east":{"uv":[7.5,0,8.5,1],"texture":"#0"},"south":{"uv":[7.5,0,8.5,1],"texture":"#0"},"west":{"uv":[7.5,0,8.5,1],"texture":"#0"},"up":{"uv":[7.5,0,8.5,1],"texture":"#0"},"down":{"uv":[7.5,0,8.5,1],"texture":"#0"}}}],"display":{"thirdperson_righthand":{"translation":[0,8,0]},"thirdperson_lefthand":{"translation":[0,8,0]},"firstperson_righthand":{"translation":[0,11.75,0]},"firstperson_lefthand":{"translation":[0,11,0]},"ground":{"translation":[0,4,0]},"gui":{"rotation":[45,0,0],"translation":[0,6.75,0]},"head":{"translation":[0,14.25,0]},"fixed":{"rotation":[-90,0,0],"translation":[0,0,-16.5],"scale":[2,2,2]}},"groups":[{"name":"group","origin":[8,8,8],"children":[{"name":"Gurke","origin":[8,8,8],"children":[0,1,2]},{"name":"butterbrotdose","origin":[8,8,8],"children":[3,4,5,6,7,8,9,10,11,12,13]},{"name":"Butter","origin":[8,8,8],"children":[14]},{"name":"toast","origin":[8,8,8],"children":[15,16,17]},{"name":"brett","origin":[8,8,8],"children":[18,19,20,21,22,23]}]},{"name":"messer","origin":[8,8,8],"children":[24,25,26]}]}