{"credit":"MadewithBlockbench","texture_size":[64,64],"textures":{"0":"naniii_furniture:item/breadmachine/1","particle":"item/breadmachine/1"},"elements":[{"name":"hexadecagon","from":[9,2.40054,9],"to":[9.75,2.59946,10],"rotation":{"angle":-45,"axis":"x","origin":[9.75,2.5,9.5]},"faces":{"north":{"uv":[0,3.5,1,4.5],"texture":"#0"},"east":{"uv":[1.5,4.25,2.5,5.25],"texture":"#0"},"south":{"uv":[0,3.5,1,4.5],"texture":"#0"},"west":{"uv":[0,3.5,1,4.5],"texture":"#0"},"up":{"uv":[0,3.5,1,4.5],"texture":"#0"},"down":{"uv":[0,3.5,1,4.5],"texture":"#0"}}},{"name":"hexadecagon","from":[9,2.40054,9],"to":[9.75,2.59946,10],"rotation":{"angle":-22.5,"axis":"x","origin":[9.75,2.5,9.5]},"faces":{"north":{"uv":[0,3.5,1,4.5],"texture":"#0"},"east":{"uv":[1.5,4.25,2.5,5.25],"texture":"#0"},"south":{"uv":[0,3.5,1,4.5],"texture":"#0"},"west":{"uv":[0,3.5,1,4.5],"texture":"#0"},"up":{"uv":[0,3.5,1,4.5],"texture":"#0"},"down":{"uv":[0,3.5,1,4.5],"texture":"#0"}}},{"name":"hexadecagon","from":[9,2.40054,9],"to":[9.75,2.59946,10],"rotation":{"angle":0,"axis":"y","origin":[9.75,2.5,9.5]},"faces":{"north":{"uv":[0,3.5,1,4.5],"texture":"#0"},"east":{"uv":[1.5,4.25,2.5,5.25],"texture":"#0"},"south":{"uv":[0,3.5,1,4.5],"texture":"#0"},"west":{"uv":[0,3.5,1,4.5],"texture":"#0"},"up":{"uv":[0,3.5,1,4.5],"texture":"#0"},"down":{"uv":[0,3.5,1,4.5],"texture":"#0"}}},{"name":"hexadecagon","from":[9,2.40054,9],"to":[9.75,2.59946,10],"rotation":{"angle":22.5,"axis":"x","origin":[9.75,2.5,9.5]},"faces":{"north":{"uv":[0,3.5,1,4.5],"texture":"#0"},"east":{"uv":[1.5,4.25,2.5,5.25],"texture":"#0"},"south":{"uv":[0,3.5,1,4.5],"texture":"#0"},"west":{"uv":[0,3.5,1,4.5],"texture":"#0"},"up":{"uv":[0,3.5,1,4.5],"texture":"#0"},"down":{"uv":[0,3.5,1,4.5],"texture":"#0"}}},{"name":"hexadecagon","from":[9,2.40054,9],"to":[9.75,2.59946,10],"rotation":{"angle":45,"axis":"x","origin":[9.75,2.5,9.5]},"faces":{"north":{"uv":[0,3.5,1,4.5],"texture":"#0"},"east":{"uv":[1.5,4.25,2.5,5.25],"texture":"#0"},"south":{"uv":[0,3.5,1,4.5],"texture":"#0"},"west":{"uv":[0,3.5,1,4.5],"texture":"#0"},"up":{"uv":[0,3.5,1,4.5],"texture":"#0"},"down":{"uv":[0,3.5,1,4.5],"texture":"#0"}}},{"name":"hexadecagon","from":[9,2,9.40054],"to":[9.75,3,9.59946],"rotation":{"angle":-22.5,"axis":"x","origin":[9.75,2.5,9.5]},"faces":{"north":{"uv":[0,3.5,1,4.5],"texture":"#0"},"east":{"uv":[1.5,4.25,2.5,5.25],"texture":"#0"},"south":{"uv":[0,3.5,1,4.5],"texture":"#0"},"west":{"uv":[0,3.5,1,4.5],"texture":"#0"},"up":{"uv":[0,3.5,1,4.5],"texture":"#0"},"down":{"uv":[0,3.5,1,4.5],"texture":"#0"}}},{"name":"hexadecagon","from":[9,2,9.40054],"to":[9.75,3,9.59946],"rotation":{"angle":0,"axis":"y","origin":[9.75,2.5,9.5]},"faces":{"north":{"uv":[0,3.5,1,4.5],"texture":"#0"},"east":{"uv":[1.5,4.25,2.5,5.25],"texture":"#0"},"south":{"uv":[0,3.5,1,4.5],"texture":"#0"},"west":{"uv":[0,3.5,1,4.5],"texture":"#0"},"up":{"uv":[0,3.5,1,4.5],"texture":"#0"},"down":{"uv":[0,3.5,1,4.5],"texture":"#0"}}},{"name":"hexadecagon","from":[9,2,9.40054],"to":[9.75,3,9.59946],"rotation":{"angle":22.5,"axis":"x","origin":[9.75,2.5,9.5]},"faces":{"north":{"uv":[0,3.5,1,4.5],"texture":"#0"},"east":{"uv":[1.5,4.25,2.5,5.25],"texture":"#0"},"south":{"uv":[0,3.5,1,4.5],"texture":"#0"},"west":{"uv":[0,3.5,1,4.5],"texture":"#0"},"up":{"uv":[0,3.5,1,4.5],"texture":"#0"},"down":{"uv":[0,3.5,1,4.5],"texture":"#0"}}},{"name":"hexadecagon","from":[8,2.80109,6.25],"to":[8.5,3.19891,8.25],"rotation":{"angle":-45,"axis":"x","origin":[7.5,3,7.25]},"faces":{"north":{"uv":[0,5,1,6],"texture":"#0"},"east":{"uv":[0,5,1,6],"texture":"#0"},"south":{"uv":[0,5,1,6],"texture":"#0"},"west":{"uv":[0,5,1,6],"texture":"#0"},"up":{"uv":[0,5,1,6],"texture":"#0"},"down":{"uv":[0,5,1,6],"texture":"#0"}}},{"name":"hexadecagon","from":[8,2.80109,6.25],"to":[8.5,3.19891,8.25],"rotation":{"angle":-22.5,"axis":"x","origin":[7.5,3,7.25]},"faces":{"north":{"uv":[0,5,1,6],"texture":"#0"},"east":{"uv":[0,5,1,6],"texture":"#0"},"south":{"uv":[0,5,1,6],"texture":"#0"},"west":{"uv":[0,5,1,6],"texture":"#0"},"up":{"uv":[0,5,1,6],"texture":"#0"},"down":{"uv":[0,5,1,6],"texture":"#0"}}},{"name":"hexadecagon","from":[8,2.80109,6.25],"to":[8.5,3.19891,8.25],"rotation":{"angle":0,"axis":"y","origin":[7.5,3,7.25]},"faces":{"north":{"uv":[0,5,1,6],"texture":"#0"},"east":{"uv":[0,5,1,6],"texture":"#0"},"south":{"uv":[0,5,1,6],"texture":"#0"},"west":{"uv":[0,5,1,6],"texture":"#0"},"up":{"uv":[0,5,1,6],"texture":"#0"},"down":{"uv":[0,5,1,6],"texture":"#0"}}},{"name":"hexadecagon","from":[8,2.80109,6.25],"to":[8.5,3.19891,8.25],"rotation":{"angle":22.5,"axis":"x","origin":[7.5,3,7.25]},"faces":{"north":{"uv":[0,5,1,6],"texture":"#0"},"east":{"uv":[0,5,1,6],"texture":"#0"},"south":{"uv":[0,5,1,6],"texture":"#0"},"west":{"uv":[0,5,1,6],"texture":"#0"},"up":{"uv":[0,5,1,6],"texture":"#0"},"down":{"uv":[0,5,1,6],"texture":"#0"}}},{"name":"hexadecagon","from":[8,2.80109,6.25],"to":[8.5,3.19891,8.25],"rotation":{"angle":45,"axis":"x","origin":[7.5,3,7.25]},"faces":{"north":{"uv":[0,5,1,6],"texture":"#0"},"east":{"uv":[0,5,1,6],"texture":"#0"},"south":{"uv":[0,5,1,6],"texture":"#0"},"west":{"uv":[0,5,1,6],"texture":"#0"},"up":{"uv":[0,5,1,6],"texture":"#0"},"down":{"uv":[0,5,1,6],"texture":"#0"}}},{"name":"hexadecagon","from":[8,2,7.05109],"to":[8.5,4,7.44891],"rotation":{"angle":-22.5,"axis":"x","origin":[7.5,3,7.25]},"faces":{"north":{"uv":[0,5,1,6],"texture":"#0"},"east":{"uv":[0,5,1,6],"texture":"#0"},"south":{"uv":[0,5,1,6],"texture":"#0"},"west":{"uv":[0,5,1,6],"texture":"#0"},"up":{"uv":[0,5,1,6],"texture":"#0"},"down":{"uv":[0,5,1,6],"texture":"#0"}}},{"name":"hexadecagon","from":[8,2,7.05109],"to":[8.5,4,7.44891],"rotation":{"angle":0,"axis":"y","origin":[7.5,3,7.25]},"faces":{"north":{"uv":[0,5,1,6],"texture":"#0"},"east":{"uv":[0,5,1,6],"texture":"#0"},"south":{"uv":[0,5,1,6],"texture":"#0"},"west":{"uv":[0,5,1,6],"texture":"#0"},"up":{"uv":[0,5,1,6],"texture":"#0"},"down":{"uv":[0,5,1,6],"texture":"#0"}}},{"name":"hexadecagon","from":[8,2,7.05109],"to":[8.5,4,7.44891],"rotation":{"angle":22.5,"axis":"x","origin":[7.5,3,7.25]},"faces":{"north":{"uv":[0,5,1,6],"texture":"#0"},"east":{"uv":[0,5,1,6],"texture":"#0"},"south":{"uv":[0,5,1,6],"texture":"#0"},"west":{"uv":[0,5,1,6],"texture":"#0"},"up":{"uv":[0,5,1,6],"texture":"#0"},"down":{"uv":[0,5,1,6],"texture":"#0"}}},{"from":[5.25,1.75,4],"to":[8,2,8.5],"rotation":{"angle":0,"axis":"y","origin":[14.5,8.75,13]},"faces":{"north":{"uv":[0,1.25,1,2.25],"texture":"#0"},"east":{"uv":[8.75,1.25,9.75,2.25],"texture":"#0"},"south":{"uv":[8.75,1.25,9.75,2.25],"texture":"#0"},"west":{"uv":[8.75,1.25,9.75,2.25],"texture":"#0"},"up":{"uv":[14,0,16,4],"texture":"#0"},"down":{"uv":[8.75,1.25,9.75,2.25],"texture":"#0"}}},{"from":[6.5,1.5,4],"to":[8,1.75,4.25],"rotation":{"angle":0,"axis":"y","origin":[14.5,8.5,13]},"faces":{"north":{"uv":[8.75,0,9.75,1],"texture":"#0"},"east":{"uv":[8.75,0,9.75,1],"texture":"#0"},"south":{"uv":[8.75,0,9.75,1],"texture":"#0"},"west":{"uv":[8.75,0,9.75,1],"texture":"#0"},"up":{"uv":[8.75,0,9.75,1],"texture":"#0"},"down":{"uv":[8.75,0,9.75,1],"texture":"#0"}}},{"from":[6.5,1.75,3.75],"to":[8,2.75,4],"rotation":{"angle":0,"axis":"y","origin":[14.5,8.75,12.75]},"faces":{"north":{"uv":[8.75,1.25,9.75,2.25],"texture":"#0"},"east":{"uv":[8.75,1.25,9.75,2.25],"texture":"#0"},"south":{"uv":[8.75,1.25,9.75,2.25],"texture":"#0"},"west":{"uv":[8.75,1.25,9.75,2.25],"texture":"#0"},"up":{"uv":[8.75,1.25,9.75,2.25],"texture":"#0"},"down":{"uv":[8.75,1.25,9.75,2.25],"texture":"#0"}}},{"from":[5.25,1.75,3.75],"to":[6.5,2.25,4],"rotation":{"angle":0,"axis":"y","origin":[13,8.75,12.75]},"faces":{"north":{"uv":[8.75,1.25,9.75,2.25],"texture":"#0"},"east":{"uv":[8.75,1.25,9.75,2.25],"texture":"#0"},"south":{"uv":[8.75,1.25,9.75,2.25],"texture":"#0"},"west":{"uv":[8.75,1.25,9.75,2.25],"texture":"#0"},"up":{"uv":[8.75,1.25,9.75,2.25],"texture":"#0"},"down":{"uv":[8.75,1.25,9.75,2.25],"texture":"#0"}}},{"from":[6.25,1.5,4],"to":[6.5,1.75,8.5],"rotation":{"angle":0,"axis":"y","origin":[14.5,8.5,13.25]},"faces":{"north":{"uv":[8.75,0,9.75,1],"texture":"#0"},"east":{"uv":[8.75,0,9.75,1],"texture":"#0"},"south":{"uv":[8.75,0,9.75,1],"texture":"#0"},"west":{"uv":[8.75,0,9.75,1],"texture":"#0"},"up":{"uv":[8.75,0,9.75,1],"texture":"#0"},"down":{"uv":[8.75,0,9.75,1],"texture":"#0"}}},{"from":[9.5,0.5,5.5],"to":[11.5,0.75,9.5],"rotation":{"angle":0,"axis":"y","origin":[15.75,5.25,11]},"faces":{"north":{"uv":[3.75,0,5.75,2],"texture":"#0"},"east":{"uv":[3.75,0,5.75,2],"texture":"#0"},"south":{"uv":[3.75,0,5.75,2],"texture":"#0"},"west":{"uv":[3.75,0,5.75,2],"texture":"#0"},"up":{"uv":[6.25,0,8.25,2],"texture":"#0"},"down":{"uv":[3.75,0,5.75,2],"texture":"#0"}}},{"from":[9.25,0.5,5.5],"to":[9.5,1,9.5],"rotation":{"angle":0,"axis":"y","origin":[15.5,5.25,11]},"faces":{"north":{"uv":[3.75,0,5.75,2],"texture":"#0"},"east":{"uv":[3.75,0,5.75,2],"texture":"#0"},"south":{"uv":[3.75,0,5.75,2],"texture":"#0"},"west":{"uv":[3.75,0,5.75,2],"texture":"#0"},"up":{"uv":[3.75,0,5.75,2],"texture":"#0"},"down":{"uv":[3.75,0,5.75,2],"texture":"#0"}}},{"from":[11.5,0.5,5.5],"to":[11.75,1,9.5],"rotation":{"angle":0,"axis":"y","origin":[17.75,5.25,11]},"faces":{"north":{"uv":[3.75,0,5.75,2],"texture":"#0"},"east":{"uv":[3.75,0,5.75,2],"texture":"#0"},"south":{"uv":[3.75,0,5.75,2],"texture":"#0"},"west":{"uv":[3.75,0,5.75,2],"texture":"#0"},"up":{"uv":[3.75,0,5.75,2],"texture":"#0"},"down":{"uv":[3.75,0,5.75,2],"texture":"#0"}}},{"from":[9.25,0.5,5.25],"to":[11.75,1,5.5],"rotation":{"angle":0,"axis":"y","origin":[15.5,5.25,10.75]},"faces":{"north":{"uv":[3.75,0,5.75,2],"texture":"#0"},"east":{"uv":[3.75,0,5.75,2],"texture":"#0"},"south":{"uv":[3.75,0,5.75,2],"texture":"#0"},"west":{"uv":[3.75,0,5.75,2],"texture":"#0"},"up":{"uv":[3.75,0,5.75,2],"texture":"#0"},"down":{"uv":[3.75,0,5.75,2],"texture":"#0"}}},{"from":[9.25,0.5,9.5],"to":[11.75,1,9.75],"rotation":{"angle":0,"axis":"y","origin":[15.5,5.25,15]},"faces":{"north":{"uv":[3.75,0,5.75,2],"texture":"#0"},"east":{"uv":[3.75,0,5.75,2],"texture":"#0"},"south":{"uv":[3.75,0,5.75,2],"texture":"#0"},"west":{"uv":[3.75,0,5.75,2],"texture":"#0"},"up":{"uv":[3.75,0,5.75,2],"texture":"#0"},"down":{"uv":[3.75,0,5.75,2],"texture":"#0"}}},{"from":[8.25,5,10],"to":[8.75,5.25,11.25],"rotation":{"angle":0,"axis":"y","origin":[15.5,9.25,14.5]},"faces":{"north":{"uv":[8.75,2.5,9.75,3.5],"texture":"#0"},"east":{"uv":[8.75,2.5,9.75,3.5],"texture":"#0"},"south":{"uv":[8.75,2.5,9.75,3.5],"texture":"#0"},"west":{"uv":[8.75,2.5,9.75,3.5],"texture":"#0"},"up":{"uv":[8.75,2.5,9.75,3.5],"texture":"#0"},"down":{"uv":[8.75,2.5,9.75,3.5],"texture":"#0"}}},{"from":[9,3.75,8.5],"to":[9.25,4.5,12.5],"rotation":{"angle":0,"axis":"y","origin":[15.25,8.5,15]},"faces":{"north":{"uv":[8.75,1.25,9.75,2.25],"texture":"#0"},"east":{"uv":[8.75,1.25,9.75,2.25],"texture":"#0"},"south":{"uv":[8.75,1.25,9.75,2.25],"texture":"#0"},"west":{"uv":[8.75,1.25,9.75,2.25],"texture":"#0"},"up":{"uv":[8.75,1.25,9.75,2.25],"texture":"#0"},"down":{"uv":[8.75,1.25,9.75,2.25],"texture":"#0"}}},{"from":[8.75,4.25,6],"to":[9,4.5,8.5],"rotation":{"angle":0,"axis":"y","origin":[15,8.5,11]},"faces":{"north":{"uv":[8.75,1.25,9.75,2.25],"texture":"#0"},"east":{"uv":[8.75,1.25,9.75,2.25],"texture":"#0"},"south":{"uv":[8.75,1.25,9.75,2.25],"texture":"#0"},"west":{"uv":[8.75,1.25,9.75,2.25],"texture":"#0"},"up":{"uv":[8.75,1.25,9.75,2.25],"texture":"#0"},"down":{"uv":[8.75,1.25,9.75,2.25],"texture":"#0"}}},{"from":[7.75,4.25,6],"to":[8,4.5,8.5],"rotation":{"angle":0,"axis":"y","origin":[14,8.5,11]},"faces":{"north":{"uv":[8.75,1.25,9.75,2.25],"texture":"#0"},"east":{"uv":[8.75,1.25,9.75,2.25],"texture":"#0"},"south":{"uv":[8.75,1.25,9.75,2.25],"texture":"#0"},"west":{"uv":[8.75,1.25,9.75,2.25],"texture":"#0"},"up":{"uv":[8.75,1.25,9.75,2.25],"texture":"#0"},"down":{"uv":[8.75,1.25,9.75,2.25],"texture":"#0"}}},{"from":[7.5,4.5,8.5],"to":[9.5,4.75,12.5],"rotation":{"angle":0,"axis":"y","origin":[15.5,8.75,15]},"faces":{"north":{"uv":[8.75,0,9.75,1],"texture":"#0"},"east":{"uv":[8.75,0,9.75,1],"texture":"#0"},"south":{"uv":[8.75,0,9.75,1],"texture":"#0"},"west":{"uv":[8.75,0,9.75,1],"texture":"#0"},"up":{"uv":[12,8,16,16],"texture":"#0"},"down":{"uv":[8.75,0,9.75,1],"texture":"#0"}}},{"from":[7.75,4.75,9.25],"to":[9.25,5,12],"rotation":{"angle":0,"axis":"y","origin":[15.5,9,14.5]},"faces":{"north":{"uv":[10.5,1.25,11.5,2.25],"texture":"#0"},"east":{"uv":[10.5,1.25,11.5,2.25],"texture":"#0"},"south":{"uv":[10.5,1.25,11.5,2.25],"texture":"#0"},"west":{"uv":[10.5,1.25,11.5,2.25],"texture":"#0"},"up":{"uv":[10.5,2.5,11.5,4.5],"texture":"#0"},"down":{"uv":[10.5,1.25,11.5,2.25],"texture":"#0"}}},{"from":[7.75,4.5,5.75],"to":[9.25,4.75,8.5],"rotation":{"angle":0,"axis":"y","origin":[15.5,8.75,11]},"faces":{"north":{"uv":[8.75,0,9.75,1],"texture":"#0"},"east":{"uv":[8.75,0,9.75,1],"texture":"#0"},"south":{"uv":[8.75,0,9.75,1],"texture":"#0"},"west":{"uv":[8.75,0,9.75,1],"texture":"#0"},"up":{"uv":[12,8,16,16],"texture":"#0"},"down":{"uv":[8.75,0,9.75,1],"texture":"#0"}}},{"from":[7.75,3.75,8.5],"to":[8,4.5,12.5],"rotation":{"angle":0,"axis":"y","origin":[14,8.5,15]},"faces":{"north":{"uv":[8.75,1.25,9.75,2.25],"texture":"#0"},"east":{"uv":[8.75,1.25,9.75,2.25],"texture":"#0"},"south":{"uv":[8.75,1.25,9.75,2.25],"texture":"#0"},"west":{"uv":[8.75,1.25,9.75,2.25],"texture":"#0"},"up":{"uv":[8.75,1.25,9.75,2.25],"texture":"#0"},"down":{"uv":[8.75,1.25,9.75,2.25],"texture":"#0"}}},{"from":[6.5,1.5,6],"to":[8,1.75,10.5],"rotation":{"angle":0,"axis":"y","origin":[14.5,8.5,15]},"faces":{"north":{"uv":[8.75,1.25,9.75,2.25],"texture":"#0"},"east":{"uv":[8.75,1.25,9.75,2.25],"texture":"#0"},"south":{"uv":[8.75,1.25,9.75,2.25],"texture":"#0"},"west":{"uv":[8.75,1.25,9.75,2.25],"texture":"#0"},"up":{"uv":[8.75,1.25,9.75,2.25],"texture":"#0"},"down":{"uv":[8.75,1.25,9.75,2.25],"texture":"#0"}}},{"from":[8,0.5,8.5],"to":[9,4.5,12.5],"rotation":{"angle":0,"axis":"y","origin":[15.25,8.5,15]},"faces":{"north":{"uv":[8.75,0,9.75,1],"texture":"#0"},"east":{"uv":[0,8,4,16],"texture":"#0"},"south":{"uv":[0,8,4,16],"texture":"#0"},"west":{"uv":[0,8,4,16],"texture":"#0"},"up":{"uv":[8.75,0,9.75,1],"texture":"#0"},"down":{"uv":[8.75,0,9.75,1],"texture":"#0"}}},{"from":[7.75,0.5,10.75],"to":[8,3.75,12.25],"rotation":{"angle":0,"axis":"y","origin":[14,7.75,14.75]},"faces":{"north":{"uv":[8.75,1.25,9.75,2.25],"texture":"#0"},"east":{"uv":[8.75,1.25,9.75,2.25],"texture":"#0"},"south":{"uv":[8.75,1.25,9.75,2.25],"texture":"#0"},"west":{"uv":[8.75,1.25,9.75,2.25],"texture":"#0"},"up":{"uv":[8.75,1.25,9.75,2.25],"texture":"#0"},"down":{"uv":[8.75,1.25,9.75,2.25],"texture":"#0"}}},{"from":[9,0.5,10.75],"to":[9.25,3.75,12.25],"rotation":{"angle":0,"axis":"y","origin":[15.25,7.75,14.75]},"faces":{"north":{"uv":[8.75,1.25,9.75,2.25],"texture":"#0"},"east":{"uv":[8.75,1.25,9.75,2.25],"texture":"#0"},"south":{"uv":[8.75,1.25,9.75,2.25],"texture":"#0"},"west":{"uv":[8.75,1.25,9.75,2.25],"texture":"#0"},"up":{"uv":[8.75,1.25,9.75,2.25],"texture":"#0"},"down":{"uv":[8.75,1.25,9.75,2.25],"texture":"#0"}}},{"from":[8,0.5,3.5],"to":[8.25,4.5,6],"rotation":{"angle":0,"axis":"y","origin":[15.25,8.5,8.25]},"faces":{"north":{"uv":[8.75,0,9.75,1],"texture":"#0"},"east":{"uv":[0,8,4,16],"texture":"#0"},"south":{"uv":[8.75,0,9.75,1],"texture":"#0"},"west":{"uv":[0,8,4,16],"texture":"#0"},"up":{"uv":[8.75,0,9.75,1],"texture":"#0"},"down":{"uv":[8.75,0,9.75,1],"texture":"#0"}}},{"from":[8.25,1.5,4.75],"to":[8.5,4.5,5.75],"rotation":{"angle":0,"axis":"y","origin":[15.5,8.5,8]},"faces":{"north":{"uv":[8.75,0,9.75,1],"texture":"#0"},"east":{"uv":[0,8,4,16],"texture":"#0"},"south":{"uv":[8.75,0,9.75,1],"texture":"#0"},"west":{"uv":[8.75,0,9.75,1],"texture":"#0"},"up":{"uv":[8.75,0,9.75,1],"texture":"#0"},"down":{"uv":[8.75,0,9.75,1],"texture":"#0"}}},{"from":[8.25,1.5,5.75],"to":[8.75,4.5,6],"rotation":{"angle":0,"axis":"y","origin":[15.5,8.5,8.25]},"faces":{"north":{"uv":[8.75,0,9.75,1],"texture":"#0"},"east":{"uv":[8.75,0,9.75,1],"texture":"#0"},"south":{"uv":[8.75,0,9.75,1],"texture":"#0"},"west":{"uv":[8.75,0,9.75,1],"texture":"#0"},"up":{"uv":[8.75,0,9.75,1],"texture":"#0"},"down":{"uv":[8.75,0,9.75,1],"texture":"#0"}}},{"from":[8,4,6],"to":[8.75,4.5,8.5],"rotation":{"angle":0,"axis":"y","origin":[15.25,8.5,10.75]},"faces":{"north":{"uv":[8.75,1.25,9.75,2.25],"texture":"#0"},"east":{"uv":[8.75,1.25,9.75,2.25],"texture":"#0"},"south":{"uv":[8.75,1.25,9.75,2.25],"texture":"#0"},"west":{"uv":[8.75,1.25,9.75,2.25],"texture":"#0"},"up":{"uv":[8.75,1.25,9.75,2.25],"texture":"#0"},"down":{"uv":[8.75,1.25,9.75,2.25],"texture":"#0"}}},{"from":[8,3.5,6],"to":[8.75,4,6.25],"rotation":{"angle":0,"axis":"y","origin":[15.25,8,10.75]},"faces":{"north":{"uv":[8.75,1.25,9.75,2.25],"texture":"#0"},"east":{"uv":[8.75,1.25,9.75,2.25],"texture":"#0"},"south":{"uv":[8.75,1.25,9.75,2.25],"texture":"#0"},"west":{"uv":[8.75,1.25,9.75,2.25],"texture":"#0"},"up":{"uv":[8.75,1.25,9.75,2.25],"texture":"#0"},"down":{"uv":[8.75,1.25,9.75,2.25],"texture":"#0"}}},{"from":[8,3.5,8.25],"to":[8.75,4,8.5],"rotation":{"angle":0,"axis":"y","origin":[15.25,8,13]},"faces":{"north":{"uv":[8.75,1.25,9.75,2.25],"texture":"#0"},"east":{"uv":[8.75,1.25,9.75,2.25],"texture":"#0"},"south":{"uv":[8.75,1.25,9.75,2.25],"texture":"#0"},"west":{"uv":[8.75,1.25,9.75,2.25],"texture":"#0"},"up":{"uv":[8.75,1.25,9.75,2.25],"texture":"#0"},"down":{"uv":[8.75,1.25,9.75,2.25],"texture":"#0"}}},{"from":[8,2,6],"to":[8.75,2.5,6.25],"rotation":{"angle":0,"axis":"y","origin":[15.25,6.5,10.75]},"faces":{"north":{"uv":[8.75,1.25,9.75,2.25],"texture":"#0"},"east":{"uv":[8.75,1.25,9.75,2.25],"texture":"#0"},"south":{"uv":[8.75,1.25,9.75,2.25],"texture":"#0"},"west":{"uv":[8.75,1.25,9.75,2.25],"texture":"#0"},"up":{"uv":[8.75,1.25,9.75,2.25],"texture":"#0"},"down":{"uv":[8.75,1.25,9.75,2.25],"texture":"#0"}}},{"from":[8,2,8.25],"to":[8.75,2.5,8.5],"rotation":{"angle":0,"axis":"y","origin":[15.25,6.5,13]},"faces":{"north":{"uv":[8.75,1.25,9.75,2.25],"texture":"#0"},"east":{"uv":[8.75,1.25,9.75,2.25],"texture":"#0"},"south":{"uv":[8.75,1.25,9.75,2.25],"texture":"#0"},"west":{"uv":[8.75,1.25,9.75,2.25],"texture":"#0"},"up":{"uv":[8.75,1.25,9.75,2.25],"texture":"#0"},"down":{"uv":[8.75,1.25,9.75,2.25],"texture":"#0"}}},{"from":[8,2,6.25],"to":[8.75,2.25,6.5],"rotation":{"angle":0,"axis":"y","origin":[15.25,6.5,11]},"faces":{"north":{"uv":[8.75,1.25,9.75,2.25],"texture":"#0"},"east":{"uv":[8.75,1.25,9.75,2.25],"texture":"#0"},"south":{"uv":[8.75,1.25,9.75,2.25],"texture":"#0"},"west":{"uv":[8.75,1.25,9.75,2.25],"texture":"#0"},"up":{"uv":[8.75,1.25,9.75,2.25],"texture":"#0"},"down":{"uv":[8.75,1.25,9.75,2.25],"texture":"#0"}}},{"from":[8,2,8],"to":[8.75,2.25,8.25],"rotation":{"angle":0,"axis":"y","origin":[15.25,6.5,12.75]},"faces":{"north":{"uv":[8.75,1.25,9.75,2.25],"texture":"#0"},"east":{"uv":[8.75,1.25,9.75,2.25],"texture":"#0"},"south":{"uv":[8.75,1.25,9.75,2.25],"texture":"#0"},"west":{"uv":[8.75,1.25,9.75,2.25],"texture":"#0"},"up":{"uv":[8.75,1.25,9.75,2.25],"texture":"#0"},"down":{"uv":[8.75,1.25,9.75,2.25],"texture":"#0"}}},{"from":[8,3.75,6.25],"to":[8.75,4,6.5],"rotation":{"angle":0,"axis":"y","origin":[15.25,8,11]},"faces":{"north":{"uv":[8.75,1.25,9.75,2.25],"texture":"#0"},"east":{"uv":[8.75,1.25,9.75,2.25],"texture":"#0"},"south":{"uv":[8.75,1.25,9.75,2.25],"texture":"#0"},"west":{"uv":[8.75,1.25,9.75,2.25],"texture":"#0"},"up":{"uv":[8.75,1.25,9.75,2.25],"texture":"#0"},"down":{"uv":[8.75,1.25,9.75,2.25],"texture":"#0"}}},{"from":[8,3.75,8],"to":[8.75,4,8.25],"rotation":{"angle":0,"axis":"y","origin":[15.25,8,12.75]},"faces":{"north":{"uv":[8.75,1.25,9.75,2.25],"texture":"#0"},"east":{"uv":[8.75,1.25,9.75,2.25],"texture":"#0"},"south":{"uv":[8.75,1.25,9.75,2.25],"texture":"#0"},"west":{"uv":[8.75,1.25,9.75,2.25],"texture":"#0"},"up":{"uv":[8.75,1.25,9.75,2.25],"texture":"#0"},"down":{"uv":[8.75,1.25,9.75,2.25],"texture":"#0"}}},{"from":[5,0,3],"to":[12,0.5,12.75],"rotation":{"angle":0,"axis":"y","origin":[15,8,15]},"faces":{"north":{"uv":[8.75,0,9.75,1],"texture":"#0"},"east":{"uv":[8.75,0,9.75,1],"texture":"#0"},"south":{"uv":[8.75,0,9.75,1],"texture":"#0"},"west":{"uv":[8.75,0,9.75,1],"texture":"#0"},"up":{"uv":[12,8,16,16],"texture":"#0"},"down":{"uv":[8.75,0,9.75,1],"texture":"#0"}}},{"from":[8,0.5,6],"to":[8.75,2,8.5],"rotation":{"angle":0,"axis":"y","origin":[15.25,8.5,10.75]},"faces":{"north":{"uv":[8.75,0,9.75,1],"texture":"#0"},"east":{"uv":[8.75,0,9.75,1],"texture":"#0"},"south":{"uv":[8.75,0,9.75,1],"texture":"#0"},"west":{"uv":[8.75,0,9.75,1],"texture":"#0"},"up":{"uv":[8.75,0,9.75,1],"texture":"#0"},"down":{"uv":[8.75,0,9.75,1],"texture":"#0"}}},{"from":[8.25,0.5,4],"to":[8.75,1.5,6],"rotation":{"angle":0,"axis":"y","origin":[15.25,8.5,8.25]},"faces":{"north":{"uv":[8.75,1.25,9.75,2.25],"texture":"#0"},"east":{"uv":[8.75,1.25,9.75,2.25],"texture":"#0"},"south":{"uv":[8.75,1.25,9.75,2.25],"texture":"#0"},"west":{"uv":[8.75,1.25,9.75,2.25],"texture":"#0"},"up":{"uv":[8.75,1.25,9.75,2.25],"texture":"#0"},"down":{"uv":[8.75,1.25,9.75,2.25],"texture":"#0"}}},{"from":[8.75,0.5,6],"to":[9,1.75,8.5],"rotation":{"angle":0,"axis":"y","origin":[15,5.25,11]},"faces":{"north":{"uv":[8.75,1.25,9.75,2.25],"texture":"#0"},"east":{"uv":[8.75,1.25,9.75,2.25],"texture":"#0"},"south":{"uv":[8.75,1.25,9.75,2.25],"texture":"#0"},"west":{"uv":[8.75,1.25,9.75,2.25],"texture":"#0"},"up":{"uv":[8.75,1.25,9.75,2.25],"texture":"#0"},"down":{"uv":[8.75,1.25,9.75,2.25],"texture":"#0"}}},{"from":[7.5,0.75,11.25],"to":[7.75,1.5,12],"rotation":{"angle":0,"axis":"y","origin":[13.75,6.75,15]},"faces":{"north":{"uv":[8.75,2.5,9.75,3.5],"texture":"#0"},"east":{"uv":[8.75,2.5,9.75,3.5],"texture":"#0"},"south":{"uv":[8.75,2.5,9.75,3.5],"texture":"#0"},"west":{"uv":[8.75,2.5,9.75,3.5],"texture":"#0"},"up":{"uv":[8.75,2.5,9.75,3.5],"texture":"#0"},"down":{"uv":[8.75,2.5,9.75,3.5],"texture":"#0"}}},{"from":[7,1,11.5],"to":[7.5,1.25,11.75],"rotation":{"angle":0,"axis":"y","origin":[13.5,6.75,15]},"faces":{"north":{"uv":[8.75,2.5,9.75,3.5],"texture":"#0"},"east":{"uv":[8.75,2.5,9.75,3.5],"texture":"#0"},"south":{"uv":[8.75,2.5,9.75,3.5],"texture":"#0"},"west":{"uv":[8.75,2.5,9.75,3.5],"texture":"#0"},"up":{"uv":[8.75,2.5,9.75,3.5],"texture":"#0"},"down":{"uv":[8.75,2.5,9.75,3.5],"texture":"#0"}}},{"from":[7,1.25,11.5],"to":[7.25,1.5,12.5],"rotation":{"angle":0,"axis":"y","origin":[14,7,15]},"faces":{"north":{"uv":[8.75,2.5,9.75,3.5],"texture":"#0"},"east":{"uv":[8.75,2.5,9.75,3.5],"texture":"#0"},"south":{"uv":[8.75,2.5,9.75,3.5],"texture":"#0"},"west":{"uv":[8.75,2.5,9.75,3.5],"texture":"#0"},"up":{"uv":[8.75,2.5,9.75,3.5],"texture":"#0"},"down":{"uv":[8.75,2.5,9.75,3.5],"texture":"#0"}}},{"from":[7.25,1.25,12.25],"to":[7.5,1.5,13.5],"rotation":{"angle":0,"axis":"y","origin":[14.25,7,15.75]},"faces":{"north":{"uv":[8.75,2.5,9.75,3.5],"texture":"#0"},"east":{"uv":[8.75,2.5,9.75,3.5],"texture":"#0"},"south":{"uv":[8.75,2.5,9.75,3.5],"texture":"#0"},"west":{"uv":[8.75,2.5,9.75,3.5],"texture":"#0"},"up":{"uv":[8.75,2.5,9.75,3.5],"texture":"#0"},"down":{"uv":[8.75,2.5,9.75,3.5],"texture":"#0"}}},{"from":[7.5,1.25,13.25],"to":[7.75,1.5,14.25],"rotation":{"angle":0,"axis":"y","origin":[14.5,7,16.75]},"faces":{"north":{"uv":[8.75,2.5,9.75,3.5],"texture":"#0"},"east":{"uv":[8.75,2.5,9.75,3.5],"texture":"#0"},"south":{"uv":[8.75,2.5,9.75,3.5],"texture":"#0"},"west":{"uv":[8.75,2.5,9.75,3.5],"texture":"#0"},"up":{"uv":[8.75,2.5,9.75,3.5],"texture":"#0"},"down":{"uv":[8.75,2.5,9.75,3.5],"texture":"#0"}}},{"from":[7.75,1.25,14],"to":[8,1.5,14.75],"rotation":{"angle":0,"axis":"y","origin":[14.75,7,17.5]},"faces":{"north":{"uv":[8.75,2.5,9.75,3.5],"texture":"#0"},"east":{"uv":[8.75,2.5,9.75,3.5],"texture":"#0"},"south":{"uv":[8.75,2.5,9.75,3.5],"texture":"#0"},"west":{"uv":[8.75,2.5,9.75,3.5],"texture":"#0"},"up":{"uv":[8.75,2.5,9.75,3.5],"texture":"#0"},"down":{"uv":[8.75,2.5,9.75,3.5],"texture":"#0"}}},{"from":[8,1.25,14.5],"to":[8.25,1.5,15],"rotation":{"angle":0,"axis":"y","origin":[15,7,17.75]},"faces":{"north":{"uv":[8.75,2.5,9.75,3.5],"texture":"#0"},"east":{"uv":[8.75,2.5,9.75,3.5],"texture":"#0"},"south":{"uv":[8.75,2.5,9.75,3.5],"texture":"#0"},"west":{"uv":[8.75,2.5,9.75,3.5],"texture":"#0"},"up":{"uv":[8.75,2.5,9.75,3.5],"texture":"#0"},"down":{"uv":[8.75,2.5,9.75,3.5],"texture":"#0"}}},{"from":[8.25,1.25,14.75],"to":[8.5,1.5,15.75],"rotation":{"angle":0,"axis":"y","origin":[15.25,7,18]},"faces":{"north":{"uv":[8.75,2.5,9.75,3.5],"texture":"#0"},"east":{"uv":[8.75,2.5,9.75,3.5],"texture":"#0"},"south":{"uv":[8.75,2.5,9.75,3.5],"texture":"#0"},"west":{"uv":[8.75,2.5,9.75,3.5],"texture":"#0"},"up":{"uv":[8.75,2.5,9.75,3.5],"texture":"#0"},"down":{"uv":[8.75,2.5,9.75,3.5],"texture":"#0"}}},{"from":[8,1.25,15.5],"to":[8.25,1.5,16.5],"rotation":{"angle":0,"axis":"y","origin":[15,7,18.75]},"faces":{"north":{"uv":[8.75,2.5,9.75,3.5],"texture":"#0"},"east":{"uv":[8.75,2.5,9.75,3.5],"texture":"#0"},"south":{"uv":[8.75,2.5,9.75,3.5],"texture":"#0"},"west":{"uv":[8.75,2.5,9.75,3.5],"texture":"#0"},"up":{"uv":[8.75,2.5,9.75,3.5],"texture":"#0"},"down":{"uv":[8.75,2.5,9.75,3.5],"texture":"#0"}}},{"from":[7.75,1.25,16.25],"to":[8,1.5,17.75],"rotation":{"angle":0,"axis":"y","origin":[14.75,7,19.5]},"faces":{"north":{"uv":[8.75,2.5,9.75,3.5],"texture":"#0"},"east":{"uv":[8.75,2.5,9.75,3.5],"texture":"#0"},"south":{"uv":[8.75,2.5,9.75,3.5],"texture":"#0"},"west":{"uv":[8.75,2.5,9.75,3.5],"texture":"#0"},"up":{"uv":[8.75,2.5,9.75,3.5],"texture":"#0"},"down":{"uv":[8.75,2.5,9.75,3.5],"texture":"#0"}}},{"from":[8,1.25,17.5],"to":[8.25,1.5,19],"rotation":{"angle":0,"axis":"y","origin":[15,7,20.75]},"faces":{"north":{"uv":[8.75,2.5,9.75,3.5],"texture":"#0"},"east":{"uv":[8.75,2.5,9.75,3.5],"texture":"#0"},"south":{"uv":[8.75,2.5,9.75,3.5],"texture":"#0"},"west":{"uv":[8.75,2.5,9.75,3.5],"texture":"#0"},"up":{"uv":[8.75,2.5,9.75,3.5],"texture":"#0"},"down":{"uv":[8.75,2.5,9.75,3.5],"texture":"#0"}}},{"from":[8.25,1.25,18.75],"to":[8.5,1.5,20.25],"rotation":{"angle":0,"axis":"y","origin":[15.25,7,22]},"faces":{"north":{"uv":[8.75,2.5,9.75,3.5],"texture":"#0"},"east":{"uv":[8.75,2.5,9.75,3.5],"texture":"#0"},"south":{"uv":[8.75,2.5,9.75,3.5],"texture":"#0"},"west":{"uv":[8.75,2.5,9.75,3.5],"texture":"#0"},"up":{"uv":[8.75,2.5,9.75,3.5],"texture":"#0"},"down":{"uv":[8.75,2.5,9.75,3.5],"texture":"#0"}}},{"from":[4.75,2,4.5],"to":[8,3.75,5.75],"rotation":{"angle":0,"axis":"y","origin":[14.5,9.25,13]},"faces":{"north":{"uv":[0,0,1,1],"texture":"#0"},"east":{"uv":[1.25,0,3.25,4],"rotation":270,"texture":"#0"},"south":{"uv":[0,0,1,1],"texture":"#0"},"west":{"uv":[1.25,0,3.25,4],"rotation":270,"texture":"#0"},"up":{"uv":[0,0,1,1],"texture":"#0"},"down":{"uv":[0,0,1,1],"texture":"#0"}}},{"from":[4.75,3.75,4.75],"to":[8,4,5.5],"rotation":{"angle":0,"axis":"y","origin":[14.5,10.75,13]},"faces":{"north":{"uv":[0,0,1,1],"texture":"#0"},"east":{"uv":[0,0,1,1],"texture":"#0"},"south":{"uv":[0,0,1,1],"texture":"#0"},"west":{"uv":[0,0,1,1],"texture":"#0"},"up":{"uv":[0,0,1,1],"texture":"#0"},"down":{"uv":[0,0,1,1],"texture":"#0"}}},{"from":[4.75,2.25,4.25],"to":[8,3.25,4.5],"rotation":{"angle":0,"axis":"y","origin":[14.5,9.25,12.5]},"faces":{"north":{"uv":[0,0,1,1],"texture":"#0"},"east":{"uv":[0,0,1,1],"texture":"#0"},"south":{"uv":[0,0,1,1],"texture":"#0"},"west":{"uv":[0,0,1,1],"texture":"#0"},"up":{"uv":[0,0,1,1],"texture":"#0"},"down":{"uv":[0,0,1,1],"texture":"#0"}}},{"from":[4.75,2.25,5.75],"to":[8,3.25,6],"rotation":{"angle":0,"axis":"y","origin":[14.5,9.25,14]},"faces":{"north":{"uv":[0,0,1,1],"texture":"#0"},"east":{"uv":[0,0,1,1],"texture":"#0"},"south":{"uv":[0,0,1,1],"texture":"#0"},"west":{"uv":[0,0,1,1],"texture":"#0"},"up":{"uv":[0,0,1,1],"texture":"#0"},"down":{"uv":[0,0,1,1],"texture":"#0"}}},{"from":[10,0.6875,7.3125],"to":[11.25,1.1875,9.0625],"rotation":{"angle":22.5,"axis":"y","origin":[10.625,0.8125,8.375]},"faces":{"north":{"uv":[0,0,1,1],"rotation":270,"texture":"#0"},"east":{"uv":[0,0,1,1],"rotation":270,"texture":"#0"},"south":{"uv":[0,0,1,1],"rotation":270,"texture":"#0"},"west":{"uv":[0,0,1,1],"rotation":270,"texture":"#0"},"up":{"uv":[1.25,0,3.25,4],"rotation":270,"texture":"#0"},"down":{"uv":[1.25,0,3.25,4],"texture":"#0"}}},{"from":[9.75,0.6875,7.5625],"to":[10,1.1875,8.5625],"rotation":{"angle":22.5,"axis":"y","origin":[10.625,0.8125,8.375]},"faces":{"north":{"uv":[0,0,1,1],"rotation":270,"texture":"#0"},"east":{"uv":[0,0,1,1],"rotation":270,"texture":"#0"},"south":{"uv":[0,0,1,1],"rotation":270,"texture":"#0"},"west":{"uv":[0,0,1,1],"rotation":270,"texture":"#0"},"up":{"uv":[0,0,1,1],"rotation":270,"texture":"#0"},"down":{"uv":[0,0,1,1],"rotation":270,"texture":"#0"}}},{"from":[10.25,0.6875,9.0625],"to":[11,1.1875,9.3125],"rotation":{"angle":22.5,"axis":"y","origin":[10.625,0.8125,8.375]},"faces":{"north":{"uv":[0,0,1,1],"rotation":270,"texture":"#0"},"east":{"uv":[0,0,1,1],"rotation":270,"texture":"#0"},"south":{"uv":[0,0,1,1],"rotation":270,"texture":"#0"},"west":{"uv":[0,0,1,1],"rotation":270,"texture":"#0"},"up":{"uv":[0,0,1,1],"rotation":270,"texture":"#0"},"down":{"uv":[0,0,1,1],"rotation":270,"texture":"#0"}}},{"from":[11.25,0.6875,7.5625],"to":[11.5,1.1875,8.5625],"rotation":{"angle":22.5,"axis":"y","origin":[10.625,0.8125,8.375]},"faces":{"north":{"uv":[0,0,1,1],"rotation":270,"texture":"#0"},"east":{"uv":[0,0,1,1],"rotation":270,"texture":"#0"},"south":{"uv":[0,0,1,1],"rotation":270,"texture":"#0"},"west":{"uv":[0,0,1,1],"rotation":270,"texture":"#0"},"up":{"uv":[0,0,1,1],"rotation":270,"texture":"#0"},"down":{"uv":[0,0,1,1],"rotation":270,"texture":"#0"}}},{"from":[10,1.1875,6.3125],"to":[11.25,1.4375,8.0625],"rotation":{"angle":-22.5,"axis":"x","origin":[10.625,1.3125,7.375]},"faces":{"north":{"uv":[0,0,1,1],"rotation":270,"texture":"#0"},"east":{"uv":[0,0,1,1],"rotation":270,"texture":"#0"},"south":{"uv":[0,0,1,1],"rotation":270,"texture":"#0"},"west":{"uv":[0,0,1,1],"rotation":270,"texture":"#0"},"up":{"uv":[1.25,0,3.25,4],"rotation":270,"texture":"#0"},"down":{"uv":[1.25,0,3.25,4],"rotation":270,"texture":"#0"}}},{"from":[9.75,1.1875,6.5625],"to":[10,1.4375,7.5625],"rotation":{"angle":-22.5,"axis":"x","origin":[10.625,1.3125,7.375]},"faces":{"north":{"uv":[0,0,1,1],"rotation":270,"texture":"#0"},"east":{"uv":[0,0,1,1],"rotation":270,"texture":"#0"},"south":{"uv":[0,0,1,1],"rotation":270,"texture":"#0"},"west":{"uv":[0,0,1,1],"rotation":270,"texture":"#0"},"up":{"uv":[0,0,1,1],"rotation":270,"texture":"#0"},"down":{"uv":[0,0,1,1],"rotation":270,"texture":"#0"}}},{"from":[10.25,1.1875,8.0625],"to":[11,1.4375,8.3125],"rotation":{"angle":-22.5,"axis":"x","origin":[10.625,1.3125,7.375]},"faces":{"north":{"uv":[0,0,1,1],"rotation":270,"texture":"#0"},"east":{"uv":[0,0,1,1],"rotation":270,"texture":"#0"},"south":{"uv":[0,0,1,1],"rotation":270,"texture":"#0"},"west":{"uv":[0,0,1,1],"rotation":270,"texture":"#0"},"up":{"uv":[0,0,1,1],"rotation":270,"texture":"#0"},"down":{"uv":[0,0,1,1],"rotation":270,"texture":"#0"}}},{"from":[11.25,1.1875,6.5625],"to":[11.5,1.4375,7.5625],"rotation":{"angle":-22.5,"axis":"x","origin":[10.625,1.3125,7.375]},"faces":{"north":{"uv":[0,0,1,1],"rotation":270,"texture":"#0"},"east":{"uv":[0,0,1,1],"rotation":270,"texture":"#0"},"south":{"uv":[0,0,1,1],"rotation":270,"texture":"#0"},"west":{"uv":[0,0,1,1],"rotation":270,"texture":"#0"},"up":{"uv":[0,0,1,1],"rotation":270,"texture":"#0"},"down":{"uv":[0,0,1,1],"rotation":270,"texture":"#0"}}}],"display":{"thirdperson_righthand":{"rotation":[90,0,0],"translation":[0,4,8]},"thirdperson_lefthand":{"rotation":[90,0,0],"translation":[0,4,8]},"firstperson_righthand":{"translation":[0,9.5,2.25]},"firstperson_lefthand":{"translation":[0,9.5,2.25]},"ground":{"translation":[0,4.75,0]},"gui":{"rotation":[0,-48.25,0],"translation":[0.5,6.25,0]},"head":{"translation":[-1,22.5,0],"scale":[2,2,2]},"fixed":{"rotation":[-90,0,0],"translation":[0,0,-16.75],"scale":[2,2,2]}},"groups":[{"name":"group","origin":[8,8,8],"children":[{"name":"regler","origin":[8,8,8],"children":[0,1,2,3,4,5,6,7]},{"name":"saegeblatt","origin":[8,8,8],"children":[8,9,10,11,12,13,14,15]},{"name":"platte","origin":[8,8,8],"children":[16,17,18,19,20]},{"name":"tablett","origin":[8,8,8],"children":[21,22,23,24,25]},{"name":"knopf","origin":[8,8,8],"children":[26]},{"name":"oben","origin":[8,8,8],"children":[27,28,29,30,31,32,33]},{"name":"mitte","origin":[8,8,8],"children":[34,35,36,37,38,39,40,41,42,43,44,45,46,47,48,49]},{"name":"unten","origin":[8,8,8],"children":[50,51,52,53]},{"name":"kabel","origin":[8,8,8],"children":[54,55,56,57,58,59,60,61,62,63,64,65]},{"name":"brot","origin":[8,8,8],"children":[66,67,68,69,{"name":"group","origin":[8,8,8],"children":[70,71,72,73]},{"name":"group","origin":[8,8,8],"children":[74,75,76,77]}]}]}]}