{"credit":"MadewithBlockbench","texture_size":[128,128],"textures":{"0":"naniii_furniture:item/chair/kissen","1":"naniii_furniture:item/chair/bein1","2":"naniii_furniture:item/chair/bein2","3":"naniii_furniture:item/chair/sitz","4":"naniii_furniture:item/chair/lehne","5":"naniii_furniture:item/chair/polster","6":"naniii_furniture:item/chair/stuetzev","7":"naniii_furniture:item/chair/stuetzes","particle":"item/chair/bein1"},"elements":[{"from":[12,0,3],"to":[13,10,4],"rotation":{"angle":0,"axis":"y","origin":[20,8,11]},"faces":{"north":{"uv":[0,0,2,8],"texture":"#1"},"east":{"uv":[0,0,2,8],"texture":"#1"},"south":{"uv":[0,0,2,8],"texture":"#1"},"west":{"uv":[0,0,2,8],"texture":"#1"},"up":{"uv":[0,0,2,8],"texture":"#1"},"down":{"uv":[0,0,2,8],"texture":"#1"}}},{"from":[3,0,3],"to":[4,10,4],"rotation":{"angle":0,"axis":"y","origin":[11,8,11]},"faces":{"north":{"uv":[0,0,2,8],"texture":"#1"},"east":{"uv":[0,0,2,8],"texture":"#1"},"south":{"uv":[0,0,2,8],"texture":"#1"},"west":{"uv":[0,0,2,8],"texture":"#1"},"up":{"uv":[0,0,2,8],"texture":"#1"},"down":{"uv":[0,0,2,8],"texture":"#1"}}},{"from":[3.5,0,4],"to":[4,10,4.5],"rotation":{"angle":0,"axis":"y","origin":[11.5,8,12]},"faces":{"north":{"uv":[0,0,2,8],"texture":"#2"},"east":{"uv":[0,0,2,8],"texture":"#2"},"south":{"uv":[0,0,2,8],"texture":"#2"},"west":{"uv":[0,0,2,8],"texture":"#2"},"up":{"uv":[0,0,2,8],"texture":"#2"},"down":{"uv":[0,0,2,8],"texture":"#2"}}},{"from":[12,0,4],"to":[12.5,10,4.5],"rotation":{"angle":0,"axis":"y","origin":[20,8,12]},"faces":{"north":{"uv":[0,0,2,8],"texture":"#2"},"east":{"uv":[0,0,2,8],"texture":"#2"},"south":{"uv":[0,0,2,8],"texture":"#2"},"west":{"uv":[0,0,2,8],"texture":"#2"},"up":{"uv":[0,0,2,8],"texture":"#2"},"down":{"uv":[0,0,2,8],"texture":"#2"}}},{"from":[12,0,2.5],"to":[12.5,10,3],"rotation":{"angle":0,"axis":"y","origin":[20,8,10.5]},"faces":{"north":{"uv":[0,0,2,8],"texture":"#2"},"east":{"uv":[0,0,2,8],"texture":"#2"},"south":{"uv":[0,0,2,8],"texture":"#2"},"west":{"uv":[0,0,2,8],"texture":"#2"},"up":{"uv":[0,0,2,8],"texture":"#2"},"down":{"uv":[0,0,2,8],"texture":"#2"}}},{"from":[3.5,0,2.5],"to":[4,10,3],"rotation":{"angle":0,"axis":"y","origin":[11.5,8,10.5]},"faces":{"north":{"uv":[0,0,2,8],"texture":"#2"},"east":{"uv":[0,0,2,8],"texture":"#2"},"south":{"uv":[0,0,2,8],"texture":"#2"},"west":{"uv":[0,0,2,8],"texture":"#2"},"up":{"uv":[0,0,2,8],"texture":"#2"},"down":{"uv":[0,0,2,8],"texture":"#2"}}},{"from":[3,0,12],"to":[4,10,13],"rotation":{"angle":0,"axis":"y","origin":[11,8,20]},"faces":{"north":{"uv":[0,0,2,8],"texture":"#1"},"east":{"uv":[0,0,2,8],"texture":"#1"},"south":{"uv":[0,0,2,8],"texture":"#1"},"west":{"uv":[0,0,2,8],"texture":"#1"},"up":{"uv":[0,0,2,8],"texture":"#1"},"down":{"uv":[0,0,2,8],"texture":"#1"}}},{"from":[12,0,12],"to":[13,10,13],"rotation":{"angle":0,"axis":"y","origin":[20,8,20]},"faces":{"north":{"uv":[0,0,2,8],"texture":"#1"},"east":{"uv":[0,0,2,8],"texture":"#1"},"south":{"uv":[0,0,2,8],"texture":"#1"},"west":{"uv":[0,0,2,8],"texture":"#1"},"up":{"uv":[0,0,2,8],"texture":"#1"},"down":{"uv":[0,0,2,8],"texture":"#1"}}},{"from":[12,0,11.5],"to":[12.5,10,12],"rotation":{"angle":0,"axis":"y","origin":[20,8,19.5]},"faces":{"north":{"uv":[14,0,16,8],"texture":"#2"},"east":{"uv":[14,0,16,8],"texture":"#2"},"south":{"uv":[14,0,16,8],"texture":"#2"},"west":{"uv":[14,0,16,8],"texture":"#2"},"up":{"uv":[14,0,16,8],"texture":"#2"},"down":{"uv":[14,0,16,8],"texture":"#2"}}},{"from":[3.5,0,11.5],"to":[4,10,12],"rotation":{"angle":0,"axis":"y","origin":[11.5,8,19.5]},"faces":{"north":{"uv":[14,0,16,8],"texture":"#2"},"east":{"uv":[14,0,16,8],"texture":"#2"},"south":{"uv":[14,0,16,8],"texture":"#2"},"west":{"uv":[14,0,16,8],"texture":"#2"},"up":{"uv":[14,0,16,8],"texture":"#2"},"down":{"uv":[14,0,16,8],"texture":"#2"}}},{"from":[12,0,11.5],"to":[12.5,10,12],"rotation":{"angle":0,"axis":"y","origin":[20,8,19.5]},"faces":{"north":{"uv":[14,0,16,8],"texture":"#2"},"east":{"uv":[14,0,16,8],"texture":"#2"},"south":{"uv":[14,0,16,8],"texture":"#2"},"west":{"uv":[14,0,16,8],"texture":"#2"},"up":{"uv":[14,0,16,8],"texture":"#2"},"down":{"uv":[14,0,16,8],"texture":"#2"}}},{"from":[3.5,0,13],"to":[4,10,13.5],"rotation":{"angle":0,"axis":"y","origin":[11.5,8,21]},"faces":{"north":{"uv":[14,0,16,8],"texture":"#2"},"east":{"uv":[14,0,16,8],"texture":"#2"},"south":{"uv":[14,0,16,8],"texture":"#2"},"west":{"uv":[14,0,16,8],"texture":"#2"},"up":{"uv":[14,0,16,8],"texture":"#2"},"down":{"uv":[14,0,16,8],"texture":"#2"}}},{"from":[12,0,13],"to":[12.5,10,13.5],"rotation":{"angle":0,"axis":"y","origin":[20,8,21]},"faces":{"north":{"uv":[14,0,16,8],"texture":"#2"},"east":{"uv":[14,0,16,8],"texture":"#2"},"south":{"uv":[14,0,16,8],"texture":"#2"},"west":{"uv":[14,0,16,8],"texture":"#2"},"up":{"uv":[14,0,16,8],"texture":"#2"},"down":{"uv":[14,0,16,8],"texture":"#2"}}},{"from":[3.5,0,11.5],"to":[4,10,12],"rotation":{"angle":0,"axis":"y","origin":[11.5,8,19.5]},"faces":{"north":{"uv":[14,0,16,8],"texture":"#2"},"east":{"uv":[14,0,16,8],"texture":"#2"},"south":{"uv":[14,0,16,8],"texture":"#2"},"west":{"uv":[14,0,16,8],"texture":"#2"},"up":{"uv":[14,0,16,8],"texture":"#2"},"down":{"uv":[14,0,16,8],"texture":"#2"}}},{"name":"haupt","from":[2.5,10,2],"to":[13.5,10.75,14.5],"rotation":{"angle":0,"axis":"y","origin":[11,18,11]},"faces":{"north":{"uv":[0,0,8,8],"texture":"#3"},"east":{"uv":[0,0,8,8],"texture":"#3"},"south":{"uv":[0,0,8,8],"texture":"#3"},"west":{"uv":[0,0,8,8],"texture":"#3"},"up":{"uv":[0,0,8,8],"texture":"#3"},"down":{"uv":[0,0,8,8],"texture":"#3"}}},{"name":"1","from":[2,10,2.25],"to":[2.5,10.75,14],"rotation":{"angle":0,"axis":"y","origin":[10,18,11]},"faces":{"north":{"uv":[14,0,16,8],"texture":"#3"},"east":{"uv":[14,0,16,8],"texture":"#3"},"south":{"uv":[14,0,16,8],"texture":"#3"},"west":{"uv":[14,0,16,8],"texture":"#3"},"up":{"uv":[14,0,16,8],"texture":"#3"},"down":{"uv":[14,0,16,8],"texture":"#3"}}},{"name":"2","from":[1.5,10,2.75],"to":[2,10.5,13.5],"rotation":{"angle":0,"axis":"y","origin":[9.5,18,11]},"faces":{"north":{"uv":[14,0,16,8],"texture":"#3"},"east":{"uv":[14,0,16,8],"texture":"#3"},"south":{"uv":[14,0,16,8],"texture":"#3"},"west":{"uv":[14,0,16,8],"texture":"#3"},"up":{"uv":[14,0,16,8],"texture":"#3"},"down":{"uv":[14,0,16,8],"texture":"#3"}}},{"name":"1","from":[13.5,10,2.25],"to":[14,10.75,14],"rotation":{"angle":0,"axis":"y","origin":[14,10.375,8.125]},"faces":{"north":{"uv":[14,0,16,8],"texture":"#3"},"east":{"uv":[14,0,16,8],"texture":"#3"},"south":{"uv":[14,0,16,8],"texture":"#3"},"west":{"uv":[14,0,16,8],"texture":"#3"},"up":{"uv":[14,0,16,8],"texture":"#3"},"down":{"uv":[14,0,16,8],"texture":"#3"}}},{"name":"2","from":[14,10,2.75],"to":[14.5,10.5,13.5],"rotation":{"angle":0,"axis":"y","origin":[14,10.375,8.125]},"faces":{"north":{"uv":[14,0,16,8],"texture":"#3"},"east":{"uv":[14,0,16,8],"texture":"#3"},"south":{"uv":[14,0,16,8],"texture":"#3"},"west":{"uv":[14,0,16,8],"texture":"#3"},"up":{"uv":[14,0,16,8],"texture":"#3"},"down":{"uv":[14,0,16,8],"texture":"#3"}}},{"from":[3,10,14.5],"to":[13,10.75,15],"rotation":{"angle":0,"axis":"y","origin":[15,18,22.5]},"faces":{"north":{"uv":[8,14,16,16],"texture":"#3"},"east":{"uv":[8,14,16,16],"texture":"#3"},"south":{"uv":[8,14,16,16],"texture":"#3"},"west":{"uv":[8,14,16,16],"texture":"#3"},"up":{"uv":[8,14,16,16],"texture":"#3"},"down":{"uv":[8,14,16,16],"texture":"#3"}}},{"from":[3,10,1.75],"to":[13,10.75,2],"rotation":{"angle":0,"axis":"y","origin":[15,18,9.5]},"faces":{"north":{"uv":[8,14,16,16],"texture":"#3"},"east":{"uv":[8,14,16,16],"texture":"#3"},"south":{"uv":[8,14,16,16],"texture":"#3"},"west":{"uv":[8,14,16,16],"texture":"#3"},"up":{"uv":[8,14,16,16],"texture":"#3"},"down":{"uv":[8,14,16,16],"texture":"#3"}}},{"from":[3.5,10,1.5],"to":[12.5,10.5,1.75],"rotation":{"angle":0,"axis":"y","origin":[15,18,9.25]},"faces":{"north":{"uv":[8,14,16,16],"texture":"#3"},"east":{"uv":[8,14,16,16],"texture":"#3"},"south":{"uv":[8,14,16,16],"texture":"#3"},"west":{"uv":[8,14,16,16],"texture":"#3"},"up":{"uv":[8,14,16,16],"texture":"#3"},"down":{"uv":[8,14,16,16],"texture":"#3"}}},{"from":[4.75,10,15.5],"to":[11.25,10.5,16],"rotation":{"angle":0,"axis":"y","origin":[15,18,23.5]},"faces":{"north":{"uv":[8,14,16,16],"texture":"#3"},"east":{"uv":[8,14,16,16],"texture":"#3"},"south":{"uv":[8,14,16,16],"texture":"#3"},"west":{"uv":[8,14,16,16],"texture":"#3"},"up":{"uv":[8,14,16,16],"texture":"#3"},"down":{"uv":[8,14,16,16],"texture":"#3"}}},{"from":[3.75,10,15],"to":[12.25,10.75,15.5],"rotation":{"angle":0,"axis":"y","origin":[15,18,23]},"faces":{"north":{"uv":[8,14,16,16],"texture":"#3"},"east":{"uv":[8,14,16,16],"texture":"#3"},"south":{"uv":[8,14,16,16],"texture":"#3"},"west":{"uv":[8,14,16,16],"texture":"#3"},"up":{"uv":[8,14,16,16],"texture":"#3"},"down":{"uv":[8,14,16,16],"texture":"#3"}}},{"name":"haupt","from":[3.5,10.75,4.5],"to":[12.5,11,13.5],"rotation":{"angle":0,"axis":"y","origin":[11,18.75,11]},"faces":{"north":{"uv":[0,8,2,16],"texture":"#0"},"east":{"uv":[0,8,2,16],"texture":"#0"},"south":{"uv":[0,8,2,16],"texture":"#0"},"west":{"uv":[0,8,2,16],"texture":"#0"},"up":{"uv":[0,0,8,8],"texture":"#0"},"down":{"uv":[0,0,8,8],"texture":"#0"}}},{"name":"1","from":[12.5,10.75,5.5],"to":[13,11,12.5],"rotation":{"angle":0,"axis":"y","origin":[11.5,18.75,11]},"faces":{"north":{"uv":[14,0,16,8],"texture":"#0"},"east":{"uv":[14,0,16,8],"texture":"#0"},"south":{"uv":[14,0,16,8],"texture":"#0"},"west":{"uv":[14,0,16,8],"texture":"#0"},"up":{"uv":[14,0,16,8],"texture":"#0"},"down":{"uv":[14,0,16,8],"texture":"#0"}}},{"name":"1","from":[3,10.75,5.5],"to":[3.5,11,12.5],"rotation":{"angle":0,"axis":"y","origin":[2,18.75,11]},"faces":{"north":{"uv":[14,0,16,8],"texture":"#0"},"east":{"uv":[14,0,16,8],"texture":"#0"},"south":{"uv":[14,0,16,8],"texture":"#0"},"west":{"uv":[14,0,16,8],"texture":"#0"},"up":{"uv":[14,0,16,8],"texture":"#0"},"down":{"uv":[14,0,16,8],"texture":"#0"}}},{"name":"2","from":[4,10.75,13.5],"to":[12,11,14],"rotation":{"angle":0,"axis":"y","origin":[11,18.75,12]},"faces":{"north":{"uv":[8,14,16,16],"texture":"#0"},"east":{"uv":[8,14,16,16],"texture":"#0"},"south":{"uv":[8,14,16,16],"texture":"#0"},"west":{"uv":[8,14,16,16],"texture":"#0"},"up":{"uv":[8,14,16,16],"texture":"#0"},"down":{"uv":[8,14,16,16],"texture":"#0"}}},{"name":"2","from":[4.5,10.75,3.5],"to":[11.5,11,4],"rotation":{"angle":0,"axis":"y","origin":[11,18.75,2]},"faces":{"north":{"uv":[8,14,16,16],"texture":"#0"},"east":{"uv":[8,14,16,16],"texture":"#0"},"south":{"uv":[8,14,16,16],"texture":"#0"},"west":{"uv":[8,14,16,16],"texture":"#0"},"up":{"uv":[8,14,16,16],"texture":"#0"},"down":{"uv":[8,14,16,16],"texture":"#0"}}},{"name":"2","from":[4,10.75,4],"to":[12,11,4.5],"rotation":{"angle":0,"axis":"y","origin":[11,18.75,2.5]},"faces":{"north":{"uv":[8,14,16,16],"texture":"#0"},"east":{"uv":[8,14,16,16],"texture":"#0"},"south":{"uv":[8,14,16,16],"texture":"#0"},"west":{"uv":[8,14,16,16],"texture":"#0"},"up":{"uv":[8,14,16,16],"texture":"#0"},"down":{"uv":[8,14,16,16],"texture":"#0"}}},{"name":"2","from":[4.5,10.75,14],"to":[11.5,11,14.5],"rotation":{"angle":0,"axis":"y","origin":[11,18.75,12.5]},"faces":{"north":{"uv":[8,14,16,16],"texture":"#0"},"east":{"uv":[8,14,16,16],"texture":"#0"},"south":{"uv":[8,14,16,16],"texture":"#0"},"west":{"uv":[8,14,16,16],"texture":"#0"},"up":{"uv":[8,14,16,16],"texture":"#0"},"down":{"uv":[8,14,16,16],"texture":"#0"}}},{"name":"1","from":[8.5,26.5,2.25],"to":[11.25,27.5,3],"rotation":{"angle":0,"axis":"y","origin":[18,34.75,10]},"faces":{"north":{"uv":[0,0,2,8],"texture":"#4"},"east":{"uv":[0,0,2,8],"texture":"#4"},"south":{"uv":[0,0,2,8],"texture":"#4"},"west":{"uv":[0,0,2,8],"texture":"#4"},"up":{"uv":[0,0,2,8],"texture":"#4"},"down":{"uv":[0,0,2,8],"texture":"#4"}}},{"name":"1","from":[4.25,25.5,2.25],"to":[5,26.5,3],"rotation":{"angle":0,"axis":"y","origin":[11.75,33.75,10]},"faces":{"north":{"uv":[0,0,2,8],"texture":"#4"},"east":{"uv":[0,0,2,8],"texture":"#4"},"south":{"uv":[0,0,2,8],"texture":"#4"},"west":{"uv":[0,0,2,8],"texture":"#4"},"up":{"uv":[0,0,2,8],"texture":"#4"},"down":{"uv":[0,0,2,8],"texture":"#4"}}},{"name":"1","from":[3.75,23.5,2.25],"to":[4.5,25.5,3],"rotation":{"angle":0,"axis":"y","origin":[11.25,31.75,10]},"faces":{"north":{"uv":[0,0,2,8],"texture":"#4"},"east":{"uv":[0,0,2,8],"texture":"#4"},"south":{"uv":[0,0,2,8],"texture":"#4"},"west":{"uv":[0,0,2,8],"texture":"#4"},"up":{"uv":[0,0,2,8],"texture":"#4"},"down":{"uv":[0,0,2,8],"texture":"#4"}}},{"name":"1","from":[3.5,21.5,2.25],"to":[4.25,23.5,3],"rotation":{"angle":0,"axis":"y","origin":[11,29.75,10]},"faces":{"north":{"uv":[0,0,2,8],"texture":"#4"},"east":{"uv":[0,0,2,8],"texture":"#4"},"south":{"uv":[0,0,2,8],"texture":"#4"},"west":{"uv":[0,0,2,8],"texture":"#4"},"up":{"uv":[0,0,2,8],"texture":"#4"},"down":{"uv":[0,0,2,8],"texture":"#4"}}},{"name":"1","from":[3.25,18.5,2.25],"to":[4,21.5,3],"rotation":{"angle":0,"axis":"y","origin":[10.75,26.75,10]},"faces":{"north":{"uv":[0,0,2,8],"texture":"#4"},"east":{"uv":[0,0,2,8],"texture":"#4"},"south":{"uv":[0,0,2,8],"texture":"#4"},"west":{"uv":[0,0,2,8],"texture":"#4"},"up":{"uv":[0,0,2,8],"texture":"#4"},"down":{"uv":[0,0,2,8],"texture":"#4"}}},{"name":"1","from":[3,14.5,2.25],"to":[3.75,18.5,3],"rotation":{"angle":0,"axis":"y","origin":[10.5,22.75,10]},"faces":{"north":{"uv":[0,0,2,8],"texture":"#4"},"east":{"uv":[0,0,2,8],"texture":"#4"},"south":{"uv":[0,0,2,8],"texture":"#4"},"west":{"uv":[0,0,2,8],"texture":"#4"},"up":{"uv":[0,0,2,8],"texture":"#4"},"down":{"uv":[0,0,2,8],"texture":"#4"}}},{"name":"3","from":[4.69044,27.7994,2.25],"to":[8.01887,28.2994,3],"rotation":{"angle":22.5,"axis":"z","origin":[6.72966,28.0494,2.625]},"faces":{"north":{"uv":[0,0,2,8],"rotation":90,"texture":"#4"},"east":{"uv":[0,0,2,8],"rotation":90,"texture":"#4"},"south":{"uv":[0,0,2,8],"rotation":90,"texture":"#4"},"west":{"uv":[0,0,2,8],"rotation":90,"texture":"#4"},"up":{"uv":[0,0,2,8],"rotation":90,"texture":"#4"},"down":{"uv":[0,0,2,8],"rotation":90,"texture":"#4"}}},{"name":"1","from":[2.75,9.5,2.25],"to":[3.5,14.5,3],"rotation":{"angle":0,"axis":"y","origin":[10.25,17.75,10]},"faces":{"north":{"uv":[0,0,2,8],"texture":"#4"},"east":{"uv":[0,0,2,8],"texture":"#4"},"south":{"uv":[0,0,2,8],"texture":"#4"},"west":{"uv":[0,0,2,8],"texture":"#4"},"up":{"uv":[0,0,2,8],"texture":"#4"},"down":{"uv":[0,0,2,8],"texture":"#4"}}},{"name":"1","from":[4.75,26.5,2.25],"to":[7.5,27.5,3],"rotation":{"angle":0,"axis":"y","origin":[6.125,27,2.625]},"faces":{"north":{"uv":[0,0,2,8],"texture":"#4"},"east":{"uv":[0,0,2,8],"texture":"#4"},"south":{"uv":[0,0,2,8],"texture":"#4"},"west":{"uv":[0,0,2,8],"texture":"#4"},"up":{"uv":[0,0,2,8],"texture":"#4"},"down":{"uv":[0,0,2,8],"texture":"#4"}}},{"name":"1","from":[12.5,9.5,2.25],"to":[13.25,14.5,3],"rotation":{"angle":0,"axis":"y","origin":[20,17.75,10]},"faces":{"north":{"uv":[0,0,2,8],"texture":"#4"},"east":{"uv":[0,0,2,8],"texture":"#4"},"south":{"uv":[0,0,2,8],"texture":"#4"},"west":{"uv":[0,0,2,8],"texture":"#4"},"up":{"uv":[0,0,2,8],"texture":"#4"},"down":{"uv":[0,0,2,8],"texture":"#4"}}},{"name":"1","from":[3.5,10.75,2.25],"to":[12.5,11,3.25],"rotation":{"angle":0,"axis":"y","origin":[20,17.75,10]},"faces":{"north":{"uv":[0,0,2,8],"texture":"#4"},"east":{"uv":[0,0,2,8],"texture":"#4"},"south":{"uv":[0,0,2,8],"texture":"#4"},"west":{"uv":[0,0,2,8],"texture":"#4"},"up":{"uv":[0,0,2,8],"texture":"#4"},"down":{"uv":[0,0,2,8],"texture":"#4"}}},{"name":"1","from":[3.5,14.25,2.25],"to":[12.5,14.5,2.5],"rotation":{"angle":0,"axis":"y","origin":[20,21.25,10]},"faces":{"north":{"uv":[0,0,2,8],"texture":"#4"},"east":{"uv":[0,0,2,8],"texture":"#4"},"south":{"uv":[0,0,2,8],"texture":"#4"},"west":{"uv":[0,0,2,8],"texture":"#4"},"up":{"uv":[0,0,2,8],"texture":"#4"},"down":{"uv":[0,0,2,8],"texture":"#4"}}},{"name":"1","from":[3.75,18.25,2.25],"to":[12.25,18.5,2.5],"rotation":{"angle":0,"axis":"y","origin":[20,25.25,10]},"faces":{"north":{"uv":[0,0,2,8],"texture":"#4"},"east":{"uv":[0,0,2,8],"texture":"#4"},"south":{"uv":[0,0,2,8],"texture":"#4"},"west":{"uv":[0,0,2,8],"texture":"#4"},"up":{"uv":[0,0,2,8],"texture":"#4"},"down":{"uv":[0,0,2,8],"texture":"#4"}}},{"name":"1","from":[4,21.25,2.25],"to":[12,21.5,2.5],"rotation":{"angle":0,"axis":"y","origin":[20,28.25,10]},"faces":{"north":{"uv":[0,0,2,8],"texture":"#4"},"east":{"uv":[0,0,2,8],"texture":"#4"},"south":{"uv":[0,0,2,8],"texture":"#4"},"west":{"uv":[0,0,2,8],"texture":"#4"},"up":{"uv":[0,0,2,8],"texture":"#4"},"down":{"uv":[0,0,2,8],"texture":"#4"}}},{"name":"1","from":[4.25,23.25,2.25],"to":[11.75,23.5,2.5],"rotation":{"angle":0,"axis":"y","origin":[20,30.25,10]},"faces":{"north":{"uv":[0,0,2,8],"texture":"#4"},"east":{"uv":[0,0,2,8],"texture":"#4"},"south":{"uv":[0,0,2,8],"texture":"#4"},"west":{"uv":[0,0,2,8],"texture":"#4"},"up":{"uv":[0,0,2,8],"texture":"#4"},"down":{"uv":[0,0,2,8],"texture":"#4"}}},{"name":"1","from":[4.5,25.25,2.25],"to":[11.5,25.5,2.5],"rotation":{"angle":0,"axis":"y","origin":[20,32.25,10]},"faces":{"north":{"uv":[0,0,2,8],"texture":"#4"},"east":{"uv":[0,0,2,8],"texture":"#4"},"south":{"uv":[0,0,2,8],"texture":"#4"},"west":{"uv":[0,0,2,8],"texture":"#4"},"up":{"uv":[0,0,2,8],"texture":"#4"},"down":{"uv":[0,0,2,8],"texture":"#4"}}},{"name":"2","from":[7.5,9.5,2],"to":[8.5,27.5,3],"rotation":{"angle":0,"axis":"y","origin":[15.25,17.75,10]},"faces":{"north":{"uv":[0,0,2,8],"texture":"#4"},"east":{"uv":[0,0,2,8],"texture":"#4"},"south":{"uv":[0,0,2,8],"texture":"#4"},"west":{"uv":[0,0,2,8],"texture":"#4"},"up":{"uv":[0,0,2,8],"texture":"#4"},"down":{"uv":[0,0,2,8],"texture":"#4"}}},{"name":"3","from":[7.75,27.5,2.25],"to":[8.25,28.75,3],"rotation":{"angle":0,"axis":"y","origin":[15.5,20.75,10]},"faces":{"north":{"uv":[0,0,2,8],"texture":"#4"},"east":{"uv":[0,0,2,8],"texture":"#4"},"south":{"uv":[0,0,2,8],"texture":"#4"},"west":{"uv":[0,0,2,8],"texture":"#4"},"up":{"uv":[0,0,2,8],"texture":"#4"},"down":{"uv":[0,0,2,8],"texture":"#4"}}},{"name":"3","from":[7.94307,27.60806,2.25],"to":[11.27149,28.10806,3],"rotation":{"angle":-22.5,"axis":"z","origin":[9.73228,27.85806,2.625]},"faces":{"north":{"uv":[0,0,2,8],"rotation":90,"texture":"#4"},"east":{"uv":[0,0,2,8],"rotation":90,"texture":"#4"},"south":{"uv":[0,0,2,8],"rotation":90,"texture":"#4"},"west":{"uv":[0,0,2,8],"rotation":90,"texture":"#4"},"up":{"uv":[0,0,2,8],"rotation":90,"texture":"#4"},"down":{"uv":[0,0,2,8],"rotation":90,"texture":"#4"}}},{"name":"1","from":[12.25,14.5,2.25],"to":[13,18.5,3],"rotation":{"angle":0,"axis":"y","origin":[19.75,22.75,10]},"faces":{"north":{"uv":[0,0,2,8],"texture":"#4"},"east":{"uv":[0,0,2,8],"texture":"#4"},"south":{"uv":[0,0,2,8],"texture":"#4"},"west":{"uv":[0,0,2,8],"texture":"#4"},"up":{"uv":[0,0,2,8],"texture":"#4"},"down":{"uv":[0,0,2,8],"texture":"#4"}}},{"name":"1","from":[12,18.5,2.25],"to":[12.75,21.5,3],"rotation":{"angle":0,"axis":"y","origin":[19.5,26.75,10]},"faces":{"north":{"uv":[0,0,2,8],"texture":"#4"},"east":{"uv":[0,0,2,8],"texture":"#4"},"south":{"uv":[0,0,2,8],"texture":"#4"},"west":{"uv":[0,0,2,8],"texture":"#4"},"up":{"uv":[0,0,2,8],"texture":"#4"},"down":{"uv":[0,0,2,8],"texture":"#4"}}},{"name":"1","from":[11.75,21.5,2.25],"to":[12.5,23.5,3],"rotation":{"angle":0,"axis":"y","origin":[19.25,29.75,10]},"faces":{"north":{"uv":[0,0,2,8],"texture":"#4"},"east":{"uv":[0,0,2,8],"texture":"#4"},"south":{"uv":[0,0,2,8],"texture":"#4"},"west":{"uv":[0,0,2,8],"texture":"#4"},"up":{"uv":[0,0,2,8],"texture":"#4"},"down":{"uv":[0,0,2,8],"texture":"#4"}}},{"name":"1","from":[11.5,23.5,2.25],"to":[12.25,25.5,3],"rotation":{"angle":0,"axis":"y","origin":[19,31.75,10]},"faces":{"north":{"uv":[0,0,2,8],"texture":"#4"},"east":{"uv":[0,0,2,8],"texture":"#4"},"south":{"uv":[0,0,2,8],"texture":"#4"},"west":{"uv":[0,0,2,8],"texture":"#4"},"up":{"uv":[0,0,2,8],"texture":"#4"},"down":{"uv":[0,0,2,8],"texture":"#4"}}},{"name":"1","from":[11,25.5,2.25],"to":[11.75,26.5,3],"rotation":{"angle":0,"axis":"y","origin":[18.5,33.75,10]},"faces":{"north":{"uv":[0,0,2,8],"texture":"#4"},"east":{"uv":[0,0,2,8],"texture":"#4"},"south":{"uv":[0,0,2,8],"texture":"#4"},"west":{"uv":[0,0,2,8],"texture":"#4"},"up":{"uv":[0,0,2,8],"texture":"#4"},"down":{"uv":[0,0,2,8],"texture":"#4"}}},{"name":"1","from":[8.25,11,2.5],"to":[12.5,18.5,3.25],"rotation":{"angle":0,"axis":"y","origin":[15,18.75,9.75]},"faces":{"north":{"uv":[0,0,8,8],"texture":"#5"},"east":{"uv":[0,0,8,8],"texture":"#5"},"south":{"uv":[0,0,8,8],"texture":"#5"},"west":{"uv":[0,0,8,8],"texture":"#5"},"up":{"uv":[0,0,8,8],"texture":"#5"},"down":{"uv":[0,0,8,8],"texture":"#5"}}},{"name":"2","from":[3.5,11,2.5],"to":[7.75,18.5,3.25],"rotation":{"angle":0,"axis":"y","origin":[10.25,18.75,9.75]},"faces":{"north":{"uv":[0,0,8,8],"texture":"#5"},"east":{"uv":[0,0,8,8],"texture":"#5"},"south":{"uv":[0,0,8,8],"texture":"#5"},"west":{"uv":[0,0,8,8],"texture":"#5"},"up":{"uv":[0,0,8,8],"texture":"#5"},"down":{"uv":[0,0,8,8],"texture":"#5"}}},{"name":"2","from":[8.25,18.5,2.5],"to":[12,23.5,3.25],"rotation":{"angle":0,"axis":"y","origin":[15,26.5,9.75]},"faces":{"north":{"uv":[0,0,8,8],"texture":"#5"},"east":{"uv":[0,0,8,8],"texture":"#5"},"south":{"uv":[0,0,8,8],"texture":"#5"},"west":{"uv":[0,0,8,8],"texture":"#5"},"up":{"uv":[0,0,8,8],"texture":"#5"},"down":{"uv":[0,0,8,8],"texture":"#5"}}},{"name":"3","from":[4,18.5,2.5],"to":[7.75,23.5,3.25],"rotation":{"angle":0,"axis":"y","origin":[10.75,26.5,9.75]},"faces":{"north":{"uv":[0,0,8,8],"texture":"#5"},"east":{"uv":[0,0,8,8],"texture":"#5"},"south":{"uv":[0,0,8,8],"texture":"#5"},"west":{"uv":[0,0,8,8],"texture":"#5"},"up":{"uv":[0,0,8,8],"texture":"#5"},"down":{"uv":[0,0,8,8],"texture":"#5"}}},{"name":"3","from":[8.25,23.5,2.5],"to":[11.5,25.5,3.25],"rotation":{"angle":0,"axis":"y","origin":[15,31.5,9.75]},"faces":{"north":{"uv":[0,0,8,8],"texture":"#5"},"east":{"uv":[0,0,8,8],"texture":"#5"},"south":{"uv":[0,0,8,8],"texture":"#5"},"west":{"uv":[0,0,8,8],"texture":"#5"},"up":{"uv":[0,0,8,8],"texture":"#5"},"down":{"uv":[0,0,8,8],"texture":"#5"}}},{"name":"4","from":[4.5,23.5,2.5],"to":[7.75,25.5,3.25],"rotation":{"angle":0,"axis":"y","origin":[11.25,31.5,9.75]},"faces":{"north":{"uv":[0,0,8,8],"texture":"#5"},"east":{"uv":[0,0,8,8],"texture":"#5"},"south":{"uv":[0,0,8,8],"texture":"#5"},"west":{"uv":[0,0,8,8],"texture":"#5"},"up":{"uv":[0,0,8,8],"texture":"#5"},"down":{"uv":[0,0,8,8],"texture":"#5"}}},{"name":"4","from":[8.25,25.5,2.5],"to":[11,27.25,3.25],"rotation":{"angle":0,"axis":"y","origin":[15,32.5,9.75]},"faces":{"north":{"uv":[0,0,8,8],"texture":"#5"},"east":{"uv":[0,0,8,8],"texture":"#5"},"south":{"uv":[0,0,8,8],"texture":"#5"},"west":{"uv":[0,0,8,8],"texture":"#5"},"up":{"uv":[0,0,8,8],"texture":"#5"},"down":{"uv":[0,0,8,8],"texture":"#5"}}},{"name":"5","from":[5,25.5,2.5],"to":[7.75,27.25,3.25],"rotation":{"angle":0,"axis":"y","origin":[11.75,32.5,9.75]},"faces":{"north":{"uv":[0,0,8,8],"texture":"#5"},"east":{"uv":[0,0,8,8],"texture":"#5"},"south":{"uv":[0,0,8,8],"texture":"#5"},"west":{"uv":[0,0,8,8],"texture":"#5"},"up":{"uv":[0,0,8,8],"texture":"#5"},"down":{"uv":[0,0,8,8],"texture":"#5"}}},{"name":"1","from":[4,9.25,3],"to":[12,10,3.75],"rotation":{"angle":0,"axis":"y","origin":[12,17,10.75]},"faces":{"north":{"uv":[0,0,2,8],"texture":"#6"},"east":{"uv":[0,0,2,8],"texture":"#6"},"south":{"uv":[0,0,2,8],"texture":"#6"},"west":{"uv":[0,0,2,8],"texture":"#6"},"up":{"uv":[0,0,2,8],"texture":"#6"},"down":{"uv":[0,0,2,8],"texture":"#6"}}},{"name":"3","from":[8.97198,8.35911,12.3],"to":[12.22198,8.85911,12.55],"rotation":{"angle":-22.5,"axis":"z","origin":[10.59698,8.60911,12.425]},"faces":{"north":{"uv":[0,0,2,8],"texture":"#6"},"east":{"uv":[0,0,2,8],"texture":"#6"},"south":{"uv":[0,0,2,8],"texture":"#6"},"west":{"uv":[0,0,2,8],"texture":"#6"},"up":{"uv":[0,0,2,8],"texture":"#6"},"down":{"uv":[0,0,2,8],"texture":"#6"}}},{"name":"2","from":[9,9,12.3],"to":[12,9.25,12.8],"rotation":{"angle":0,"axis":"y","origin":[8,9.01864,12.525]},"faces":{"north":{"uv":[0,0,2,8],"texture":"#6"},"east":{"uv":[0,0,2,8],"texture":"#6"},"south":{"uv":[0,0,2,8],"texture":"#6"},"west":{"uv":[0,0,2,8],"texture":"#6"},"up":{"uv":[0,0,2,8],"texture":"#6"},"down":{"uv":[0,0,2,8],"texture":"#6"}}},{"name":"3","from":[3.77802,8.35911,12.3],"to":[7.02802,8.85911,12.55],"rotation":{"angle":22.5,"axis":"z","origin":[5.40302,8.60911,12.425]},"faces":{"north":{"uv":[0,0,2,8],"texture":"#6"},"east":{"uv":[0,0,2,8],"texture":"#6"},"south":{"uv":[0,0,2,8],"texture":"#6"},"west":{"uv":[0,0,2,8],"texture":"#6"},"up":{"uv":[0,0,2,8],"texture":"#6"},"down":{"uv":[0,0,2,8],"texture":"#6"}}},{"name":"2","from":[4,9,12.3],"to":[7,9.25,12.8],"rotation":{"angle":0,"axis":"y","origin":[8,9.01864,12.525]},"faces":{"north":{"uv":[0,0,2,8],"texture":"#6"},"east":{"uv":[0,0,2,8],"texture":"#6"},"south":{"uv":[0,0,2,8],"texture":"#6"},"west":{"uv":[0,0,2,8],"texture":"#6"},"up":{"uv":[0,0,2,8],"texture":"#6"},"down":{"uv":[0,0,2,8],"texture":"#6"}}},{"name":"1","from":[4,9.25,12.3],"to":[12,10,13.05],"rotation":{"angle":0,"axis":"y","origin":[8,9.01864,12.525]},"faces":{"north":{"uv":[0,0,2,8],"texture":"#6"},"east":{"uv":[0,0,2,8],"texture":"#6"},"south":{"uv":[0,0,2,8],"texture":"#6"},"west":{"uv":[0,0,2,8],"texture":"#6"},"up":{"uv":[0,0,2,8],"texture":"#6"},"down":{"uv":[0,0,2,8],"texture":"#6"}}},{"name":"2","from":[9,9,3.25],"to":[12,9.25,3.75],"rotation":{"angle":0,"axis":"y","origin":[12,16.25,10.75]},"faces":{"north":{"uv":[0,0,2,8],"texture":"#6"},"east":{"uv":[0,0,2,8],"texture":"#6"},"south":{"uv":[0,0,2,8],"texture":"#6"},"west":{"uv":[0,0,2,8],"texture":"#6"},"up":{"uv":[0,0,2,8],"texture":"#6"},"down":{"uv":[0,0,2,8],"texture":"#6"}}},{"name":"3","from":[9.01955,8.59829,3.5],"to":[12.26955,9.09829,3.75],"rotation":{"angle":-22.5,"axis":"z","origin":[10.01955,8.84829,3.625]},"faces":{"north":{"uv":[0,0,2,8],"texture":"#6"},"east":{"uv":[0,0,2,8],"texture":"#6"},"south":{"uv":[0,0,2,8],"texture":"#6"},"west":{"uv":[0,0,2,8],"texture":"#6"},"up":{"uv":[0,0,2,8],"texture":"#6"},"down":{"uv":[0,0,2,8],"texture":"#6"}}},{"name":"2","from":[4,9,3.25],"to":[7,9.25,3.75],"rotation":{"angle":0,"axis":"y","origin":[6,16.25,10.75]},"faces":{"north":{"uv":[0,0,2,8],"texture":"#6"},"east":{"uv":[0,0,2,8],"texture":"#6"},"south":{"uv":[0,0,2,8],"texture":"#6"},"west":{"uv":[0,0,2,8],"texture":"#6"},"up":{"uv":[0,0,2,8],"texture":"#6"},"down":{"uv":[0,0,2,8],"texture":"#6"}}},{"name":"3","from":[3.73045,8.59829,3.5],"to":[6.98045,9.09829,3.75],"rotation":{"angle":22.5,"axis":"z","origin":[5.98045,8.84829,3.5]},"faces":{"north":{"uv":[0,0,2,8],"texture":"#6"},"east":{"uv":[0,0,2,8],"texture":"#6"},"south":{"uv":[0,0,2,8],"texture":"#6"},"west":{"uv":[0,0,2,8],"texture":"#6"},"up":{"uv":[0,0,2,8],"texture":"#6"},"down":{"uv":[0,0,2,8],"texture":"#6"}}},{"name":"1","from":[11.875,9.25,3.875],"to":[12.625,10,12.125],"rotation":{"angle":0,"axis":"y","origin":[12,9.625,8.125]},"faces":{"north":{"uv":[0,0,2,8],"texture":"#7"},"east":{"uv":[0,0,2,8],"texture":"#7"},"south":{"uv":[0,0,2,8],"texture":"#7"},"west":{"uv":[0,0,2,8],"texture":"#7"},"up":{"uv":[0,0,2,8],"texture":"#7"},"down":{"uv":[0,0,2,8],"texture":"#7"}}},{"name":"2","from":[11.875,6.25,3.875],"to":[12.625,7,12.125],"rotation":{"angle":0,"axis":"y","origin":[12,6.625,8.125]},"faces":{"north":{"uv":[0,0,2,8],"texture":"#7"},"east":{"uv":[0,0,2,8],"texture":"#7"},"south":{"uv":[0,0,2,8],"texture":"#7"},"west":{"uv":[0,0,2,8],"texture":"#7"},"up":{"uv":[0,0,2,8],"texture":"#7"},"down":{"uv":[0,0,2,8],"texture":"#7"}}},{"name":"2","from":[3.375,6.25,3.875],"to":[4.125,7,12.125],"rotation":{"angle":0,"axis":"y","origin":[3.5,6.625,8.125]},"faces":{"north":{"uv":[0,0,2,8],"texture":"#7"},"east":{"uv":[0,0,2,8],"texture":"#7"},"south":{"uv":[0,0,2,8],"texture":"#7"},"west":{"uv":[0,0,2,8],"texture":"#7"},"up":{"uv":[0,0,2,8],"texture":"#7"},"down":{"uv":[0,0,2,8],"texture":"#7"}}},{"name":"1","from":[3.375,9.25,3.875],"to":[4.125,10,12.125],"rotation":{"angle":0,"axis":"y","origin":[3.5,9.625,8.125]},"faces":{"north":{"uv":[0,0,2,8],"texture":"#7"},"east":{"uv":[0,0,2,8],"texture":"#7"},"south":{"uv":[0,0,2,8],"texture":"#7"},"west":{"uv":[0,0,2,8],"texture":"#7"},"up":{"uv":[0,0,2,8],"texture":"#7"},"down":{"uv":[0,0,2,8],"texture":"#7"}}}],"display":{"ground":{"translation":[0,5,0]},"gui":{"translation":[0,-2.5,0],"scale":[0.5,0.5,0.5]},"head":{"rotation":[0,-180,0],"translation":[0,-27,0],"scale":[2,2,2]},"fixed":{"rotation":[-90,-180,0],"translation":[0,0,-17.5],"scale":[2,2.25,2]}},"groups":[{"name":"Beine","origin":[8,8,8],"children":[{"name":"1","origin":[8,8,8],"children":[0,1]},{"name":"2","origin":[8,8,8],"children":[2,3,4,5]},{"name":"3","origin":[8,8,8],"children":[6,7]},{"name":"4","origin":[8,8,8],"children":[8,9,10,11,12,13]}]},{"name":"Sitz","origin":[8,8,8],"children":[14,{"name":"1","origin":[8,8,8],"children":[15,16,17,18]},{"name":"2","origin":[8,8,8],"children":[19,20,21,22,23]},{"name":"Kissen","origin":[8,8,8],"children":[24,25,26,27,28,29,30]}]},{"name":"Lehne","origin":[8,8,8],"children":[{"name":"sitz","origin":[8,8,8],"children":[31,32,33,34,35,36,37,38,39,40,41,42,43,44,45,46,47,48,49,50,51,52,53,54]},{"name":"polster","origin":[8,8,8],"children":[55,56,57,58,59,60,61,62]}]},{"name":"st?tze","origin":[8,8,8],"children":[{"name":"v","origin":[8,8,8],"children":[63,64,65,66,67,68,69,70,71,72]},{"name":"s","origin":[8,8,8],"children":[73,74,75,76]}]}]}