{"credit":"MadewithBlockbench","texture_size":[64,64],"textures":{"0":"naniii_furniture:item/coffee_machine/1","particle":"item/coffee_machine/1"},"elements":[{"from":[4,0,3],"to":[12,1,8],"rotation":{"angle":0,"axis":"y","origin":[20,8,11]},"faces":{"north":{"uv":[0,1.5,1,2.5],"texture":"#0"},"east":{"uv":[0,1.5,1,2.5],"texture":"#0"},"south":{"uv":[0,1.5,1,2.5],"texture":"#0"},"west":{"uv":[0,1.5,1,2.5],"texture":"#0"},"up":{"uv":[0,12,8,16],"texture":"#0"},"down":{"uv":[0,1.5,1,2.5],"texture":"#0"}}},{"from":[4,0,2.5],"to":[12,1,3],"rotation":{"angle":0,"axis":"y","origin":[12,8,10]},"faces":{"north":{"uv":[0,0,1,1],"texture":"#0"},"east":{"uv":[0,0,1,1],"texture":"#0"},"south":{"uv":[0,0,1,1],"texture":"#0"},"west":{"uv":[0,0,1,1],"texture":"#0"},"up":{"uv":[0,0,1,1],"texture":"#0"},"down":{"uv":[0,0,1,1],"texture":"#0"}}},{"from":[4,0,2],"to":[12,1,2.5],"rotation":{"angle":0,"axis":"y","origin":[12,8,9.5]},"faces":{"north":{"uv":[0,0,1,1],"texture":"#0"},"east":{"uv":[0,0,1,1],"texture":"#0"},"south":{"uv":[0,0,1,1],"texture":"#0"},"west":{"uv":[0,0,1,1],"texture":"#0"},"up":{"uv":[0,0,1,1],"texture":"#0"},"down":{"uv":[0,0,1,1],"texture":"#0"}}},{"from":[4,1,2.75],"to":[12,1.25,3],"rotation":{"angle":0,"axis":"y","origin":[12,9,10]},"faces":{"north":{"uv":[5,0,6,1],"texture":"#0"},"east":{"uv":[5,0,6,1],"texture":"#0"},"south":{"uv":[5,0,6,1],"texture":"#0"},"west":{"uv":[5,0,6,1],"texture":"#0"},"up":{"uv":[5,0,6,1],"texture":"#0"},"down":{"uv":[5,0,6,1],"texture":"#0"}}},{"from":[4,1,8],"to":[12,1.25,8.25],"rotation":{"angle":0,"axis":"y","origin":[12,9,15.25]},"faces":{"north":{"uv":[5,0,6,1],"texture":"#0"},"east":{"uv":[5,0,6,1],"texture":"#0"},"south":{"uv":[5,0,6,1],"texture":"#0"},"west":{"uv":[5,0,6,1],"texture":"#0"},"up":{"uv":[5,0,6,1],"texture":"#0"},"down":{"uv":[5,0,6,1],"texture":"#0"}}},{"from":[12,1,2.75],"to":[12.25,1.25,8.25],"rotation":{"angle":0,"axis":"y","origin":[12.25,9,15.25]},"faces":{"north":{"uv":[5,0,6,1],"texture":"#0"},"east":{"uv":[5,0,6,1],"texture":"#0"},"south":{"uv":[5,0,6,1],"texture":"#0"},"west":{"uv":[5,0,6,1],"texture":"#0"},"up":{"uv":[5,0,6,1],"texture":"#0"},"down":{"uv":[5,0,6,1],"texture":"#0"}}},{"from":[3.75,1,2.75],"to":[4,1.25,8.25],"rotation":{"angle":0,"axis":"y","origin":[4,9,15.25]},"faces":{"north":{"uv":[5,0,6,1],"texture":"#0"},"east":{"uv":[7.5,0,8.5,1],"texture":"#0"},"south":{"uv":[5,0,6,1],"texture":"#0"},"west":{"uv":[5,0,6,1],"texture":"#0"},"up":{"uv":[5,0,6,1],"texture":"#0"},"down":{"uv":[5,0,6,1],"texture":"#0"}}},{"from":[4,0,8],"to":[12,1,8.5],"rotation":{"angle":0,"axis":"y","origin":[12,8,15.5]},"faces":{"north":{"uv":[0,0,1,1],"texture":"#0"},"east":{"uv":[0,0,1,1],"texture":"#0"},"south":{"uv":[0,0,1,1],"texture":"#0"},"west":{"uv":[0,0,1,1],"texture":"#0"},"up":{"uv":[0,0,1,1],"texture":"#0"},"down":{"uv":[0,0,1,1],"texture":"#0"}}},{"from":[3.5,0,2.5],"to":[4,1,8.5],"rotation":{"angle":0,"axis":"y","origin":[11.5,8,12]},"faces":{"north":{"uv":[0,0,1,1],"texture":"#0"},"east":{"uv":[0,0,1,1],"texture":"#0"},"south":{"uv":[0,0,1,1],"texture":"#0"},"west":{"uv":[0,0,1,1],"texture":"#0"},"up":{"uv":[0,0,1,1],"texture":"#0"},"down":{"uv":[0,0,1,1],"texture":"#0"}}},{"from":[12,0,2.5],"to":[12.5,1,8.5],"rotation":{"angle":0,"axis":"y","origin":[20,8,12]},"faces":{"north":{"uv":[0,0,1,1],"texture":"#0"},"east":{"uv":[0,0,1,1],"texture":"#0"},"south":{"uv":[0,0,1,1],"texture":"#0"},"west":{"uv":[0,0,1,1],"texture":"#0"},"up":{"uv":[0,0,1,1],"texture":"#0"},"down":{"uv":[0,0,1,1],"texture":"#0"}}},{"from":[12.5,0,3],"to":[12.75,1,8],"rotation":{"angle":0,"axis":"y","origin":[20.5,8,12]},"faces":{"north":{"uv":[0,0,1,1],"texture":"#0"},"east":{"uv":[0,0,1,1],"texture":"#0"},"south":{"uv":[0,0,1,1],"texture":"#0"},"west":{"uv":[0,0,1,1],"texture":"#0"},"up":{"uv":[0,0,1,1],"texture":"#0"},"down":{"uv":[0,0,1,1],"texture":"#0"}}},{"from":[3.25,0,3],"to":[3.5,1,8],"rotation":{"angle":0,"axis":"y","origin":[11.25,8,12]},"faces":{"north":{"uv":[0,0,1,1],"texture":"#0"},"east":{"uv":[0,0,1,1],"texture":"#0"},"south":{"uv":[0,0,1,1],"texture":"#0"},"west":{"uv":[0,0,1,1],"texture":"#0"},"up":{"uv":[0,0,1,1],"texture":"#0"},"down":{"uv":[0,0,1,1],"texture":"#0"}}},{"from":[12.75,0,3.75],"to":[13,1,7],"rotation":{"angle":0,"axis":"y","origin":[20.75,8,12]},"faces":{"north":{"uv":[0,0,1,1],"texture":"#0"},"east":{"uv":[0,0,1,1],"texture":"#0"},"south":{"uv":[0,0,1,1],"texture":"#0"},"west":{"uv":[0,0,1,1],"texture":"#0"},"up":{"uv":[0,0,1,1],"texture":"#0"},"down":{"uv":[0,0,1,1],"texture":"#0"}}},{"from":[3,0,3.75],"to":[3.25,1,7],"rotation":{"angle":0,"axis":"y","origin":[11,8,12]},"faces":{"north":{"uv":[0,0,1,1],"texture":"#0"},"east":{"uv":[0,0,1,1],"texture":"#0"},"south":{"uv":[0,0,1,1],"texture":"#0"},"west":{"uv":[0,0,1,1],"texture":"#0"},"up":{"uv":[0,0,1,1],"texture":"#0"},"down":{"uv":[0,0,1,1],"texture":"#0"}}},{"from":[5,0,8.5],"to":[11,9,13.5],"rotation":{"angle":0,"axis":"y","origin":[12,8,16]},"faces":{"north":{"uv":[7.5,0,8.5,1],"texture":"#0"},"east":{"uv":[7.5,0,8.5,1],"texture":"#0"},"south":{"uv":[7.5,0,8.5,1],"texture":"#0"},"west":{"uv":[7.5,0,8.5,1],"texture":"#0"},"up":{"uv":[7.5,0,8.5,1],"texture":"#0"},"down":{"uv":[7.5,0,8.5,1],"texture":"#0"}}},{"from":[4.75,0,7.75],"to":[11.25,9,8.5],"rotation":{"angle":0,"axis":"y","origin":[12,8,11]},"faces":{"north":{"uv":[7.5,0,8.5,1],"texture":"#0"},"east":{"uv":[7.5,0,8.5,1],"texture":"#0"},"south":{"uv":[7.5,0,8.5,1],"texture":"#0"},"west":{"uv":[7.5,0,8.5,1],"texture":"#0"},"up":{"uv":[7.5,0,8.5,1],"texture":"#0"},"down":{"uv":[7.5,0,8.5,1],"texture":"#0"}}},{"from":[6,0,7],"to":[10,7,7.75],"rotation":{"angle":0,"axis":"y","origin":[12,8,10.25]},"faces":{"north":{"uv":[7.5,0,8.5,1],"texture":"#0"},"east":{"uv":[7.5,0,8.5,1],"texture":"#0"},"south":{"uv":[7.5,0,8.5,1],"texture":"#0"},"west":{"uv":[7.5,0,8.5,1],"texture":"#0"},"up":{"uv":[7.5,0,8.5,1],"texture":"#0"},"down":{"uv":[7.5,0,8.5,1],"texture":"#0"}}},{"from":[4.5,0,8.5],"to":[5,10,13],"rotation":{"angle":0,"axis":"y","origin":[5.5,17,16]},"faces":{"north":{"uv":[7.5,0,8.5,1],"texture":"#0"},"east":{"uv":[7.5,0,8.5,1],"texture":"#0"},"south":{"uv":[7.5,0,8.5,1],"texture":"#0"},"west":{"uv":[7.5,0,8.5,1],"texture":"#0"},"up":{"uv":[7.5,0,8.5,1],"texture":"#0"},"down":{"uv":[7.5,0,8.5,1],"texture":"#0"}}},{"from":[4,0,8.5],"to":[4.5,10,12],"rotation":{"angle":0,"axis":"y","origin":[5,17,16]},"faces":{"north":{"uv":[7.5,0,8.5,1],"texture":"#0"},"east":{"uv":[7.5,0,8.5,1],"texture":"#0"},"south":{"uv":[7.5,0,8.5,1],"texture":"#0"},"west":{"uv":[7.5,0,8.5,1],"texture":"#0"},"up":{"uv":[7.5,0,8.5,1],"texture":"#0"},"down":{"uv":[7.5,0,8.5,1],"texture":"#0"}}},{"from":[11,0,8.5],"to":[11.5,10,13],"rotation":{"angle":0,"axis":"y","origin":[12,17,16]},"faces":{"north":{"uv":[7.5,0,8.5,1],"texture":"#0"},"east":{"uv":[7.5,0,8.5,1],"texture":"#0"},"south":{"uv":[7.5,0,8.5,1],"texture":"#0"},"west":{"uv":[7.5,0,8.5,1],"texture":"#0"},"up":{"uv":[7.5,0,8.5,1],"texture":"#0"},"down":{"uv":[7.5,0,8.5,1],"texture":"#0"}}},{"from":[11.5,0,8.5],"to":[12,10,12],"rotation":{"angle":0,"axis":"y","origin":[12.5,17,16]},"faces":{"north":{"uv":[7.5,0,8.5,1],"texture":"#0"},"east":{"uv":[7.5,0,8.5,1],"texture":"#0"},"south":{"uv":[7.5,0,8.5,1],"texture":"#0"},"west":{"uv":[7.5,0,8.5,1],"texture":"#0"},"up":{"uv":[7.5,0,8.5,1],"texture":"#0"},"down":{"uv":[7.5,0,8.5,1],"texture":"#0"}}},{"from":[5.5,0,13.5],"to":[10.5,10,13.75],"rotation":{"angle":0,"axis":"y","origin":[12,17,21]},"faces":{"north":{"uv":[7.5,0,8.5,1],"texture":"#0"},"east":{"uv":[7.5,0,8.5,1],"texture":"#0"},"south":{"uv":[7.5,0,8.5,1],"texture":"#0"},"west":{"uv":[7.5,0,8.5,1],"texture":"#0"},"up":{"uv":[7.5,0,8.5,1],"texture":"#0"},"down":{"uv":[7.5,0,8.5,1],"texture":"#0"}}},{"from":[6.25,0,13.75],"to":[9.75,10,14],"rotation":{"angle":0,"axis":"y","origin":[12,17,21.25]},"faces":{"north":{"uv":[7.5,0,8.5,1],"texture":"#0"},"east":{"uv":[7.5,0,8.5,1],"texture":"#0"},"south":{"uv":[7.5,0,8.5,1],"texture":"#0"},"west":{"uv":[7.5,0,8.5,1],"texture":"#0"},"up":{"uv":[7.5,0,8.5,1],"texture":"#0"},"down":{"uv":[7.5,0,8.5,1],"texture":"#0"}}},{"from":[5,9,7.75],"to":[11,10.25,13.5],"rotation":{"angle":0,"axis":"y","origin":[12,17,16]},"faces":{"north":{"uv":[11,0,12.5,1.4375],"texture":"#0"},"east":{"uv":[11,0,12.5,1.4375],"texture":"#0"},"south":{"uv":[11,0,12.5,1.4375],"texture":"#0"},"west":{"uv":[11,0,12.5,1.4375],"texture":"#0"},"up":{"uv":[11,0,12.5,1.4375],"texture":"#0"},"down":{"uv":[11,0,12.5,1.4375],"texture":"#0"}}},{"from":[11,10,8.75],"to":[11.75,10.25,11.75],"rotation":{"angle":0,"axis":"y","origin":[18,17,17]},"faces":{"north":{"uv":[11,0,12.5,1.4375],"texture":"#0"},"east":{"uv":[11,0,12.5,1.4375],"texture":"#0"},"south":{"uv":[11,0,12.5,1.4375],"texture":"#0"},"west":{"uv":[11,0,12.5,1.4375],"texture":"#0"},"up":{"uv":[11,0,12.5,1.4375],"texture":"#0"},"down":{"uv":[11,0,12.5,1.4375],"texture":"#0"}}},{"from":[4.25,10,8.75],"to":[5,10.25,11.75],"rotation":{"angle":0,"axis":"y","origin":[11.25,17,17]},"faces":{"north":{"uv":[11,0,12.5,1.4375],"texture":"#0"},"east":{"uv":[11,0,12.5,1.4375],"texture":"#0"},"south":{"uv":[11,0,12.5,1.4375],"texture":"#0"},"west":{"uv":[11,0,12.5,1.4375],"texture":"#0"},"up":{"uv":[11,0,12.5,1.4375],"texture":"#0"},"down":{"uv":[11,0,12.5,1.4375],"texture":"#0"}}},{"from":[5.5,10.25,8.25],"to":[10.5,10.75,13],"rotation":{"angle":0,"axis":"y","origin":[12,18.25,16]},"faces":{"north":{"uv":[11,0,12.5,1.4375],"texture":"#0"},"east":{"uv":[11,0,12.5,1.4375],"texture":"#0"},"south":{"uv":[11,0,12.5,1.4375],"texture":"#0"},"west":{"uv":[11,0,12.5,1.4375],"texture":"#0"},"up":{"uv":[11,0,12.5,1.4375],"texture":"#0"},"down":{"uv":[11,0,12.5,1.4375],"texture":"#0"}}},{"from":[6.5,10.75,9.25],"to":[9.5,11.25,12],"rotation":{"angle":0,"axis":"y","origin":[12,18.75,16]},"faces":{"north":{"uv":[11,0,12.5,1.4375],"texture":"#0"},"east":{"uv":[11,0,12.5,1.4375],"texture":"#0"},"south":{"uv":[11,0,12.5,1.4375],"texture":"#0"},"west":{"uv":[11,0,12.5,1.4375],"texture":"#0"},"up":{"uv":[11,0,12.5,1.4375],"texture":"#0"},"down":{"uv":[11,0,12.5,1.4375],"texture":"#0"}}},{"from":[6.25,10.75,9.5],"to":[6.5,11.25,11.75],"rotation":{"angle":0,"axis":"y","origin":[9,18.75,16]},"faces":{"north":{"uv":[11,0,12.5,1.4375],"texture":"#0"},"east":{"uv":[11,0,12.5,1.4375],"texture":"#0"},"south":{"uv":[11,0,12.5,1.4375],"texture":"#0"},"west":{"uv":[11,0,12.5,1.4375],"texture":"#0"},"up":{"uv":[11,0,12.5,1.4375],"texture":"#0"},"down":{"uv":[11,0,12.5,1.4375],"texture":"#0"}}},{"from":[6,10.75,9.75],"to":[6.25,11.25,11.5],"rotation":{"angle":0,"axis":"y","origin":[8.75,18.75,16]},"faces":{"north":{"uv":[11,0,12.5,1.4375],"texture":"#0"},"east":{"uv":[11,0,12.5,1.4375],"texture":"#0"},"south":{"uv":[11,0,12.5,1.4375],"texture":"#0"},"west":{"uv":[11,0,12.5,1.4375],"texture":"#0"},"up":{"uv":[11,0,12.5,1.4375],"texture":"#0"},"down":{"uv":[11,0,12.5,1.4375],"texture":"#0"}}},{"from":[9.75,10.75,9.75],"to":[10,11.25,11.5],"rotation":{"angle":0,"axis":"y","origin":[12.5,18.75,16]},"faces":{"north":{"uv":[11,0,12.5,1.4375],"texture":"#0"},"east":{"uv":[11,0,12.5,1.4375],"texture":"#0"},"south":{"uv":[11,0,12.5,1.4375],"texture":"#0"},"west":{"uv":[11,0,12.5,1.4375],"texture":"#0"},"up":{"uv":[11,0,12.5,1.4375],"texture":"#0"},"down":{"uv":[11,0,12.5,1.4375],"texture":"#0"}}},{"from":[9.5,10.75,9.5],"to":[9.75,11.25,11.75],"rotation":{"angle":0,"axis":"y","origin":[12.25,18.75,16]},"faces":{"north":{"uv":[11,0,12.5,1.4375],"texture":"#0"},"east":{"uv":[11,0,12.5,1.4375],"texture":"#0"},"south":{"uv":[11,0,12.5,1.4375],"texture":"#0"},"west":{"uv":[11,0,12.5,1.4375],"texture":"#0"},"up":{"uv":[11,0,12.5,1.4375],"texture":"#0"},"down":{"uv":[11,0,12.5,1.4375],"texture":"#0"}}},{"from":[6.75,10.75,9],"to":[9.25,11.25,9.25],"rotation":{"angle":0,"axis":"y","origin":[11.75,18.75,13.5]},"faces":{"north":{"uv":[11,0,12.5,1.4375],"texture":"#0"},"east":{"uv":[11,0,12.5,1.4375],"texture":"#0"},"south":{"uv":[11,0,12.5,1.4375],"texture":"#0"},"west":{"uv":[11,0,12.5,1.4375],"texture":"#0"},"up":{"uv":[11,0,12.5,1.4375],"texture":"#0"},"down":{"uv":[11,0,12.5,1.4375],"texture":"#0"}}},{"from":[7,10.75,8.75],"to":[9,11.25,9],"rotation":{"angle":0,"axis":"y","origin":[11.75,18.75,13.25]},"faces":{"north":{"uv":[11,0,12.5,1.4375],"texture":"#0"},"east":{"uv":[11,0,12.5,1.4375],"texture":"#0"},"south":{"uv":[11,0,12.5,1.4375],"texture":"#0"},"west":{"uv":[11,0,12.5,1.4375],"texture":"#0"},"up":{"uv":[11,0,12.5,1.4375],"texture":"#0"},"down":{"uv":[11,0,12.5,1.4375],"texture":"#0"}}},{"from":[7,10.75,12.25],"to":[9,11.25,12.5],"rotation":{"angle":0,"axis":"y","origin":[11.75,18.75,16.75]},"faces":{"north":{"uv":[11,0,12.5,1.4375],"texture":"#0"},"east":{"uv":[11,0,12.5,1.4375],"texture":"#0"},"south":{"uv":[11,0,12.5,1.4375],"texture":"#0"},"west":{"uv":[11,0,12.5,1.4375],"texture":"#0"},"up":{"uv":[11,0,12.5,1.4375],"texture":"#0"},"down":{"uv":[11,0,12.5,1.4375],"texture":"#0"}}},{"from":[6.75,10.75,12],"to":[9.25,11.25,12.25],"rotation":{"angle":0,"axis":"y","origin":[11.75,18.75,16.5]},"faces":{"north":{"uv":[11,0,12.5,1.4375],"texture":"#0"},"east":{"uv":[11,0,12.5,1.4375],"texture":"#0"},"south":{"uv":[11,0,12.5,1.4375],"texture":"#0"},"west":{"uv":[11,0,12.5,1.4375],"texture":"#0"},"up":{"uv":[11,0,12.5,1.4375],"texture":"#0"},"down":{"uv":[11,0,12.5,1.4375],"texture":"#0"}}},{"from":[5.25,10.25,8.5],"to":[5.5,10.5,12.75],"rotation":{"angle":0,"axis":"y","origin":[7,18.25,16]},"faces":{"north":{"uv":[11,0,12.5,1.4375],"texture":"#0"},"east":{"uv":[11,0,12.5,1.4375],"texture":"#0"},"south":{"uv":[11,0,12.5,1.4375],"texture":"#0"},"west":{"uv":[11,0,12.5,1.4375],"texture":"#0"},"up":{"uv":[11,0,12.5,1.4375],"texture":"#0"},"down":{"uv":[11,0,12.5,1.4375],"texture":"#0"}}},{"from":[10.5,10.25,8.75],"to":[11,10.5,12.5],"rotation":{"angle":0,"axis":"y","origin":[12.25,18.25,16]},"faces":{"north":{"uv":[11,0,12.5,1.4375],"texture":"#0"},"east":{"uv":[11,0,12.5,1.4375],"texture":"#0"},"south":{"uv":[11,0,12.5,1.4375],"texture":"#0"},"west":{"uv":[11,0,12.5,1.4375],"texture":"#0"},"up":{"uv":[11,0,12.5,1.4375],"texture":"#0"},"down":{"uv":[11,0,12.5,1.4375],"texture":"#0"}}},{"from":[5,7,7],"to":[11,8.75,7.75],"rotation":{"angle":0,"axis":"y","origin":[12,15,10.25]},"faces":{"north":{"uv":[5,1.5,6,2.5],"texture":"#0"},"east":{"uv":[5,1.5,6,2.5],"texture":"#0"},"south":{"uv":[5,1.5,6,2.5],"texture":"#0"},"west":{"uv":[5,1.5,6,2.5],"texture":"#0"},"up":{"uv":[5,1.5,6,2.5],"texture":"#0"},"down":{"uv":[5,1.5,6,2.5],"texture":"#0"}}},{"from":[5.75,9.5,7],"to":[10.25,9.75,7.75],"rotation":{"angle":0,"axis":"y","origin":[12,16.75,10.25]},"faces":{"north":{"uv":[7.5,0,8.5,1],"texture":"#0"},"east":{"uv":[7.5,0,8.5,1],"texture":"#0"},"south":{"uv":[7.5,0,8.5,1],"texture":"#0"},"west":{"uv":[7.5,0,8.5,1],"texture":"#0"},"up":{"uv":[7.5,0,8.5,1],"texture":"#0"},"down":{"uv":[7.5,0,8.5,1],"texture":"#0"}}},{"from":[5.5,8.75,7],"to":[6,9.5,7.75],"rotation":{"angle":0,"axis":"y","origin":[8,16.75,10.25]},"faces":{"north":{"uv":[7.5,0,8.5,1],"texture":"#0"},"east":{"uv":[7.5,0,8.5,1],"texture":"#0"},"south":{"uv":[7.5,0,8.5,1],"texture":"#0"},"west":{"uv":[7.5,0,8.5,1],"texture":"#0"},"up":{"uv":[7.5,0,8.5,1],"texture":"#0"},"down":{"uv":[7.5,0,8.5,1],"texture":"#0"}}},{"from":[10,8.75,7],"to":[10.5,9.5,7.75],"rotation":{"angle":0,"axis":"y","origin":[12.25,16.75,10.25]},"faces":{"north":{"uv":[7.5,0,8.5,1],"texture":"#0"},"east":{"uv":[7.5,0,8.5,1],"texture":"#0"},"south":{"uv":[7.5,0,8.5,1],"texture":"#0"},"west":{"uv":[7.5,0,8.5,1],"texture":"#0"},"up":{"uv":[7.5,0,8.5,1],"texture":"#0"},"down":{"uv":[7.5,0,8.5,1],"texture":"#0"}}},{"from":[6,9.75,7.5],"to":[10,10.25,7.75],"rotation":{"angle":0,"axis":"y","origin":[12,17.75,10.25]},"faces":{"north":{"uv":[11,0,12.5,1.4375],"texture":"#0"},"east":{"uv":[11,0,12.5,1.4375],"texture":"#0"},"south":{"uv":[11,0,12.5,1.4375],"texture":"#0"},"west":{"uv":[11,0,12.5,1.4375],"texture":"#0"},"up":{"uv":[11,0,12.5,1.4375],"texture":"#0"},"down":{"uv":[11,0,12.5,1.4375],"texture":"#0"}}},{"from":[5.75,10.25,8],"to":[10.25,10.5,8.25],"rotation":{"angle":0,"axis":"y","origin":[12,18.25,10.75]},"faces":{"north":{"uv":[11,0,12.5,1.4375],"texture":"#0"},"east":{"uv":[11,0,12.5,1.4375],"texture":"#0"},"south":{"uv":[11,0,12.5,1.4375],"texture":"#0"},"west":{"uv":[11,0,12.5,1.4375],"texture":"#0"},"up":{"uv":[11,0,12.5,1.4375],"texture":"#0"},"down":{"uv":[11,0,12.5,1.4375],"texture":"#0"}}},{"from":[5.75,10.25,13],"to":[10.25,10.5,13.25],"rotation":{"angle":0,"axis":"y","origin":[12,18.25,15.75]},"faces":{"north":{"uv":[11,0,12.5,1.4375],"texture":"#0"},"east":{"uv":[11,0,12.5,1.4375],"texture":"#0"},"south":{"uv":[11,0,12.5,1.4375],"texture":"#0"},"west":{"uv":[11,0,12.5,1.4375],"texture":"#0"},"up":{"uv":[11,0,12.5,1.4375],"texture":"#0"},"down":{"uv":[11,0,12.5,1.4375],"texture":"#0"}}},{"from":[6,8.75,6.5],"to":[10,9,6.75],"rotation":{"angle":0,"axis":"y","origin":[12,16.75,9.25]},"faces":{"north":{"uv":[7.5,0,8.5,1],"texture":"#0"},"east":{"uv":[7.5,0,8.5,1],"texture":"#0"},"south":{"uv":[7.5,0,8.5,1],"texture":"#0"},"west":{"uv":[7.5,0,8.5,1],"texture":"#0"},"up":{"uv":[7.5,0,8.5,1],"texture":"#0"},"down":{"uv":[7.5,0,8.5,1],"texture":"#0"}}},{"from":[5.75,8.75,6.75],"to":[10.25,9.5,7],"rotation":{"angle":0,"axis":"y","origin":[12,16.75,9.5]},"faces":{"north":{"uv":[7.5,0,8.5,1],"texture":"#0"},"east":{"uv":[7.5,0,8.5,1],"texture":"#0"},"south":{"uv":[7.5,0,8.5,1],"texture":"#0"},"west":{"uv":[7.5,0,8.5,1],"texture":"#0"},"up":{"uv":[7.5,0,8.5,1],"texture":"#0"},"down":{"uv":[7.5,0,8.5,1],"texture":"#0"}}},{"from":[5.5,6.75,6.25],"to":[10.5,8.75,7],"rotation":{"angle":0,"axis":"y","origin":[12,15,9.5]},"faces":{"north":{"uv":[5,1.5,6,2.5],"texture":"#0"},"east":{"uv":[5,1.5,6,2.5],"texture":"#0"},"south":{"uv":[5,1.5,6,2.5],"texture":"#0"},"west":{"uv":[5,1.5,6,2.5],"texture":"#0"},"up":{"uv":[5,1.5,6,2.5],"texture":"#0"},"down":{"uv":[5,1.5,6,2.5],"texture":"#0"}}},{"from":[6,6.5,5.5],"to":[10,8.5,6.25],"rotation":{"angle":0,"axis":"y","origin":[12,15,8.75]},"faces":{"north":{"uv":[5,1.5,6,2.5],"texture":"#0"},"east":{"uv":[5,1.5,6,2.5],"texture":"#0"},"south":{"uv":[5,1.5,6,2.5],"texture":"#0"},"west":{"uv":[5,1.5,6,2.5],"texture":"#0"},"up":{"uv":[5,1.5,6,2.5],"texture":"#0"},"down":{"uv":[5,1.5,6,2.5],"texture":"#0"}}},{"from":[6.25,6,4.5],"to":[9.75,8.25,5.5],"rotation":{"angle":0,"axis":"y","origin":[12,15,8]},"faces":{"north":{"uv":[5,1.5,6,2.5],"texture":"#0"},"east":{"uv":[5,1.5,6,2.5],"texture":"#0"},"south":{"uv":[5,1.5,6,2.5],"texture":"#0"},"west":{"uv":[5,1.5,6,2.5],"texture":"#0"},"up":{"uv":[5,1.5,6,2.5],"texture":"#0"},"down":{"uv":[5,1.5,6,2.5],"texture":"#0"}}},{"from":[9.75,7.25,4.5],"to":[10,8.25,5.5],"rotation":{"angle":0,"axis":"y","origin":[15.5,15,8]},"faces":{"north":{"uv":[5,0,6,1],"texture":"#0"},"east":{"uv":[5,0,6,1],"texture":"#0"},"south":{"uv":[5,0,6,1],"texture":"#0"},"west":{"uv":[5,0,6,1],"texture":"#0"},"up":{"uv":[5,0,6,1],"texture":"#0"},"down":{"uv":[5,0,6,1],"texture":"#0"}}},{"from":[6,7.25,4.5],"to":[6.25,8.25,5.5],"rotation":{"angle":0,"axis":"y","origin":[11.75,15,8]},"faces":{"north":{"uv":[5,0,6,1],"texture":"#0"},"east":{"uv":[5,0,6,1],"texture":"#0"},"south":{"uv":[5,0,6,1],"texture":"#0"},"west":{"uv":[5,0,6,1],"texture":"#0"},"up":{"uv":[5,0,6,1],"texture":"#0"},"down":{"uv":[5,0,6,1],"texture":"#0"}}},{"from":[6.25,5.5,4.25],"to":[9.75,8,4.5],"rotation":{"angle":0,"axis":"y","origin":[12,15,7]},"faces":{"north":{"uv":[5,1.5,6,2.5],"texture":"#0"},"east":{"uv":[5,1.5,6,2.5],"texture":"#0"},"south":{"uv":[5,1.5,6,2.5],"texture":"#0"},"west":{"uv":[5,1.5,6,2.5],"texture":"#0"},"up":{"uv":[5,1.5,6,2.5],"texture":"#0"},"down":{"uv":[5,1.5,6,2.5],"texture":"#0"}}},{"from":[6.25,6,4],"to":[9.75,7.75,4.25],"rotation":{"angle":0,"axis":"y","origin":[12,15,6.75]},"faces":{"north":{"uv":[11,0,12.5,1.4375],"texture":"#0"},"east":{"uv":[11,0,12.5,1.4375],"texture":"#0"},"south":{"uv":[11,0,12.5,1.4375],"texture":"#0"},"west":{"uv":[11,0,12.5,1.4375],"texture":"#0"},"up":{"uv":[11,0,12.5,1.4375],"texture":"#0"},"down":{"uv":[11,0,12.5,1.4375],"texture":"#0"}}},{"from":[8.25,4.75,4.75],"to":[9.25,6,5.25],"rotation":{"angle":0,"axis":"y","origin":[11.5,12.75,8]},"faces":{"north":{"uv":[11,0,12.5,1.4375],"texture":"#0"},"east":{"uv":[11,0,12.5,1.4375],"texture":"#0"},"south":{"uv":[11,0,12.5,1.4375],"texture":"#0"},"west":{"uv":[11,0,12.5,1.4375],"texture":"#0"},"up":{"uv":[11,0,12.5,1.4375],"texture":"#0"},"down":{"uv":[11,0,12.5,1.4375],"texture":"#0"}}},{"from":[6.75,4.75,4.75],"to":[7.75,6,5.25],"rotation":{"angle":0,"axis":"y","origin":[10,12.75,8]},"faces":{"north":{"uv":[11,0,12.5,1.4375],"texture":"#0"},"east":{"uv":[11,0,12.5,1.4375],"texture":"#0"},"south":{"uv":[11,0,12.5,1.4375],"texture":"#0"},"west":{"uv":[11,0,12.5,1.4375],"texture":"#0"},"up":{"uv":[11,0,12.5,1.4375],"texture":"#0"},"down":{"uv":[11,0,12.5,1.4375],"texture":"#0"}}},{"from":[8.75,0.25,1.75],"to":[9.25,0.75,2],"rotation":{"angle":0,"axis":"y","origin":[16,7.75,9]},"faces":{"north":{"uv":[1.25,0,2.25,1],"texture":"#0"},"east":{"uv":[1.25,0,2.25,1],"texture":"#0"},"south":{"uv":[1.25,0,2.25,1],"texture":"#0"},"west":{"uv":[1.25,0,2.25,1],"texture":"#0"},"up":{"uv":[1.25,0,2.25,1],"texture":"#0"},"down":{"uv":[1.25,0,2.25,1],"texture":"#0"}}},{"from":[7.75,0.25,1.75],"to":[8.25,0.75,2],"rotation":{"angle":0,"axis":"y","origin":[15,7.75,9]},"faces":{"north":{"uv":[2.5,0,3.5,1],"texture":"#0"},"east":{"uv":[2.5,0,3.5,1],"texture":"#0"},"south":{"uv":[2.5,0,3.5,1],"texture":"#0"},"west":{"uv":[2.5,0,3.5,1],"texture":"#0"},"up":{"uv":[2.5,0,3.5,1],"texture":"#0"},"down":{"uv":[2.5,0,3.5,1],"texture":"#0"}}},{"from":[6.75,0.25,1.75],"to":[7.25,0.75,2],"rotation":{"angle":0,"axis":"y","origin":[14,7.75,9]},"faces":{"north":{"uv":[1.25,0,2.25,1],"texture":"#0"},"east":{"uv":[1.25,0,2.25,1],"texture":"#0"},"south":{"uv":[1.25,0,2.25,1],"texture":"#0"},"west":{"uv":[1.25,0,2.25,1],"texture":"#0"},"up":{"uv":[1.25,0,2.25,1],"texture":"#0"},"down":{"uv":[1.25,0,2.25,1],"texture":"#0"}}},{"from":[8.75,1,4],"to":[9.5,3.5,4.25],"rotation":{"angle":-22.5,"axis":"y","origin":[9.125,2.25,4.31667]},"faces":{"north":{"uv":[2.75,2,3.75,3],"texture":"#0"},"east":{"uv":[2.75,2,3.75,3],"texture":"#0"},"south":{"uv":[2.75,2,3.75,3],"texture":"#0"},"west":{"uv":[2.75,2,3.75,3],"texture":"#0"},"up":{"uv":[2.75,2,3.75,3],"texture":"#0"},"down":{"uv":[2.75,2,3.75,3],"texture":"#0"}}},{"from":[9,1.75,3.75],"to":[9.25,3,4],"rotation":{"angle":-22.5,"axis":"y","origin":[9.125,2.25,4.31667]},"faces":{"north":{"uv":[2.75,2,3.75,3],"texture":"#0"},"east":{"uv":[2.75,2,3.75,3],"texture":"#0"},"south":{"uv":[2.75,2,3.75,3],"texture":"#0"},"west":{"uv":[2.75,2,3.75,3],"texture":"#0"},"up":{"uv":[2.75,2,3.75,3],"texture":"#0"},"down":{"uv":[2.75,2,3.75,3],"texture":"#0"}}},{"from":[9,1.25,3.75],"to":[9.25,1.75,4],"rotation":{"angle":-22.5,"axis":"y","origin":[9.125,2.25,4.31667]},"faces":{"north":{"uv":[2.75,2,3.75,3],"texture":"#0"},"east":{"uv":[2.75,2,3.75,3],"texture":"#0"},"south":{"uv":[2.75,2,3.75,3],"texture":"#0"},"west":{"uv":[2.75,2,3.75,3],"texture":"#0"},"up":{"uv":[2.75,2,3.75,3],"texture":"#0"},"down":{"uv":[2.75,2,3.75,3],"texture":"#0"}}},{"from":[9,1.5,3.5],"to":[9.25,1.75,3.75],"rotation":{"angle":-22.5,"axis":"y","origin":[9.125,2.25,4.31667]},"faces":{"north":{"uv":[2.75,2,3.75,3],"texture":"#0"},"east":{"uv":[2.75,2,3.75,3],"texture":"#0"},"south":{"uv":[2.75,2,3.75,3],"texture":"#0"},"west":{"uv":[2.75,2,3.75,3],"texture":"#0"},"up":{"uv":[2.75,2,3.75,3],"texture":"#0"},"down":{"uv":[2.75,2,3.75,3],"texture":"#0"}}},{"from":[9,2.75,3.5],"to":[9.25,3,3.75],"rotation":{"angle":-22.5,"axis":"y","origin":[9.125,2.25,4.31667]},"faces":{"north":{"uv":[2.75,2,3.75,3],"texture":"#0"},"east":{"uv":[2.75,2,3.75,3],"texture":"#0"},"south":{"uv":[2.75,2,3.75,3],"texture":"#0"},"west":{"uv":[2.75,2,3.75,3],"texture":"#0"},"up":{"uv":[2.75,2,3.75,3],"texture":"#0"},"down":{"uv":[2.75,2,3.75,3],"texture":"#0"}}},{"from":[9,3,3.5],"to":[9.25,3.25,4],"rotation":{"angle":-22.5,"axis":"y","origin":[9.125,2.25,4.31667]},"faces":{"north":{"uv":[2.75,2,3.75,3],"texture":"#0"},"east":{"uv":[2.75,2,3.75,3],"texture":"#0"},"south":{"uv":[2.75,2,3.75,3],"texture":"#0"},"west":{"uv":[2.75,2,3.75,3],"texture":"#0"},"up":{"uv":[2.75,2,3.75,3],"texture":"#0"},"down":{"uv":[2.75,2,3.75,3],"texture":"#0"}}},{"from":[9,1.75,3.25],"to":[9.25,3,3.5],"rotation":{"angle":-22.5,"axis":"y","origin":[9.125,2.25,4.31667]},"faces":{"north":{"uv":[2.75,2,3.75,3],"texture":"#0"},"east":{"uv":[2.75,2,3.75,3],"texture":"#0"},"south":{"uv":[2.75,2,3.75,3],"texture":"#0"},"west":{"uv":[2.75,2,3.75,3],"texture":"#0"},"up":{"uv":[2.75,2,3.75,3],"texture":"#0"},"down":{"uv":[2.75,2,3.75,3],"texture":"#0"}}},{"from":[9,1.75,3.5],"to":[9.25,2,3.75],"rotation":{"angle":-22.5,"axis":"y","origin":[9.125,2.25,4.31667]},"faces":{"north":{"uv":[2.75,2,3.75,3],"texture":"#0"},"east":{"uv":[2.75,2,3.75,3],"texture":"#0"},"south":{"uv":[2.75,2,3.75,3],"texture":"#0"},"west":{"uv":[2.75,2,3.75,3],"texture":"#0"},"up":{"uv":[2.75,2,3.75,3],"texture":"#0"},"down":{"uv":[2.75,2,3.75,3],"texture":"#0"}}},{"from":[8.5,1,4.25],"to":[8.75,3.5,4.5],"rotation":{"angle":-22.5,"axis":"y","origin":[9.125,2.25,4.31667]},"faces":{"north":{"uv":[2.75,2,3.75,3],"texture":"#0"},"east":{"uv":[2.75,2,3.75,3],"texture":"#0"},"south":{"uv":[2.75,2,3.75,3],"texture":"#0"},"west":{"uv":[2.75,2,3.75,3],"texture":"#0"},"up":{"uv":[2.75,2,3.75,3],"texture":"#0"},"down":{"uv":[2.75,2,3.75,3],"texture":"#0"}}},{"from":[9.5,1,4.25],"to":[9.75,3.5,4.5],"rotation":{"angle":-22.5,"axis":"y","origin":[9.125,2.25,4.31667]},"faces":{"north":{"uv":[2.75,2,3.75,3],"texture":"#0"},"east":{"uv":[2.75,2,3.75,3],"texture":"#0"},"south":{"uv":[2.75,2,3.75,3],"texture":"#0"},"west":{"uv":[2.75,2,3.75,3],"texture":"#0"},"up":{"uv":[2.75,2,3.75,3],"texture":"#0"},"down":{"uv":[2.75,2,3.75,3],"texture":"#0"}}},{"from":[8.25,1,4.5],"to":[8.5,3.5,5.25],"rotation":{"angle":-22.5,"axis":"y","origin":[9.125,2.25,4.31667]},"faces":{"north":{"uv":[2.75,2,3.75,3],"texture":"#0"},"east":{"uv":[2.75,2,3.75,3],"texture":"#0"},"south":{"uv":[2.75,2,3.75,3],"texture":"#0"},"west":{"uv":[2.75,2,3.75,3],"texture":"#0"},"up":{"uv":[2.75,2,3.75,3],"texture":"#0"},"down":{"uv":[2.75,2,3.75,3],"texture":"#0"}}},{"from":[8.5,1,4.25],"to":[9.75,1.25,5.5],"rotation":{"angle":-22.5,"axis":"y","origin":[9.125,2.25,4.31667]},"faces":{"north":{"uv":[2.75,2,3.75,3],"texture":"#0"},"east":{"uv":[2.75,2,3.75,3],"texture":"#0"},"south":{"uv":[2.75,2,3.75,3],"texture":"#0"},"west":{"uv":[2.75,2,3.75,3],"texture":"#0"},"up":{"uv":[2.75,2,3.75,3],"texture":"#0"},"down":{"uv":[2.75,2,3.75,3],"texture":"#0"}}},{"from":[9.75,1,4.5],"to":[10,3.5,5.25],"rotation":{"angle":-22.5,"axis":"y","origin":[9.125,2.25,4.31667]},"faces":{"north":{"uv":[2.75,2,3.75,3],"texture":"#0"},"east":{"uv":[2.75,2,3.75,3],"texture":"#0"},"south":{"uv":[2.75,2,3.75,3],"texture":"#0"},"west":{"uv":[2.75,2,3.75,3],"texture":"#0"},"up":{"uv":[2.75,2,3.75,3],"texture":"#0"},"down":{"uv":[2.75,2,3.75,3],"texture":"#0"}}},{"from":[8.5,1,5.25],"to":[8.75,3.5,5.5],"rotation":{"angle":-22.5,"axis":"y","origin":[9.125,2.25,4.31667]},"faces":{"north":{"uv":[2.75,2,3.75,3],"texture":"#0"},"east":{"uv":[2.75,2,3.75,3],"texture":"#0"},"south":{"uv":[2.75,2,3.75,3],"texture":"#0"},"west":{"uv":[2.75,2,3.75,3],"texture":"#0"},"up":{"uv":[2.75,2,3.75,3],"texture":"#0"},"down":{"uv":[2.75,2,3.75,3],"texture":"#0"}}},{"from":[9.5,1,5.25],"to":[9.75,3.5,5.5],"rotation":{"angle":-22.5,"axis":"y","origin":[9.125,2.25,4.31667]},"faces":{"north":{"uv":[2.75,2,3.75,3],"texture":"#0"},"east":{"uv":[2.75,2,3.75,3],"texture":"#0"},"south":{"uv":[2.75,2,3.75,3],"texture":"#0"},"west":{"uv":[2.75,2,3.75,3],"texture":"#0"},"up":{"uv":[2.75,2,3.75,3],"texture":"#0"},"down":{"uv":[2.75,2,3.75,3],"texture":"#0"}}},{"from":[8.75,1,5.5],"to":[9.5,3.5,5.75],"rotation":{"angle":-22.5,"axis":"y","origin":[9.125,2.25,4.31667]},"faces":{"north":{"uv":[2.75,2,3.75,3],"texture":"#0"},"east":{"uv":[2.75,2,3.75,3],"texture":"#0"},"south":{"uv":[2.75,2,3.75,3],"texture":"#0"},"west":{"uv":[2.75,2,3.75,3],"texture":"#0"},"up":{"uv":[2.75,2,3.75,3],"texture":"#0"},"down":{"uv":[2.75,2,3.75,3],"texture":"#0"}}},{"from":[2,0,11.25],"to":[2.75,2.5,11.5],"rotation":{"angle":45,"axis":"y","origin":[2.375,1.25,11.56667]},"faces":{"north":{"uv":[2.75,2,3.75,3],"texture":"#0"},"east":{"uv":[2.75,2,3.75,3],"texture":"#0"},"south":{"uv":[2.75,2,3.75,3],"texture":"#0"},"west":{"uv":[2.75,2,3.75,3],"texture":"#0"},"up":{"uv":[2.75,2,3.75,3],"texture":"#0"},"down":{"uv":[2.75,2,3.75,3],"texture":"#0"}}},{"from":[1.75,0,11.5],"to":[3,0.25,12.75],"rotation":{"angle":45,"axis":"y","origin":[2.375,1.25,11.56667]},"faces":{"north":{"uv":[2.75,2,3.75,3],"texture":"#0"},"east":{"uv":[2.75,2,3.75,3],"texture":"#0"},"south":{"uv":[2.75,2,3.75,3],"texture":"#0"},"west":{"uv":[2.75,2,3.75,3],"texture":"#0"},"up":{"uv":[2.75,2,3.75,3],"texture":"#0"},"down":{"uv":[2.75,2,3.75,3],"texture":"#0"}}},{"from":[2.25,0.75,11],"to":[2.5,2,11.25],"rotation":{"angle":45,"axis":"y","origin":[2.375,1.25,11.56667]},"faces":{"north":{"uv":[2.75,2,3.75,3],"texture":"#0"},"east":{"uv":[2.75,2,3.75,3],"texture":"#0"},"south":{"uv":[2.75,2,3.75,3],"texture":"#0"},"west":{"uv":[2.75,2,3.75,3],"texture":"#0"},"up":{"uv":[2.75,2,3.75,3],"texture":"#0"},"down":{"uv":[2.75,2,3.75,3],"texture":"#0"}}},{"from":[2.25,0.25,11],"to":[2.5,0.75,11.25],"rotation":{"angle":45,"axis":"y","origin":[2.375,1.25,11.56667]},"faces":{"north":{"uv":[2.75,2,3.75,3],"texture":"#0"},"east":{"uv":[2.75,2,3.75,3],"texture":"#0"},"south":{"uv":[2.75,2,3.75,3],"texture":"#0"},"west":{"uv":[2.75,2,3.75,3],"texture":"#0"},"up":{"uv":[2.75,2,3.75,3],"texture":"#0"},"down":{"uv":[2.75,2,3.75,3],"texture":"#0"}}},{"from":[2.25,0.5,10.75],"to":[2.5,0.75,11],"rotation":{"angle":45,"axis":"y","origin":[2.375,1.25,11.56667]},"faces":{"north":{"uv":[2.75,2,3.75,3],"texture":"#0"},"east":{"uv":[2.75,2,3.75,3],"texture":"#0"},"south":{"uv":[2.75,2,3.75,3],"texture":"#0"},"west":{"uv":[2.75,2,3.75,3],"texture":"#0"},"up":{"uv":[2.75,2,3.75,3],"texture":"#0"},"down":{"uv":[2.75,2,3.75,3],"texture":"#0"}}},{"from":[2.25,1.75,10.75],"to":[2.5,2,11],"rotation":{"angle":45,"axis":"y","origin":[2.375,1.25,11.56667]},"faces":{"north":{"uv":[2.75,2,3.75,3],"texture":"#0"},"east":{"uv":[2.75,2,3.75,3],"texture":"#0"},"south":{"uv":[2.75,2,3.75,3],"texture":"#0"},"west":{"uv":[2.75,2,3.75,3],"texture":"#0"},"up":{"uv":[2.75,2,3.75,3],"texture":"#0"},"down":{"uv":[2.75,2,3.75,3],"texture":"#0"}}},{"from":[2.25,2,10.75],"to":[2.5,2.25,11.25],"rotation":{"angle":45,"axis":"y","origin":[2.375,1.25,11.56667]},"faces":{"north":{"uv":[2.75,2,3.75,3],"texture":"#0"},"east":{"uv":[2.75,2,3.75,3],"texture":"#0"},"south":{"uv":[2.75,2,3.75,3],"texture":"#0"},"west":{"uv":[2.75,2,3.75,3],"texture":"#0"},"up":{"uv":[2.75,2,3.75,3],"texture":"#0"},"down":{"uv":[2.75,2,3.75,3],"texture":"#0"}}},{"from":[2.25,0.75,10.5],"to":[2.5,2,10.75],"rotation":{"angle":45,"axis":"y","origin":[2.375,1.25,11.56667]},"faces":{"north":{"uv":[2.75,2,3.75,3],"texture":"#0"},"east":{"uv":[2.75,2,3.75,3],"texture":"#0"},"south":{"uv":[2.75,2,3.75,3],"texture":"#0"},"west":{"uv":[2.75,2,3.75,3],"texture":"#0"},"up":{"uv":[2.75,2,3.75,3],"texture":"#0"},"down":{"uv":[2.75,2,3.75,3],"texture":"#0"}}},{"from":[2.25,0.75,10.75],"to":[2.5,1,11],"rotation":{"angle":45,"axis":"y","origin":[2.375,1.25,11.56667]},"faces":{"north":{"uv":[2.75,2,3.75,3],"texture":"#0"},"east":{"uv":[2.75,2,3.75,3],"texture":"#0"},"south":{"uv":[2.75,2,3.75,3],"texture":"#0"},"west":{"uv":[2.75,2,3.75,3],"texture":"#0"},"up":{"uv":[2.75,2,3.75,3],"texture":"#0"},"down":{"uv":[2.75,2,3.75,3],"texture":"#0"}}},{"from":[1.75,0,11.5],"to":[2,2.5,11.75],"rotation":{"angle":45,"axis":"y","origin":[2.375,1.25,11.56667]},"faces":{"north":{"uv":[2.75,2,3.75,3],"texture":"#0"},"east":{"uv":[2.75,2,3.75,3],"texture":"#0"},"south":{"uv":[2.75,2,3.75,3],"texture":"#0"},"west":{"uv":[2.75,2,3.75,3],"texture":"#0"},"up":{"uv":[2.75,2,3.75,3],"texture":"#0"},"down":{"uv":[2.75,2,3.75,3],"texture":"#0"}}},{"from":[2.75,0,11.5],"to":[3,2.5,11.75],"rotation":{"angle":45,"axis":"y","origin":[2.375,1.25,11.56667]},"faces":{"north":{"uv":[2.75,2,3.75,3],"texture":"#0"},"east":{"uv":[2.75,2,3.75,3],"texture":"#0"},"south":{"uv":[2.75,2,3.75,3],"texture":"#0"},"west":{"uv":[2.75,2,3.75,3],"texture":"#0"},"up":{"uv":[2.75,2,3.75,3],"texture":"#0"},"down":{"uv":[2.75,2,3.75,3],"texture":"#0"}}},{"from":[1.5,0,11.75],"to":[1.75,2.5,12.5],"rotation":{"angle":45,"axis":"y","origin":[2.375,1.25,11.56667]},"faces":{"north":{"uv":[2.75,2,3.75,3],"texture":"#0"},"east":{"uv":[2.75,2,3.75,3],"texture":"#0"},"south":{"uv":[2.75,2,3.75,3],"texture":"#0"},"west":{"uv":[2.75,2,3.75,3],"texture":"#0"},"up":{"uv":[2.75,2,3.75,3],"texture":"#0"},"down":{"uv":[2.75,2,3.75,3],"texture":"#0"}}},{"from":[3,0,11.75],"to":[3.25,2.5,12.5],"rotation":{"angle":45,"axis":"y","origin":[2.375,1.25,11.56667]},"faces":{"north":{"uv":[2.75,2,3.75,3],"texture":"#0"},"east":{"uv":[2.75,2,3.75,3],"texture":"#0"},"south":{"uv":[2.75,2,3.75,3],"texture":"#0"},"west":{"uv":[2.75,2,3.75,3],"texture":"#0"},"up":{"uv":[2.75,2,3.75,3],"texture":"#0"},"down":{"uv":[2.75,2,3.75,3],"texture":"#0"}}},{"from":[1.75,0,12.5],"to":[2,2.5,12.75],"rotation":{"angle":45,"axis":"y","origin":[2.375,1.25,11.56667]},"faces":{"north":{"uv":[2.75,2,3.75,3],"texture":"#0"},"east":{"uv":[2.75,2,3.75,3],"texture":"#0"},"south":{"uv":[2.75,2,3.75,3],"texture":"#0"},"west":{"uv":[2.75,2,3.75,3],"texture":"#0"},"up":{"uv":[2.75,2,3.75,3],"texture":"#0"},"down":{"uv":[2.75,2,3.75,3],"texture":"#0"}}},{"from":[2.75,0,12.5],"to":[3,2.5,12.75],"rotation":{"angle":45,"axis":"y","origin":[2.375,1.25,11.56667]},"faces":{"north":{"uv":[2.75,2,3.75,3],"texture":"#0"},"east":{"uv":[2.75,2,3.75,3],"texture":"#0"},"south":{"uv":[2.75,2,3.75,3],"texture":"#0"},"west":{"uv":[2.75,2,3.75,3],"texture":"#0"},"up":{"uv":[2.75,2,3.75,3],"texture":"#0"},"down":{"uv":[2.75,2,3.75,3],"texture":"#0"}}},{"from":[2,0,12.75],"to":[2.75,2.5,13],"rotation":{"angle":45,"axis":"y","origin":[2.375,1.25,11.56667]},"faces":{"north":{"uv":[2.75,2,3.75,3],"texture":"#0"},"east":{"uv":[2.75,2,3.75,3],"texture":"#0"},"south":{"uv":[2.75,2,3.75,3],"texture":"#0"},"west":{"uv":[2.75,2,3.75,3],"texture":"#0"},"up":{"uv":[2.75,2,3.75,3],"texture":"#0"},"down":{"uv":[2.75,2,3.75,3],"texture":"#0"}}},{"from":[1.25,0,8.75],"to":[2,2.5,9],"rotation":{"angle":-45,"axis":"y","origin":[1.625,1.25,9.06667]},"faces":{"north":{"uv":[4.25,2.75,5.25,3.75],"texture":"#0"},"east":{"uv":[4.25,2.75,5.25,3.75],"texture":"#0"},"south":{"uv":[4.25,2.75,5.25,3.75],"texture":"#0"},"west":{"uv":[4.25,2.75,5.25,3.75],"texture":"#0"},"up":{"uv":[4.25,2.75,5.25,3.75],"texture":"#0"},"down":{"uv":[4.25,2.75,5.25,3.75],"texture":"#0"}}},{"from":[1.5,0.75,8.5],"to":[1.75,2,8.75],"rotation":{"angle":-45,"axis":"y","origin":[1.625,1.25,9.06667]},"faces":{"north":{"uv":[4.25,2.75,5.25,3.75],"texture":"#0"},"east":{"uv":[4.25,2.75,5.25,3.75],"texture":"#0"},"south":{"uv":[4.25,2.75,5.25,3.75],"texture":"#0"},"west":{"uv":[4.25,2.75,5.25,3.75],"texture":"#0"},"up":{"uv":[4.25,2.75,5.25,3.75],"texture":"#0"},"down":{"uv":[4.25,2.75,5.25,3.75],"texture":"#0"}}},{"from":[1.5,0.25,8.5],"to":[1.75,0.75,8.75],"rotation":{"angle":-45,"axis":"y","origin":[1.625,1.25,9.06667]},"faces":{"north":{"uv":[4.25,2.75,5.25,3.75],"texture":"#0"},"east":{"uv":[4.25,2.75,5.25,3.75],"texture":"#0"},"south":{"uv":[4.25,2.75,5.25,3.75],"texture":"#0"},"west":{"uv":[4.25,2.75,5.25,3.75],"texture":"#0"},"up":{"uv":[4.25,2.75,5.25,3.75],"texture":"#0"},"down":{"uv":[4.25,2.75,5.25,3.75],"texture":"#0"}}},{"from":[1.5,0.5,8.25],"to":[1.75,0.75,8.5],"rotation":{"angle":-45,"axis":"y","origin":[1.625,1.25,9.06667]},"faces":{"north":{"uv":[4.25,2.75,5.25,3.75],"texture":"#0"},"east":{"uv":[4.25,2.75,5.25,3.75],"texture":"#0"},"south":{"uv":[4.25,2.75,5.25,3.75],"texture":"#0"},"west":{"uv":[4.25,2.75,5.25,3.75],"texture":"#0"},"up":{"uv":[4.25,2.75,5.25,3.75],"texture":"#0"},"down":{"uv":[4.25,2.75,5.25,3.75],"texture":"#0"}}},{"from":[1.5,1.75,8.25],"to":[1.75,2,8.5],"rotation":{"angle":-45,"axis":"y","origin":[1.625,1.25,9.06667]},"faces":{"north":{"uv":[4.25,2.75,5.25,3.75],"texture":"#0"},"east":{"uv":[4.25,2.75,5.25,3.75],"texture":"#0"},"south":{"uv":[4.25,2.75,5.25,3.75],"texture":"#0"},"west":{"uv":[4.25,2.75,5.25,3.75],"texture":"#0"},"up":{"uv":[4.25,2.75,5.25,3.75],"texture":"#0"},"down":{"uv":[4.25,2.75,5.25,3.75],"texture":"#0"}}},{"from":[1.5,2,8.25],"to":[1.75,2.25,8.75],"rotation":{"angle":-45,"axis":"y","origin":[1.625,1.25,9.06667]},"faces":{"north":{"uv":[4.25,2.75,5.25,3.75],"texture":"#0"},"east":{"uv":[4.25,2.75,5.25,3.75],"texture":"#0"},"south":{"uv":[4.25,2.75,5.25,3.75],"texture":"#0"},"west":{"uv":[4.25,2.75,5.25,3.75],"texture":"#0"},"up":{"uv":[4.25,2.75,5.25,3.75],"texture":"#0"},"down":{"uv":[4.25,2.75,5.25,3.75],"texture":"#0"}}},{"from":[1.5,0.75,8],"to":[1.75,2,8.25],"rotation":{"angle":-45,"axis":"y","origin":[1.625,1.25,9.06667]},"faces":{"north":{"uv":[4.25,2.75,5.25,3.75],"texture":"#0"},"east":{"uv":[4.25,2.75,5.25,3.75],"texture":"#0"},"south":{"uv":[4.25,2.75,5.25,3.75],"texture":"#0"},"west":{"uv":[4.25,2.75,5.25,3.75],"texture":"#0"},"up":{"uv":[4.25,2.75,5.25,3.75],"texture":"#0"},"down":{"uv":[4.25,2.75,5.25,3.75],"texture":"#0"}}},{"from":[1.5,0.75,8.25],"to":[1.75,1,8.5],"rotation":{"angle":-45,"axis":"y","origin":[1.625,1.25,9.06667]},"faces":{"north":{"uv":[4.25,2.75,5.25,3.75],"texture":"#0"},"east":{"uv":[4.25,2.75,5.25,3.75],"texture":"#0"},"south":{"uv":[4.25,2.75,5.25,3.75],"texture":"#0"},"west":{"uv":[4.25,2.75,5.25,3.75],"texture":"#0"},"up":{"uv":[4.25,2.75,5.25,3.75],"texture":"#0"},"down":{"uv":[4.25,2.75,5.25,3.75],"texture":"#0"}}},{"from":[1,0,9],"to":[1.25,2.5,9.25],"rotation":{"angle":-45,"axis":"y","origin":[1.625,1.25,9.06667]},"faces":{"north":{"uv":[4.25,2.75,5.25,3.75],"texture":"#0"},"east":{"uv":[4.25,2.75,5.25,3.75],"texture":"#0"},"south":{"uv":[4.25,2.75,5.25,3.75],"texture":"#0"},"west":{"uv":[4.25,2.75,5.25,3.75],"texture":"#0"},"up":{"uv":[4.25,2.75,5.25,3.75],"texture":"#0"},"down":{"uv":[4.25,2.75,5.25,3.75],"texture":"#0"}}},{"from":[2,0,9],"to":[2.25,2.5,9.25],"rotation":{"angle":-45,"axis":"y","origin":[1.625,1.25,9.06667]},"faces":{"north":{"uv":[4.25,2.75,5.25,3.75],"texture":"#0"},"east":{"uv":[4.25,2.75,5.25,3.75],"texture":"#0"},"south":{"uv":[4.25,2.75,5.25,3.75],"texture":"#0"},"west":{"uv":[4.25,2.75,5.25,3.75],"texture":"#0"},"up":{"uv":[4.25,2.75,5.25,3.75],"texture":"#0"},"down":{"uv":[4.25,2.75,5.25,3.75],"texture":"#0"}}},{"from":[0.75,0,9.25],"to":[1,2.5,10],"rotation":{"angle":-45,"axis":"y","origin":[1.625,1.25,9.06667]},"faces":{"north":{"uv":[4.25,2.75,5.25,3.75],"texture":"#0"},"east":{"uv":[4.25,2.75,5.25,3.75],"texture":"#0"},"south":{"uv":[4.25,2.75,5.25,3.75],"texture":"#0"},"west":{"uv":[4.25,2.75,5.25,3.75],"texture":"#0"},"up":{"uv":[4.25,2.75,5.25,3.75],"texture":"#0"},"down":{"uv":[4.25,2.75,5.25,3.75],"texture":"#0"}}},{"from":[1,0,9],"to":[2.25,0.25,10.25],"rotation":{"angle":-45,"axis":"y","origin":[1.625,1.25,9.06667]},"faces":{"north":{"uv":[4.25,2.75,5.25,3.75],"texture":"#0"},"east":{"uv":[4.25,2.75,5.25,3.75],"texture":"#0"},"south":{"uv":[4.25,2.75,5.25,3.75],"texture":"#0"},"west":{"uv":[4.25,2.75,5.25,3.75],"texture":"#0"},"up":{"uv":[4.25,2.75,5.25,3.75],"texture":"#0"},"down":{"uv":[4.25,2.75,5.25,3.75],"texture":"#0"}}},{"from":[2.25,0,9.25],"to":[2.5,2.5,10],"rotation":{"angle":-45,"axis":"y","origin":[1.625,1.25,9.06667]},"faces":{"north":{"uv":[4.25,2.75,5.25,3.75],"texture":"#0"},"east":{"uv":[4.25,2.75,5.25,3.75],"texture":"#0"},"south":{"uv":[4.25,2.75,5.25,3.75],"texture":"#0"},"west":{"uv":[4.25,2.75,5.25,3.75],"texture":"#0"},"up":{"uv":[4.25,2.75,5.25,3.75],"texture":"#0"},"down":{"uv":[4.25,2.75,5.25,3.75],"texture":"#0"}}},{"from":[1,0,10],"to":[1.25,2.5,10.25],"rotation":{"angle":-45,"axis":"y","origin":[1.625,1.25,9.06667]},"faces":{"north":{"uv":[4.25,2.75,5.25,3.75],"texture":"#0"},"east":{"uv":[4.25,2.75,5.25,3.75],"texture":"#0"},"south":{"uv":[4.25,2.75,5.25,3.75],"texture":"#0"},"west":{"uv":[4.25,2.75,5.25,3.75],"texture":"#0"},"up":{"uv":[4.25,2.75,5.25,3.75],"texture":"#0"},"down":{"uv":[4.25,2.75,5.25,3.75],"texture":"#0"}}},{"from":[2,0,10],"to":[2.25,2.5,10.25],"rotation":{"angle":-45,"axis":"y","origin":[1.625,1.25,9.06667]},"faces":{"north":{"uv":[4.25,2.75,5.25,3.75],"texture":"#0"},"east":{"uv":[4.25,2.75,5.25,3.75],"texture":"#0"},"south":{"uv":[4.25,2.75,5.25,3.75],"texture":"#0"},"west":{"uv":[4.25,2.75,5.25,3.75],"texture":"#0"},"up":{"uv":[4.25,2.75,5.25,3.75],"texture":"#0"},"down":{"uv":[4.25,2.75,5.25,3.75],"texture":"#0"}}},{"from":[1.25,0,10.25],"to":[2,2.5,10.5],"rotation":{"angle":-45,"axis":"y","origin":[1.625,1.25,9.06667]},"faces":{"north":{"uv":[4.25,2.75,5.25,3.75],"texture":"#0"},"east":{"uv":[4.25,2.75,5.25,3.75],"texture":"#0"},"south":{"uv":[4.25,2.75,5.25,3.75],"texture":"#0"},"west":{"uv":[4.25,2.75,5.25,3.75],"texture":"#0"},"up":{"uv":[4.25,2.75,5.25,3.75],"texture":"#0"},"down":{"uv":[4.25,2.75,5.25,3.75],"texture":"#0"}}}],"display":{"thirdperson_righthand":{"translation":[0,5,0],"scale":[0.5,0.5,0.5]},"thirdperson_lefthand":{"translation":[0,5,0],"scale":[0.5,0.5,0.5]},"firstperson_righthand":{"translation":[0,5,0]},"firstperson_lefthand":{"translation":[0,5,0]},"ground":{"translation":[0,4.5,0]},"gui":{"rotation":[0,135,0],"translation":[0,2.5,0]},"head":{"translation":[1.5,14.5,0]},"fixed":{"rotation":[-90,0,0],"translation":[2.5,0,-17],"scale":[2,2,2]}},"groups":[{"name":"group","origin":[12,8,9.5],"children":[{"name":"unten","origin":[8,8,8],"children":[0,1,2,3,4,5,6,7,8,9,10,11,12,13]},{"name":"haupt","origin":[8,8,8],"children":[14,15,16,17,18,19,20,21,22]},{"name":"oben","origin":[8,8,8],"children":[23,24,25,26,27,28,29,30,31,32,33,34,35,36,37,38,39,40,41,42,43,44,45,46,47,48,49,50,51,52,53,54,55]},{"name":"knopf","origin":[8,8,8],"children":[56,57,58]},{"name":"tasse1","origin":[8,8,8],"children":[59,60,61,62,63,64,65,66,67,68,69,70,71,72,73,74]},{"name":"tasse2","origin":[8,8,8],"children":[75,76,77,78,79,80,81,82,83,84,85,86,87,88,89,90]},{"name":"tasse3","origin":[8,8,8],"children":[91,92,93,94,95,96,97,98,99,100,101,102,103,104,105,106]}]}]}