{"__comment":"DesignedbyGestalty.de-https://cubik.studio","textures":{"0":"naniii_furniture:item/couch/platte","1":"naniii_furniture:item/couch/bein","particle":"item/couch/platte"},"elements":[{"from":[-12.75,0.5,-3],"to":[-12.25,2.5,-2.5],"faces":{"down":{"uv":[0,0,2,2],"texture":"#1"},"up":{"uv":[0,0,2,2],"texture":"#1"},"north":{"uv":[0,0,4,4],"texture":"#1"},"south":{"uv":[0,0,2,2],"texture":"#1"},"west":{"uv":[0,0,2,2],"texture":"#1"},"east":{"uv":[0,0,2,2],"texture":"#1"}}},{"from":[-13,0.25,-3.25],"to":[-12,0.5,-2.25],"faces":{"down":{"uv":[0,0,2,2],"texture":"#1"},"up":{"uv":[0,0,2,2],"texture":"#1"},"north":{"uv":[0,0,4,4],"texture":"#1"},"south":{"uv":[0,0,2,2],"texture":"#1"},"west":{"uv":[0,0,2,2],"texture":"#1"},"east":{"uv":[0,0,2,2],"texture":"#1"}}},{"from":[-13.25,0,-3.5],"to":[-11.75,0.25,-2],"faces":{"down":{"uv":[0,0,2,2],"texture":"#1"},"up":{"uv":[0,0,2,2],"texture":"#1"},"north":{"uv":[0,0,4,4],"texture":"#1"},"south":{"uv":[0,0,2,2],"texture":"#1"},"west":{"uv":[0,0,2,2],"texture":"#1"},"east":{"uv":[0,0,2,2],"texture":"#1"}}},{"from":[-2.5,0.25,13.25],"to":[-1.5,0.5,14.25],"faces":{"down":{"uv":[0,0,2,2],"texture":"#1"},"up":{"uv":[0,0,2,2],"texture":"#1"},"north":{"uv":[0,0,4,4],"texture":"#1"},"south":{"uv":[0,0,2,2],"texture":"#1"},"west":{"uv":[0,0,2,2],"texture":"#1"},"east":{"uv":[0,0,2,2],"texture":"#1"}}},{"from":[-2.5,0.25,-3.25],"to":[-1.5,0.5,-2.25],"faces":{"down":{"uv":[0,0,2,2],"texture":"#1"},"up":{"uv":[0,0,2,2],"texture":"#1"},"north":{"uv":[0,0,4,4],"texture":"#1"},"south":{"uv":[0,0,2,2],"texture":"#1"},"west":{"uv":[0,0,2,2],"texture":"#1"},"east":{"uv":[0,0,2,2],"texture":"#1"}}},{"from":[-2.25,0.5,13.5],"to":[-1.75,2.5,14],"faces":{"down":{"uv":[0,0,2,2],"texture":"#1"},"up":{"uv":[0,0,2,2],"texture":"#1"},"north":{"uv":[0,0,4,4],"texture":"#1"},"south":{"uv":[0,0,2,2],"texture":"#1"},"west":{"uv":[0,0,2,2],"texture":"#1"},"east":{"uv":[0,0,2,2],"texture":"#1"}}},{"from":[-2.25,0.5,-3],"to":[-1.75,2.5,-2.5],"faces":{"down":{"uv":[0,0,2,2],"texture":"#1"},"up":{"uv":[0,0,2,2],"texture":"#1"},"north":{"uv":[0,0,2,2],"texture":"#1"},"south":{"uv":[0,0,2,2],"texture":"#1"},"west":{"uv":[0,0,2,2],"texture":"#1"},"east":{"uv":[0,0,2,2],"texture":"#1"}}},{"from":[-2.75,0,13],"to":[-1.25,0.25,14.5],"faces":{"down":{"uv":[0,0,2,2],"texture":"#1"},"up":{"uv":[0,0,2,2],"texture":"#1"},"north":{"uv":[0,0,4,4],"texture":"#1"},"south":{"uv":[0,0,2,2],"texture":"#1"},"west":{"uv":[0,0,2,2],"texture":"#1"},"east":{"uv":[0,0,2,2],"texture":"#1"}}},{"from":[-2.75,0,-3.5],"to":[-1.25,0.25,-2],"faces":{"down":{"uv":[0,0,2,2],"texture":"#1"},"up":{"uv":[0,0,2,2],"texture":"#1"},"north":{"uv":[0,0,4,4],"texture":"#1"},"south":{"uv":[0,0,2,2],"texture":"#1"},"west":{"uv":[0,0,2,2],"texture":"#1"},"east":{"uv":[0,0,2,2],"texture":"#1"}}},{"from":[-12.75,0.25,13.25],"to":[-11.75,0.5,14.25],"faces":{"down":{"uv":[0,0,2,2],"texture":"#1"},"up":{"uv":[0,0,2,2],"texture":"#1"},"north":{"uv":[0,0,4,4],"texture":"#1"},"south":{"uv":[0,0,2,2],"texture":"#1"},"west":{"uv":[0,0,2,2],"texture":"#1"},"east":{"uv":[0,0,2,2],"texture":"#1"}}},{"from":[-12.5,0.5,13.5],"to":[-12,2.5,14],"faces":{"down":{"uv":[0,0,2,2],"texture":"#1"},"up":{"uv":[0,0,2,2],"texture":"#1"},"north":{"uv":[0,0,4,4],"texture":"#1"},"south":{"uv":[0,0,2,2],"texture":"#1"},"west":{"uv":[0,0,2,2],"texture":"#1"},"east":{"uv":[0,0,2,2],"texture":"#1"}}},{"from":[-13,0,13],"to":[-11.5,0.25,14.5],"faces":{"down":{"uv":[0,0,2,2],"texture":"#1"},"up":{"uv":[0,0,2,2],"texture":"#1"},"north":{"uv":[0,0,4,4],"texture":"#1"},"south":{"uv":[0,0,2,2],"texture":"#1"},"west":{"uv":[0,0,2,2],"texture":"#1"},"east":{"uv":[0,0,2,2],"texture":"#1"}}},{"from":[-12.75,0.25,27.75],"to":[-11.75,0.5,28.75],"faces":{"down":{"uv":[0,0,2,2],"texture":"#1"},"up":{"uv":[0,0,2,2],"texture":"#1"},"north":{"uv":[0,0,4,4],"texture":"#1"},"south":{"uv":[0,0,2,2],"texture":"#1"},"west":{"uv":[0,0,2,2],"texture":"#1"},"east":{"uv":[0,0,2,2],"texture":"#1"}}},{"from":[-12.5,0.5,28],"to":[-12,2.5,28.5],"faces":{"down":{"uv":[0,0,2,2],"texture":"#1"},"up":{"uv":[0,0,2,2],"texture":"#1"},"north":{"uv":[0,0,4,4],"texture":"#1"},"south":{"uv":[0,0,2,2],"texture":"#1"},"west":{"uv":[0,0,2,2],"texture":"#1"},"east":{"uv":[0,0,2,2],"texture":"#1"}}},{"from":[-13,0,27.5],"to":[-11.5,0.25,29],"faces":{"down":{"uv":[0,0,2,2],"texture":"#1"},"up":{"uv":[0,0,2,2],"texture":"#1"},"north":{"uv":[0,0,4,4],"texture":"#1"},"south":{"uv":[0,0,2,2],"texture":"#1"},"west":{"uv":[0,0,2,2],"texture":"#1"},"east":{"uv":[0,0,2,2],"texture":"#1"}}},{"from":[0.5,0.25,27.75],"to":[1.5,0.5,28.75],"faces":{"down":{"uv":[0,0,2,2],"texture":"#1"},"up":{"uv":[0,0,2,2],"texture":"#1"},"north":{"uv":[0,0,4,4],"texture":"#1"},"south":{"uv":[0,0,2,2],"texture":"#1"},"west":{"uv":[0,0,2,2],"texture":"#1"},"east":{"uv":[0,0,2,2],"texture":"#1"}}},{"from":[0.75,0.5,28],"to":[1.25,2.5,28.5],"faces":{"down":{"uv":[0,0,2,2],"texture":"#1"},"up":{"uv":[0,0,2,2],"texture":"#1"},"north":{"uv":[0,0,4,4],"texture":"#1"},"south":{"uv":[0,0,2,2],"texture":"#1"},"west":{"uv":[0,0,2,2],"texture":"#1"},"east":{"uv":[0,0,2,2],"texture":"#1"}}},{"from":[0.25,0,27.5],"to":[1.75,0.25,29],"faces":{"down":{"uv":[0,0,2,2],"texture":"#1"},"up":{"uv":[0,0,2,2],"texture":"#1"},"north":{"uv":[0,0,4,4],"texture":"#1"},"south":{"uv":[0,0,2,2],"texture":"#1"},"west":{"uv":[0,0,2,2],"texture":"#1"},"east":{"uv":[0,0,2,2],"texture":"#1"}}},{"from":[15,0.25,13.25],"to":[16,0.5,14.25],"faces":{"down":{"uv":[0,0,2,2],"texture":"#1"},"up":{"uv":[0,0,2,2],"texture":"#1"},"north":{"uv":[0,0,4,4],"texture":"#1"},"south":{"uv":[0,0,2,2],"texture":"#1"},"west":{"uv":[0,0,2,2],"texture":"#1"},"east":{"uv":[0,0,2,2],"texture":"#1"}}},{"from":[15.25,0.5,13.5],"to":[15.75,2.5,14],"faces":{"down":{"uv":[0,0,2,2],"texture":"#1"},"up":{"uv":[0,0,2,2],"texture":"#1"},"north":{"uv":[0,0,4,4],"texture":"#1"},"south":{"uv":[0,0,2,2],"texture":"#1"},"west":{"uv":[0,0,2,2],"texture":"#1"},"east":{"uv":[0,0,2,2],"texture":"#1"}}},{"from":[14.75,0,13],"to":[16.25,0.25,14.5],"faces":{"down":{"uv":[0,0,2,2],"texture":"#1"},"up":{"uv":[0,0,2,2],"texture":"#1"},"north":{"uv":[0,0,4,4],"texture":"#1"},"south":{"uv":[0,0,2,2],"texture":"#1"},"west":{"uv":[0,0,2,2],"texture":"#1"},"east":{"uv":[0,0,2,2],"texture":"#1"}}},{"from":[15,0.25,27.75],"to":[16,0.5,28.75],"faces":{"down":{"uv":[0,0,2,2],"texture":"#1"},"up":{"uv":[0,0,2,2],"texture":"#1"},"north":{"uv":[0,0,4,4],"texture":"#1"},"south":{"uv":[0,0,2,2],"texture":"#1"},"west":{"uv":[0,0,2,2],"texture":"#1"},"east":{"uv":[0,0,2,2],"texture":"#1"}}},{"from":[15.25,0.5,28],"to":[15.75,2.5,28.5],"faces":{"down":{"uv":[0,0,2,2],"texture":"#1"},"up":{"uv":[0,0,2,2],"texture":"#1"},"north":{"uv":[0,0,4,4],"texture":"#1"},"south":{"uv":[0,0,2,2],"texture":"#1"},"west":{"uv":[0,0,2,2],"texture":"#1"},"east":{"uv":[0,0,2,2],"texture":"#1"}}},{"from":[14.75,0,27.5],"to":[16.25,0.25,29],"faces":{"down":{"uv":[0,0,2,2],"texture":"#1"},"up":{"uv":[0,0,2,2],"texture":"#1"},"north":{"uv":[0,0,4,4],"texture":"#1"},"south":{"uv":[0,0,2,2],"texture":"#1"},"west":{"uv":[0,0,2,2],"texture":"#1"},"east":{"uv":[0,0,2,2],"texture":"#1"}}},{"from":[29.5,0.25,13.25],"to":[30.5,0.5,14.25],"faces":{"down":{"uv":[0,0,2,2],"texture":"#1"},"up":{"uv":[0,0,2,2],"texture":"#1"},"north":{"uv":[0,0,4,4],"texture":"#1"},"south":{"uv":[0,0,2,2],"texture":"#1"},"west":{"uv":[0,0,2,2],"texture":"#1"},"east":{"uv":[0,0,2,2],"texture":"#1"}}},{"from":[29.75,0.5,13.5],"to":[30.25,2.5,14],"faces":{"down":{"uv":[0,0,2,2],"texture":"#1"},"up":{"uv":[0,0,2,2],"texture":"#1"},"north":{"uv":[0,0,4,4],"texture":"#1"},"south":{"uv":[0,0,2,2],"texture":"#1"},"west":{"uv":[0,0,2,2],"texture":"#1"},"east":{"uv":[0,0,2,2],"texture":"#1"}}},{"from":[29.25,0,13],"to":[30.75,0.25,14.5],"faces":{"down":{"uv":[0,0,2,2],"texture":"#1"},"up":{"uv":[0,0,2,2],"texture":"#1"},"north":{"uv":[0,0,4,4],"texture":"#1"},"south":{"uv":[0,0,2,2],"texture":"#1"},"west":{"uv":[0,0,2,2],"texture":"#1"},"east":{"uv":[0,0,2,2],"texture":"#1"}}},{"from":[29.5,0.25,27.75],"to":[30.5,0.5,28.75],"faces":{"down":{"uv":[0,0,2,2],"texture":"#1"},"up":{"uv":[0,0,2,2],"texture":"#1"},"north":{"uv":[0,0,4,4],"texture":"#1"},"south":{"uv":[0,0,2,2],"texture":"#1"},"west":{"uv":[0,0,2,2],"texture":"#1"},"east":{"uv":[0,0,2,2],"texture":"#1"}}},{"from":[29.75,0.5,28],"to":[30.25,2.5,28.5],"faces":{"down":{"uv":[0,0,2,2],"texture":"#1"},"up":{"uv":[0,0,2,2],"texture":"#1"},"north":{"uv":[0,0,4,4],"texture":"#1"},"south":{"uv":[0,0,2,2],"texture":"#1"},"west":{"uv":[0,0,2,2],"texture":"#1"},"east":{"uv":[0,0,2,2],"texture":"#1"}}},{"from":[29.25,0,27.5],"to":[30.75,0.25,29],"faces":{"down":{"uv":[0,0,2,2],"texture":"#1"},"up":{"uv":[0,0,2,2],"texture":"#1"},"north":{"uv":[0,0,4,4],"texture":"#1"},"south":{"uv":[0,0,2,2],"texture":"#1"},"west":{"uv":[0,0,2,2],"texture":"#1"},"east":{"uv":[0,0,2,2],"texture":"#1"}}},{"from":[28.25,17,19],"to":[31.75,18.25,29.25],"faces":{"down":{"uv":[0,0,4,1.4375],"texture":"#0"},"up":{"uv":[0,0,4,1.4375],"texture":"#0"},"north":{"uv":[0,0,4,1.4375],"texture":"#0"},"south":{"uv":[0,0,4,1.4375],"texture":"#0"},"west":{"uv":[0,0,4,1.4375],"texture":"#0"},"east":{"uv":[0,0,4,1.4375],"texture":"#0"}}},{"from":[28.5,17.25,18.75],"to":[31.5,18,19],"faces":{"down":{"uv":[0,0,4,1.4375],"texture":"#0"},"up":{"uv":[0,0,4,1.4375],"texture":"#0"},"north":{"uv":[0,0,4,1.4375],"texture":"#0"},"south":{"uv":[0,0,4,1.4375],"texture":"#0"},"west":{"uv":[0,0,4,1.4375],"texture":"#0"},"east":{"uv":[0,0,4,1.4375],"texture":"#0"}}},{"from":[28,17.25,19.25],"to":[28.25,18,29.5],"faces":{"down":{"uv":[0,0,4,1.4375],"texture":"#0"},"up":{"uv":[0,0,4,1.4375],"texture":"#0"},"north":{"uv":[0,0,4,1.4375],"texture":"#0"},"south":{"uv":[0,0,4,1.4375],"texture":"#0"},"west":{"uv":[0,0,4,1.4375],"texture":"#0"},"east":{"uv":[0,0,4,1.4375],"texture":"#0"}}},{"from":[31.75,17.25,19.25],"to":[32,18,29],"faces":{"down":{"uv":[0,0,4,1.4375],"texture":"#0"},"up":{"uv":[0,0,4,1.4375],"texture":"#0"},"north":{"uv":[0,0,4,1.4375],"texture":"#0"},"south":{"uv":[0,0,4,1.4375],"texture":"#0"},"west":{"uv":[0,0,4,1.4375],"texture":"#0"},"east":{"uv":[0,0,4,1.4375],"texture":"#0"}}},{"from":[29,18.25,19.25],"to":[31.25,18.5,29.25],"faces":{"down":{"uv":[0,0,4,1.4375],"texture":"#0"},"up":{"uv":[0,0,4,1.4375],"texture":"#0"},"north":{"uv":[0,0,4,1.4375],"texture":"#0"},"south":{"uv":[0,0,4,1.4375],"texture":"#0"},"west":{"uv":[0,0,4,1.4375],"texture":"#0"},"east":{"uv":[0,0,4,1.4375],"texture":"#0"}}},{"from":[28.5,16.75,19.5],"to":[31.25,17,29.25],"faces":{"down":{"uv":[0,0,4,1.4375],"texture":"#0"},"up":{"uv":[0,0,4,1.4375],"texture":"#0"},"north":{"uv":[0,0,4,1.4375],"texture":"#0"},"south":{"uv":[0,0,4,1.4375],"texture":"#0"},"west":{"uv":[0,0,4,1.4375],"texture":"#0"},"east":{"uv":[0,0,4,1.4375],"texture":"#0"}}},{"from":[29,16.5,20],"to":[30.75,16.75,29.25],"faces":{"down":{"uv":[0,0,4,1.4375],"texture":"#0"},"up":{"uv":[0,0,4,1.4375],"texture":"#0"},"north":{"uv":[0,0,4,1.4375],"texture":"#0"},"south":{"uv":[0,0,4,1.4375],"texture":"#0"},"west":{"uv":[0,0,4,1.4375],"texture":"#0"},"east":{"uv":[0,0,4,1.4375],"texture":"#0"}}},{"from":[29.5,18.5,19.75],"to":[30.75,18.75,29.25],"faces":{"down":{"uv":[0,0,4,1.4375],"texture":"#0"},"up":{"uv":[0,0,4,1.4375],"texture":"#0"},"north":{"uv":[0,0,4,1.4375],"texture":"#0"},"south":{"uv":[0,0,4,1.4375],"texture":"#0"},"west":{"uv":[0,0,4,1.4375],"texture":"#0"},"east":{"uv":[0,0,4,1.4375],"texture":"#0"}}},{"from":[30,13.5,19.25],"to":[30.25,15.75,29],"faces":{"down":{"uv":[0,0,4,1.4375],"texture":"#0"},"up":{"uv":[0,0,4,1.4375],"texture":"#0"},"north":{"uv":[0,0,4,1.4375],"texture":"#0"},"south":{"uv":[0,0,4,1.4375],"texture":"#0"},"west":{"uv":[0,0,4,1.4375],"texture":"#0"},"east":{"uv":[0,0,4,1.4375],"texture":"#0"}}},{"from":[10.75,15,26.5],"to":[26,24.25,26.75],"faces":{"down":{"uv":[0,0,16,16],"texture":"#0"},"up":{"uv":[0,0,16,16],"texture":"#0"},"north":{"uv":[0,0,4,4],"texture":"#0"},"south":{"uv":[0,0,16,16],"texture":"#0"},"west":{"uv":[0,0,16,16],"texture":"#0"},"east":{"uv":[0,0,16,16],"texture":"#0"}}},{"from":[9.5,13.25,28],"to":[27.25,13.5,29],"faces":{"down":{"uv":[0,0,16,16],"texture":"#0"},"up":{"uv":[0,0,16,16],"texture":"#0"},"north":{"uv":[0,0,4,4],"texture":"#0"},"south":{"uv":[0,0,16,16],"texture":"#0"},"west":{"uv":[0,0,16,16],"texture":"#0"},"east":{"uv":[0,0,16,16],"texture":"#0"}}},{"from":[10.5,13,28],"to":[26.25,13.25,29],"faces":{"down":{"uv":[0,0,16,16],"texture":"#0"},"up":{"uv":[0,0,16,16],"texture":"#0"},"north":{"uv":[0,0,4,4],"texture":"#0"},"south":{"uv":[0,0,16,16],"texture":"#0"},"west":{"uv":[0,0,16,16],"texture":"#0"},"east":{"uv":[0,0,16,16],"texture":"#0"}}},{"from":[10.75,26,27.5],"to":[26.25,26.25,28.5],"faces":{"down":{"uv":[0,0,16,16],"texture":"#0"},"up":{"uv":[0,0,16,16],"texture":"#0"},"north":{"uv":[0,0,4,4],"texture":"#0"},"south":{"uv":[0,0,16,16],"texture":"#0"},"west":{"uv":[0,0,16,16],"texture":"#0"},"east":{"uv":[0,0,16,16],"texture":"#0"}}},{"from":[10,25.75,27.25],"to":[27,26,28.75],"faces":{"down":{"uv":[0,0,16,16],"texture":"#0"},"up":{"uv":[0,0,16,16],"texture":"#0"},"north":{"uv":[0,0,4,4],"texture":"#0"},"south":{"uv":[0,0,16,16],"texture":"#0"},"west":{"uv":[0,0,16,16],"texture":"#0"},"east":{"uv":[0,0,16,16],"texture":"#0"}}},{"from":[27.5,14,27.25],"to":[27.75,25.25,28.75],"faces":{"down":{"uv":[0,0,16,16],"texture":"#0"},"up":{"uv":[0,0,16,16],"texture":"#0"},"north":{"uv":[0,0,4,4],"texture":"#0"},"south":{"uv":[0,0,16,16],"texture":"#0"},"west":{"uv":[0,0,16,16],"texture":"#0"},"east":{"uv":[0,0,16,16],"texture":"#0"}}},{"from":[27.75,14.75,27.5],"to":[28,24.5,28.5],"faces":{"down":{"uv":[0,0,16,16],"texture":"#0"},"up":{"uv":[0,0,16,16],"texture":"#0"},"north":{"uv":[0,0,4,4],"texture":"#0"},"south":{"uv":[0,0,16,16],"texture":"#0"},"west":{"uv":[0,0,16,16],"texture":"#0"},"east":{"uv":[0,0,16,16],"texture":"#0"}}},{"from":[9,14,27.25],"to":[9.25,25.25,28.75],"faces":{"down":{"uv":[0,0,16,16],"texture":"#0"},"up":{"uv":[0,0,16,16],"texture":"#0"},"north":{"uv":[0,0,4,4],"texture":"#0"},"south":{"uv":[0,0,16,16],"texture":"#0"},"west":{"uv":[0,0,16,16],"texture":"#0"},"east":{"uv":[0,0,16,16],"texture":"#0"}}},{"from":[8.75,14.75,27.5],"to":[9,24.5,28.5],"faces":{"down":{"uv":[0,0,16,16],"texture":"#0"},"up":{"uv":[0,0,16,16],"texture":"#0"},"north":{"uv":[0,0,4,4],"texture":"#0"},"south":{"uv":[0,0,16,16],"texture":"#0"},"west":{"uv":[0,0,16,16],"texture":"#0"},"east":{"uv":[0,0,16,16],"texture":"#0"}}},{"from":[11.25,14.25,29],"to":[25.5,25.25,29.25],"faces":{"down":{"uv":[0,0,16,16],"texture":"#0"},"up":{"uv":[0,0,16,16],"texture":"#0"},"north":{"uv":[0,0,4,4],"texture":"#0"},"south":{"uv":[0,0,16,16],"texture":"#0"},"west":{"uv":[0,0,16,16],"texture":"#0"},"east":{"uv":[0,0,16,16],"texture":"#0"}}},{"from":[10,14.25,26.75],"to":[26.75,25,27],"faces":{"down":{"uv":[0,0,16,16],"texture":"#0"},"up":{"uv":[0,0,16,16],"texture":"#0"},"north":{"uv":[0,0,4,4],"texture":"#0"},"south":{"uv":[0,0,16,16],"texture":"#0"},"west":{"uv":[0,0,16,16],"texture":"#0"},"east":{"uv":[0,0,16,16],"texture":"#0"}}},{"from":[9.25,13.5,27],"to":[27.5,25.75,29],"faces":{"down":{"uv":[0,0,16,16],"texture":"#0"},"up":{"uv":[0,0,16,16],"texture":"#0"},"north":{"uv":[0,0,4,4],"texture":"#0"},"south":{"uv":[0,0,16,16],"texture":"#0"},"west":{"uv":[0,0,16,16],"texture":"#0"},"east":{"uv":[0,0,16,16],"texture":"#0"}}},{"from":[29,13.5,19.25],"to":[29.25,15.75,28.75],"faces":{"down":{"uv":[0,0,0.0625,2.375],"texture":"#0"},"up":{"uv":[0,0,0.0625,2.375],"texture":"#0"},"north":{"uv":[0,0,0.0625,0.5625],"texture":"#0"},"south":{"uv":[0,0,0.0625,0.5625],"texture":"#0"},"west":{"uv":[0,0,2.375,0.5625],"texture":"#0"},"east":{"uv":[0,0,2.375,0.5625],"texture":"#0"}}},{"from":[28.75,14,19.75],"to":[29,15.25,28.25],"faces":{"down":{"uv":[0,0,0.0625,2.125],"texture":"#0"},"up":{"uv":[0,0,0.0625,2.125],"texture":"#0"},"north":{"uv":[0,0,0.0625,0.3125],"texture":"#0"},"south":{"uv":[0,0,0.0625,0.3125],"texture":"#0"},"west":{"uv":[0,0,2.125,0.3125],"texture":"#0"},"east":{"uv":[0,0,2.125,0.3125],"texture":"#0"}}},{"from":[29.5,16,19.25],"to":[30,16.25,29],"faces":{"down":{"uv":[0,0,0.125,2.4375],"texture":"#0"},"up":{"uv":[0,0,0.125,2.4375],"texture":"#0"},"north":{"uv":[0,0,0.125,0.0625],"texture":"#0"},"south":{"uv":[0,0,0.125,0.0625],"texture":"#0"},"west":{"uv":[0,0,2.4375,0.0625],"texture":"#0"},"east":{"uv":[0,0,2.4375,0.0625],"texture":"#0"}}},{"from":[29.25,13.25,19],"to":[30.25,16,29.25],"faces":{"down":{"uv":[0,0,0.25,2.5625],"texture":"#0"},"up":{"uv":[0,0,0.25,2.5625],"texture":"#0"},"north":{"uv":[0,0,0.25,0.6875],"texture":"#0"},"south":{"uv":[0,0,0.25,0.6875],"texture":"#0"},"west":{"uv":[0,0,2.5625,0.6875],"texture":"#0"},"east":{"uv":[0,0,2.5625,0.6875],"texture":"#0"}}},{"from":[29.5,13,19.25],"to":[30,13.25,29],"faces":{"down":{"uv":[0,0,0.125,2.4375],"texture":"#0"},"up":{"uv":[0,0,0.125,2.4375],"texture":"#0"},"north":{"uv":[0,0,0.125,0.0625],"texture":"#0"},"south":{"uv":[0,0,0.125,0.0625],"texture":"#0"},"west":{"uv":[0,0,2.4375,0.0625],"texture":"#0"},"east":{"uv":[0,0,2.4375,0.0625],"texture":"#0"}}},{"from":[30.25,13.5,19.25],"to":[30.5,15.75,29],"faces":{"down":{"uv":[0,0,0.0625,2.4375],"texture":"#0"},"up":{"uv":[0,0,0.0625,2.4375],"texture":"#0"},"north":{"uv":[0,0,0.0625,0.5625],"texture":"#0"},"south":{"uv":[0,0,0.0625,0.5625],"texture":"#0"},"west":{"uv":[0,0,2.4375,0.5625],"texture":"#0"},"east":{"uv":[0,0,2.4375,0.5625],"texture":"#0"}}},{"from":[30.5,14,19.75],"to":[30.75,15.25,28.5],"faces":{"down":{"uv":[0,0,0.0625,2.1875],"texture":"#0"},"up":{"uv":[0,0,0.0625,2.1875],"texture":"#0"},"north":{"uv":[0,0,0.0625,0.3125],"texture":"#0"},"south":{"uv":[0,0,0.0625,0.3125],"texture":"#0"},"west":{"uv":[0,0,2.1875,0.3125],"texture":"#0"},"east":{"uv":[0,0,2.1875,0.3125],"texture":"#0"}}},{"from":[8.25,14.75,27.5],"to":[8.5,24.5,28.5],"faces":{"down":{"uv":[0,0,0.0625,0.25],"texture":"#0"},"up":{"uv":[0,0,0.0625,0.25],"texture":"#0"},"north":{"uv":[0,0,0.0625,2.4375],"texture":"#0"},"south":{"uv":[0,0,0.0625,2.4375],"texture":"#0"},"west":{"uv":[0,0,0.25,2.4375],"texture":"#0"},"east":{"uv":[0,0,0.25,2.4375],"texture":"#0"}}},{"from":[-9.75,13.25,28],"to":[7.25,13.5,29],"faces":{"down":{"uv":[0,0,4.25,0.25],"texture":"#0"},"up":{"uv":[0,0,4.25,0.25],"texture":"#0"},"north":{"uv":[0,0,4.25,0.0625],"texture":"#0"},"south":{"uv":[0,0,4.25,0.0625],"texture":"#0"},"west":{"uv":[0,0,0.25,0.0625],"texture":"#0"},"east":{"uv":[0,0,0.25,0.0625],"texture":"#0"}}},{"from":[-8.75,13,28],"to":[6.25,13.25,29],"faces":{"down":{"uv":[0,0,3.75,0.25],"texture":"#0"},"up":{"uv":[0,0,3.75,0.25],"texture":"#0"},"north":{"uv":[0,0,3.75,0.0625],"texture":"#0"},"south":{"uv":[0,0,3.75,0.0625],"texture":"#0"},"west":{"uv":[0,0,0.25,0.0625],"texture":"#0"},"east":{"uv":[0,0,0.25,0.0625],"texture":"#0"}}},{"from":[-9,26,27.5],"to":[6.75,26.25,28.5],"faces":{"down":{"uv":[0,0,3.9375,0.25],"texture":"#0"},"up":{"uv":[0,0,3.9375,0.25],"texture":"#0"},"north":{"uv":[0,0,3.9375,0.0625],"texture":"#0"},"south":{"uv":[0,0,3.9375,0.0625],"texture":"#0"},"west":{"uv":[0,0,0.25,0.0625],"texture":"#0"},"east":{"uv":[0,0,0.25,0.0625],"texture":"#0"}}},{"from":[-9.75,25.75,27.25],"to":[7.5,26,28.75],"faces":{"down":{"uv":[0,0,4.3125,0.375],"texture":"#0"},"up":{"uv":[0,0,4.3125,0.375],"texture":"#0"},"north":{"uv":[0,0,4.3125,0.0625],"texture":"#0"},"south":{"uv":[0,0,4.3125,0.0625],"texture":"#0"},"west":{"uv":[0,0,0.375,0.0625],"texture":"#0"},"east":{"uv":[0,0,0.375,0.0625],"texture":"#0"}}},{"from":[8,14,27.25],"to":[8.25,25.25,28.75],"faces":{"down":{"uv":[0,0,0.0625,0.375],"texture":"#0"},"up":{"uv":[0,0,0.0625,0.375],"texture":"#0"},"north":{"uv":[0,0,0.0625,2.8125],"texture":"#0"},"south":{"uv":[0,0,0.0625,2.8125],"texture":"#0"},"west":{"uv":[0,0,0.375,2.8125],"texture":"#0"},"east":{"uv":[0,0,0.375,2.8125],"texture":"#0"}}},{"from":[-10.5,14,27.25],"to":[-10.25,25.25,28.75],"faces":{"down":{"uv":[0,0,0.0625,0.375],"texture":"#0"},"up":{"uv":[0,0,0.0625,0.375],"texture":"#0"},"north":{"uv":[0,0,0.0625,2.8125],"texture":"#0"},"south":{"uv":[0,0,0.0625,2.8125],"texture":"#0"},"west":{"uv":[0,0,0.375,2.8125],"texture":"#0"},"east":{"uv":[0,0,0.375,2.8125],"texture":"#0"}}},{"from":[-10.75,14.75,27.5],"to":[-10.5,24.5,28.5],"faces":{"down":{"uv":[0,0,0.0625,0.25],"texture":"#0"},"up":{"uv":[0,0,0.0625,0.25],"texture":"#0"},"north":{"uv":[0,0,0.0625,2.4375],"texture":"#0"},"south":{"uv":[0,0,0.0625,2.4375],"texture":"#0"},"west":{"uv":[0,0,0.25,2.4375],"texture":"#0"},"east":{"uv":[0,0,0.25,2.4375],"texture":"#0"}}},{"from":[-9.5,14.25,26.75],"to":[7.25,25,27],"faces":{"down":{"uv":[0,0,4.1875,0.0625],"texture":"#0"},"up":{"uv":[0,0,4.1875,0.0625],"texture":"#0"},"north":{"uv":[0,0,4.1875,2.6875],"texture":"#0"},"south":{"uv":[0,0,4.1875,2.6875],"texture":"#0"},"west":{"uv":[0,0,0.0625,2.6875],"texture":"#0"},"east":{"uv":[0,0,0.0625,2.6875],"texture":"#0"}}},{"from":[-8.75,15,26.5],"to":[6.5,24.25,26.75],"faces":{"down":{"uv":[0,0,3.8125,0.0625],"texture":"#0"},"up":{"uv":[0,0,3.8125,0.0625],"texture":"#0"},"north":{"uv":[0,0,3.8125,2.3125],"texture":"#0"},"south":{"uv":[0,0,3.8125,2.3125],"texture":"#0"},"west":{"uv":[0,0,0.0625,2.3125],"texture":"#0"},"east":{"uv":[0,0,0.0625,2.3125],"texture":"#0"}}},{"from":[-9.75,14.25,29],"to":[7.25,25,29.25],"faces":{"down":{"uv":[0,0,4.25,0.0625],"texture":"#0"},"up":{"uv":[0,0,4.25,0.0625],"texture":"#0"},"north":{"uv":[0,0,4.25,2.6875],"texture":"#0"},"south":{"uv":[0,0,4.25,2.6875],"texture":"#0"},"west":{"uv":[0,0,0.0625,2.6875],"texture":"#0"},"east":{"uv":[0,0,0.0625,2.6875],"texture":"#0"}}},{"from":[-10.25,13.5,27],"to":[8,25.75,29],"faces":{"down":{"uv":[0,0,4.5625,0.5],"texture":"#0"},"up":{"uv":[0,0,4.5625,0.5],"texture":"#0"},"north":{"uv":[0,0,4.5625,3.0625],"texture":"#0"},"south":{"uv":[0,0,4.5625,3.0625],"texture":"#0"},"west":{"uv":[0,0,0.5,3.0625],"texture":"#0"},"east":{"uv":[0,0,0.5,3.0625],"texture":"#0"}}},{"from":[-14.25,20.5,11],"to":[-13.25,20.75,27.5],"faces":{"down":{"uv":[0,0,4.125,0.5],"texture":"#0"},"up":{"uv":[0,0,4.125,0.5],"texture":"#0"},"north":{"uv":[0,0,4.125,0.5],"texture":"#0"},"south":{"uv":[0,0,4.125,0.5],"texture":"#0"},"west":{"uv":[0,0,4.125,0.5],"texture":"#0"},"east":{"uv":[0,0,4.125,0.5],"texture":"#0"}}},{"from":[-15.5,20,9.75],"to":[-12,20.25,28.75],"faces":{"down":{"uv":[0,0,4.125,0.5],"texture":"#0"},"up":{"uv":[0,0,4.125,0.5],"texture":"#0"},"north":{"uv":[0,0,4.125,0.5],"texture":"#0"},"south":{"uv":[0,0,4.125,0.5],"texture":"#0"},"west":{"uv":[0,0,4.125,0.5],"texture":"#0"},"east":{"uv":[0,0,4.125,0.5],"texture":"#0"}}},{"from":[-15,20.25,10.25],"to":[-12.5,20.5,28.25],"faces":{"down":{"uv":[0,0,4.125,0.5],"texture":"#0"},"up":{"uv":[0,0,4.125,0.5],"texture":"#0"},"north":{"uv":[0,0,4.125,0.5],"texture":"#0"},"south":{"uv":[0,0,4.125,0.5],"texture":"#0"},"west":{"uv":[0,0,4.125,0.5],"texture":"#0"},"east":{"uv":[0,0,4.125,0.5],"texture":"#0"}}},{"from":[-16,18.75,9.25],"to":[-11.5,20,29.25],"faces":{"down":{"uv":[0,0,4.125,0.5],"texture":"#0"},"up":{"uv":[0,0,4.125,0.5],"texture":"#0"},"north":{"uv":[0,0,4.125,0.5],"texture":"#0"},"south":{"uv":[0,0,4.125,0.5],"texture":"#0"},"west":{"uv":[0,0,4.125,0.5],"texture":"#0"},"east":{"uv":[0,0,4.125,0.5],"texture":"#0"}}},{"from":[-12.75,18,14],"to":[-11.25,18.25,28.25],"faces":{"down":{"uv":[0,0,0.375,3.5625],"texture":"#0"},"up":{"uv":[0,0,0.375,3.5625],"texture":"#0"},"north":{"uv":[0,0,0.375,0.0625],"texture":"#0"},"south":{"uv":[0,0,0.375,0.0625],"texture":"#0"},"west":{"uv":[0,0,3.5625,0.0625],"texture":"#0"},"east":{"uv":[0,0,3.5625,0.0625],"texture":"#0"}}},{"from":[-12.75,14,13.25],"to":[-11.25,17.5,13.5],"faces":{"down":{"uv":[0,0,0.375,0.0625],"texture":"#0"},"up":{"uv":[0,0,0.375,0.0625],"texture":"#0"},"north":{"uv":[0,0,0.375,0.875],"texture":"#0"},"south":{"uv":[0,0,0.375,0.875],"texture":"#0"},"west":{"uv":[0,0,0.0625,0.875],"texture":"#0"},"east":{"uv":[0,0,0.0625,0.875],"texture":"#0"}}},{"from":[-12.5,14.75,29],"to":[-11.5,17,29.25],"faces":{"down":{"uv":[0,0,0.25,0.0625],"texture":"#0"},"up":{"uv":[0,0,0.25,0.0625],"texture":"#0"},"north":{"uv":[0,0,0.25,0.5625],"texture":"#0"},"south":{"uv":[0,0,0.25,0.5625],"texture":"#0"},"west":{"uv":[0,0,0.0625,0.5625],"texture":"#0"},"east":{"uv":[0,0,0.0625,0.5625],"texture":"#0"}}},{"from":[-12.75,14,28.75],"to":[-11.25,17.5,29],"faces":{"down":{"uv":[0,0,0.375,0.0625],"texture":"#0"},"up":{"uv":[0,0,0.375,0.0625],"texture":"#0"},"north":{"uv":[0,0,0.375,0.875],"texture":"#0"},"south":{"uv":[0,0,0.375,0.875],"texture":"#0"},"west":{"uv":[0,0,0.0625,0.875],"texture":"#0"},"east":{"uv":[0,0,0.0625,0.875],"texture":"#0"}}},{"from":[-12.5,14.75,13],"to":[-11.5,17,13.25],"faces":{"down":{"uv":[0,0,0.25,0.0625],"texture":"#0"},"up":{"uv":[0,0,0.25,0.0625],"texture":"#0"},"north":{"uv":[0,0,0.25,0.5625],"texture":"#0"},"south":{"uv":[0,0,0.25,0.5625],"texture":"#0"},"west":{"uv":[0,0,0.0625,0.5625],"texture":"#0"},"east":{"uv":[0,0,0.0625,0.5625],"texture":"#0"}}},{"from":[-12.25,13,14.75],"to":[-11.5,13.25,27.5],"faces":{"down":{"uv":[0,0,0.1875,3.1875],"texture":"#0"},"up":{"uv":[0,0,0.1875,3.1875],"texture":"#0"},"north":{"uv":[0,0,0.1875,0.0625],"texture":"#0"},"south":{"uv":[0,0,0.1875,0.0625],"texture":"#0"},"west":{"uv":[0,0,3.1875,0.0625],"texture":"#0"},"east":{"uv":[0,0,3.1875,0.0625],"texture":"#0"}}},{"from":[-12.75,13.25,14],"to":[-11.25,13.5,28.25],"faces":{"down":{"uv":[0,0,0.375,3.5625],"texture":"#0"},"up":{"uv":[0,0,0.375,3.5625],"texture":"#0"},"north":{"uv":[0,0,0.375,0.0625],"texture":"#0"},"south":{"uv":[0,0,0.375,0.0625],"texture":"#0"},"west":{"uv":[0,0,3.5625,0.0625],"texture":"#0"},"east":{"uv":[0,0,3.5625,0.0625],"texture":"#0"}}},{"from":[-12.25,18.25,14.75],"to":[-11.5,18.5,27.5],"faces":{"down":{"uv":[0,0,0.1875,3.1875],"texture":"#0"},"up":{"uv":[0,0,0.1875,3.1875],"texture":"#0"},"north":{"uv":[0,0,0.1875,0.0625],"texture":"#0"},"south":{"uv":[0,0,0.1875,0.0625],"texture":"#0"},"west":{"uv":[0,0,3.1875,0.0625],"texture":"#0"},"east":{"uv":[0,0,3.1875,0.0625],"texture":"#0"}}},{"from":[-11,14,14],"to":[-10.75,17.5,28.25],"faces":{"down":{"uv":[0,0,0.0625,3.5625],"texture":"#0"},"up":{"uv":[0,0,0.0625,3.5625],"texture":"#0"},"north":{"uv":[0,0,0.0625,0.875],"texture":"#0"},"south":{"uv":[0,0,0.0625,0.875],"texture":"#0"},"west":{"uv":[0,0,3.5625,0.875],"texture":"#0"},"east":{"uv":[0,0,3.5625,0.875],"texture":"#0"}}},{"from":[-13.25,14,14],"to":[-13,17.5,28.25],"faces":{"down":{"uv":[0,0,0.0625,3.5625],"texture":"#0"},"up":{"uv":[0,0,0.0625,3.5625],"texture":"#0"},"north":{"uv":[0,0,0.0625,0.875],"texture":"#0"},"south":{"uv":[0,0,0.0625,0.875],"texture":"#0"},"west":{"uv":[0,0,3.5625,0.875],"texture":"#0"},"east":{"uv":[0,0,3.5625,0.875],"texture":"#0"}}},{"from":[-13,13.5,13.5],"to":[-11,18,28.75],"faces":{"down":{"uv":[0,0,0.5,3.8125],"texture":"#0"},"up":{"uv":[0,0,0.5,3.8125],"texture":"#0"},"north":{"uv":[0,0,0.5,1.125],"texture":"#0"},"south":{"uv":[0,0,0.5,1.125],"texture":"#0"},"west":{"uv":[0,0,3.8125,1.125],"texture":"#0"},"east":{"uv":[0,0,3.8125,1.125],"texture":"#0"}}},{"from":[14.75,2.5,12.75],"to":[31,3.25,29.25],"faces":{"down":{"uv":[0,0,0.5,0.5],"texture":"#0"},"up":{"uv":[0,0,0.5,0.5],"texture":"#0"},"north":{"uv":[0,0,0.5,0.5],"texture":"#0"},"south":{"uv":[0,0,0.5,0.5],"texture":"#0"},"west":{"uv":[0,0,0.5,0.5],"texture":"#0"},"east":{"uv":[0,0,0.5,0.5],"texture":"#0"}}},{"from":[-1.25,2.5,12.75],"to":[14.75,3.25,29.25],"faces":{"down":{"uv":[0,0,0.5,0.5],"texture":"#0"},"up":{"uv":[0,0,0.5,0.5],"texture":"#0"},"north":{"uv":[0,0,0.5,0.5],"texture":"#0"},"south":{"uv":[0,0,0.5,0.5],"texture":"#0"},"west":{"uv":[0,0,0.5,0.5],"texture":"#0"},"east":{"uv":[0,0,0.5,0.5],"texture":"#0"}}},{"from":[-14.75,18.75,29.25],"to":[-14.25,25,29.75],"faces":{"down":{"uv":[0,0,0.5,0.5],"texture":"#0"},"up":{"uv":[0,0,0.5,0.5],"texture":"#0"},"north":{"uv":[0,0,0.5,0.5],"texture":"#0"},"south":{"uv":[0,0,0.5,0.5],"texture":"#0"},"west":{"uv":[0,0,0.5,0.5],"texture":"#0"},"east":{"uv":[0,0,0.5,0.5],"texture":"#0"}}},{"from":[-15,18.25,13],"to":[-12.25,18.75,29.75],"faces":{"down":{"uv":[0,0,0.5,0.5],"texture":"#0"},"up":{"uv":[0,0,0.5,0.5],"texture":"#0"},"north":{"uv":[0,0,0.5,0.5],"texture":"#0"},"south":{"uv":[0,0,0.5,0.5],"texture":"#0"},"west":{"uv":[0,0,0.5,0.5],"texture":"#0"},"east":{"uv":[0,0,0.5,0.5],"texture":"#0"}}},{"from":[-14.75,17.25,13],"to":[-14,18.25,29],"faces":{"down":{"uv":[0,0,0.5,0.5],"texture":"#0"},"up":{"uv":[0,0,0.5,0.5],"texture":"#0"},"north":{"uv":[0,0,0.5,0.5],"texture":"#0"},"south":{"uv":[0,0,0.5,0.5],"texture":"#0"},"west":{"uv":[0,0,0.5,0.5],"texture":"#0"},"east":{"uv":[0,0,0.5,0.5],"texture":"#0"}}},{"from":[-14.5,15.25,13],"to":[-14,17.25,29.25],"faces":{"down":{"uv":[0,0,0.5,0.5],"texture":"#0"},"up":{"uv":[0,0,0.5,0.5],"texture":"#0"},"north":{"uv":[0,0,0.5,0.5],"texture":"#0"},"south":{"uv":[0,0,0.5,0.5],"texture":"#0"},"west":{"uv":[0,0,0.5,0.5],"texture":"#0"},"east":{"uv":[0,0,0.5,0.5],"texture":"#0"}}},{"from":[-14.25,12.25,13],"to":[-14,15.25,29.5],"faces":{"down":{"uv":[0,0,0.5,0.5],"texture":"#0"},"up":{"uv":[0,0,0.5,0.5],"texture":"#0"},"north":{"uv":[0,0,0.5,0.5],"texture":"#0"},"south":{"uv":[0,0,0.5,0.5],"texture":"#0"},"west":{"uv":[0,0,0.5,0.5],"texture":"#0"},"east":{"uv":[0,0,0.5,0.5],"texture":"#0"}}},{"from":[-14.25,15.5,12.75],"to":[-14,18.25,13],"faces":{"down":{"uv":[0,0,0.5,0.5],"texture":"#0"},"up":{"uv":[0,0,0.5,0.5],"texture":"#0"},"north":{"uv":[0,0,0.5,0.5],"texture":"#0"},"south":{"uv":[0,0,0.5,0.5],"texture":"#0"},"west":{"uv":[0,0,0.5,0.5],"texture":"#0"},"east":{"uv":[0,0,0.5,0.5],"texture":"#0"}}},{"from":[-14.25,15.25,29.25],"to":[-14,18.25,29.5],"faces":{"down":{"uv":[0,0,0.5,0.5],"texture":"#0"},"up":{"uv":[0,0,0.5,0.5],"texture":"#0"},"north":{"uv":[0,0,0.5,0.5],"texture":"#0"},"south":{"uv":[0,0,0.5,0.5],"texture":"#0"},"west":{"uv":[0,0,0.5,0.5],"texture":"#0"},"east":{"uv":[0,0,0.5,0.5],"texture":"#0"}}},{"from":[-14.25,5,29],"to":[-14,10,29.5],"faces":{"down":{"uv":[0,0,0.5,0.5],"texture":"#0"},"up":{"uv":[0,0,0.5,0.5],"texture":"#0"},"north":{"uv":[0,0,0.5,0.5],"texture":"#0"},"south":{"uv":[0,0,0.5,0.5],"texture":"#0"},"west":{"uv":[0,0,0.5,0.5],"texture":"#0"},"east":{"uv":[0,0,0.5,0.5],"texture":"#0"}}},{"from":[-14.5,5,29],"to":[-14.25,9,29.25],"faces":{"down":{"uv":[0,0,0.5,0.5],"texture":"#0"},"up":{"uv":[0,0,0.5,0.5],"texture":"#0"},"north":{"uv":[0,0,0.5,0.5],"texture":"#0"},"south":{"uv":[0,0,0.5,0.5],"texture":"#0"},"west":{"uv":[0,0,0.5,0.5],"texture":"#0"},"east":{"uv":[0,0,0.5,0.5],"texture":"#0"}}},{"from":[-13.75,4,29.75],"to":[-13.25,18.75,30],"faces":{"down":{"uv":[0,0,0.5,0.5],"texture":"#0"},"up":{"uv":[0,0,0.5,0.5],"texture":"#0"},"north":{"uv":[0,0,0.5,0.5],"texture":"#0"},"south":{"uv":[0,0,0.5,0.5],"texture":"#0"},"west":{"uv":[0,0,0.5,0.5],"texture":"#0"},"east":{"uv":[0,0,0.5,0.5],"texture":"#0"}}},{"from":[-13.5,4,30],"to":[-13.25,18.75,30.25],"faces":{"down":{"uv":[0,0,0.5,0.5],"texture":"#0"},"up":{"uv":[0,0,0.5,0.5],"texture":"#0"},"north":{"uv":[0,0,0.5,0.5],"texture":"#0"},"south":{"uv":[0,0,0.5,0.5],"texture":"#0"},"west":{"uv":[0,0,0.5,0.5],"texture":"#0"},"east":{"uv":[0,0,0.5,0.5],"texture":"#0"}}},{"from":[-14.5,17.25,29],"to":[-14.25,18.25,29.25],"faces":{"down":{"uv":[0,0,0.5,0.5],"texture":"#0"},"up":{"uv":[0,0,0.5,0.5],"texture":"#0"},"north":{"uv":[0,0,0.5,0.5],"texture":"#0"},"south":{"uv":[0,0,0.5,0.5],"texture":"#0"},"west":{"uv":[0,0,0.5,0.5],"texture":"#0"},"east":{"uv":[0,0,0.5,0.5],"texture":"#0"}}},{"from":[-13.75,20.25,30],"to":[-13.25,22.75,30.25],"faces":{"down":{"uv":[0,0,0.5,0.5],"texture":"#0"},"up":{"uv":[0,0,0.5,0.5],"texture":"#0"},"north":{"uv":[0,0,0.5,0.5],"texture":"#0"},"south":{"uv":[0,0,0.5,0.5],"texture":"#0"},"west":{"uv":[0,0,0.5,0.5],"texture":"#0"},"east":{"uv":[0,0,0.5,0.5],"texture":"#0"}}},{"from":[-13.75,22.75,30],"to":[-13.25,24.75,30.5],"faces":{"down":{"uv":[0,0,0.5,0.5],"texture":"#0"},"up":{"uv":[0,0,0.5,0.5],"texture":"#0"},"north":{"uv":[0,0,0.5,0.5],"texture":"#0"},"south":{"uv":[0,0,0.5,0.5],"texture":"#0"},"west":{"uv":[0,0,0.5,0.5],"texture":"#0"},"east":{"uv":[0,0,0.5,0.5],"texture":"#0"}}},{"from":[-13.75,24.75,30],"to":[-13.25,26.25,30.75],"faces":{"down":{"uv":[0,0,0.5,0.5],"texture":"#0"},"up":{"uv":[0,0,0.5,0.5],"texture":"#0"},"north":{"uv":[0,0,0.5,0.5],"texture":"#0"},"south":{"uv":[0,0,0.5,0.5],"texture":"#0"},"west":{"uv":[0,0,0.5,0.5],"texture":"#0"},"east":{"uv":[0,0,0.5,0.5],"texture":"#0"}}},{"from":[-13.75,18.75,29.25],"to":[-13.25,25.75,30],"faces":{"down":{"uv":[0,0,0.5,0.5],"texture":"#0"},"up":{"uv":[0,0,0.5,0.5],"texture":"#0"},"north":{"uv":[0,0,0.5,0.5],"texture":"#0"},"south":{"uv":[0,0,0.5,0.5],"texture":"#0"},"west":{"uv":[0,0,0.5,0.5],"texture":"#0"},"east":{"uv":[0,0,0.5,0.5],"texture":"#0"}}},{"from":[-14.25,18.75,29.25],"to":[-13.75,25.25,29.75],"faces":{"down":{"uv":[0,0,0.5,0.5],"texture":"#0"},"up":{"uv":[0,0,0.5,0.5],"texture":"#0"},"north":{"uv":[0,0,0.5,0.5],"texture":"#0"},"south":{"uv":[0,0,0.5,0.5],"texture":"#0"},"west":{"uv":[0,0,0.5,0.5],"texture":"#0"},"east":{"uv":[0,0,0.5,0.5],"texture":"#0"}}},{"from":[-14.25,19.75,29.75],"to":[-13.75,22.25,30],"faces":{"down":{"uv":[0,0,0.5,0.5],"texture":"#0"},"up":{"uv":[0,0,0.5,0.5],"texture":"#0"},"north":{"uv":[0,0,0.5,0.5],"texture":"#0"},"south":{"uv":[0,0,0.5,0.5],"texture":"#0"},"west":{"uv":[0,0,0.5,0.5],"texture":"#0"},"east":{"uv":[0,0,0.5,0.5],"texture":"#0"}}},{"from":[-14.25,22.25,29.75],"to":[-13.75,24.75,30.25],"faces":{"down":{"uv":[0,0,0.5,0.5],"texture":"#0"},"up":{"uv":[0,0,0.5,0.5],"texture":"#0"},"north":{"uv":[0,0,0.5,0.5],"texture":"#0"},"south":{"uv":[0,0,0.5,0.5],"texture":"#0"},"west":{"uv":[0,0,0.5,0.5],"texture":"#0"},"east":{"uv":[0,0,0.5,0.5],"texture":"#0"}}},{"from":[-14.75,21.75,29.75],"to":[-14.25,24.75,30],"faces":{"down":{"uv":[0,0,0.5,0.5],"texture":"#0"},"up":{"uv":[0,0,0.5,0.5],"texture":"#0"},"north":{"uv":[0,0,0.5,0.5],"texture":"#0"},"south":{"uv":[0,0,0.5,0.5],"texture":"#0"},"west":{"uv":[0,0,0.5,0.5],"texture":"#0"},"east":{"uv":[0,0,0.5,0.5],"texture":"#0"}}},{"from":[-15,18.75,29.25],"to":[-14.75,23.75,29.5],"faces":{"down":{"uv":[0,0,0.5,0.5],"texture":"#0"},"up":{"uv":[0,0,0.5,0.5],"texture":"#0"},"north":{"uv":[0,0,0.5,0.5],"texture":"#0"},"south":{"uv":[0,0,0.5,0.5],"texture":"#0"},"west":{"uv":[0,0,0.5,0.5],"texture":"#0"},"east":{"uv":[0,0,0.5,0.5],"texture":"#0"}}},{"from":[-14.25,10,-3.5],"to":[-13.5,11,29.5],"faces":{"down":{"uv":[0,0,0.5,0.5],"texture":"#0"},"up":{"uv":[0,0,0.5,0.5],"texture":"#0"},"north":{"uv":[0,0,0.5,0.5],"texture":"#0"},"south":{"uv":[0,0,0.5,0.5],"texture":"#0"},"west":{"uv":[0,0,0.5,0.5],"texture":"#0"},"east":{"uv":[0,0,0.5,0.5],"texture":"#0"}}},{"from":[-14.5,9,-4.25],"to":[-13.75,10,29],"faces":{"down":{"uv":[0,0,0.5,0.5],"texture":"#0"},"up":{"uv":[0,0,0.5,0.5],"texture":"#0"},"north":{"uv":[0,0,0.5,0.5],"texture":"#0"},"south":{"uv":[0,0,0.5,0.5],"texture":"#0"},"west":{"uv":[0,0,0.5,0.5],"texture":"#0"},"east":{"uv":[0,0,0.5,0.5],"texture":"#0"}}},{"from":[-14.75,5,-4.75],"to":[-14,9,29],"faces":{"down":{"uv":[0,0,0.5,0.5],"texture":"#0"},"up":{"uv":[0,0,0.5,0.5],"texture":"#0"},"north":{"uv":[0,0,0.5,0.5],"texture":"#0"},"south":{"uv":[0,0,0.5,0.5],"texture":"#0"},"west":{"uv":[0,0,0.5,0.5],"texture":"#0"},"east":{"uv":[0,0,0.5,0.5],"texture":"#0"}}},{"from":[-14.25,4,-4.25],"to":[-13.5,5,29.5],"faces":{"down":{"uv":[0,0,0.5,0.5],"texture":"#0"},"up":{"uv":[0,0,0.5,0.5],"texture":"#0"},"north":{"uv":[0,0,0.5,0.5],"texture":"#0"},"south":{"uv":[0,0,0.5,0.5],"texture":"#0"},"west":{"uv":[0,0,0.5,0.5],"texture":"#0"},"east":{"uv":[0,0,0.5,0.5],"texture":"#0"}}},{"from":[-14,3.25,13],"to":[-13.25,18.25,29.75],"faces":{"down":{"uv":[0,0,0.5,0.5],"texture":"#0"},"up":{"uv":[0,0,0.5,0.5],"texture":"#0"},"north":{"uv":[0,0,0.5,0.5],"texture":"#0"},"south":{"uv":[0,0,0.5,0.5],"texture":"#0"},"west":{"uv":[0,0,0.5,0.5],"texture":"#0"},"east":{"uv":[0,0,0.5,0.5],"texture":"#0"}}},{"from":[-13.75,3.25,-3.5],"to":[-13,4,13],"faces":{"down":{"uv":[0,0,0.5,0.5],"texture":"#0"},"up":{"uv":[0,0,0.5,0.5],"texture":"#0"},"north":{"uv":[0,0,0.5,0.5],"texture":"#0"},"south":{"uv":[0,0,0.5,0.5],"texture":"#0"},"west":{"uv":[0,0,0.5,0.5],"texture":"#0"},"east":{"uv":[0,0,0.5,0.5],"texture":"#0"}}},{"from":[-13.25,2.5,12.75],"to":[-1.25,3.25,29.25],"faces":{"down":{"uv":[0,0,0.5,0.5],"texture":"#0"},"up":{"uv":[0,0,0.5,0.5],"texture":"#0"},"north":{"uv":[0,0,0.5,0.5],"texture":"#0"},"south":{"uv":[0,0,0.5,0.5],"texture":"#0"},"west":{"uv":[0,0,0.5,0.5],"texture":"#0"},"east":{"uv":[0,0,0.5,0.5],"texture":"#0"}}},{"from":[-13.25,2.5,-3.75],"to":[-1.25,3.25,12.75],"faces":{"down":{"uv":[0,0,0.5,0.5],"texture":"#0"},"up":{"uv":[0,0,0.5,0.5],"texture":"#0"},"north":{"uv":[0,0,0.5,0.5],"texture":"#0"},"south":{"uv":[0,0,0.5,0.5],"texture":"#0"},"west":{"uv":[0,0,0.5,0.5],"texture":"#0"},"east":{"uv":[0,0,0.5,0.5],"texture":"#0"}}},{"from":[-14,17.25,12],"to":[-13.25,18.25,13],"faces":{"down":{"uv":[0,0,0.5,0.5],"texture":"#0"},"up":{"uv":[0,0,0.5,0.5],"texture":"#0"},"north":{"uv":[0,0,0.5,0.5],"texture":"#0"},"south":{"uv":[0,0,0.5,0.5],"texture":"#0"},"west":{"uv":[0,0,0.5,0.5],"texture":"#0"},"east":{"uv":[0,0,0.5,0.5],"texture":"#0"}}},{"from":[-14,16,12.25],"to":[-13.25,17.25,13],"faces":{"down":{"uv":[0,0,0.5,0.5],"texture":"#0"},"up":{"uv":[0,0,0.5,0.5],"texture":"#0"},"north":{"uv":[0,0,0.5,0.5],"texture":"#0"},"south":{"uv":[0,0,0.5,0.5],"texture":"#0"},"west":{"uv":[0,0,0.5,0.5],"texture":"#0"},"east":{"uv":[0,0,0.5,0.5],"texture":"#0"}}},{"from":[-14,14.25,12.5],"to":[-13.25,16,13],"faces":{"down":{"uv":[0,0,0.5,0.5],"texture":"#0"},"up":{"uv":[0,0,0.5,0.5],"texture":"#0"},"north":{"uv":[0,0,0.5,0.5],"texture":"#0"},"south":{"uv":[0,0,0.5,0.5],"texture":"#0"},"west":{"uv":[0,0,0.5,0.5],"texture":"#0"},"east":{"uv":[0,0,0.5,0.5],"texture":"#0"}}},{"from":[-14,13,12.25],"to":[-13.25,14.25,13],"faces":{"down":{"uv":[0,0,0.5,0.5],"texture":"#0"},"up":{"uv":[0,0,0.5,0.5],"texture":"#0"},"north":{"uv":[0,0,0.5,0.5],"texture":"#0"},"south":{"uv":[0,0,0.5,0.5],"texture":"#0"},"west":{"uv":[0,0,0.5,0.5],"texture":"#0"},"east":{"uv":[0,0,0.5,0.5],"texture":"#0"}}},{"from":[-14,12,12],"to":[-13.25,13,13],"faces":{"down":{"uv":[0,0,0.5,0.5],"texture":"#0"},"up":{"uv":[0,0,0.5,0.5],"texture":"#0"},"north":{"uv":[0,0,0.5,0.5],"texture":"#0"},"south":{"uv":[0,0,0.5,0.5],"texture":"#0"},"west":{"uv":[0,0,0.5,0.5],"texture":"#0"},"east":{"uv":[0,0,0.5,0.5],"texture":"#0"}}},{"from":[-15,18.5,10.25],"to":[-12.25,18.75,13],"faces":{"down":{"uv":[0,0,0.5,0.5],"texture":"#0"},"up":{"uv":[0,0,0.5,0.5],"texture":"#0"},"north":{"uv":[0,0,0.5,0.5],"texture":"#0"},"south":{"uv":[0,0,0.5,0.5],"texture":"#0"},"west":{"uv":[0,0,0.5,0.5],"texture":"#0"},"east":{"uv":[0,0,0.5,0.5],"texture":"#0"}}},{"from":[-14.5,18.25,10.75],"to":[-12.75,18.5,13],"faces":{"down":{"uv":[0,0,0.5,0.5],"texture":"#0"},"up":{"uv":[0,0,0.5,0.5],"texture":"#0"},"north":{"uv":[0,0,0.5,0.5],"texture":"#0"},"south":{"uv":[0,0,0.5,0.5],"texture":"#0"},"west":{"uv":[0,0,0.5,0.5],"texture":"#0"},"east":{"uv":[0,0,0.5,0.5],"texture":"#0"}}},{"from":[-13.25,11.25,29.25],"to":[-1.25,26.25,30.25],"faces":{"down":{"uv":[0,0,0.5,0.5],"texture":"#0"},"up":{"uv":[0,0,0.5,0.5],"texture":"#0"},"north":{"uv":[0,0,0.5,0.5],"texture":"#0"},"south":{"uv":[0,0,0.5,0.5],"texture":"#0"},"west":{"uv":[0,0,0.5,0.5],"texture":"#0"},"east":{"uv":[0,0,0.5,0.5],"texture":"#0"}}},{"from":[-13.25,24.75,30.25],"to":[-1.25,26.75,31.25],"faces":{"down":{"uv":[0,0,0.5,0.5],"texture":"#0"},"up":{"uv":[0,0,0.5,0.5],"texture":"#0"},"north":{"uv":[0,0,0.5,0.5],"texture":"#0"},"south":{"uv":[0,0,0.5,0.5],"texture":"#0"},"west":{"uv":[0,0,0.5,0.5],"texture":"#0"},"east":{"uv":[0,0,0.5,0.5],"texture":"#0"}}},{"from":[-13.25,22.75,30.25],"to":[-1.25,24.75,31],"faces":{"down":{"uv":[0,0,0.5,0.5],"texture":"#0"},"up":{"uv":[0,0,0.5,0.5],"texture":"#0"},"north":{"uv":[0,0,0.5,0.5],"texture":"#0"},"south":{"uv":[0,0,0.5,0.5],"texture":"#0"},"west":{"uv":[0,0,0.5,0.5],"texture":"#0"},"east":{"uv":[0,0,0.5,0.5],"texture":"#0"}}},{"from":[-13.25,20.25,30.25],"to":[-1.25,22.75,30.75],"faces":{"down":{"uv":[0,0,0.5,0.5],"texture":"#0"},"up":{"uv":[0,0,0.5,0.5],"texture":"#0"},"north":{"uv":[0,0,0.5,0.5],"texture":"#0"},"south":{"uv":[0,0,0.5,0.5],"texture":"#0"},"west":{"uv":[0,0,0.5,0.5],"texture":"#0"},"east":{"uv":[0,0,0.5,0.5],"texture":"#0"}}},{"from":[-13.25,17.25,30.25],"to":[-1.25,20.25,30.5],"faces":{"down":{"uv":[0,0,0.5,0.5],"texture":"#0"},"up":{"uv":[0,0,0.5,0.5],"texture":"#0"},"north":{"uv":[0,0,0.5,0.5],"texture":"#0"},"south":{"uv":[0,0,0.5,0.5],"texture":"#0"},"west":{"uv":[0,0,0.5,0.5],"texture":"#0"},"east":{"uv":[0,0,0.5,0.5],"texture":"#0"}}},{"from":[-13.25,7.75,30.25],"to":[-1.25,10.25,30.75],"faces":{"down":{"uv":[0,0,0.5,0.5],"texture":"#0"},"up":{"uv":[0,0,0.5,0.5],"texture":"#0"},"north":{"uv":[0,0,0.5,0.5],"texture":"#0"},"south":{"uv":[0,0,0.5,0.5],"texture":"#0"},"west":{"uv":[0,0,0.5,0.5],"texture":"#0"},"east":{"uv":[0,0,0.5,0.5],"texture":"#0"}}},{"from":[-13.25,4.75,30.25],"to":[-1.25,7.75,30.5],"faces":{"down":{"uv":[0,0,0.5,0.5],"texture":"#0"},"up":{"uv":[0,0,0.5,0.5],"texture":"#0"},"north":{"uv":[0,0,0.5,0.5],"texture":"#0"},"south":{"uv":[0,0,0.5,0.5],"texture":"#0"},"west":{"uv":[0,0,0.5,0.5],"texture":"#0"},"east":{"uv":[0,0,0.5,0.5],"texture":"#0"}}},{"from":[-13.25,10.25,30.25],"to":[-1.25,13.25,30.5],"faces":{"down":{"uv":[0,0,0.5,0.5],"texture":"#0"},"up":{"uv":[0,0,0.5,0.5],"texture":"#0"},"north":{"uv":[0,0,0.5,0.5],"texture":"#0"},"south":{"uv":[0,0,0.5,0.5],"texture":"#0"},"west":{"uv":[0,0,0.5,0.5],"texture":"#0"},"east":{"uv":[0,0,0.5,0.5],"texture":"#0"}}},{"from":[-13.25,4,29],"to":[-1.25,11.25,30.25],"faces":{"down":{"uv":[0,0,0.5,0.5],"texture":"#0"},"up":{"uv":[0,0,0.5,0.5],"texture":"#0"},"north":{"uv":[0,0,0.5,0.5],"texture":"#0"},"south":{"uv":[0,0,0.5,0.5],"texture":"#0"},"west":{"uv":[0,0,0.5,0.5],"texture":"#0"},"east":{"uv":[0,0,0.5,0.5],"texture":"#0"}}},{"from":[-13.25,3.25,28.5],"to":[-1.25,4,29.75],"faces":{"down":{"uv":[0,0,0.5,0.5],"texture":"#0"},"up":{"uv":[0,0,0.5,0.5],"texture":"#0"},"north":{"uv":[0,0,0.5,0.5],"texture":"#0"},"south":{"uv":[0,0,0.5,0.5],"texture":"#0"},"west":{"uv":[0,0,0.5,0.5],"texture":"#0"},"east":{"uv":[0,0,0.5,0.5],"texture":"#0"}}},{"from":[-1.25,11.25,29.25],"to":[14.75,26.25,30.25],"faces":{"down":{"uv":[0,0,0.5,0.5],"texture":"#0"},"up":{"uv":[0,0,0.5,0.5],"texture":"#0"},"north":{"uv":[0,0,0.5,0.5],"texture":"#0"},"south":{"uv":[0,0,0.5,0.5],"texture":"#0"},"west":{"uv":[0,0,0.5,0.5],"texture":"#0"},"east":{"uv":[0,0,0.5,0.5],"texture":"#0"}}},{"from":[-1.25,24.75,30.25],"to":[14.75,26.75,31.25],"faces":{"down":{"uv":[0,0,0.5,0.5],"texture":"#0"},"up":{"uv":[0,0,0.5,0.5],"texture":"#0"},"north":{"uv":[0,0,0.5,0.5],"texture":"#0"},"south":{"uv":[0,0,0.5,0.5],"texture":"#0"},"west":{"uv":[0,0,0.5,0.5],"texture":"#0"},"east":{"uv":[0,0,0.5,0.5],"texture":"#0"}}},{"from":[-10.25,26.25,30],"to":[28,27.5,30.75],"faces":{"down":{"uv":[0,0,0.5,0.5],"texture":"#0"},"up":{"uv":[0,0,0.5,0.5],"texture":"#0"},"north":{"uv":[0,0,0.5,0.5],"texture":"#0"},"south":{"uv":[0,0,0.5,0.5],"texture":"#0"},"west":{"uv":[0,0,0.5,0.5],"texture":"#0"},"east":{"uv":[0,0,0.5,0.5],"texture":"#0"}}},{"from":[-1.25,22.75,30.25],"to":[14.75,24.75,31],"faces":{"down":{"uv":[0,0,0.5,0.5],"texture":"#0"},"up":{"uv":[0,0,0.5,0.5],"texture":"#0"},"north":{"uv":[0,0,0.5,0.5],"texture":"#0"},"south":{"uv":[0,0,0.5,0.5],"texture":"#0"},"west":{"uv":[0,0,0.5,0.5],"texture":"#0"},"east":{"uv":[0,0,0.5,0.5],"texture":"#0"}}},{"from":[-1.25,20.25,30.25],"to":[14.75,22.75,30.75],"faces":{"down":{"uv":[0,0,0.5,0.5],"texture":"#0"},"up":{"uv":[0,0,0.5,0.5],"texture":"#0"},"north":{"uv":[0,0,0.5,0.5],"texture":"#0"},"south":{"uv":[0,0,0.5,0.5],"texture":"#0"},"west":{"uv":[0,0,0.5,0.5],"texture":"#0"},"east":{"uv":[0,0,0.5,0.5],"texture":"#0"}}},{"from":[-1.25,17.25,30.25],"to":[14.75,20.25,30.5],"faces":{"down":{"uv":[0,0,0.5,0.5],"texture":"#0"},"up":{"uv":[0,0,0.5,0.5],"texture":"#0"},"north":{"uv":[0,0,0.5,0.5],"texture":"#0"},"south":{"uv":[0,0,0.5,0.5],"texture":"#0"},"west":{"uv":[0,0,0.5,0.5],"texture":"#0"},"east":{"uv":[0,0,0.5,0.5],"texture":"#0"}}},{"from":[-1.25,7.75,30.25],"to":[14.75,10.25,30.75],"faces":{"down":{"uv":[0,0,0.5,0.5],"texture":"#0"},"up":{"uv":[0,0,0.5,0.5],"texture":"#0"},"north":{"uv":[0,0,0.5,0.5],"texture":"#0"},"south":{"uv":[0,0,0.5,0.5],"texture":"#0"},"west":{"uv":[0,0,0.5,0.5],"texture":"#0"},"east":{"uv":[0,0,0.5,0.5],"texture":"#0"}}},{"from":[-1.25,4.75,30.25],"to":[14.75,7.75,30.5],"faces":{"down":{"uv":[0,0,0.5,0.5],"texture":"#0"},"up":{"uv":[0,0,0.5,0.5],"texture":"#0"},"north":{"uv":[0,0,0.5,0.5],"texture":"#0"},"south":{"uv":[0,0,0.5,0.5],"texture":"#0"},"west":{"uv":[0,0,0.5,0.5],"texture":"#0"},"east":{"uv":[0,0,0.5,0.5],"texture":"#0"}}},{"from":[-1.25,10.25,30.25],"to":[14.75,13.25,30.5],"faces":{"down":{"uv":[0,0,0.5,0.5],"texture":"#0"},"up":{"uv":[0,0,0.5,0.5],"texture":"#0"},"north":{"uv":[0,0,0.5,0.5],"texture":"#0"},"south":{"uv":[0,0,0.5,0.5],"texture":"#0"},"west":{"uv":[0,0,0.5,0.5],"texture":"#0"},"east":{"uv":[0,0,0.5,0.5],"texture":"#0"}}},{"from":[-1.25,4,29],"to":[14.75,11.25,30.25],"faces":{"down":{"uv":[0,0,0.5,0.5],"texture":"#0"},"up":{"uv":[0,0,0.5,0.5],"texture":"#0"},"north":{"uv":[0,0,0.5,0.5],"texture":"#0"},"south":{"uv":[0,0,0.5,0.5],"texture":"#0"},"west":{"uv":[0,0,0.5,0.5],"texture":"#0"},"east":{"uv":[0,0,0.5,0.5],"texture":"#0"}}},{"from":[-1.25,3.25,28.5],"to":[14.75,4,29.75],"faces":{"down":{"uv":[0,0,0.5,0.5],"texture":"#0"},"up":{"uv":[0,0,0.5,0.5],"texture":"#0"},"north":{"uv":[0,0,0.5,0.5],"texture":"#0"},"south":{"uv":[0,0,0.5,0.5],"texture":"#0"},"west":{"uv":[0,0,0.5,0.5],"texture":"#0"},"east":{"uv":[0,0,0.5,0.5],"texture":"#0"}}},{"from":[14.75,11.25,29.25],"to":[31,26.25,30.25],"faces":{"down":{"uv":[0,0,0.5,0.5],"texture":"#0"},"up":{"uv":[0,0,0.5,0.5],"texture":"#0"},"north":{"uv":[0,0,0.5,0.5],"texture":"#0"},"south":{"uv":[0,0,0.5,0.5],"texture":"#0"},"west":{"uv":[0,0,0.5,0.5],"texture":"#0"},"east":{"uv":[0,0,0.5,0.5],"texture":"#0"}}},{"from":[14.75,24.75,30.25],"to":[30.25,26.75,31.25],"faces":{"down":{"uv":[0,0,0.5,0.5],"texture":"#0"},"up":{"uv":[0,0,0.5,0.5],"texture":"#0"},"north":{"uv":[0,0,0.5,0.5],"texture":"#0"},"south":{"uv":[0,0,0.5,0.5],"texture":"#0"},"west":{"uv":[0,0,0.5,0.5],"texture":"#0"},"east":{"uv":[0,0,0.5,0.5],"texture":"#0"}}},{"from":[14.75,22.75,30.25],"to":[30.5,24.75,31],"faces":{"down":{"uv":[0,0,0.5,0.5],"texture":"#0"},"up":{"uv":[0,0,0.5,0.5],"texture":"#0"},"north":{"uv":[0,0,0.5,0.5],"texture":"#0"},"south":{"uv":[0,0,0.5,0.5],"texture":"#0"},"west":{"uv":[0,0,0.5,0.5],"texture":"#0"},"east":{"uv":[0,0,0.5,0.5],"texture":"#0"}}},{"from":[14.75,20.25,30.25],"to":[30.75,22.75,30.75],"faces":{"down":{"uv":[0,0,0.5,0.5],"texture":"#0"},"up":{"uv":[0,0,0.5,0.5],"texture":"#0"},"north":{"uv":[0,0,0.5,0.5],"texture":"#0"},"south":{"uv":[0,0,0.5,0.5],"texture":"#0"},"west":{"uv":[0,0,0.5,0.5],"texture":"#0"},"east":{"uv":[0,0,0.5,0.5],"texture":"#0"}}},{"from":[14.75,17.25,30.25],"to":[31,20.25,30.5],"faces":{"down":{"uv":[0,0,0.5,0.5],"texture":"#0"},"up":{"uv":[0,0,0.5,0.5],"texture":"#0"},"north":{"uv":[0,0,0.5,0.5],"texture":"#0"},"south":{"uv":[0,0,0.5,0.5],"texture":"#0"},"west":{"uv":[0,0,0.5,0.5],"texture":"#0"},"east":{"uv":[0,0,0.5,0.5],"texture":"#0"}}},{"from":[14.75,7.75,30.25],"to":[31,10.25,30.75],"faces":{"down":{"uv":[0,0,0.5,0.5],"texture":"#0"},"up":{"uv":[0,0,0.5,0.5],"texture":"#0"},"north":{"uv":[0,0,0.5,0.5],"texture":"#0"},"south":{"uv":[0,0,0.5,0.5],"texture":"#0"},"west":{"uv":[0,0,0.5,0.5],"texture":"#0"},"east":{"uv":[0,0,0.5,0.5],"texture":"#0"}}},{"from":[14.75,4.75,30.25],"to":[31,7.75,30.5],"faces":{"down":{"uv":[0,0,0.5,0.5],"texture":"#0"},"up":{"uv":[0,0,0.5,0.5],"texture":"#0"},"north":{"uv":[0,0,0.5,0.5],"texture":"#0"},"south":{"uv":[0,0,0.5,0.5],"texture":"#0"},"west":{"uv":[0,0,0.5,0.5],"texture":"#0"},"east":{"uv":[0,0,0.5,0.5],"texture":"#0"}}},{"from":[14.75,10.25,30.25],"to":[31,13.25,30.5],"faces":{"down":{"uv":[0,0,0.5,0.5],"texture":"#0"},"up":{"uv":[0,0,0.5,0.5],"texture":"#0"},"north":{"uv":[0,0,0.5,0.5],"texture":"#0"},"south":{"uv":[0,0,0.5,0.5],"texture":"#0"},"west":{"uv":[0,0,0.5,0.5],"texture":"#0"},"east":{"uv":[0,0,0.5,0.5],"texture":"#0"}}},{"from":[14.75,4,29],"to":[31,11.25,30.25],"faces":{"down":{"uv":[0,0,0.5,0.5],"texture":"#0"},"up":{"uv":[0,0,0.5,0.5],"texture":"#0"},"north":{"uv":[0,0,0.5,0.5],"texture":"#0"},"south":{"uv":[0,0,0.5,0.5],"texture":"#0"},"west":{"uv":[0,0,0.5,0.5],"texture":"#0"},"east":{"uv":[0,0,0.5,0.5],"texture":"#0"}}},{"from":[14.75,3.25,28.5],"to":[31,4,29.75],"faces":{"down":{"uv":[0,0,0.5,0.5],"texture":"#0"},"up":{"uv":[0,0,0.5,0.5],"texture":"#0"},"north":{"uv":[0,0,0.5,0.5],"texture":"#0"},"south":{"uv":[0,0,0.5,0.5],"texture":"#0"},"west":{"uv":[0,0,0.5,0.5],"texture":"#0"},"east":{"uv":[0,0,0.5,0.5],"texture":"#0"}}},{"from":[31,10,12.75],"to":[32,11,21],"faces":{"down":{"uv":[0,0,0.5,0.5],"texture":"#0"},"up":{"uv":[0,0,0.5,0.5],"texture":"#0"},"north":{"uv":[0,0,0.5,0.5],"texture":"#0"},"south":{"uv":[0,0,0.5,0.5],"texture":"#0"},"west":{"uv":[0,0,0.5,0.5],"texture":"#0"},"east":{"uv":[0,0,0.5,0.5],"texture":"#0"}}},{"from":[31,3.25,20.25],"to":[31.25,5.25,29],"faces":{"down":{"uv":[0,0,0.5,0.5],"texture":"#0"},"up":{"uv":[0,0,0.5,0.5],"texture":"#0"},"north":{"uv":[0,0,0.5,0.5],"texture":"#0"},"south":{"uv":[0,0,0.5,0.5],"texture":"#0"},"west":{"uv":[0,0,0.5,0.5],"texture":"#0"},"east":{"uv":[0,0,0.5,0.5],"texture":"#0"}}},{"from":[31,14.75,19.5],"to":[31.5,16,20.25],"faces":{"down":{"uv":[0,0,0.5,0.5],"texture":"#0"},"up":{"uv":[0,0,0.5,0.5],"texture":"#0"},"north":{"uv":[0,0,0.5,0.5],"texture":"#0"},"south":{"uv":[0,0,0.5,0.5],"texture":"#0"},"west":{"uv":[0,0,0.5,0.5],"texture":"#0"},"east":{"uv":[0,0,0.5,0.5],"texture":"#0"}}},{"from":[31,12.75,19.75],"to":[31.5,14.75,20.25],"faces":{"down":{"uv":[0,0,0.5,0.5],"texture":"#0"},"up":{"uv":[0,0,0.5,0.5],"texture":"#0"},"north":{"uv":[0,0,0.5,0.5],"texture":"#0"},"south":{"uv":[0,0,0.5,0.5],"texture":"#0"},"west":{"uv":[0,0,0.5,0.5],"texture":"#0"},"east":{"uv":[0,0,0.5,0.5],"texture":"#0"}}},{"from":[31,16,19.25],"to":[31.5,17,20.25],"faces":{"down":{"uv":[0,0,0.5,0.5],"texture":"#0"},"up":{"uv":[0,0,0.5,0.5],"texture":"#0"},"north":{"uv":[0,0,0.5,0.5],"texture":"#0"},"south":{"uv":[0,0,0.5,0.5],"texture":"#0"},"west":{"uv":[0,0,0.5,0.5],"texture":"#0"},"east":{"uv":[0,0,0.5,0.5],"texture":"#0"}}},{"from":[31.75,9.75,21],"to":[32,17.25,28.75],"faces":{"down":{"uv":[0,0,0.5,0.5],"texture":"#0"},"up":{"uv":[0,0,0.5,0.5],"texture":"#0"},"north":{"uv":[0,0,0.5,0.5],"texture":"#0"},"south":{"uv":[0,0,0.5,0.5],"texture":"#0"},"west":{"uv":[0,0,0.5,0.5],"texture":"#0"},"east":{"uv":[0,0,0.5,0.5],"texture":"#0"}}},{"from":[31.5,13.5,20],"to":[31.75,17,29.75],"faces":{"down":{"uv":[0,0,0.5,0.5],"texture":"#0"},"up":{"uv":[0,0,0.5,0.5],"texture":"#0"},"north":{"uv":[0,0,0.5,0.5],"texture":"#0"},"south":{"uv":[0,0,0.5,0.5],"texture":"#0"},"west":{"uv":[0,0,0.5,0.5],"texture":"#0"},"east":{"uv":[0,0,0.5,0.5],"texture":"#0"}}},{"from":[31.5,8.75,20.5],"to":[31.75,13.5,29.75],"faces":{"down":{"uv":[0,0,0.5,0.5],"texture":"#0"},"up":{"uv":[0,0,0.5,0.5],"texture":"#0"},"north":{"uv":[0,0,0.5,0.5],"texture":"#0"},"south":{"uv":[0,0,0.5,0.5],"texture":"#0"},"west":{"uv":[0,0,0.5,0.5],"texture":"#0"},"east":{"uv":[0,0,0.5,0.5],"texture":"#0"}}},{"from":[31,3.25,12.75],"to":[31.25,4,20.25],"faces":{"down":{"uv":[0,0,0.5,0.5],"texture":"#0"},"up":{"uv":[0,0,0.5,0.5],"texture":"#0"},"north":{"uv":[0,0,0.5,0.5],"texture":"#0"},"south":{"uv":[0,0,0.5,0.5],"texture":"#0"},"west":{"uv":[0,0,0.5,0.5],"texture":"#0"},"east":{"uv":[0,0,0.5,0.5],"texture":"#0"}}},{"from":[31,4,12.25],"to":[31.25,5,20.25],"faces":{"down":{"uv":[0,0,0.5,0.5],"texture":"#0"},"up":{"uv":[0,0,0.5,0.5],"texture":"#0"},"north":{"uv":[0,0,0.5,0.5],"texture":"#0"},"south":{"uv":[0,0,0.5,0.5],"texture":"#0"},"west":{"uv":[0,0,0.5,0.5],"texture":"#0"},"east":{"uv":[0,0,0.5,0.5],"texture":"#0"}}},{"from":[31,5,11.75],"to":[31.5,9,20.25],"faces":{"down":{"uv":[0,0,0.5,0.5],"texture":"#0"},"up":{"uv":[0,0,0.5,0.5],"texture":"#0"},"north":{"uv":[0,0,0.5,0.5],"texture":"#0"},"south":{"uv":[0,0,0.5,0.5],"texture":"#0"},"west":{"uv":[0,0,0.5,0.5],"texture":"#0"},"east":{"uv":[0,0,0.5,0.5],"texture":"#0"}}},{"from":[31,9,12.25],"to":[31.75,10,20.5],"faces":{"down":{"uv":[0,0,0.5,0.5],"texture":"#0"},"up":{"uv":[0,0,0.5,0.5],"texture":"#0"},"north":{"uv":[0,0,0.5,0.5],"texture":"#0"},"south":{"uv":[0,0,0.5,0.5],"texture":"#0"},"west":{"uv":[0,0,0.5,0.5],"texture":"#0"},"east":{"uv":[0,0,0.5,0.5],"texture":"#0"}}},{"from":[31,11,13.75],"to":[32,12,21],"faces":{"down":{"uv":[0,0,0.5,0.5],"texture":"#0"},"up":{"uv":[0,0,0.5,0.5],"texture":"#0"},"north":{"uv":[0,0,0.5,0.5],"texture":"#0"},"south":{"uv":[0,0,0.5,0.5],"texture":"#0"},"west":{"uv":[0,0,0.5,0.5],"texture":"#0"},"east":{"uv":[0,0,0.5,0.5],"texture":"#0"}}},{"from":[31,12,15.5],"to":[32,13,21],"faces":{"down":{"uv":[0,0,0.5,0.5],"texture":"#0"},"up":{"uv":[0,0,0.5,0.5],"texture":"#0"},"north":{"uv":[0,0,0.5,0.5],"texture":"#0"},"south":{"uv":[0,0,0.5,0.5],"texture":"#0"},"west":{"uv":[0,0,0.5,0.5],"texture":"#0"},"east":{"uv":[0,0,0.5,0.5],"texture":"#0"}}},{"from":[31,4,29],"to":[31.5,18.75,30],"faces":{"down":{"uv":[0,0,0.5,0.5],"texture":"#0"},"up":{"uv":[0,0,0.5,0.5],"texture":"#0"},"north":{"uv":[0,0,0.5,0.5],"texture":"#0"},"south":{"uv":[0,0,0.5,0.5],"texture":"#0"},"west":{"uv":[0,0,0.5,0.5],"texture":"#0"},"east":{"uv":[0,0,0.5,0.5],"texture":"#0"}}},{"from":[31,5.25,20.25],"to":[31.5,16.25,29],"faces":{"down":{"uv":[0,0,0.5,0.5],"texture":"#0"},"up":{"uv":[0,0,0.5,0.5],"texture":"#0"},"north":{"uv":[0,0,0.5,0.5],"texture":"#0"},"south":{"uv":[0,0,0.5,0.5],"texture":"#0"},"west":{"uv":[0,0,0.5,0.5],"texture":"#0"},"east":{"uv":[0,0,0.5,0.5],"texture":"#0"}}},{"from":[31,4,30],"to":[31.25,18.75,30.25],"faces":{"down":{"uv":[0,0,0.5,0.5],"texture":"#0"},"up":{"uv":[0,0,0.5,0.5],"texture":"#0"},"north":{"uv":[0,0,0.5,0.5],"texture":"#0"},"south":{"uv":[0,0,0.5,0.5],"texture":"#0"},"west":{"uv":[0,0,0.5,0.5],"texture":"#0"},"east":{"uv":[0,0,0.5,0.5],"texture":"#0"}}},{"from":[29.75,16.25,20.25],"to":[31.5,17,29],"faces":{"down":{"uv":[0,0,0.5,0.5],"texture":"#0"},"up":{"uv":[0,0,0.5,0.5],"texture":"#0"},"north":{"uv":[0,0,0.5,0.5],"texture":"#0"},"south":{"uv":[0,0,0.5,0.5],"texture":"#0"},"west":{"uv":[0,0,0.5,0.5],"texture":"#0"},"east":{"uv":[0,0,0.5,0.5],"texture":"#0"}}},{"from":[30.75,18.75,29.5],"to":[31.5,22.25,30],"faces":{"down":{"uv":[0,0,0.5,0.5],"texture":"#0"},"up":{"uv":[0,0,0.5,0.5],"texture":"#0"},"north":{"uv":[0,0,0.5,0.5],"texture":"#0"},"south":{"uv":[0,0,0.5,0.5],"texture":"#0"},"west":{"uv":[0,0,0.5,0.5],"texture":"#0"},"east":{"uv":[0,0,0.5,0.5],"texture":"#0"}}},{"from":[31,22.25,29.5],"to":[31.25,24.75,30],"faces":{"down":{"uv":[0,0,0.5,0.5],"texture":"#0"},"up":{"uv":[0,0,0.5,0.5],"texture":"#0"},"north":{"uv":[0,0,0.5,0.5],"texture":"#0"},"south":{"uv":[0,0,0.5,0.5],"texture":"#0"},"west":{"uv":[0,0,0.5,0.5],"texture":"#0"},"east":{"uv":[0,0,0.5,0.5],"texture":"#0"}}},{"from":[-14,11,-2.5],"to":[-13.25,12,13],"faces":{"down":{"uv":[0,0,1,1],"texture":"#0"},"up":{"uv":[0,0,1,1],"texture":"#0"},"north":{"uv":[0,0,1,1],"texture":"#0"},"south":{"uv":[0,0,1,1],"texture":"#0"},"west":{"uv":[0,0,1,1],"texture":"#0"},"east":{"uv":[0,0,1,1],"texture":"#0"}}},{"from":[14.75,10,12.25],"to":[31,11,14],"faces":{"down":{"uv":[0,0,1,1],"texture":"#0"},"up":{"uv":[0,0,1,1],"texture":"#0"},"north":{"uv":[0,0,1,1],"texture":"#0"},"south":{"uv":[0,0,1,1],"texture":"#0"},"west":{"uv":[0,0,1,1],"texture":"#0"},"east":{"uv":[0,0,1,1],"texture":"#0"}}},{"from":[14.75,11,13.25],"to":[31,12,15.75],"faces":{"down":{"uv":[0,0,1,1],"texture":"#0"},"up":{"uv":[0,0,1,1],"texture":"#0"},"north":{"uv":[0,0,1,1],"texture":"#0"},"south":{"uv":[0,0,1,1],"texture":"#0"},"west":{"uv":[0,0,1,1],"texture":"#0"},"east":{"uv":[0,0,1,1],"texture":"#0"}}},{"from":[14.75,3.25,12.25],"to":[31,4,13.5],"faces":{"down":{"uv":[0,0,1,1],"texture":"#0"},"up":{"uv":[0,0,1,1],"texture":"#0"},"north":{"uv":[0,0,1,1],"texture":"#0"},"south":{"uv":[0,0,1,1],"texture":"#0"},"west":{"uv":[0,0,1,1],"texture":"#0"},"east":{"uv":[0,0,1,1],"texture":"#0"}}},{"from":[14.75,4,11.75],"to":[31,5,13],"faces":{"down":{"uv":[0,0,1,1],"texture":"#0"},"up":{"uv":[0,0,1,1],"texture":"#0"},"north":{"uv":[0,0,1,1],"texture":"#0"},"south":{"uv":[0,0,1,1],"texture":"#0"},"west":{"uv":[0,0,1,1],"texture":"#0"},"east":{"uv":[0,0,1,1],"texture":"#0"}}},{"from":[14.75,5,11.25],"to":[31,9,12.5],"faces":{"down":{"uv":[0,0,1,1],"texture":"#0"},"up":{"uv":[0,0,1,1],"texture":"#0"},"north":{"uv":[0,0,1,1],"texture":"#0"},"south":{"uv":[0,0,1,1],"texture":"#0"},"west":{"uv":[0,0,1,1],"texture":"#0"},"east":{"uv":[0,0,1,1],"texture":"#0"}}},{"from":[14.75,9,11.75],"to":[31,10,13],"faces":{"down":{"uv":[0,0,1,1],"texture":"#0"},"up":{"uv":[0,0,1,1],"texture":"#0"},"north":{"uv":[0,0,1,1],"texture":"#0"},"south":{"uv":[0,0,1,1],"texture":"#0"},"west":{"uv":[0,0,1,1],"texture":"#0"},"east":{"uv":[0,0,1,1],"texture":"#0"}}},{"from":[-0.25,10,12.25],"to":[14.75,11,14],"faces":{"down":{"uv":[0,0,1,1],"texture":"#0"},"up":{"uv":[0,0,1,1],"texture":"#0"},"north":{"uv":[0,0,1,1],"texture":"#0"},"south":{"uv":[0,0,1,1],"texture":"#0"},"west":{"uv":[0,0,1,1],"texture":"#0"},"east":{"uv":[0,0,1,1],"texture":"#0"}}},{"from":[-1.25,11,13.25],"to":[14.75,12,15.75],"faces":{"down":{"uv":[0,0,1,1],"texture":"#0"},"up":{"uv":[0,0,1,1],"texture":"#0"},"north":{"uv":[0,0,1,1],"texture":"#0"},"south":{"uv":[0,0,1,1],"texture":"#0"},"west":{"uv":[0,0,1,1],"texture":"#0"},"east":{"uv":[0,0,1,1],"texture":"#0"}}},{"from":[-0.75,3.25,12.25],"to":[14.75,4,13.5],"faces":{"down":{"uv":[0,0,1,1],"texture":"#0"},"up":{"uv":[0,0,1,1],"texture":"#0"},"north":{"uv":[0,0,1,1],"texture":"#0"},"south":{"uv":[0,0,1,1],"texture":"#0"},"west":{"uv":[0,0,1,1],"texture":"#0"},"east":{"uv":[0,0,1,1],"texture":"#0"}}},{"from":[-0.25,4,11.75],"to":[14.75,5,13],"faces":{"down":{"uv":[0,0,1,1],"texture":"#0"},"up":{"uv":[0,0,1,1],"texture":"#0"},"north":{"uv":[0,0,1,1],"texture":"#0"},"south":{"uv":[0,0,1,1],"texture":"#0"},"west":{"uv":[0,0,1,1],"texture":"#0"},"east":{"uv":[0,0,1,1],"texture":"#0"}}},{"from":[0.25,5,11.25],"to":[14.75,9,12.5],"faces":{"down":{"uv":[0,0,1,1],"texture":"#0"},"up":{"uv":[0,0,1,1],"texture":"#0"},"north":{"uv":[0,0,1,1],"texture":"#0"},"south":{"uv":[0,0,1,1],"texture":"#0"},"west":{"uv":[0,0,1,1],"texture":"#0"},"east":{"uv":[0,0,1,1],"texture":"#0"}}},{"from":[0,9,11.75],"to":[14.75,10,13],"faces":{"down":{"uv":[0,0,1,1],"texture":"#0"},"up":{"uv":[0,0,1,1],"texture":"#0"},"north":{"uv":[0,0,1,1],"texture":"#0"},"south":{"uv":[0,0,1,1],"texture":"#0"},"west":{"uv":[0,0,1,1],"texture":"#0"},"east":{"uv":[0,0,1,1],"texture":"#0"}}},{"from":[-13.5,10,-4.25],"to":[-1,11,-2.5],"faces":{"down":{"uv":[0,0,1,1],"texture":"#0"},"up":{"uv":[0,0,1,1],"texture":"#0"},"north":{"uv":[0,0,1,1],"texture":"#0"},"south":{"uv":[0,0,1,1],"texture":"#0"},"west":{"uv":[0,0,1,1],"texture":"#0"},"east":{"uv":[0,0,1,1],"texture":"#0"}}},{"from":[-13.25,11,-3.25],"to":[-1.25,12,-0.75],"faces":{"down":{"uv":[0,0,1,1],"texture":"#0"},"up":{"uv":[0,0,1,1],"texture":"#0"},"north":{"uv":[0,0,1,1],"texture":"#0"},"south":{"uv":[0,0,1,1],"texture":"#0"},"west":{"uv":[0,0,1,1],"texture":"#0"},"east":{"uv":[0,0,1,1],"texture":"#0"}}},{"from":[-13.25,3.25,-4.25],"to":[-1.25,4,-3],"faces":{"down":{"uv":[0,0,1,1],"texture":"#0"},"up":{"uv":[0,0,1,1],"texture":"#0"},"north":{"uv":[0,0,1,1],"texture":"#0"},"south":{"uv":[0,0,1,1],"texture":"#0"},"west":{"uv":[0,0,1,1],"texture":"#0"},"east":{"uv":[0,0,1,1],"texture":"#0"}}},{"from":[-13.5,4,-4.75],"to":[-1,5,-3.5],"faces":{"down":{"uv":[0,0,1,1],"texture":"#0"},"up":{"uv":[0,0,1,1],"texture":"#0"},"north":{"uv":[0,0,1,1],"texture":"#0"},"south":{"uv":[0,0,1,1],"texture":"#0"},"west":{"uv":[0,0,1,1],"texture":"#0"},"east":{"uv":[0,0,1,1],"texture":"#0"}}},{"from":[-14,5,-5.25],"to":[-0.5,9,-4],"faces":{"down":{"uv":[0,0,1,1],"texture":"#0"},"up":{"uv":[0,0,1,1],"texture":"#0"},"north":{"uv":[0,0,1,1],"texture":"#0"},"south":{"uv":[0,0,1,1],"texture":"#0"},"west":{"uv":[0,0,1,1],"texture":"#0"},"east":{"uv":[0,0,1,1],"texture":"#0"}}},{"from":[-13.75,9,-4.75],"to":[-0.75,10,-3.5],"faces":{"down":{"uv":[0,0,1,1],"texture":"#0"},"up":{"uv":[0,0,1,1],"texture":"#0"},"north":{"uv":[0,0,1,1],"texture":"#0"},"south":{"uv":[0,0,1,1],"texture":"#0"},"west":{"uv":[0,0,1,1],"texture":"#0"},"east":{"uv":[0,0,1,1],"texture":"#0"}}},{"from":[-1.25,11,-2.5],"to":[-0.5,12,13.25],"faces":{"down":{"uv":[0,0,1,1],"texture":"#0"},"up":{"uv":[0,0,1,1],"texture":"#0"},"north":{"uv":[0,0,1,1],"texture":"#0"},"south":{"uv":[0,0,1,1],"texture":"#0"},"west":{"uv":[0,0,1,1],"texture":"#0"},"east":{"uv":[0,0,1,1],"texture":"#0"}}},{"from":[-1,10,-3.5],"to":[-0.25,11,29.5],"faces":{"down":{"uv":[0,0,1,1],"texture":"#0"},"up":{"uv":[0,0,1,1],"texture":"#0"},"north":{"uv":[0,0,1,1],"texture":"#0"},"south":{"uv":[0,0,1,1],"texture":"#0"},"west":{"uv":[0,0,1,1],"texture":"#0"},"east":{"uv":[0,0,1,1],"texture":"#0"}}},{"from":[-0.75,9,-4.25],"to":[0,10,29],"faces":{"down":{"uv":[0,0,1,1],"texture":"#0"},"up":{"uv":[0,0,1,1],"texture":"#0"},"north":{"uv":[0,0,1,1],"texture":"#0"},"south":{"uv":[0,0,1,1],"texture":"#0"},"west":{"uv":[0,0,1,1],"texture":"#0"},"east":{"uv":[0,0,1,1],"texture":"#0"}}},{"from":[-0.5,5,-4.75],"to":[0.25,9,29],"faces":{"down":{"uv":[0,0,1,1],"texture":"#0"},"up":{"uv":[0,0,1,1],"texture":"#0"},"north":{"uv":[0,0,1,1],"texture":"#0"},"south":{"uv":[0,0,1,1],"texture":"#0"},"west":{"uv":[0,0,1,1],"texture":"#0"},"east":{"uv":[0,0,1,1],"texture":"#0"}}},{"from":[-1,4,-4.25],"to":[-0.25,5,29.5],"faces":{"down":{"uv":[0,0,1,1],"texture":"#0"},"up":{"uv":[0,0,1,1],"texture":"#0"},"north":{"uv":[0,0,1,1],"texture":"#0"},"south":{"uv":[0,0,1,1],"texture":"#0"},"west":{"uv":[0,0,1,1],"texture":"#0"},"east":{"uv":[0,0,1,1],"texture":"#0"}}},{"from":[-1.25,3.25,-3.5],"to":[-0.75,4,13],"faces":{"down":{"uv":[0,0,1,1],"texture":"#0"},"up":{"uv":[0,0,1,1],"texture":"#0"},"north":{"uv":[0,0,1,1],"texture":"#0"},"south":{"uv":[0,0,1,1],"texture":"#0"},"west":{"uv":[0,0,1,1],"texture":"#0"},"east":{"uv":[0,0,1,1],"texture":"#0"}}},{"from":[-13.25,12,-1.75],"to":[-1.25,13,15],"faces":{"down":{"uv":[0,8,8,16],"texture":"#0"},"up":{"uv":[8,8,16,16],"texture":"#0"},"north":{"uv":[0,14,8,16],"texture":"#0"},"south":{"uv":[0,14,8,16],"texture":"#0"},"west":{"uv":[4.75,14,12.75,16],"texture":"#0"},"east":{"uv":[8,14,16,16],"texture":"#0"}}},{"from":[-13.25,12,15],"to":[-1.25,13,29.25],"faces":{"down":{"uv":[0,8,8,16],"texture":"#0"},"up":{"uv":[0,8,8,16],"texture":"#0"},"north":{"uv":[0,8,8,16],"texture":"#0"},"south":{"uv":[0,8,8,16],"texture":"#0"},"west":{"uv":[0,8,8,16],"texture":"#0"},"east":{"uv":[0,8,8,16],"texture":"#0"}}},{"from":[-1.25,12,15],"to":[14.75,13,29.25],"faces":{"down":{"uv":[0,8,8,16],"texture":"#0"},"up":{"uv":[8,0,16,8],"texture":"#0"},"north":{"uv":[0,14,8,16],"texture":"#0"},"south":{"uv":[0,8,8,16],"texture":"#0"},"west":{"uv":[0,8,8,16],"texture":"#0"},"east":{"uv":[0,8,8,16],"texture":"#0"}}},{"from":[14.75,12,15],"to":[31,13,29.25],"faces":{"down":{"uv":[0,8,8,16],"texture":"#0"},"up":{"uv":[0,0,8,8],"texture":"#0"},"north":{"uv":[0,14,8,16],"texture":"#0"},"south":{"uv":[0,8,8,16],"texture":"#0"},"west":{"uv":[0,8,8,16],"texture":"#0"},"east":{"uv":[0,8,8,16],"texture":"#0"}}}],"display":{"thirdperson_righthand":{"scale":[0.2,0.1,0.2]},"thirdperson_lefthand":{"scale":[0.2,0.1,0.2]},"firstperson_righthand":{"translation":[0,3.5,0],"scale":[0.2,0.2,0.2]},"gui":{"rotation":[0,-135,0],"translation":[1,0,0],"scale":[0.3,0.3,0.3]},"head":{"translation":[-8.25,-32.5,-11.75],"scale":[2,1.5,2]},"ground":{"translation":[0,3,0],"scale":[0.3,0.3,0.3]},"fixed":{"rotation":[-90,0,0],"translation":[60,-56.25,-12],"scale":[3,1.5,3]}}}