{"credit":"MadewithBlockbench","texture_size":[64,64],"textures":{"0":"naniii_furniture:item/kitchenscales/1","particle":"item/kitchenscales/1"},"elements":[{"from":[2,8,3],"to":[14,9.5,12],"rotation":{"angle":0,"axis":"y","origin":[15,16,15]},"faces":{"north":{"uv":[8,0,14,2],"texture":"#0"},"east":{"uv":[8,0,14,2],"texture":"#0"},"south":{"uv":[8,0,14,2],"texture":"#0"},"west":{"uv":[8,0,14,2],"texture":"#0"},"up":{"uv":[8,0,14,2],"texture":"#0"},"down":{"uv":[8,0,14,2],"texture":"#0"}}},{"from":[2.25,8,12],"to":[13.75,9.25,12.25],"rotation":{"angle":0,"axis":"y","origin":[15,16,24]},"faces":{"north":{"uv":[8,0,14,2],"texture":"#0"},"east":{"uv":[8,0,14,2],"texture":"#0"},"south":{"uv":[8,0,14,2],"texture":"#0"},"west":{"uv":[8,0,14,2],"texture":"#0"},"up":{"uv":[8,0,14,2],"texture":"#0"},"down":{"uv":[8,0,14,2],"texture":"#0"}}},{"from":[2.75,8,12.25],"to":[13.25,9,12.5],"rotation":{"angle":0,"axis":"y","origin":[15,16,24.25]},"faces":{"north":{"uv":[8,0,14,2],"texture":"#0"},"east":{"uv":[8,0,14,2],"texture":"#0"},"south":{"uv":[8,0,14,2],"texture":"#0"},"west":{"uv":[8,0,14,2],"texture":"#0"},"up":{"uv":[8,0,14,2],"texture":"#0"},"down":{"uv":[8,0,14,2],"texture":"#0"}}},{"from":[3.5,8,12.5],"to":[12.5,8.75,12.75],"rotation":{"angle":0,"axis":"y","origin":[15,16,24.5]},"faces":{"north":{"uv":[8,0,14,2],"texture":"#0"},"east":{"uv":[8,0,14,2],"texture":"#0"},"south":{"uv":[8,0,14,2],"texture":"#0"},"west":{"uv":[8,0,14,2],"texture":"#0"},"up":{"uv":[8,0,14,2],"texture":"#0"},"down":{"uv":[8,0,14,2],"texture":"#0"}}},{"from":[4.5,8,12.75],"to":[11.5,8.5,13],"rotation":{"angle":0,"axis":"y","origin":[15,16,24.75]},"faces":{"north":{"uv":[8,0,14,2],"texture":"#0"},"east":{"uv":[8,0,14,2],"texture":"#0"},"south":{"uv":[8,0,14,2],"texture":"#0"},"west":{"uv":[8,0,14,2],"texture":"#0"},"up":{"uv":[8,0,14,2],"texture":"#0"},"down":{"uv":[8,0,14,2],"texture":"#0"}}},{"from":[1.75,8,3.25],"to":[2,9.25,11.75],"rotation":{"angle":0,"axis":"y","origin":[3,16,15]},"faces":{"north":{"uv":[8,0,14,2],"texture":"#0"},"east":{"uv":[8,0,14,2],"texture":"#0"},"south":{"uv":[8,0,14,2],"texture":"#0"},"west":{"uv":[8,0,14,2],"texture":"#0"},"up":{"uv":[8,0,14,2],"texture":"#0"},"down":{"uv":[8,0,14,2],"texture":"#0"}}},{"from":[14,8,3.25],"to":[14.25,9.25,11.75],"rotation":{"angle":0,"axis":"y","origin":[15.25,16,15]},"faces":{"north":{"uv":[8,0,14,2],"texture":"#0"},"east":{"uv":[8,0,14,2],"texture":"#0"},"south":{"uv":[8,0,14,2],"texture":"#0"},"west":{"uv":[8,0,14,2],"texture":"#0"},"up":{"uv":[8,0,14,2],"texture":"#0"},"down":{"uv":[8,0,14,2],"texture":"#0"}}},{"from":[1.5,8,3.75],"to":[1.75,9,11.25],"rotation":{"angle":0,"axis":"y","origin":[2.75,16,15]},"faces":{"north":{"uv":[8,0,14,2],"texture":"#0"},"east":{"uv":[8,0,14,2],"texture":"#0"},"south":{"uv":[8,0,14,2],"texture":"#0"},"west":{"uv":[8,0,14,2],"texture":"#0"},"up":{"uv":[8,0,14,2],"texture":"#0"},"down":{"uv":[8,0,14,2],"texture":"#0"}}},{"from":[14.25,8,3.75],"to":[14.5,9,11.25],"rotation":{"angle":0,"axis":"y","origin":[15.5,16,15]},"faces":{"north":{"uv":[8,0,14,2],"texture":"#0"},"east":{"uv":[8,0,14,2],"texture":"#0"},"south":{"uv":[8,0,14,2],"texture":"#0"},"west":{"uv":[8,0,14,2],"texture":"#0"},"up":{"uv":[8,0,14,2],"texture":"#0"},"down":{"uv":[8,0,14,2],"texture":"#0"}}},{"from":[1.25,8,4.5],"to":[1.5,8.75,10.5],"rotation":{"angle":0,"axis":"y","origin":[2.5,16,15]},"faces":{"north":{"uv":[8,0,14,2],"texture":"#0"},"east":{"uv":[8,0,14,2],"texture":"#0"},"south":{"uv":[8,0,14,2],"texture":"#0"},"west":{"uv":[8,0,14,2],"texture":"#0"},"up":{"uv":[8,0,14,2],"texture":"#0"},"down":{"uv":[8,0,14,2],"texture":"#0"}}},{"from":[14.5,8,4.5],"to":[14.75,8.75,10.5],"rotation":{"angle":0,"axis":"y","origin":[15.75,16,15]},"faces":{"north":{"uv":[8,0,14,2],"texture":"#0"},"east":{"uv":[8,0,14,2],"texture":"#0"},"south":{"uv":[8,0,14,2],"texture":"#0"},"west":{"uv":[8,0,14,2],"texture":"#0"},"up":{"uv":[8,0,14,2],"texture":"#0"},"down":{"uv":[8,0,14,2],"texture":"#0"}}},{"from":[2.25,7.35095,1.8295],"to":[13.75,8.60095,3.5795],"rotation":{"angle":-45,"axis":"x","origin":[8,8.35095,2.2045]},"faces":{"north":{"uv":[8,0,14,2],"texture":"#0"},"east":{"uv":[8,0,14,2],"texture":"#0"},"south":{"uv":[8,0,14,2],"texture":"#0"},"west":{"uv":[8,0,14,2],"texture":"#0"},"up":{"uv":[8,0,14,2],"texture":"#0"},"down":{"uv":[8,0,14,2],"texture":"#0"}}},{"from":[1,11.25,4],"to":[15,11.75,12],"rotation":{"angle":0,"axis":"y","origin":[15,19.25,15]},"faces":{"north":{"uv":[8,0,14,2],"texture":"#0"},"east":{"uv":[8,0,14,2],"texture":"#0"},"south":{"uv":[8,0,14,2],"texture":"#0"},"west":{"uv":[8,0,14,2],"texture":"#0"},"up":{"uv":[8,0,14,2],"texture":"#0"},"down":{"uv":[8,0,14,2],"texture":"#0"}}},{"from":[0.75,11.25,4.5],"to":[1,11.75,11.5],"rotation":{"angle":0,"axis":"y","origin":[1,19.25,15]},"faces":{"north":{"uv":[8,0,14,2],"texture":"#0"},"east":{"uv":[8,0,14,2],"texture":"#0"},"south":{"uv":[8,0,14,2],"texture":"#0"},"west":{"uv":[8,0,14,2],"texture":"#0"},"up":{"uv":[8,0,14,2],"texture":"#0"},"down":{"uv":[8,0,14,2],"texture":"#0"}}},{"from":[15,11.25,4.5],"to":[15.25,11.75,11.5],"rotation":{"angle":0,"axis":"y","origin":[15.25,19.25,15]},"faces":{"north":{"uv":[8,0,14,2],"texture":"#0"},"east":{"uv":[8,0,14,2],"texture":"#0"},"south":{"uv":[8,0,14,2],"texture":"#0"},"west":{"uv":[8,0,14,2],"texture":"#0"},"up":{"uv":[8,0,14,2],"texture":"#0"},"down":{"uv":[8,0,14,2],"texture":"#0"}}},{"from":[0.5,11.25,5.25],"to":[0.75,11.75,10.75],"rotation":{"angle":0,"axis":"y","origin":[0.75,19.25,15]},"faces":{"north":{"uv":[8,0,14,2],"texture":"#0"},"east":{"uv":[8,0,14,2],"texture":"#0"},"south":{"uv":[8,0,14,2],"texture":"#0"},"west":{"uv":[8,0,14,2],"texture":"#0"},"up":{"uv":[8,0,14,2],"texture":"#0"},"down":{"uv":[8,0,14,2],"texture":"#0"}}},{"from":[15.25,11.25,5.25],"to":[15.5,11.75,10.75],"rotation":{"angle":0,"axis":"y","origin":[15.5,19.25,15]},"faces":{"north":{"uv":[8,0,14,2],"texture":"#0"},"east":{"uv":[8,0,14,2],"texture":"#0"},"south":{"uv":[8,0,14,2],"texture":"#0"},"west":{"uv":[8,0,14,2],"texture":"#0"},"up":{"uv":[8,0,14,2],"texture":"#0"},"down":{"uv":[8,0,14,2],"texture":"#0"}}},{"from":[1.5,11.25,3.75],"to":[14.5,11.75,4],"rotation":{"angle":0,"axis":"y","origin":[15,19.25,7]},"faces":{"north":{"uv":[8,0,14,2],"texture":"#0"},"east":{"uv":[8,0,14,2],"texture":"#0"},"south":{"uv":[8,0,14,2],"texture":"#0"},"west":{"uv":[8,0,14,2],"texture":"#0"},"up":{"uv":[8,0,14,2],"texture":"#0"},"down":{"uv":[8,0,14,2],"texture":"#0"}}},{"from":[1.5,11.25,12],"to":[14.5,11.75,12.25],"rotation":{"angle":0,"axis":"y","origin":[15,19.25,15.25]},"faces":{"north":{"uv":[8,0,14,2],"texture":"#0"},"east":{"uv":[8,0,14,2],"texture":"#0"},"south":{"uv":[8,0,14,2],"texture":"#0"},"west":{"uv":[8,0,14,2],"texture":"#0"},"up":{"uv":[8,0,14,2],"texture":"#0"},"down":{"uv":[8,0,14,2],"texture":"#0"}}},{"from":[2.25,11.25,3.5],"to":[13.75,11.75,3.75],"rotation":{"angle":0,"axis":"y","origin":[15,19.25,6.75]},"faces":{"north":{"uv":[8,0,14,2],"texture":"#0"},"east":{"uv":[8,0,14,2],"texture":"#0"},"south":{"uv":[8,0,14,2],"texture":"#0"},"west":{"uv":[8,0,14,2],"texture":"#0"},"up":{"uv":[8,0,14,2],"texture":"#0"},"down":{"uv":[8,0,14,2],"texture":"#0"}}},{"from":[2.25,11.25,12.25],"to":[13.75,11.75,12.5],"rotation":{"angle":0,"axis":"y","origin":[15,19.25,15.5]},"faces":{"north":{"uv":[8,0,14,2],"texture":"#0"},"east":{"uv":[8,0,14,2],"texture":"#0"},"south":{"uv":[8,0,14,2],"texture":"#0"},"west":{"uv":[8,0,14,2],"texture":"#0"},"up":{"uv":[8,0,14,2],"texture":"#0"},"down":{"uv":[8,0,14,2],"texture":"#0"}}},{"from":[3.25,11.25,12.5],"to":[12.75,11.75,12.75],"rotation":{"angle":0,"axis":"y","origin":[15,19.25,15.75]},"faces":{"north":{"uv":[8,0,14,2],"texture":"#0"},"east":{"uv":[8,0,14,2],"texture":"#0"},"south":{"uv":[8,0,14,2],"texture":"#0"},"west":{"uv":[8,0,14,2],"texture":"#0"},"up":{"uv":[8,0,14,2],"texture":"#0"},"down":{"uv":[8,0,14,2],"texture":"#0"}}},{"from":[3.25,11.25,3.25],"to":[12.75,11.75,3.5],"rotation":{"angle":0,"axis":"y","origin":[15,19.25,6.5]},"faces":{"north":{"uv":[8,0,14,2],"texture":"#0"},"east":{"uv":[8,0,14,2],"texture":"#0"},"south":{"uv":[8,0,14,2],"texture":"#0"},"west":{"uv":[8,0,14,2],"texture":"#0"},"up":{"uv":[8,0,14,2],"texture":"#0"},"down":{"uv":[8,0,14,2],"texture":"#0"}}},{"from":[3.25,11.75,4.5],"to":[12.75,12.25,4.75],"rotation":{"angle":0,"axis":"y","origin":[15,19.75,8.75]},"faces":{"north":{"uv":[0,0,8,4],"texture":"#0"},"east":{"uv":[0,0,8,4],"texture":"#0"},"south":{"uv":[0,0,8,4],"texture":"#0"},"west":{"uv":[0,0,8,4],"texture":"#0"},"up":{"uv":[0,0,8,4],"texture":"#0"},"down":{"uv":[0,0,8,4],"texture":"#0"}}},{"from":[4.25,11.75,4.25],"to":[11.75,12.25,4.5],"rotation":{"angle":0,"axis":"y","origin":[15,19.75,8.5]},"faces":{"north":{"uv":[0,0,8,4],"texture":"#0"},"east":{"uv":[0,0,8,4],"texture":"#0"},"south":{"uv":[0,0,8,4],"texture":"#0"},"west":{"uv":[0,0,8,4],"texture":"#0"},"up":{"uv":[0,0,8,4],"texture":"#0"},"down":{"uv":[0,0,8,4],"texture":"#0"}}},{"from":[1.75,11.75,5.5],"to":[2,12.25,10.5],"rotation":{"angle":0,"axis":"y","origin":[14.75,19.75,15]},"faces":{"north":{"uv":[0,0,8,4],"texture":"#0"},"east":{"uv":[0,0,8,4],"texture":"#0"},"south":{"uv":[0,0,8,4],"texture":"#0"},"west":{"uv":[0,0,8,4],"texture":"#0"},"up":{"uv":[0,0,8,4],"texture":"#0"},"down":{"uv":[0,0,8,4],"texture":"#0"}}},{"from":[1.5,11.75,6.25],"to":[1.75,12.25,9.75],"rotation":{"angle":0,"axis":"y","origin":[14.5,19.75,15]},"faces":{"north":{"uv":[0,0,8,4],"texture":"#0"},"east":{"uv":[0,0,8,4],"texture":"#0"},"south":{"uv":[0,0,8,4],"texture":"#0"},"west":{"uv":[0,0,8,4],"texture":"#0"},"up":{"uv":[0,0,8,4],"texture":"#0"},"down":{"uv":[0,0,8,4],"texture":"#0"}}},{"from":[2.5,11.75,11],"to":[13.5,12.25,11.25],"rotation":{"angle":0,"axis":"y","origin":[15,19.75,15.25]},"faces":{"north":{"uv":[0,0,8,4],"texture":"#0"},"east":{"uv":[0,0,8,4],"texture":"#0"},"south":{"uv":[0,0,8,4],"texture":"#0"},"west":{"uv":[0,0,8,4],"texture":"#0"},"up":{"uv":[0,0,8,4],"texture":"#0"},"down":{"uv":[0,0,8,4],"texture":"#0"}}},{"from":[3.25,11.75,11.25],"to":[12.75,12.25,11.5],"rotation":{"angle":0,"axis":"y","origin":[15,19.75,15.5]},"faces":{"north":{"uv":[0,0,8,4],"texture":"#0"},"east":{"uv":[0,0,8,4],"texture":"#0"},"south":{"uv":[0,0,8,4],"texture":"#0"},"west":{"uv":[0,0,8,4],"texture":"#0"},"up":{"uv":[0,0,8,4],"texture":"#0"},"down":{"uv":[0,0,8,4],"texture":"#0"}}},{"from":[4,11.75,11.5],"to":[12,12.25,11.75],"rotation":{"angle":0,"axis":"y","origin":[15,19.75,14.75]},"faces":{"north":{"uv":[0,0,8,4],"texture":"#0"},"east":{"uv":[0,0,8,4],"texture":"#0"},"south":{"uv":[0,0,8,4],"texture":"#0"},"west":{"uv":[0,0,8,4],"texture":"#0"},"up":{"uv":[0,0,8,4],"texture":"#0"},"down":{"uv":[0,0,8,4],"texture":"#0"}}},{"from":[14.25,11.75,6.25],"to":[14.5,12.25,9.75],"rotation":{"angle":0,"axis":"y","origin":[27.25,19.75,15]},"faces":{"north":{"uv":[0,0,8,4],"texture":"#0"},"east":{"uv":[0,0,8,4],"texture":"#0"},"south":{"uv":[0,0,8,4],"texture":"#0"},"west":{"uv":[0,0,8,4],"texture":"#0"},"up":{"uv":[0,0,8,4],"texture":"#0"},"down":{"uv":[0,0,8,4],"texture":"#0"}}},{"from":[14,11.75,5.5],"to":[14.25,12.25,10.5],"rotation":{"angle":0,"axis":"y","origin":[27,19.75,15]},"faces":{"north":{"uv":[0,0,8,4],"texture":"#0"},"east":{"uv":[0,0,8,4],"texture":"#0"},"south":{"uv":[0,0,8,4],"texture":"#0"},"west":{"uv":[0,0,8,4],"texture":"#0"},"up":{"uv":[0,0,8,4],"texture":"#0"},"down":{"uv":[0,0,8,4],"texture":"#0"}}},{"from":[4.25,10.75,4.25],"to":[11.75,11.25,4.5],"rotation":{"angle":0,"axis":"y","origin":[15,18.75,8.5]},"faces":{"north":{"uv":[0,0,8,4],"texture":"#0"},"east":{"uv":[0,0,8,4],"texture":"#0"},"south":{"uv":[0,0,8,4],"texture":"#0"},"west":{"uv":[0,0,8,4],"texture":"#0"},"up":{"uv":[0,0,8,4],"texture":"#0"},"down":{"uv":[0,0,8,4],"texture":"#0"}}},{"from":[3.25,10.75,4.5],"to":[12.75,11.25,4.75],"rotation":{"angle":0,"axis":"y","origin":[15,18.75,8.75]},"faces":{"north":{"uv":[0,0,8,4],"texture":"#0"},"east":{"uv":[0,0,8,4],"texture":"#0"},"south":{"uv":[0,0,8,4],"texture":"#0"},"west":{"uv":[0,0,8,4],"texture":"#0"},"up":{"uv":[0,0,8,4],"texture":"#0"},"down":{"uv":[0,0,8,4],"texture":"#0"}}},{"from":[2.5,10.75,4.75],"to":[13.5,11.25,5],"rotation":{"angle":0,"axis":"y","origin":[15,18.75,9]},"faces":{"north":{"uv":[0,0,8,4],"texture":"#0"},"east":{"uv":[0,0,8,4],"texture":"#0"},"south":{"uv":[0,0,8,4],"texture":"#0"},"west":{"uv":[0,0,8,4],"texture":"#0"},"up":{"uv":[0,0,8,4],"texture":"#0"},"down":{"uv":[0,0,8,4],"texture":"#0"}}},{"from":[14,10.75,5.5],"to":[14.25,11.25,10.5],"rotation":{"angle":0,"axis":"y","origin":[27,18.75,15]},"faces":{"north":{"uv":[0,0,8,4],"texture":"#0"},"east":{"uv":[0,0,8,4],"texture":"#0"},"south":{"uv":[0,0,8,4],"texture":"#0"},"west":{"uv":[0,0,8,4],"texture":"#0"},"up":{"uv":[0,0,8,4],"texture":"#0"},"down":{"uv":[0,0,8,4],"texture":"#0"}}},{"from":[14.25,10.75,6.25],"to":[14.5,11.25,9.75],"rotation":{"angle":0,"axis":"y","origin":[27.25,18.75,15]},"faces":{"north":{"uv":[0,0,8,4],"texture":"#0"},"east":{"uv":[0,0,8,4],"texture":"#0"},"south":{"uv":[0,0,8,4],"texture":"#0"},"west":{"uv":[0,0,8,4],"texture":"#0"},"up":{"uv":[0,0,8,4],"texture":"#0"},"down":{"uv":[0,0,8,4],"texture":"#0"}}},{"from":[2,10.75,5],"to":[14,11.25,11],"rotation":{"angle":0,"axis":"y","origin":[15,18.75,15]},"faces":{"north":{"uv":[0,0,8,4],"texture":"#0"},"east":{"uv":[0,0,8,4],"texture":"#0"},"south":{"uv":[0,0,8,4],"texture":"#0"},"west":{"uv":[0,0,8,4],"texture":"#0"},"up":{"uv":[0,0,8,4],"texture":"#0"},"down":{"uv":[0,0,8,4],"texture":"#0"}}},{"from":[2.5,10.75,11],"to":[13.5,11.25,11.25],"rotation":{"angle":0,"axis":"y","origin":[15,18.75,15.25]},"faces":{"north":{"uv":[0,0,8,4],"texture":"#0"},"east":{"uv":[0,0,8,4],"texture":"#0"},"south":{"uv":[0,0,8,4],"texture":"#0"},"west":{"uv":[0,0,8,4],"texture":"#0"},"up":{"uv":[0,0,8,4],"texture":"#0"},"down":{"uv":[0,0,8,4],"texture":"#0"}}},{"from":[3.25,10.75,11.25],"to":[12.75,11.25,11.5],"rotation":{"angle":0,"axis":"y","origin":[15,18.75,15.5]},"faces":{"north":{"uv":[0,0,8,4],"texture":"#0"},"east":{"uv":[0,0,8,4],"texture":"#0"},"south":{"uv":[0,0,8,4],"texture":"#0"},"west":{"uv":[0,0,8,4],"texture":"#0"},"up":{"uv":[0,0,8,4],"texture":"#0"},"down":{"uv":[0,0,8,4],"texture":"#0"}}},{"from":[4,10.75,11.5],"to":[12,11.25,11.75],"rotation":{"angle":0,"axis":"y","origin":[15,18.75,14.75]},"faces":{"north":{"uv":[0,0,8,4],"texture":"#0"},"east":{"uv":[0,0,8,4],"texture":"#0"},"south":{"uv":[0,0,8,4],"texture":"#0"},"west":{"uv":[0,0,8,4],"texture":"#0"},"up":{"uv":[0,0,8,4],"texture":"#0"},"down":{"uv":[0,0,8,4],"texture":"#0"}}},{"from":[1.75,10.75,5.5],"to":[2,11.25,10.5],"rotation":{"angle":0,"axis":"y","origin":[14.75,18.75,15]},"faces":{"north":{"uv":[0,0,8,4],"texture":"#0"},"east":{"uv":[0,0,8,4],"texture":"#0"},"south":{"uv":[0,0,8,4],"texture":"#0"},"west":{"uv":[0,0,8,4],"texture":"#0"},"up":{"uv":[0,0,8,4],"texture":"#0"},"down":{"uv":[0,0,8,4],"texture":"#0"}}},{"from":[1.5,10.75,6.25],"to":[1.75,11.25,9.75],"rotation":{"angle":0,"axis":"y","origin":[14.5,18.75,15]},"faces":{"north":{"uv":[0,0,8,4],"texture":"#0"},"east":{"uv":[0,0,8,4],"texture":"#0"},"south":{"uv":[0,0,8,4],"texture":"#0"},"west":{"uv":[0,0,8,4],"texture":"#0"},"up":{"uv":[0,0,8,4],"texture":"#0"},"down":{"uv":[0,0,8,4],"texture":"#0"}}},{"from":[2,11.75,5],"to":[14,12.25,11],"rotation":{"angle":0,"axis":"y","origin":[15,19.75,15]},"faces":{"north":{"uv":[0,0,8,4],"texture":"#0"},"east":{"uv":[0,0,8,4],"texture":"#0"},"south":{"uv":[0,0,8,4],"texture":"#0"},"west":{"uv":[0,0,8,4],"texture":"#0"},"up":{"uv":[0,0,8,4],"texture":"#0"},"down":{"uv":[0,0,8,4],"texture":"#0"}}},{"from":[2.5,11.75,4.75],"to":[13.5,12.25,5],"rotation":{"angle":0,"axis":"y","origin":[15,19.75,9]},"faces":{"north":{"uv":[0,0,8,4],"texture":"#0"},"east":{"uv":[0,0,8,4],"texture":"#0"},"south":{"uv":[0,0,8,4],"texture":"#0"},"west":{"uv":[0,0,8,4],"texture":"#0"},"up":{"uv":[0,0,8,4],"texture":"#0"},"down":{"uv":[0,0,8,4],"texture":"#0"}}},{"from":[3,9.5,5],"to":[13,10,11],"rotation":{"angle":0,"axis":"y","origin":[15,17.5,15]},"faces":{"north":{"uv":[0,0,8,4],"texture":"#0"},"east":{"uv":[0,0,8,4],"texture":"#0"},"south":{"uv":[0,0,8,4],"texture":"#0"},"west":{"uv":[0,0,8,4],"texture":"#0"},"up":{"uv":[0,0,8,4],"texture":"#0"},"down":{"uv":[0,0,8,4],"texture":"#0"}}},{"from":[13,9.5,5.75],"to":[13.25,10,10.25],"rotation":{"angle":0,"axis":"y","origin":[25,17.5,15]},"faces":{"north":{"uv":[0,0,8,4],"texture":"#0"},"east":{"uv":[0,0,8,4],"texture":"#0"},"south":{"uv":[0,0,8,4],"texture":"#0"},"west":{"uv":[0,0,8,4],"texture":"#0"},"up":{"uv":[0,0,8,4],"texture":"#0"},"down":{"uv":[0,0,8,4],"texture":"#0"}}},{"from":[2.75,9.5,5.75],"to":[3,10,10.25],"rotation":{"angle":0,"axis":"y","origin":[14.75,17.5,15]},"faces":{"north":{"uv":[0,0,8,4],"texture":"#0"},"east":{"uv":[0,0,8,4],"texture":"#0"},"south":{"uv":[0,0,8,4],"texture":"#0"},"west":{"uv":[0,0,8,4],"texture":"#0"},"up":{"uv":[0,0,8,4],"texture":"#0"},"down":{"uv":[0,0,8,4],"texture":"#0"}}},{"from":[13.25,9.5,6.75],"to":[13.5,10,9.25],"rotation":{"angle":0,"axis":"y","origin":[25.25,17.5,15]},"faces":{"north":{"uv":[0,0,8,4],"texture":"#0"},"east":{"uv":[0,0,8,4],"texture":"#0"},"south":{"uv":[0,0,8,4],"texture":"#0"},"west":{"uv":[0,0,8,4],"texture":"#0"},"up":{"uv":[0,0,8,4],"texture":"#0"},"down":{"uv":[0,0,8,4],"texture":"#0"}}},{"from":[2.5,9.5,6.75],"to":[2.75,10,9.25],"rotation":{"angle":0,"axis":"y","origin":[14.5,17.5,15]},"faces":{"north":{"uv":[0,0,8,4],"texture":"#0"},"east":{"uv":[0,0,8,4],"texture":"#0"},"south":{"uv":[0,0,8,4],"texture":"#0"},"west":{"uv":[0,0,8,4],"texture":"#0"},"up":{"uv":[0,0,8,4],"texture":"#0"},"down":{"uv":[0,0,8,4],"texture":"#0"}}},{"from":[3.75,9.5,4.75],"to":[12.25,10,5],"rotation":{"angle":0,"axis":"y","origin":[15,17.5,9]},"faces":{"north":{"uv":[0,0,8,4],"texture":"#0"},"east":{"uv":[0,0,8,4],"texture":"#0"},"south":{"uv":[0,0,8,4],"texture":"#0"},"west":{"uv":[0,0,8,4],"texture":"#0"},"up":{"uv":[0,0,8,4],"texture":"#0"},"down":{"uv":[0,0,8,4],"texture":"#0"}}},{"from":[3.75,9.5,11],"to":[12.25,10,11.25],"rotation":{"angle":0,"axis":"y","origin":[15,17.5,15.25]},"faces":{"north":{"uv":[0,0,8,4],"texture":"#0"},"east":{"uv":[0,0,8,4],"texture":"#0"},"south":{"uv":[0,0,8,4],"texture":"#0"},"west":{"uv":[0,0,8,4],"texture":"#0"},"up":{"uv":[0,0,8,4],"texture":"#0"},"down":{"uv":[0,0,8,4],"texture":"#0"}}},{"from":[4.75,9.5,4.5],"to":[11.25,10,4.75],"rotation":{"angle":0,"axis":"y","origin":[15,17.5,8.75]},"faces":{"north":{"uv":[0,0,8,4],"texture":"#0"},"east":{"uv":[0,0,8,4],"texture":"#0"},"south":{"uv":[0,0,8,4],"texture":"#0"},"west":{"uv":[0,0,8,4],"texture":"#0"},"up":{"uv":[0,0,8,4],"texture":"#0"},"down":{"uv":[0,0,8,4],"texture":"#0"}}},{"from":[4.75,9.5,4.5],"to":[11.25,10,4.75],"rotation":{"angle":0,"axis":"y","origin":[15,17.5,8.75]},"faces":{"north":{"uv":[0,0,8,4],"texture":"#0"},"east":{"uv":[0,0,8,4],"texture":"#0"},"south":{"uv":[0,0,8,4],"texture":"#0"},"west":{"uv":[0,0,8,4],"texture":"#0"},"up":{"uv":[0,0,8,4],"texture":"#0"},"down":{"uv":[0,0,8,4],"texture":"#0"}}},{"from":[4.75,9.5,11.25],"to":[11.25,10,11.5],"rotation":{"angle":0,"axis":"y","origin":[15,17.5,15.5]},"faces":{"north":{"uv":[0,0,8,4],"texture":"#0"},"east":{"uv":[0,0,8,4],"texture":"#0"},"south":{"uv":[0,0,8,4],"texture":"#0"},"west":{"uv":[0,0,8,4],"texture":"#0"},"up":{"uv":[0,0,8,4],"texture":"#0"},"down":{"uv":[0,0,8,4],"texture":"#0"}}},{"name":"hexadecagon","from":[7.60218,10,6],"to":[8.39782,10.75,10],"rotation":{"angle":-45,"axis":"y","origin":[8,10.5,8]},"faces":{"north":{"uv":[0,0,8,4],"texture":"#0"},"east":{"uv":[0,0,8,4],"texture":"#0"},"south":{"uv":[0,0,8,4],"texture":"#0"},"west":{"uv":[0,0,8,4],"texture":"#0"},"up":{"uv":[0,0,8,4],"texture":"#0"},"down":{"uv":[0,0,8,4],"texture":"#0"}}},{"name":"hexadecagon","from":[7.60218,10,6],"to":[8.39782,10.75,10],"rotation":{"angle":-22.5,"axis":"y","origin":[8,10.5,8]},"faces":{"north":{"uv":[0,0,8,4],"texture":"#0"},"east":{"uv":[0,0,8,4],"texture":"#0"},"south":{"uv":[0,0,8,4],"texture":"#0"},"west":{"uv":[0,0,8,4],"texture":"#0"},"up":{"uv":[0,0,8,4],"texture":"#0"},"down":{"uv":[0,0,8,4],"texture":"#0"}}},{"name":"hexadecagon","from":[7.60218,10,6],"to":[8.39782,10.75,10],"rotation":{"angle":0,"axis":"y","origin":[8,10.5,8]},"faces":{"north":{"uv":[0,0,8,4],"texture":"#0"},"east":{"uv":[0,0,8,4],"texture":"#0"},"south":{"uv":[0,0,8,4],"texture":"#0"},"west":{"uv":[0,0,8,4],"texture":"#0"},"up":{"uv":[0,0,8,4],"texture":"#0"},"down":{"uv":[0,0,8,4],"texture":"#0"}}},{"name":"hexadecagon","from":[7.60218,10,6],"to":[8.39782,10.75,10],"rotation":{"angle":22.5,"axis":"y","origin":[8,10.5,8]},"faces":{"north":{"uv":[0,0,8,4],"texture":"#0"},"east":{"uv":[0,0,8,4],"texture":"#0"},"south":{"uv":[0,0,8,4],"texture":"#0"},"west":{"uv":[0,0,8,4],"texture":"#0"},"up":{"uv":[0,0,8,4],"texture":"#0"},"down":{"uv":[0,0,8,4],"texture":"#0"}}},{"name":"hexadecagon","from":[7.60218,10,6],"to":[8.39782,10.75,10],"rotation":{"angle":45,"axis":"y","origin":[8,10.5,8]},"faces":{"north":{"uv":[0,0,8,4],"texture":"#0"},"east":{"uv":[0,0,8,4],"texture":"#0"},"south":{"uv":[0,0,8,4],"texture":"#0"},"west":{"uv":[0,0,8,4],"texture":"#0"},"up":{"uv":[0,0,8,4],"texture":"#0"},"down":{"uv":[0,0,8,4],"texture":"#0"}}},{"name":"hexadecagon","from":[6,10,7.60218],"to":[10,10.75,8.39782],"rotation":{"angle":-22.5,"axis":"y","origin":[8,10.5,8]},"faces":{"north":{"uv":[0,0,8,4],"texture":"#0"},"east":{"uv":[0,0,8,4],"texture":"#0"},"south":{"uv":[0,0,8,4],"texture":"#0"},"west":{"uv":[0,0,8,4],"texture":"#0"},"up":{"uv":[0,0,8,4],"texture":"#0"},"down":{"uv":[0,0,8,4],"texture":"#0"}}},{"name":"hexadecagon","from":[6,10,7.60218],"to":[10,10.75,8.39782],"rotation":{"angle":0,"axis":"y","origin":[8,10.5,8]},"faces":{"north":{"uv":[0,0,8,4],"texture":"#0"},"east":{"uv":[0,0,8,4],"texture":"#0"},"south":{"uv":[0,0,8,4],"texture":"#0"},"west":{"uv":[0,0,8,4],"texture":"#0"},"up":{"uv":[0,0,8,4],"texture":"#0"},"down":{"uv":[0,0,8,4],"texture":"#0"}}},{"name":"hexadecagon","from":[6,10,7.60218],"to":[10,10.75,8.39782],"rotation":{"angle":22.5,"axis":"y","origin":[8,10.5,8]},"faces":{"north":{"uv":[0,0,8,4],"texture":"#0"},"east":{"uv":[0,0,8,4],"texture":"#0"},"south":{"uv":[0,0,8,4],"texture":"#0"},"west":{"uv":[0,0,8,4],"texture":"#0"},"up":{"uv":[0,0,8,4],"texture":"#0"},"down":{"uv":[0,0,8,4],"texture":"#0"}}},{"from":[5.5,12.25,6.5],"to":[10.5,13.75,9.5],"rotation":{"angle":-22.5,"axis":"y","origin":[8,13,8]},"faces":{"north":{"uv":[0,4,8,8],"rotation":270,"texture":"#0"},"east":{"uv":[0,4,8,8],"rotation":270,"texture":"#0"},"south":{"uv":[0,4,8,8],"rotation":270,"texture":"#0"},"west":{"uv":[0,4,8,8],"rotation":270,"texture":"#0"},"up":{"uv":[0,4,8,8],"rotation":270,"texture":"#0"},"down":{"uv":[0,4,8,8],"rotation":270,"texture":"#0"}}},{"from":[6.25,8.60095,2.0795],"to":[9.75,8.85095,3.3295],"rotation":{"angle":-45,"axis":"x","origin":[8,8.35095,2.2045]},"faces":{"north":{"uv":[15,5,16,6],"texture":"#0"},"east":{"uv":[15,5,16,6],"texture":"#0"},"south":{"uv":[15,5,16,6],"texture":"#0"},"west":{"uv":[15,5,16,6],"texture":"#0"},"up":{"uv":[0,8,16,16],"texture":"#0"},"down":{"uv":[15,5,16,6],"texture":"#0"}}},{"from":[10.5,8.60095,2.3295],"to":[11.5,8.85095,3.0795],"rotation":{"angle":-45,"axis":"x","origin":[11,8.35095,2.2045]},"faces":{"north":{"uv":[15,2,16,3],"texture":"#0"},"east":{"uv":[15,2,16,3],"texture":"#0"},"south":{"uv":[15,2,16,3],"texture":"#0"},"west":{"uv":[15,2,16,3],"texture":"#0"},"up":{"uv":[15,2,16,3],"texture":"#0"},"down":{"uv":[15,2,16,3],"texture":"#0"}}},{"from":[2.75,8.60095,2.3295],"to":[3.75,8.85095,3.0795],"rotation":{"angle":-45,"axis":"x","origin":[3.25,8.35095,2.2045]},"faces":{"north":{"uv":[15,2,16,3],"texture":"#0"},"east":{"uv":[15,2,16,3],"texture":"#0"},"south":{"uv":[15,2,16,3],"texture":"#0"},"west":{"uv":[15,2,16,3],"texture":"#0"},"up":{"uv":[15,2,16,3],"texture":"#0"},"down":{"uv":[15,2,16,3],"texture":"#0"}}},{"from":[12.25,8.60095,2.3295],"to":[13.25,8.85095,3.0795],"rotation":{"angle":-45,"axis":"x","origin":[12.75,8.35095,2.2045]},"faces":{"north":{"uv":[15,2,16,3],"texture":"#0"},"east":{"uv":[15,2,16,3],"texture":"#0"},"south":{"uv":[15,2,16,3],"texture":"#0"},"west":{"uv":[15,2,16,3],"texture":"#0"},"up":{"uv":[15,2,16,3],"texture":"#0"},"down":{"uv":[15,2,16,3],"texture":"#0"}}},{"from":[4.5,8.60095,2.3295],"to":[5.5,8.85095,3.0795],"rotation":{"angle":-45,"axis":"x","origin":[5,8.35095,2.2045]},"faces":{"north":{"uv":[15,2,16,3],"texture":"#0"},"east":{"uv":[15,2,16,3],"texture":"#0"},"south":{"uv":[15,2,16,3],"texture":"#0"},"west":{"uv":[15,2,16,3],"texture":"#0"},"up":{"uv":[15,2,16,3],"texture":"#0"},"down":{"uv":[15,2,16,3],"texture":"#0"}}},{"from":[2.25,7.25,3.25],"to":[3.25,8,4.25],"rotation":{"angle":0,"axis":"y","origin":[5.5,14.5,7.25]},"faces":{"north":{"uv":[15,2,16,3],"texture":"#0"},"east":{"uv":[15,2,16,3],"texture":"#0"},"south":{"uv":[15,2,16,3],"texture":"#0"},"west":{"uv":[15,2,16,3],"texture":"#0"},"up":{"uv":[15,2,16,3],"texture":"#0"},"down":{"uv":[15,2,16,3],"texture":"#0"}}},{"from":[2.25,7.25,10.75],"to":[3.25,8,11.75],"rotation":{"angle":0,"axis":"y","origin":[5.5,14.5,14.75]},"faces":{"north":{"uv":[15,2,16,3],"texture":"#0"},"east":{"uv":[15,2,16,3],"texture":"#0"},"south":{"uv":[15,2,16,3],"texture":"#0"},"west":{"uv":[15,2,16,3],"texture":"#0"},"up":{"uv":[15,2,16,3],"texture":"#0"},"down":{"uv":[15,2,16,3],"texture":"#0"}}},{"from":[12.75,7.25,10.75],"to":[13.75,8,11.75],"rotation":{"angle":0,"axis":"y","origin":[16,14.5,14.75]},"faces":{"north":{"uv":[15,2,16,3],"texture":"#0"},"east":{"uv":[15,2,16,3],"texture":"#0"},"south":{"uv":[15,2,16,3],"texture":"#0"},"west":{"uv":[15,2,16,3],"texture":"#0"},"up":{"uv":[15,2,16,3],"texture":"#0"},"down":{"uv":[15,2,16,3],"texture":"#0"}}},{"from":[12.75,7.25,3.25],"to":[13.75,8,4.25],"rotation":{"angle":0,"axis":"y","origin":[16,14.5,7.25]},"faces":{"north":{"uv":[15,2,16,3],"texture":"#0"},"east":{"uv":[15,2,16,3],"texture":"#0"},"south":{"uv":[15,2,16,3],"texture":"#0"},"west":{"uv":[15,2,16,3],"texture":"#0"},"up":{"uv":[15,2,16,3],"texture":"#0"},"down":{"uv":[15,2,16,3],"texture":"#0"}}}],"display":{"thirdperson_righthand":{"scale":[0.5,0.5,0.5]},"thirdperson_lefthand":{"scale":[0.5,0.5,0.5]},"firstperson_righthand":{"scale":[0.5,0.5,0.5]},"firstperson_lefthand":{"scale":[0.5,0.5,0.5]},"gui":{"rotation":[0,-135,0],"translation":[-0.25,-3,0]},"head":{"translation":[0,7,0]},"fixed":{"rotation":[-90,0,0],"translation":[0,0,-2]}},"groups":[{"name":"group","origin":[8,8,8],"children":[{"name":"group","origin":[8,8,8],"children":[0,1,2,3,4,5,6,7,8,9,10,11]},{"name":"neben","origin":[8,8,8],"children":[12,13,14,15,16,17,18,19,20,21,22]},{"name":"group","origin":[27,19.75,15],"children":[23,24,25,26,27,28,29,30,31,32,33,34,35,36,37,38,39,40,41,42,43,44]},{"name":"haupt","origin":[8,8,8],"children":[45,46,47,48,49,50,51,52,53,54,55,56,57,58,59,60,61,62]},{"name":"butter","origin":[8,8,8],"children":[63]},{"name":"knopfDisplay","origin":[8,8,8],"children":[64,65,66,67,68]},{"name":"bein","origin":[8,8,8],"children":[69,70,71,72]}]}]}