{"credit":"MadewithBlockbench","texture_size":[64,64],"textures":{"0":"naniii_furniture:item/livingroom_table/bein1","1":"naniii_furniture:item/livingroom_table/bein2","6":"naniii_furniture:item/livingroom_table/buch","7":"naniii_furniture:item/livingroom_table/pflanze","8":"naniii_furniture:item/livingroom_table/buchoffen","9":"naniii_furniture:item/livingroom_table/buch3","11":"naniii_furniture:item/livingroom_table/buch4","12":"naniii_furniture:item/livingroom_table/platte","particle":"item/livingroom_table/platte"},"elements":[{"from":[-2,0,1.25],"to":[-1,6,2],"rotation":{"angle":0,"axis":"y","origin":[6,8,9]},"faces":{"north":{"uv":[0,0,2,4],"texture":"#0"},"east":{"uv":[0,0,2,4],"texture":"#0"},"south":{"uv":[0,0,2,4],"texture":"#0"},"west":{"uv":[0,0,2,4],"texture":"#0"},"up":{"uv":[0,0,2,4],"texture":"#0"},"down":{"uv":[0,0,2,4],"texture":"#0"}}},{"from":[16,6,1],"to":[18.25,6.25,2.75],"rotation":{"angle":0,"axis":"y","origin":[24.5,14,9]},"faces":{"north":{"uv":[12,0,16,2],"texture":"#0"},"east":{"uv":[12,0,16,2],"texture":"#0"},"south":{"uv":[12,0,16,2],"texture":"#0"},"west":{"uv":[12,0,16,2],"texture":"#0"},"up":{"uv":[12,0,16,2],"texture":"#0"},"down":{"uv":[12,0,16,2],"texture":"#0"}}},{"from":[17,0,1.25],"to":[18,6,2],"rotation":{"angle":0,"axis":"y","origin":[25,8,9]},"faces":{"north":{"uv":[0,0,2,4],"texture":"#0"},"east":{"uv":[0,0,2,4],"texture":"#0"},"south":{"uv":[0,0,2,4],"texture":"#0"},"west":{"uv":[0,0,2,4],"texture":"#0"},"up":{"uv":[0,0,2,4],"texture":"#0"},"down":{"uv":[0,0,2,4],"texture":"#0"}}},{"from":[-2.25,6,1],"to":[0,6.25,2.75],"rotation":{"angle":0,"axis":"y","origin":[6,14,9]},"faces":{"north":{"uv":[12,0,16,2],"texture":"#0"},"east":{"uv":[12,0,16,2],"texture":"#0"},"south":{"uv":[12,0,16,2],"texture":"#0"},"west":{"uv":[12,0,16,2],"texture":"#0"},"up":{"uv":[12,0,16,2],"texture":"#0"},"down":{"uv":[12,0,16,2],"texture":"#0"}}},{"from":[-2,0,14],"to":[-1,6,14.75],"rotation":{"angle":0,"axis":"y","origin":[8,2.425,14.575]},"faces":{"north":{"uv":[0,0,0.125,0.75],"texture":"#0"},"east":{"uv":[0,0,0.125,0.75],"texture":"#0"},"south":{"uv":[0,0,0.125,0.75],"texture":"#0"},"west":{"uv":[0,0,0.125,0.75],"texture":"#0"},"up":{"uv":[0,0,0.125,0.75],"texture":"#0"},"down":{"uv":[0,0,0.125,0.75],"texture":"#0"}}},{"from":[-2.25,6,13.25],"to":[0,6.25,15],"rotation":{"angle":0,"axis":"y","origin":[8,4.425,14.325]},"faces":{"north":{"uv":[12,0,16,2],"texture":"#0"},"east":{"uv":[12,0,16,2],"texture":"#0"},"south":{"uv":[12,0,16,2],"texture":"#0"},"west":{"uv":[12,0,16,2],"texture":"#0"},"up":{"uv":[12,0,16,2],"texture":"#0"},"down":{"uv":[12,0,16,2],"texture":"#0"}}},{"from":[17,0,14],"to":[18,6,14.75],"rotation":{"angle":0,"axis":"y","origin":[8,2.425,14.575]},"faces":{"north":{"uv":[0,0,0.125,0.75],"texture":"#0"},"east":{"uv":[0,0,0.125,0.75],"texture":"#0"},"south":{"uv":[0,0,0.125,0.75],"texture":"#0"},"west":{"uv":[0,0,0.125,0.75],"texture":"#0"},"up":{"uv":[0,0,0.125,0.75],"texture":"#0"},"down":{"uv":[0,0,0.125,0.75],"texture":"#0"}}},{"from":[16,6,13.25],"to":[18.25,6.25,15],"rotation":{"angle":0,"axis":"y","origin":[8,4.425,14.325]},"faces":{"north":{"uv":[12,0,16,2],"texture":"#0"},"east":{"uv":[12,0,16,2],"texture":"#0"},"south":{"uv":[12,0,16,2],"texture":"#0"},"west":{"uv":[12,0,16,2],"texture":"#0"},"up":{"uv":[12,0,16,2],"texture":"#0"},"down":{"uv":[12,0,16,2],"texture":"#0"}}},{"from":[17.25,0,13.5],"to":[17.75,6,14],"rotation":{"angle":0,"axis":"y","origin":[8,2.425,13.575]},"faces":{"north":{"uv":[0,0,2,4],"texture":"#1"},"east":{"uv":[0,0,2,4],"texture":"#1"},"south":{"uv":[0,0,2,4],"texture":"#1"},"west":{"uv":[0,0,2,4],"texture":"#1"},"up":{"uv":[0,0,2,4],"texture":"#1"},"down":{"uv":[0,0,2,4],"texture":"#1"}}},{"from":[16.25,0,14],"to":[16.5,6,14.25],"rotation":{"angle":0,"axis":"y","origin":[8,2.425,14.075]},"faces":{"north":{"uv":[0,0,2,4],"texture":"#1"},"east":{"uv":[0,0,2,4],"texture":"#1"},"south":{"uv":[0,0,2,4],"texture":"#1"},"west":{"uv":[0,0,2,4],"texture":"#1"},"up":{"uv":[0,0,2,4],"texture":"#1"},"down":{"uv":[0,0,2,4],"texture":"#1"}}},{"from":[17.25,0,2],"to":[17.75,6,2.5],"rotation":{"angle":0,"axis":"y","origin":[25.5,8,9.25]},"faces":{"north":{"uv":[0,0,2,4],"texture":"#1"},"east":{"uv":[0,0,2,4],"texture":"#1"},"south":{"uv":[0,0,2,4],"texture":"#1"},"west":{"uv":[0,0,2,4],"texture":"#1"},"up":{"uv":[0,0,2,4],"texture":"#1"},"down":{"uv":[0,0,2,4],"texture":"#1"}}},{"from":[-1.75,0,2],"to":[-1.25,6,2.5],"rotation":{"angle":0,"axis":"y","origin":[6.25,8,9.25]},"faces":{"north":{"uv":[0,0,2,4],"texture":"#1"},"east":{"uv":[0,0,2,4],"texture":"#1"},"south":{"uv":[0,0,2,4],"texture":"#1"},"west":{"uv":[0,0,2,4],"texture":"#1"},"up":{"uv":[0,0,2,4],"texture":"#1"},"down":{"uv":[0,0,2,4],"texture":"#1"}}},{"from":[16.25,0,1.75],"to":[16.5,6,2],"rotation":{"angle":0,"axis":"y","origin":[24.25,8,9]},"faces":{"north":{"uv":[0,0,2,4],"texture":"#1"},"east":{"uv":[0,0,2,4],"texture":"#1"},"south":{"uv":[0,0,2,4],"texture":"#1"},"west":{"uv":[0,0,2,4],"texture":"#1"},"up":{"uv":[0,0,2,4],"texture":"#1"},"down":{"uv":[0,0,2,4],"texture":"#1"}}},{"from":[16.5,0,1.5],"to":[17,6,2],"rotation":{"angle":0,"axis":"y","origin":[24.5,8,9]},"faces":{"north":{"uv":[0,0,2,4],"texture":"#1"},"east":{"uv":[0,0,2,4],"texture":"#1"},"south":{"uv":[0,0,2,4],"texture":"#1"},"west":{"uv":[0,0,2,4],"texture":"#1"},"up":{"uv":[0,0,2,4],"texture":"#1"},"down":{"uv":[0,0,2,4],"texture":"#1"}}},{"from":[-0.5,0,1.75],"to":[-0.25,6,2],"rotation":{"angle":0,"axis":"y","origin":[7.5,8,9]},"faces":{"north":{"uv":[0,0,2,4],"texture":"#1"},"east":{"uv":[0,0,2,4],"texture":"#1"},"south":{"uv":[0,0,2,4],"texture":"#1"},"west":{"uv":[0,0,2,4],"texture":"#1"},"up":{"uv":[0,0,2,4],"texture":"#1"},"down":{"uv":[0,0,2,4],"texture":"#1"}}},{"from":[-1,0,1.5],"to":[-0.5,6,2],"rotation":{"angle":0,"axis":"y","origin":[7,8,9]},"faces":{"north":{"uv":[0,0,2,4],"texture":"#1"},"east":{"uv":[0,0,2,4],"texture":"#1"},"south":{"uv":[0,0,2,4],"texture":"#1"},"west":{"uv":[0,0,2,4],"texture":"#1"},"up":{"uv":[0,0,2,4],"texture":"#1"},"down":{"uv":[0,0,2,4],"texture":"#1"}}},{"from":[16.5,0,14],"to":[17,6,14.5],"rotation":{"angle":0,"axis":"y","origin":[8,2.425,14.325]},"faces":{"north":{"uv":[0,0,2,4],"texture":"#1"},"east":{"uv":[0,0,2,4],"texture":"#1"},"south":{"uv":[0,0,2,4],"texture":"#1"},"west":{"uv":[0,0,2,4],"texture":"#1"},"up":{"uv":[0,0,2,4],"texture":"#1"},"down":{"uv":[0,0,2,4],"texture":"#1"}}},{"from":[-1,0,14],"to":[-0.5,6,14.5],"rotation":{"angle":0,"axis":"y","origin":[8,2.425,14.325]},"faces":{"north":{"uv":[0,0,2,4],"texture":"#1"},"east":{"uv":[0,0,2,4],"texture":"#1"},"south":{"uv":[0,0,2,4],"texture":"#1"},"west":{"uv":[0,0,2,4],"texture":"#1"},"up":{"uv":[0,0,2,4],"texture":"#1"},"down":{"uv":[0,0,2,4],"texture":"#1"}}},{"from":[-0.5,0,14],"to":[-0.25,6,14.25],"rotation":{"angle":0,"axis":"y","origin":[8,2.425,14.075]},"faces":{"north":{"uv":[0,0,2,4],"texture":"#1"},"east":{"uv":[0,0,2,4],"texture":"#1"},"south":{"uv":[0,0,2,4],"texture":"#1"},"west":{"uv":[0,0,2,4],"texture":"#1"},"up":{"uv":[0,0,2,4],"texture":"#1"},"down":{"uv":[0,0,2,4],"texture":"#1"}}},{"from":[-1.75,0,13.5],"to":[-1.25,6,14],"rotation":{"angle":0,"axis":"y","origin":[8,2.425,13.575]},"faces":{"north":{"uv":[0,0,2,4],"texture":"#1"},"east":{"uv":[0,0,2,4],"texture":"#1"},"south":{"uv":[0,0,2,4],"texture":"#1"},"west":{"uv":[0,0,2,4],"texture":"#1"},"up":{"uv":[0,0,2,4],"texture":"#1"},"down":{"uv":[0,0,2,4],"texture":"#1"}}},{"from":[-2.75,6.25,0.5],"to":[18.75,6.75,15.5],"rotation":{"angle":0,"axis":"y","origin":[5.75,14.25,8.25]},"faces":{"north":{"uv":[0,15.75,3,16],"texture":"#12"},"east":{"uv":[0,15.75,3,16],"texture":"#12"},"south":{"uv":[0,15.75,3,16],"texture":"#12"},"west":{"uv":[0,15.75,3,16],"texture":"#12"},"up":{"uv":[0,0,16,16],"texture":"#12"},"down":{"uv":[0,0,16,16],"texture":"#12"}}},{"from":[-1.25,1.5,2],"to":[17.25,2,14],"rotation":{"angle":0,"axis":"y","origin":[5.75,8,8.25]},"faces":{"north":{"uv":[0,15,8,16],"texture":"#12"},"east":{"uv":[0,15,8,16],"texture":"#12"},"south":{"uv":[0,15,8,16],"texture":"#12"},"west":{"uv":[0,15,8,16],"texture":"#12"},"up":{"uv":[8,8,16,16],"texture":"#12"},"down":{"uv":[8,8,16,16],"texture":"#12"}}},{"from":[1.5,6.75,4],"to":[6.25,7,7],"rotation":{"angle":22.5,"axis":"y","origin":[3.2,7.375,5.5]},"faces":{"north":{"uv":[0,0,16,8],"texture":"#8"},"east":{"uv":[0,0,16,8],"texture":"#8"},"south":{"uv":[0,0,16,8],"texture":"#8"},"west":{"uv":[0,0,16,8],"texture":"#8"},"up":{"uv":[0,0,16,8],"texture":"#8"},"down":{"uv":[0,0,16,8],"texture":"#8"}}},{"from":[1.75,7,4.25],"to":[3.75,7.5,6.75],"rotation":{"angle":22.5,"axis":"y","origin":[3.2,7.375,5.5]},"faces":{"north":{"uv":[0,12,8,16],"texture":"#8"},"east":{"uv":[0,12,8,16],"texture":"#8"},"south":{"uv":[0,12,8,16],"texture":"#8"},"west":{"uv":[0,12,8,16],"texture":"#8"},"up":{"uv":[0,8,8,12],"texture":"#8"},"down":{"uv":[0,8,8,12],"texture":"#8"}}},{"from":[4,7,4.25],"to":[6,7.25,6.75],"rotation":{"angle":22.5,"axis":"y","origin":[3.2,7.375,5.5]},"faces":{"north":{"uv":[0,14,8,16],"texture":"#8"},"east":{"uv":[0,14,8,16],"texture":"#8"},"south":{"uv":[0,14,8,16],"texture":"#8"},"west":{"uv":[0,14,8,16],"texture":"#8"},"up":{"uv":[0,8,8,12],"texture":"#8"},"down":{"uv":[8,12,16,16],"texture":"#8"}}},{"from":[1.7,6.75,10.7],"to":[4.7,8,10.95],"rotation":{"angle":-22.5,"axis":"y","origin":[3.2,7.375,11.5]},"faces":{"north":{"uv":[8,0,16,8],"texture":"#6"},"east":{"uv":[8,0,16,8],"texture":"#6"},"south":{"uv":[8,0,16,8],"texture":"#6"},"west":{"uv":[8,0,16,8],"texture":"#6"},"up":{"uv":[8,0,16,8],"texture":"#6"},"down":{"uv":[8,0,16,8],"texture":"#6"}}},{"from":[1.95,7,10.45],"to":[4.45,7.75,10.7],"rotation":{"angle":-22.5,"axis":"y","origin":[3.2,7.375,11.5]},"faces":{"north":{"uv":[8,0,16,8],"texture":"#6"},"east":{"uv":[0,0,8,8],"texture":"#6"},"south":{"uv":[0,0,8,8],"texture":"#6"},"west":{"uv":[0,0,8,8],"texture":"#6"},"up":{"uv":[8,0,16,8],"texture":"#6"},"down":{"uv":[0,0,8,8],"texture":"#6"}}},{"from":[1.7,6.75,10.95],"to":[4.7,7,13.2],"rotation":{"angle":-22.5,"axis":"y","origin":[3.2,7.375,11.5]},"faces":{"north":{"uv":[0,0,8,8],"texture":"#6"},"east":{"uv":[0,0,8,8],"texture":"#6"},"south":{"uv":[0,0,8,8],"texture":"#6"},"west":{"uv":[0,0,8,8],"texture":"#6"},"up":{"uv":[0,0,8,8],"texture":"#6"},"down":{"uv":[0,0,8,8],"texture":"#6"}}},{"from":[1.7,7.75,10.95],"to":[4.7,8,13.2],"rotation":{"angle":-22.5,"axis":"y","origin":[3.2,7.375,11.5]},"faces":{"north":{"uv":[0,0,8,8],"texture":"#6"},"east":{"uv":[0,0,8,8],"texture":"#6"},"south":{"uv":[0,0,8,8],"texture":"#6"},"west":{"uv":[0,0,8,8],"texture":"#6"},"up":{"uv":[0,0,8,8],"texture":"#6"},"down":{"uv":[0,0,8,8],"texture":"#6"}}},{"from":[1.95,7,10.95],"to":[4.45,7.75,12.95],"rotation":{"angle":-22.5,"axis":"y","origin":[3.2,7.375,11.5]},"faces":{"north":{"uv":[0,8,16,16],"texture":"#6"},"east":{"uv":[0,12,16,16],"texture":"#6"},"south":{"uv":[0,12,16,16],"texture":"#6"},"west":{"uv":[0,12,16,16],"texture":"#6"},"up":{"uv":[0,12,16,16],"texture":"#6"},"down":{"uv":[0,12,16,16],"texture":"#6"}}},{"from":[12.2,2,8.7],"to":[15.2,3.25,8.95],"rotation":{"angle":45,"axis":"y","origin":[13.7,2.625,9.5]},"faces":{"north":{"uv":[8,0,16,8],"texture":"#9"},"east":{"uv":[8,0,16,8],"texture":"#9"},"south":{"uv":[8,0,16,8],"texture":"#9"},"west":{"uv":[8,0,16,8],"texture":"#9"},"up":{"uv":[8,0,16,8],"texture":"#9"},"down":{"uv":[8,0,16,8],"texture":"#9"}}},{"from":[12.45,2.25,8.45],"to":[14.95,3,8.7],"rotation":{"angle":45,"axis":"y","origin":[13.7,2.625,9.5]},"faces":{"north":{"uv":[8,0,16,8],"texture":"#9"},"east":{"uv":[8,0,16,8],"texture":"#9"},"south":{"uv":[8,0,16,8],"texture":"#9"},"west":{"uv":[8,0,16,8],"texture":"#9"},"up":{"uv":[8,0,16,8],"texture":"#9"},"down":{"uv":[8,0,16,8],"texture":"#9"}}},{"from":[12.2,2,8.95],"to":[15.2,2.25,11.2],"rotation":{"angle":45,"axis":"y","origin":[13.7,2.625,9.5]},"faces":{"north":{"uv":[0,0,8,8],"texture":"#9"},"east":{"uv":[0,0,8,8],"texture":"#9"},"south":{"uv":[0,0,8,8],"texture":"#9"},"west":{"uv":[0,0,8,8],"texture":"#9"},"up":{"uv":[0,0,8,8],"texture":"#9"},"down":{"uv":[0,0,8,8],"texture":"#9"}}},{"from":[12.2,3,8.95],"to":[15.2,3.25,11.2],"rotation":{"angle":45,"axis":"y","origin":[13.7,2.625,9.5]},"faces":{"north":{"uv":[0,0,8,8],"texture":"#9"},"east":{"uv":[0,0,8,8],"texture":"#9"},"south":{"uv":[0,0,8,8],"texture":"#9"},"west":{"uv":[0,0,8,8],"texture":"#9"},"up":{"uv":[0,0,8,8],"texture":"#9"},"down":{"uv":[0,0,8,8],"texture":"#9"}}},{"from":[12.45,2.25,8.95],"to":[14.95,3,10.95],"rotation":{"angle":45,"axis":"y","origin":[13.7,2.625,9.5]},"faces":{"north":{"uv":[0,8,16,16],"texture":"#9"},"east":{"uv":[0,8,16,16],"texture":"#9"},"south":{"uv":[0,12,16,16],"texture":"#9"},"west":{"uv":[0,8,16,16],"texture":"#9"},"up":{"uv":[0,8,16,16],"texture":"#9"},"down":{"uv":[0,8,16,16],"texture":"#9"}}},{"from":[6.7,2,4.7],"to":[9.7,3.25,4.95],"rotation":{"angle":-45,"axis":"y","origin":[8.2,2.625,5.5]},"faces":{"north":{"uv":[8,0,16,8],"texture":"#11"},"east":{"uv":[8,0,16,8],"texture":"#11"},"south":{"uv":[8,0,16,8],"texture":"#11"},"west":{"uv":[8,0,16,8],"texture":"#11"},"up":{"uv":[8,0,16,8],"texture":"#11"},"down":{"uv":[8,0,16,8],"texture":"#11"}}},{"from":[6.95,2.25,4.45],"to":[9.45,3,4.7],"rotation":{"angle":-45,"axis":"y","origin":[8.2,2.625,5.5]},"faces":{"north":{"uv":[8,0,16,8],"texture":"#11"},"east":{"uv":[8,0,16,8],"texture":"#11"},"south":{"uv":[8,0,16,8],"texture":"#11"},"west":{"uv":[8,0,16,8],"texture":"#11"},"up":{"uv":[8,0,16,8],"texture":"#11"},"down":{"uv":[8,0,16,8],"texture":"#11"}}},{"from":[6.7,2,4.95],"to":[9.7,2.25,7.2],"rotation":{"angle":-45,"axis":"y","origin":[8.2,2.625,5.5]},"faces":{"north":{"uv":[0,0,8,8],"texture":"#11"},"east":{"uv":[0,0,8,8],"texture":"#11"},"south":{"uv":[0,0,8,8],"texture":"#11"},"west":{"uv":[0,0,8,8],"texture":"#11"},"up":{"uv":[0,0,8,8],"texture":"#11"},"down":{"uv":[0,0,8,8],"texture":"#11"}}},{"from":[6.7,3,4.95],"to":[9.7,3.25,7.2],"rotation":{"angle":-45,"axis":"y","origin":[8.2,2.625,5.5]},"faces":{"north":{"uv":[0,0,8,8],"texture":"#11"},"east":{"uv":[0,0,8,8],"texture":"#11"},"south":{"uv":[0,0,8,8],"texture":"#11"},"west":{"uv":[0,0,8,8],"texture":"#11"},"up":{"uv":[0,0,8,8],"texture":"#11"},"down":{"uv":[0,0,8,8],"texture":"#11"}}},{"from":[6.95,2.25,4.95],"to":[9.45,3,6.95],"rotation":{"angle":-45,"axis":"y","origin":[8.2,2.625,5.5]},"faces":{"north":{"uv":[0,12,16,16],"texture":"#11"},"east":{"uv":[0,12,16,16],"texture":"#11"},"south":{"uv":[0,12,16,16],"texture":"#11"},"west":{"uv":[0,12,16,16],"texture":"#11"},"up":{"uv":[0,12,16,16],"texture":"#11"},"down":{"uv":[0,12,16,16],"texture":"#11"}}},{"from":[8.75,6.75,8],"to":[9,8,11],"rotation":{"angle":22.5,"axis":"y","origin":[8.2,7.375,9.5]},"faces":{"north":{"uv":[8,0,16,8],"texture":"#9"},"east":{"uv":[8,0,16,8],"texture":"#9"},"south":{"uv":[8,0,16,8],"texture":"#9"},"west":{"uv":[8,0,16,8],"texture":"#9"},"up":{"uv":[8,0,16,8],"texture":"#9"},"down":{"uv":[8,0,16,8],"texture":"#9"}}},{"from":[9,7,8.25],"to":[9.25,7.75,10.75],"rotation":{"angle":22.5,"axis":"y","origin":[8.2,7.375,9.5]},"faces":{"north":{"uv":[8,0,16,8],"texture":"#9"},"east":{"uv":[8,0,16,8],"texture":"#9"},"south":{"uv":[8,0,16,8],"texture":"#9"},"west":{"uv":[8,0,16,8],"texture":"#9"},"up":{"uv":[8,0,16,8],"texture":"#9"},"down":{"uv":[8,0,16,8],"texture":"#9"}}},{"from":[6.5,6.75,8],"to":[8.75,7,11],"rotation":{"angle":22.5,"axis":"y","origin":[8.2,7.375,9.5]},"faces":{"north":{"uv":[0,0,8,8],"texture":"#9"},"east":{"uv":[0,0,8,8],"texture":"#9"},"south":{"uv":[0,0,8,8],"texture":"#9"},"west":{"uv":[0,0,8,8],"texture":"#9"},"up":{"uv":[0,0,8,8],"texture":"#9"},"down":{"uv":[0,0,8,8],"texture":"#9"}}},{"from":[6.5,7.75,8],"to":[8.75,8,11],"rotation":{"angle":22.5,"axis":"y","origin":[8.2,7.375,9.5]},"faces":{"north":{"uv":[0,0,8,8],"texture":"#9"},"east":{"uv":[0,0,8,8],"texture":"#9"},"south":{"uv":[0,0,8,8],"texture":"#9"},"west":{"uv":[0,0,8,8],"texture":"#9"},"up":{"uv":[0,0,8,8],"texture":"#9"},"down":{"uv":[0,0,8,8],"texture":"#9"}}},{"from":[6.75,7,8.25],"to":[8.75,7.75,10.75],"rotation":{"angle":22.5,"axis":"y","origin":[8.2,7.375,9.5]},"faces":{"north":{"uv":[0,8,16,16],"texture":"#9"},"east":{"uv":[0,8,16,16],"texture":"#9"},"south":{"uv":[0,8,16,16],"texture":"#9"},"west":{"uv":[0,8,16,16],"texture":"#9"},"up":{"uv":[0,8,16,16],"texture":"#9"},"down":{"uv":[0,8,16,16],"texture":"#9"}}},{"from":[14.94,7,8.42],"to":[15.19,8.5,9.67],"rotation":{"angle":45,"axis":"y","origin":[14.26,8.98,9.18]},"faces":{"north":{"uv":[0,0,8,8],"texture":"#7"},"east":{"uv":[0,0,8,8],"texture":"#7"},"south":{"uv":[0,0,8,8],"texture":"#7"},"west":{"uv":[0,0,8,8],"texture":"#7"},"up":{"uv":[0,0,8,8],"texture":"#7"},"down":{"uv":[0,0,8,8],"texture":"#7"}}},{"from":[15.19,6.75,8.42],"to":[15.44,8.5,9.67],"rotation":{"angle":45,"axis":"y","origin":[14.26,8.98,9.18]},"faces":{"north":{"uv":[0,0,8,8],"texture":"#7"},"east":{"uv":[0,0,8,8],"texture":"#7"},"south":{"uv":[0,0,8,8],"texture":"#7"},"west":{"uv":[0,0,8,8],"texture":"#7"},"up":{"uv":[0,0,8,8],"texture":"#7"},"down":{"uv":[0,0,8,8],"texture":"#7"}}},{"from":[13.19,6.75,8.42],"to":[13.44,8.5,9.67],"rotation":{"angle":45,"axis":"y","origin":[14.26,8.98,9.18]},"faces":{"north":{"uv":[0,0,8,8],"texture":"#7"},"east":{"uv":[0,0,8,8],"texture":"#7"},"south":{"uv":[0,0,8,8],"texture":"#7"},"west":{"uv":[0,0,8,8],"texture":"#7"},"up":{"uv":[0,0,8,8],"texture":"#7"},"down":{"uv":[0,0,8,8],"texture":"#7"}}},{"from":[13.44,6.75,8.17],"to":[15.19,7,9.92],"rotation":{"angle":45,"axis":"y","origin":[14.26,8.98,9.18]},"faces":{"north":{"uv":[0,0,8,8],"texture":"#7"},"east":{"uv":[0,0,8,8],"texture":"#7"},"south":{"uv":[0,0,8,8],"texture":"#7"},"west":{"uv":[0,0,8,8],"texture":"#7"},"up":{"uv":[0,0,8,8],"texture":"#7"},"down":{"uv":[0,0,8,8],"texture":"#7"}}},{"from":[13.44,7,9.67],"to":[15.19,8.5,9.92],"rotation":{"angle":45,"axis":"y","origin":[14.26,8.98,9.18]},"faces":{"north":{"uv":[0,0,8,8],"texture":"#7"},"east":{"uv":[0,0,8,8],"texture":"#7"},"south":{"uv":[0,0,8,8],"texture":"#7"},"west":{"uv":[0,0,8,8],"texture":"#7"},"up":{"uv":[0,0,8,8],"texture":"#7"},"down":{"uv":[0,0,8,8],"texture":"#7"}}},{"from":[13.69,6.75,9.92],"to":[14.94,8.5,10.17],"rotation":{"angle":45,"axis":"y","origin":[14.26,8.98,9.18]},"faces":{"north":{"uv":[0,0,8,8],"texture":"#7"},"east":{"uv":[0,0,8,8],"texture":"#7"},"south":{"uv":[0,0,8,8],"texture":"#7"},"west":{"uv":[0,0,8,8],"texture":"#7"},"up":{"uv":[0,0,8,8],"texture":"#7"},"down":{"uv":[0,0,8,8],"texture":"#7"}}},{"from":[13.69,6.75,7.92],"to":[14.94,8.5,8.17],"rotation":{"angle":45,"axis":"y","origin":[14.26,8.98,9.18]},"faces":{"north":{"uv":[0,0,8,8],"texture":"#7"},"east":{"uv":[0,0,8,8],"texture":"#7"},"south":{"uv":[0,0,8,8],"texture":"#7"},"west":{"uv":[0,0,8,8],"texture":"#7"},"up":{"uv":[0,0,8,8],"texture":"#7"},"down":{"uv":[0,0,8,8],"texture":"#7"}}},{"from":[13.44,7,8.17],"to":[15.19,8.5,8.42],"rotation":{"angle":45,"axis":"y","origin":[14.26,8.98,9.18]},"faces":{"north":{"uv":[0,0,8,8],"texture":"#7"},"east":{"uv":[0,0,8,8],"texture":"#7"},"south":{"uv":[0,0,8,8],"texture":"#7"},"west":{"uv":[0,0,8,8],"texture":"#7"},"up":{"uv":[0,0,8,8],"texture":"#7"},"down":{"uv":[0,0,8,8],"texture":"#7"}}},{"from":[13.44,7,8.42],"to":[13.69,8.5,9.67],"rotation":{"angle":45,"axis":"y","origin":[14.26,8.98,9.18]},"faces":{"north":{"uv":[0,0,8,8],"texture":"#7"},"east":{"uv":[0,0,8,8],"texture":"#7"},"south":{"uv":[0,0,8,8],"texture":"#7"},"west":{"uv":[0,0,8,8],"texture":"#7"},"up":{"uv":[0,0,8,8],"texture":"#7"},"down":{"uv":[0,0,8,8],"texture":"#7"}}},{"from":[13.69,8,8.42],"to":[14.94,8.25,9.67],"rotation":{"angle":45,"axis":"y","origin":[14.26,8.98,9.18]},"faces":{"north":{"uv":[8,0,16,8],"texture":"#7"},"east":{"uv":[8,0,16,8],"texture":"#7"},"south":{"uv":[8,0,16,8],"texture":"#7"},"west":{"uv":[8,0,16,8],"texture":"#7"},"up":{"uv":[8,0,16,8],"texture":"#7"},"down":{"uv":[8,0,16,8],"texture":"#7"}}},{"from":[14.19,8.25,8.92],"to":[14.44,9.25,9.17],"rotation":{"angle":45,"axis":"y","origin":[14.26,8.98,9.18]},"faces":{"north":{"uv":[8,8,16,16],"texture":"#7"},"east":{"uv":[8,8,16,16],"texture":"#7"},"south":{"uv":[8,8,16,16],"texture":"#7"},"west":{"uv":[8,8,16,16],"texture":"#7"},"up":{"uv":[8,8,16,16],"texture":"#7"},"down":{"uv":[8,8,16,16],"texture":"#7"}}},{"from":[14.19,9,8.67],"to":[14.44,10,8.92],"rotation":{"angle":45,"axis":"y","origin":[14.26,8.98,9.18]},"faces":{"north":{"uv":[8,8,16,16],"texture":"#7"},"east":{"uv":[8,8,16,16],"texture":"#7"},"south":{"uv":[8,8,16,16],"texture":"#7"},"west":{"uv":[8,8,16,16],"texture":"#7"},"up":{"uv":[8,8,16,16],"texture":"#7"},"down":{"uv":[8,8,16,16],"texture":"#7"}}},{"from":[14.19,8.75,9.17],"to":[14.44,9.5,9.42],"rotation":{"angle":45,"axis":"y","origin":[14.26,8.98,9.18]},"faces":{"north":{"uv":[8,8,16,16],"texture":"#7"},"east":{"uv":[8,8,16,16],"texture":"#7"},"south":{"uv":[8,8,16,16],"texture":"#7"},"west":{"uv":[8,8,16,16],"texture":"#7"},"up":{"uv":[8,8,16,16],"texture":"#7"},"down":{"uv":[8,8,16,16],"texture":"#7"}}},{"from":[14.44,9.25,9.17],"to":[14.69,10,9.42],"rotation":{"angle":45,"axis":"y","origin":[14.26,8.98,9.18]},"faces":{"north":{"uv":[8,8,16,16],"texture":"#7"},"east":{"uv":[8,8,16,16],"texture":"#7"},"south":{"uv":[8,8,16,16],"texture":"#7"},"west":{"uv":[8,8,16,16],"texture":"#7"},"up":{"uv":[8,8,16,16],"texture":"#7"},"down":{"uv":[8,8,16,16],"texture":"#7"}}},{"from":[14.44,9.75,9.42],"to":[14.69,10.25,9.67],"rotation":{"angle":45,"axis":"y","origin":[14.26,8.98,9.18]},"faces":{"north":{"uv":[8,8,16,16],"texture":"#7"},"east":{"uv":[8,8,16,16],"texture":"#7"},"south":{"uv":[8,8,16,16],"texture":"#7"},"west":{"uv":[8,8,16,16],"texture":"#7"},"up":{"uv":[8,8,16,16],"texture":"#7"},"down":{"uv":[8,8,16,16],"texture":"#7"}}},{"from":[13.94,9,8.92],"to":[14.19,9.5,9.17],"rotation":{"angle":45,"axis":"y","origin":[14.26,8.98,9.18]},"faces":{"north":{"uv":[8,8,16,16],"texture":"#7"},"east":{"uv":[8,8,16,16],"texture":"#7"},"south":{"uv":[8,8,16,16],"texture":"#7"},"west":{"uv":[8,8,16,16],"texture":"#7"},"up":{"uv":[8,8,16,16],"texture":"#7"},"down":{"uv":[8,8,16,16],"texture":"#7"}}},{"from":[13.69,9.25,8.92],"to":[13.94,9.75,9.17],"rotation":{"angle":45,"axis":"y","origin":[14.26,8.98,9.18]},"faces":{"north":{"uv":[8,8,16,16],"texture":"#7"},"east":{"uv":[8,8,16,16],"texture":"#7"},"south":{"uv":[8,8,16,16],"texture":"#7"},"west":{"uv":[8,8,16,16],"texture":"#7"},"up":{"uv":[8,8,16,16],"texture":"#7"},"down":{"uv":[8,8,16,16],"texture":"#7"}}},{"from":[13.69,9.5,9.17],"to":[13.94,10,9.42],"rotation":{"angle":45,"axis":"y","origin":[14.26,8.98,9.18]},"faces":{"north":{"uv":[8,8,16,16],"texture":"#7"},"east":{"uv":[8,8,16,16],"texture":"#7"},"south":{"uv":[8,8,16,16],"texture":"#7"},"west":{"uv":[8,8,16,16],"texture":"#7"},"up":{"uv":[8,8,16,16],"texture":"#7"},"down":{"uv":[8,8,16,16],"texture":"#7"}}},{"from":[13.19,9.75,9.42],"to":[13.94,10,9.67],"rotation":{"angle":45,"axis":"y","origin":[14.26,8.98,9.18]},"faces":{"north":{"uv":[8,8,16,16],"texture":"#7"},"east":{"uv":[8,8,16,16],"texture":"#7"},"south":{"uv":[8,8,16,16],"texture":"#7"},"west":{"uv":[8,8,16,16],"texture":"#7"},"up":{"uv":[8,8,16,16],"texture":"#7"},"down":{"uv":[8,8,16,16],"texture":"#7"}}},{"from":[14.69,10,9.42],"to":[14.94,10.5,9.67],"rotation":{"angle":45,"axis":"y","origin":[14.26,8.98,9.18]},"faces":{"north":{"uv":[8,8,16,16],"texture":"#7"},"east":{"uv":[8,8,16,16],"texture":"#7"},"south":{"uv":[8,8,16,16],"texture":"#7"},"west":{"uv":[8,8,16,16],"texture":"#7"},"up":{"uv":[8,8,16,16],"texture":"#7"},"down":{"uv":[8,8,16,16],"texture":"#7"}}},{"from":[14.94,10.25,9.42],"to":[15.19,10.5,10.17],"rotation":{"angle":45,"axis":"y","origin":[14.26,8.98,9.18]},"faces":{"north":{"uv":[8,8,16,16],"texture":"#7"},"east":{"uv":[8,8,16,16],"texture":"#7"},"south":{"uv":[8,8,16,16],"texture":"#7"},"west":{"uv":[8,8,16,16],"texture":"#7"},"up":{"uv":[8,8,16,16],"texture":"#7"},"down":{"uv":[8,8,16,16],"texture":"#7"}}},{"from":[14.19,9.75,8.42],"to":[14.44,10.75,8.67],"rotation":{"angle":45,"axis":"y","origin":[14.26,8.98,9.18]},"faces":{"north":{"uv":[8,8,16,16],"texture":"#7"},"east":{"uv":[8,8,16,16],"texture":"#7"},"south":{"uv":[8,8,16,16],"texture":"#7"},"west":{"uv":[8,8,16,16],"texture":"#7"},"up":{"uv":[8,8,16,16],"texture":"#7"},"down":{"uv":[8,8,16,16],"texture":"#7"}}},{"from":[13.69,10.75,7.67],"to":[14.69,11.75,8.92],"rotation":{"angle":45,"axis":"y","origin":[14.26,8.98,9.18]},"faces":{"north":{"uv":[0,8,8,16],"texture":"#7"},"east":{"uv":[0,8,8,16],"texture":"#7"},"south":{"uv":[0,8,8,16],"texture":"#7"},"west":{"uv":[0,8,8,16],"texture":"#7"},"up":{"uv":[0,8,8,16],"texture":"#7"},"down":{"uv":[0,8,8,16],"texture":"#7"}}},{"from":[14.19,10,10.17],"to":[15.44,11,10.67],"rotation":{"angle":45,"axis":"y","origin":[14.26,8.98,9.18]},"faces":{"north":{"uv":[0,8,8,16],"texture":"#7"},"east":{"uv":[0,8,8,16],"texture":"#7"},"south":{"uv":[0,8,8,16],"texture":"#7"},"west":{"uv":[0,8,8,16],"texture":"#7"},"up":{"uv":[0,8,8,16],"texture":"#7"},"down":{"uv":[0,8,8,16],"texture":"#7"}}},{"from":[12.44,9.5,8.92],"to":[13.19,10.5,10.17],"rotation":{"angle":45,"axis":"y","origin":[14.26,8.98,9.18]},"faces":{"north":{"uv":[0,8,8,16],"texture":"#7"},"east":{"uv":[0,8,8,16],"texture":"#7"},"south":{"uv":[0,8,8,16],"texture":"#7"},"west":{"uv":[0,8,8,16],"texture":"#7"},"up":{"uv":[0,8,8,16],"texture":"#7"},"down":{"uv":[0,8,8,16],"texture":"#7"}}},{"name":"fernbedienung","from":[0,2,3],"to":[1,2.25,7],"rotation":{"angle":22.5,"axis":"y","origin":[0.5,2.125,5]},"faces":{"north":{"uv":[0,8,4,12],"texture":"#0"},"east":{"uv":[0,8,4,12],"texture":"#0"},"south":{"uv":[0,8,4,12],"texture":"#0"},"west":{"uv":[0,8,4,12],"texture":"#0"},"up":{"uv":[0,12,4,16],"texture":"#0"},"down":{"uv":[0,12,4,16],"texture":"#0"}}},{"name":"fernbedienung","from":[2.5,2,3],"to":[3.5,2.25,6],"rotation":{"angle":45,"axis":"y","origin":[3,2.125,4]},"faces":{"north":{"uv":[12,8,16,12],"texture":"#0"},"east":{"uv":[12,8,16,12],"texture":"#0"},"south":{"uv":[12,8,16,12],"texture":"#0"},"west":{"uv":[12,8,16,12],"texture":"#0"},"up":{"uv":[12,12,16,16],"texture":"#0"},"down":{"uv":[12,12,16,16],"texture":"#0"}}}],"display":{"ground":{"translation":[0,5,0]},"head":{"translation":[0,-19,0],"scale":[3,3,3]},"fixed":{"rotation":[-90,0,0],"translation":[-0.5,0.5,-25],"scale":[3,3,3]}},"groups":[{"name":"bein1","origin":[8,8,8],"children":[0,1,2,3,4,5,6,7]},{"name":"bein2","origin":[8,8,8],"children":[8,9,10,11,12,13,14,15,16,17,18,19]},{"name":"platte","origin":[8,8,8],"children":[20,21]},{"name":"buch1","origin":[8,8,8],"children":[{"name":"bund","origin":[8,8,8],"children":[22]},{"name":"seite","origin":[8,8,8],"children":[23,24]}]},{"name":"buch2","origin":[8,8,8],"children":[{"name":"bund","origin":[8,8,8],"children":[25,26,27,28]},{"name":"seite","origin":[8,8,8],"children":[29]}]},{"name":"buch3","origin":[8,8,8],"children":[{"name":"bund","origin":[8,8,8],"children":[30,31,32,33]},{"name":"seite","origin":[8,8,8],"children":[34]}]},{"name":"buch4","origin":[8,8,8],"children":[{"name":"bund","origin":[8,8,8],"children":[35,36,37,38]},{"name":"seite","origin":[8,8,8],"children":[39]}]},{"name":"buch5","origin":[8,8,8],"children":[{"name":"bund","origin":[8,8,8],"children":[40,41,42,43]},{"name":"seite","origin":[8,8,8],"children":[44]}]},{"name":"topfpflanze","origin":[8,8,8],"children":[{"name":"topf","origin":[8,8,8],"children":[45,46,47,48,49,50,51,52,53,54]},{"name":"planze","origin":[8,8,8],"children":[{"name":"stock","origin":[8,8,8],"children":[55,56,57,58,59,60,61,62,63,64,65,66]},{"name":"blaetter","origin":[8,8,8],"children":[67,68,69]}]}]},{"name":"fernbedienung","origin":[8,8,8],"children":[70,71]}]}