{"credit":"MadewithBlockbench","texture_size":[64,64],"textures":{"0":"naniii_furniture:item/microwave/1","particle":"item/microwave/1"},"elements":[{"from":[0,9.75,3],"to":[16,17.75,13],"rotation":{"angle":0,"axis":"y","origin":[15,17.75,15]},"faces":{"north":{"uv":[0,8,8,12],"texture":"#0"},"east":{"uv":[0,8,8,12],"texture":"#0"},"south":{"uv":[0,8,8,12],"texture":"#0"},"west":{"uv":[0,8,8,12],"texture":"#0"},"up":{"uv":[0,8,8,12],"texture":"#0"},"down":{"uv":[0,0,1,1],"texture":"#0"}}},{"from":[0.5,10.25,13],"to":[15.5,17.25,13.25],"rotation":{"angle":0,"axis":"y","origin":[15,17.75,25]},"faces":{"north":{"uv":[0,1.25,1,2.25],"texture":"#0"},"east":{"uv":[0,1.25,1,2.25],"texture":"#0"},"south":{"uv":[8,12,16,16],"texture":"#0"},"west":{"uv":[0,1.25,1,2.25],"texture":"#0"},"up":{"uv":[0,1.25,1,2.25],"texture":"#0"},"down":{"uv":[0,1.25,1,2.25],"texture":"#0"}}},{"from":[-0.25,10.25,3.5],"to":[0,17.25,12.5],"rotation":{"angle":0,"axis":"y","origin":[14.75,17.75,15]},"faces":{"north":{"uv":[15,0,16,1],"texture":"#0"},"east":{"uv":[8,8,16,12],"texture":"#0"},"south":{"uv":[15,0,16,1],"texture":"#0"},"west":{"uv":[8,8,16,12],"texture":"#0"},"up":{"uv":[15,0,16,1],"texture":"#0"},"down":{"uv":[15,0,16,1],"texture":"#0"}}},{"from":[16,10.25,3.5],"to":[16.25,17.25,12.5],"rotation":{"angle":0,"axis":"y","origin":[31,17.75,15]},"faces":{"north":{"uv":[15,0,16,1],"texture":"#0"},"east":{"uv":[8,8,16,12],"texture":"#0"},"south":{"uv":[15,0,16,1],"texture":"#0"},"west":{"uv":[8,8,16,12],"texture":"#0"},"up":{"uv":[15,0,16,1],"texture":"#0"},"down":{"uv":[15,0,16,1],"texture":"#0"}}},{"from":[0.5,17.75,3.5],"to":[15.5,18,12.5],"rotation":{"angle":0,"axis":"y","origin":[15,25.75,15]},"faces":{"north":{"uv":[15,0,16,1],"texture":"#0"},"east":{"uv":[15,0,16,1],"texture":"#0"},"south":{"uv":[15,0,16,1],"texture":"#0"},"west":{"uv":[15,0,16,1],"texture":"#0"},"up":{"uv":[8,8,16,12],"texture":"#0"},"down":{"uv":[8,8,16,12],"texture":"#0"}}},{"from":[0.25,10,2.75],"to":[15.75,17.5,3],"rotation":{"angle":0,"axis":"y","origin":[15,17.75,5]},"faces":{"north":{"uv":[6.5,13.5,7.5,14.5],"texture":"#0"},"east":{"uv":[6.5,13.5,7.5,14.5],"texture":"#0"},"south":{"uv":[6.5,13.5,7.5,14.5],"texture":"#0"},"west":{"uv":[6.5,13.5,7.5,14.5],"texture":"#0"},"up":{"uv":[6.5,13.5,7.5,14.5],"texture":"#0"},"down":{"uv":[6.5,13.5,7.5,14.5],"texture":"#0"}}},{"from":[0,9.75,2],"to":[16,17.75,2.75],"rotation":{"angle":0,"axis":"y","origin":[15,17.75,4.75]},"faces":{"north":{"uv":[0,12,8,16],"texture":"#0"},"east":{"uv":[5.75,3.75,7.75,7.75],"texture":"#0"},"south":{"uv":[1.25,0,2.25,1],"texture":"#0"},"west":{"uv":[5.75,3.75,7.75,7.75],"texture":"#0"},"up":{"uv":[0,6,4,8],"texture":"#0"},"down":{"uv":[0,0,1,1],"texture":"#0"}}},{"from":[0.75,17,1.75],"to":[15.25,17.75,2],"rotation":{"angle":0,"axis":"y","origin":[29.5,25,4]},"faces":{"north":{"uv":[0,6,4,8],"texture":"#0"},"east":{"uv":[0,6,4,8],"texture":"#0"},"south":{"uv":[0,6,4,8],"texture":"#0"},"west":{"uv":[0,6,4,8],"texture":"#0"},"up":{"uv":[0,6,4,8],"texture":"#0"},"down":{"uv":[0,6,4,8],"texture":"#0"}}},{"from":[0,9.75,1.75],"to":[0.75,17.75,2],"rotation":{"angle":0,"axis":"y","origin":[15,17.75,4]},"faces":{"north":{"uv":[5.75,3.75,7.75,7.75],"texture":"#0"},"east":{"uv":[5.75,3.75,7.75,7.75],"texture":"#0"},"south":{"uv":[5.75,3.75,7.75,7.75],"texture":"#0"},"west":{"uv":[0,0,1,1],"texture":"#0"},"up":{"uv":[5.75,3.75,7.75,7.75],"texture":"#0"},"down":{"uv":[5.75,3.75,7.75,7.75],"texture":"#0"}}},{"from":[4,10.5,1.75],"to":[4.75,17,2],"rotation":{"angle":0,"axis":"y","origin":[19,17.75,4]},"faces":{"north":{"uv":[5.75,3.75,7.75,7.75],"texture":"#0"},"east":{"uv":[0,0,1,1],"texture":"#0"},"south":{"uv":[0,6,4,8],"texture":"#0"},"west":{"uv":[0,0,1,1],"texture":"#0"},"up":{"uv":[0,6,4,8],"texture":"#0"},"down":{"uv":[0,6,4,8],"texture":"#0"}}},{"from":[15.25,9.75,1.75],"to":[16,17.75,2],"rotation":{"angle":0,"axis":"y","origin":[30.25,17.75,4]},"faces":{"north":{"uv":[5.75,3.75,7.75,7.75],"texture":"#0"},"east":{"uv":[0,0,1,1],"texture":"#0"},"south":{"uv":[0,6,4,8],"texture":"#0"},"west":{"uv":[0,0,1,1],"texture":"#0"},"up":{"uv":[0,6,4,8],"texture":"#0"},"down":{"uv":[0,6,4,8],"texture":"#0"}}},{"from":[0.75,9.75,1.75],"to":[15.25,10.5,2],"rotation":{"angle":0,"axis":"y","origin":[29.5,17.75,4]},"faces":{"north":{"uv":[0,6,4,8],"texture":"#0"},"east":{"uv":[0,6,4,8],"texture":"#0"},"south":{"uv":[0,6,4,8],"texture":"#0"},"west":{"uv":[0,6,4,8],"texture":"#0"},"up":{"uv":[0,0,1,1],"texture":"#0"},"down":{"uv":[0,0,1,1],"texture":"#0"}}},{"from":[5.5,11.5,1.5],"to":[5.75,12,2],"rotation":{"angle":0,"axis":"y","origin":[20.5,17.75,4]},"faces":{"north":{"uv":[0,0,1,1],"texture":"#0"},"east":{"uv":[0,0,1,1],"texture":"#0"},"south":{"uv":[0,0,1,1],"texture":"#0"},"west":{"uv":[0,0,1,1],"texture":"#0"},"up":{"uv":[0,0,1,1],"texture":"#0"},"down":{"uv":[0,0,1,1],"texture":"#0"}}},{"from":[5.5,11,1.25],"to":[6,16.5,1.5],"rotation":{"angle":0,"axis":"y","origin":[20.5,17.75,3.5]},"faces":{"north":{"uv":[5.75,3.75,7.75,7.75],"texture":"#0"},"east":{"uv":[0,0,1,1],"texture":"#0"},"south":{"uv":[0,0,1,1],"texture":"#0"},"west":{"uv":[0,0,1,1],"texture":"#0"},"up":{"uv":[0,0,1,1],"texture":"#0"},"down":{"uv":[0,0,1,1],"texture":"#0"}}},{"from":[5.5,15.5,1.5],"to":[5.75,16,2],"rotation":{"angle":0,"axis":"y","origin":[20.5,21.75,4]},"faces":{"north":{"uv":[0,0,1,1],"texture":"#0"},"east":{"uv":[0,0,1,1],"texture":"#0"},"south":{"uv":[0,0,1,1],"texture":"#0"},"west":{"uv":[0,0,1,1],"texture":"#0"},"up":{"uv":[0,0,1,1],"texture":"#0"},"down":{"uv":[0,0,1,1],"texture":"#0"}}},{"from":[2.75,14.75,1.75],"to":[3.5,15,2],"rotation":{"angle":0,"axis":"y","origin":[17.75,20.75,4]},"faces":{"north":{"uv":[0,2.5,1,3.5],"texture":"#0"},"east":{"uv":[0,2.5,1,3.5],"texture":"#0"},"south":{"uv":[0,2.5,1,3.5],"texture":"#0"},"west":{"uv":[0,2.5,1,3.5],"texture":"#0"},"up":{"uv":[0,2.5,1,3.5],"texture":"#0"},"down":{"uv":[0,2.5,1,3.5],"texture":"#0"}}},{"from":[2.75,14,1.75],"to":[3.5,14.25,2],"rotation":{"angle":0,"axis":"y","origin":[17.75,20,4]},"faces":{"north":{"uv":[0,2.5,1,3.5],"texture":"#0"},"east":{"uv":[0,2.5,1,3.5],"texture":"#0"},"south":{"uv":[0,2.5,1,3.5],"texture":"#0"},"west":{"uv":[0,2.5,1,3.5],"texture":"#0"},"up":{"uv":[0,2.5,1,3.5],"texture":"#0"},"down":{"uv":[0,2.5,1,3.5],"texture":"#0"}}},{"from":[1.25,14,1.75],"to":[2,14.25,2],"rotation":{"angle":0,"axis":"y","origin":[16.25,20,4]},"faces":{"north":{"uv":[0,2.5,1,3.5],"texture":"#0"},"east":{"uv":[0,2.5,1,3.5],"texture":"#0"},"south":{"uv":[0,2.5,1,3.5],"texture":"#0"},"west":{"uv":[0,2.5,1,3.5],"texture":"#0"},"up":{"uv":[0,2.5,1,3.5],"texture":"#0"},"down":{"uv":[0,2.5,1,3.5],"texture":"#0"}}},{"from":[2.75,13.25,1.75],"to":[3.5,13.5,2],"rotation":{"angle":0,"axis":"y","origin":[17.75,19.25,4]},"faces":{"north":{"uv":[0,2.5,1,3.5],"texture":"#0"},"east":{"uv":[0,2.5,1,3.5],"texture":"#0"},"south":{"uv":[0,2.5,1,3.5],"texture":"#0"},"west":{"uv":[0,2.5,1,3.5],"texture":"#0"},"up":{"uv":[0,2.5,1,3.5],"texture":"#0"},"down":{"uv":[0,2.5,1,3.5],"texture":"#0"}}},{"from":[1.25,13.25,1.75],"to":[2,13.5,2],"rotation":{"angle":0,"axis":"y","origin":[16.25,19.25,4]},"faces":{"north":{"uv":[0,2.5,1,3.5],"texture":"#0"},"east":{"uv":[0,2.5,1,3.5],"texture":"#0"},"south":{"uv":[0,2.5,1,3.5],"texture":"#0"},"west":{"uv":[0,2.5,1,3.5],"texture":"#0"},"up":{"uv":[0,2.5,1,3.5],"texture":"#0"},"down":{"uv":[0,2.5,1,3.5],"texture":"#0"}}},{"from":[2.75,12.5,1.75],"to":[3.5,12.75,2],"rotation":{"angle":0,"axis":"y","origin":[17.75,18.5,4]},"faces":{"north":{"uv":[0,2.5,1,3.5],"texture":"#0"},"east":{"uv":[0,2.5,1,3.5],"texture":"#0"},"south":{"uv":[0,2.5,1,3.5],"texture":"#0"},"west":{"uv":[0,2.5,1,3.5],"texture":"#0"},"up":{"uv":[0,2.5,1,3.5],"texture":"#0"},"down":{"uv":[0,2.5,1,3.5],"texture":"#0"}}},{"from":[1.25,14.75,1.75],"to":[2,15,2],"rotation":{"angle":0,"axis":"y","origin":[16.25,20.75,4]},"faces":{"north":{"uv":[0,2.5,1,3.5],"texture":"#0"},"east":{"uv":[0,2.5,1,3.5],"texture":"#0"},"south":{"uv":[0,2.5,1,3.5],"texture":"#0"},"west":{"uv":[0,2.5,1,3.5],"texture":"#0"},"up":{"uv":[0,2.5,1,3.5],"texture":"#0"},"down":{"uv":[0,2.5,1,3.5],"texture":"#0"}}},{"from":[14.75,9,3.5],"to":[15.5,9.75,4.25],"rotation":{"angle":0,"axis":"y","origin":[14.5,9.75,15.5]},"faces":{"north":{"uv":[2.5,0,3.5,1],"texture":"#0"},"east":{"uv":[2.5,0,3.5,1],"texture":"#0"},"south":{"uv":[2.5,0,3.5,1],"texture":"#0"},"west":{"uv":[2.5,0,3.5,1],"texture":"#0"},"up":{"uv":[2.5,0,3.5,1],"texture":"#0"},"down":{"uv":[2.5,0,3.5,1],"texture":"#0"}}},{"from":[14.75,9,11.75],"to":[15.5,9.75,12.5],"rotation":{"angle":0,"axis":"y","origin":[14.5,9.75,23.75]},"faces":{"north":{"uv":[2.5,0,3.5,1],"texture":"#0"},"east":{"uv":[2.5,0,3.5,1],"texture":"#0"},"south":{"uv":[2.5,0,3.5,1],"texture":"#0"},"west":{"uv":[2.5,0,3.5,1],"texture":"#0"},"up":{"uv":[2.5,0,3.5,1],"texture":"#0"},"down":{"uv":[2.5,0,3.5,1],"texture":"#0"}}},{"from":[0.5,9,3.5],"to":[1.25,9.75,4.25],"rotation":{"angle":0,"axis":"y","origin":[0.25,9.75,15.5]},"faces":{"north":{"uv":[2.5,0,3.5,1],"texture":"#0"},"east":{"uv":[2.5,0,3.5,1],"texture":"#0"},"south":{"uv":[2.5,0,3.5,1],"texture":"#0"},"west":{"uv":[2.5,0,3.5,1],"texture":"#0"},"up":{"uv":[2.5,0,3.5,1],"texture":"#0"},"down":{"uv":[2.5,0,3.5,1],"texture":"#0"}}},{"from":[0.5,9,11.75],"to":[1.25,9.75,12.5],"rotation":{"angle":0,"axis":"y","origin":[0.25,9.75,23.75]},"faces":{"north":{"uv":[2.5,0,3.5,1],"texture":"#0"},"east":{"uv":[2.5,0,3.5,1],"texture":"#0"},"south":{"uv":[2.5,0,3.5,1],"texture":"#0"},"west":{"uv":[2.5,0,3.5,1],"texture":"#0"},"up":{"uv":[2.5,0,3.5,1],"texture":"#0"},"down":{"uv":[2.5,0,3.5,1],"texture":"#0"}}},{"from":[1.25,15.5,1.75],"to":[3.5,16.5,2],"rotation":{"angle":0,"axis":"y","origin":[17.75,21.75,4]},"faces":{"north":{"uv":[8,4,16,8],"texture":"#0"},"east":{"uv":[0,2.5,1,3.5],"texture":"#0"},"south":{"uv":[0,0,0.5625,0.25],"texture":"#0"},"west":{"uv":[0,2.5,1,3.5],"texture":"#0"},"up":{"uv":[0,2.5,1,3.5],"texture":"#0"},"down":{"uv":[0,2.5,1,3.5],"texture":"#0"}}},{"from":[1.5,11.25,13.25],"to":[2.5,12,13.5],"rotation":{"angle":0,"axis":"y","origin":[16,18.75,25.25]},"faces":{"north":{"uv":[2.5,0,3.5,1],"texture":"#0"},"east":{"uv":[2.5,0,3.5,1],"texture":"#0"},"south":{"uv":[2.5,0,3.5,1],"texture":"#0"},"west":{"uv":[2.5,0,3.5,1],"texture":"#0"},"up":{"uv":[2.5,0,3.5,1],"texture":"#0"},"down":{"uv":[2.5,0,3.5,1],"texture":"#0"}}},{"from":[1.75,11.5,13.5],"to":[2.25,11.75,15],"rotation":{"angle":0,"axis":"y","origin":[16,19,25.5]},"faces":{"north":{"uv":[2.5,0,3.5,1],"texture":"#0"},"east":{"uv":[2.5,0,3.5,1],"texture":"#0"},"south":{"uv":[2.5,0,3.5,1],"texture":"#0"},"west":{"uv":[2.5,0,3.5,1],"texture":"#0"},"up":{"uv":[2.5,0,3.5,1],"texture":"#0"},"down":{"uv":[2.5,0,3.5,1],"texture":"#0"}}},{"from":[2.25,11.5,14.75],"to":[2.75,11.75,16],"rotation":{"angle":0,"axis":"y","origin":[16.5,19,26.75]},"faces":{"north":{"uv":[2.5,0,3.5,1],"texture":"#0"},"east":{"uv":[2.5,0,3.5,1],"texture":"#0"},"south":{"uv":[2.5,0,3.5,1],"texture":"#0"},"west":{"uv":[2.5,0,3.5,1],"texture":"#0"},"up":{"uv":[2.5,0,3.5,1],"texture":"#0"},"down":{"uv":[2.5,0,3.5,1],"texture":"#0"}}},{"from":[2.75,11.5,15.75],"to":[3.25,11.75,16.75],"rotation":{"angle":0,"axis":"y","origin":[17,19,27.75]},"faces":{"north":{"uv":[2.5,0,3.5,1],"texture":"#0"},"east":{"uv":[2.5,0,3.5,1],"texture":"#0"},"south":{"uv":[2.5,0,3.5,1],"texture":"#0"},"west":{"uv":[2.5,0,3.5,1],"texture":"#0"},"up":{"uv":[2.5,0,3.5,1],"texture":"#0"},"down":{"uv":[2.5,0,3.5,1],"texture":"#0"}}},{"from":[3.25,11.5,16.5],"to":[3.75,11.75,17.25],"rotation":{"angle":0,"axis":"y","origin":[17.5,19,28.5]},"faces":{"north":{"uv":[2.5,0,3.5,1],"texture":"#0"},"east":{"uv":[2.5,0,3.5,1],"texture":"#0"},"south":{"uv":[2.5,0,3.5,1],"texture":"#0"},"west":{"uv":[2.5,0,3.5,1],"texture":"#0"},"up":{"uv":[2.5,0,3.5,1],"texture":"#0"},"down":{"uv":[2.5,0,3.5,1],"texture":"#0"}}},{"from":[3.75,11.5,17],"to":[4.25,11.75,17.75],"rotation":{"angle":0,"axis":"y","origin":[18,19,29]},"faces":{"north":{"uv":[2.5,0,3.5,1],"texture":"#0"},"east":{"uv":[2.5,0,3.5,1],"texture":"#0"},"south":{"uv":[2.5,0,3.5,1],"texture":"#0"},"west":{"uv":[2.5,0,3.5,1],"texture":"#0"},"up":{"uv":[2.5,0,3.5,1],"texture":"#0"},"down":{"uv":[2.5,0,3.5,1],"texture":"#0"}}},{"from":[4.25,11.5,17.5],"to":[4.75,11.75,18.25],"rotation":{"angle":0,"axis":"y","origin":[18.5,19,29.5]},"faces":{"north":{"uv":[2.5,0,3.5,1],"texture":"#0"},"east":{"uv":[2.5,0,3.5,1],"texture":"#0"},"south":{"uv":[2.5,0,3.5,1],"texture":"#0"},"west":{"uv":[2.5,0,3.5,1],"texture":"#0"},"up":{"uv":[2.5,0,3.5,1],"texture":"#0"},"down":{"uv":[2.5,0,3.5,1],"texture":"#0"}}},{"from":[4.75,11.5,18],"to":[5.25,11.75,18.75],"rotation":{"angle":0,"axis":"y","origin":[19,19,30]},"faces":{"north":{"uv":[2.5,0,3.5,1],"texture":"#0"},"east":{"uv":[2.5,0,3.5,1],"texture":"#0"},"south":{"uv":[2.5,0,3.5,1],"texture":"#0"},"west":{"uv":[2.5,0,3.5,1],"texture":"#0"},"up":{"uv":[2.5,0,3.5,1],"texture":"#0"},"down":{"uv":[2.5,0,3.5,1],"texture":"#0"}}},{"from":[5.25,11.5,18.5],"to":[5.75,11.75,19.25],"rotation":{"angle":0,"axis":"y","origin":[19.5,19,30.5]},"faces":{"north":{"uv":[2.5,0,3.5,1],"texture":"#0"},"east":{"uv":[2.5,0,3.5,1],"texture":"#0"},"south":{"uv":[2.5,0,3.5,1],"texture":"#0"},"west":{"uv":[2.5,0,3.5,1],"texture":"#0"},"up":{"uv":[2.5,0,3.5,1],"texture":"#0"},"down":{"uv":[2.5,0,3.5,1],"texture":"#0"}}},{"from":[5.75,11.5,19],"to":[6.25,11.75,19.75],"rotation":{"angle":0,"axis":"y","origin":[20,19,31]},"faces":{"north":{"uv":[2.5,0,3.5,1],"texture":"#0"},"east":{"uv":[2.5,0,3.5,1],"texture":"#0"},"south":{"uv":[2.5,0,3.5,1],"texture":"#0"},"west":{"uv":[2.5,0,3.5,1],"texture":"#0"},"up":{"uv":[2.5,0,3.5,1],"texture":"#0"},"down":{"uv":[2.5,0,3.5,1],"texture":"#0"}}},{"from":[6.25,11.5,19.5],"to":[6.75,11.75,20.25],"rotation":{"angle":0,"axis":"y","origin":[20.5,19,31.5]},"faces":{"north":{"uv":[2.5,0,3.5,1],"texture":"#0"},"east":{"uv":[2.5,0,3.5,1],"texture":"#0"},"south":{"uv":[2.5,0,3.5,1],"texture":"#0"},"west":{"uv":[2.5,0,3.5,1],"texture":"#0"},"up":{"uv":[2.5,0,3.5,1],"texture":"#0"},"down":{"uv":[2.5,0,3.5,1],"texture":"#0"}}},{"from":[6.75,11.5,20],"to":[7.25,11.75,21],"rotation":{"angle":0,"axis":"y","origin":[21,19,32]},"faces":{"north":{"uv":[2.5,0,3.5,1],"texture":"#0"},"east":{"uv":[2.5,0,3.5,1],"texture":"#0"},"south":{"uv":[2.5,0,3.5,1],"texture":"#0"},"west":{"uv":[2.5,0,3.5,1],"texture":"#0"},"up":{"uv":[2.5,0,3.5,1],"texture":"#0"},"down":{"uv":[2.5,0,3.5,1],"texture":"#0"}}},{"from":[7.25,11.5,20.75],"to":[7.75,11.75,22],"rotation":{"angle":0,"axis":"y","origin":[21.5,19,32.75]},"faces":{"north":{"uv":[2.5,0,3.5,1],"texture":"#0"},"east":{"uv":[2.5,0,3.5,1],"texture":"#0"},"south":{"uv":[2.5,0,3.5,1],"texture":"#0"},"west":{"uv":[2.5,0,3.5,1],"texture":"#0"},"up":{"uv":[2.5,0,3.5,1],"texture":"#0"},"down":{"uv":[2.5,0,3.5,1],"texture":"#0"}}},{"from":[7.75,11.5,21.75],"to":[8.25,11.75,23.5],"rotation":{"angle":0,"axis":"y","origin":[22,19,33.75]},"faces":{"north":{"uv":[2.5,0,3.5,1],"texture":"#0"},"east":{"uv":[2.5,0,3.5,1],"texture":"#0"},"south":{"uv":[2.5,0,3.5,1],"texture":"#0"},"west":{"uv":[2.5,0,3.5,1],"texture":"#0"},"up":{"uv":[2.5,0,3.5,1],"texture":"#0"},"down":{"uv":[2.5,0,3.5,1],"texture":"#0"}}},{"from":[8.25,11.5,23.25],"to":[8.75,11.75,25.25],"rotation":{"angle":0,"axis":"y","origin":[22.5,19,35.25]},"faces":{"north":{"uv":[2.5,0,3.5,1],"texture":"#0"},"east":{"uv":[2.5,0,3.5,1],"texture":"#0"},"south":{"uv":[2.5,0,3.5,1],"texture":"#0"},"west":{"uv":[2.5,0,3.5,1],"texture":"#0"},"up":{"uv":[2.5,0,3.5,1],"texture":"#0"},"down":{"uv":[2.5,0,3.5,1],"texture":"#0"}}}],"display":{"thirdperson_righthand":{"translation":[0,-1,0],"scale":[0.5,0.5,0.5]},"thirdperson_lefthand":{"translation":[0,-1,0],"scale":[0.5,0.5,0.5]},"firstperson_righthand":{"rotation":[0,115,0],"translation":[0,0,1],"scale":[0.5,0.5,0.5]},"firstperson_lefthand":{"rotation":[0,115,0],"translation":[0,0,1],"scale":[0.5,0.5,0.5]},"ground":{"translation":[0,-4,0]},"gui":{"rotation":[0,154.5,0],"translation":[0.25,-5.75,0],"scale":[0.75,0.75,0.75]},"head":{"translation":[0,5.5,0]},"fixed":{"rotation":[-90,0,0],"translation":[0,0,0.75],"scale":[1.5,1.5,1.5]}},"groups":[{"name":"group","origin":[8,8,8],"children":[{"name":"haupt","origin":[8,8,8],"children":[0,1,2,3,4,5]},{"name":"tuer","origin":[8,8,8],"children":[6,7,8,9,10,11]},{"name":"griff","origin":[8,8,8],"children":[12,13,14]},{"name":"knopf","origin":[8,8,8],"children":[15,16,17,18,19,20,21]},{"name":"bein","origin":[8,8,8],"children":[22,23,24,25]},{"name":"display","origin":[8,8,8],"children":[26]},{"name":"kabel","origin":[8,8,8],"children":[27,28,29,30,31,32,33,34,35,36,37,38,39,40,41]}]}]}