{"credit":"MadewithBlockbench","texture_size":[64,64],"textures":{"0":"naniii_furniture:item/mixer/1","particle":"item/mixer/1"},"elements":[{"from":[1.25,0,3],"to":[1.5,2,13.25],"rotation":{"angle":0,"axis":"y","origin":[9.25,8,10]},"faces":{"north":{"uv":[2.5,0,3.5,1],"texture":"#0"},"east":{"uv":[2.5,0,3.5,1],"texture":"#0"},"south":{"uv":[2.5,0,3.5,1],"texture":"#0"},"west":{"uv":[0,4.5,8,8.5],"texture":"#0"},"up":{"uv":[2.5,0,3.5,1],"texture":"#0"},"down":{"uv":[2.5,0,3.5,1],"texture":"#0"}}},{"from":[14.5,0,3],"to":[14.75,2,13.25],"rotation":{"angle":0,"axis":"y","origin":[22.5,8,10]},"faces":{"north":{"uv":[2.5,0,3.5,1],"texture":"#0"},"east":{"uv":[0,4.5,8,8.5],"texture":"#0"},"south":{"uv":[2.5,0,3.5,1],"texture":"#0"},"west":{"uv":[2.5,0,3.5,1],"texture":"#0"},"up":{"uv":[2.5,0,3.5,1],"texture":"#0"},"down":{"uv":[2.5,0,3.5,1],"texture":"#0"}}},{"from":[1.5,0,2],"to":[14.5,2,14.25],"rotation":{"angle":0,"axis":"y","origin":[9.5,8,10]},"faces":{"north":{"uv":[0,8.75,8,12.75],"texture":"#0"},"east":{"uv":[0,8.75,8,12.75],"texture":"#0"},"south":{"uv":[0,8.75,8,12.75],"texture":"#0"},"west":{"uv":[0,8.75,8,12.75],"texture":"#0"},"up":{"uv":[0,8.75,8,12.75],"texture":"#0"},"down":{"uv":[0,8.75,8,12.75],"texture":"#0"}}},{"from":[2.5,0,1.75],"to":[13.5,1.75,2],"rotation":{"angle":0,"axis":"y","origin":[9.5,8,-2]},"faces":{"north":{"uv":[0,4.5,8,8.5],"texture":"#0"},"east":{"uv":[2.5,0,3.5,1],"texture":"#0"},"south":{"uv":[2.5,0,3.5,1],"texture":"#0"},"west":{"uv":[2.5,0,3.5,1],"texture":"#0"},"up":{"uv":[2.5,0,3.5,1],"texture":"#0"},"down":{"uv":[2.5,0,3.5,1],"texture":"#0"}}},{"from":[3.5,0,14.5],"to":[12.5,2,14.75],"rotation":{"angle":0,"axis":"y","origin":[9.5,8,10.5]},"faces":{"north":{"uv":[2.5,0,3.5,1],"texture":"#0"},"east":{"uv":[2.5,0,3.5,1],"texture":"#0"},"south":{"uv":[0,4.5,8,8.5],"texture":"#0"},"west":{"uv":[2.5,0,3.5,1],"texture":"#0"},"up":{"uv":[2.5,0,3.5,1],"texture":"#0"},"down":{"uv":[2.5,0,3.5,1],"texture":"#0"}}},{"from":[2.5,0,14.25],"to":[13.5,2,14.5],"rotation":{"angle":0,"axis":"y","origin":[9.5,8,10.25]},"faces":{"north":{"uv":[2.5,0,3.5,1],"texture":"#0"},"east":{"uv":[2.5,0,3.5,1],"texture":"#0"},"south":{"uv":[0,8.75,8,12.75],"texture":"#0"},"west":{"uv":[2.5,0,3.5,1],"texture":"#0"},"up":{"uv":[2.5,0,3.5,1],"texture":"#0"},"down":{"uv":[2.5,0,3.5,1],"texture":"#0"}}},{"from":[3,4.25,5],"to":[13,5,12.5],"rotation":{"angle":0,"axis":"y","origin":[9.25,12.25,10]},"faces":{"north":{"uv":[6,0,10,4],"texture":"#0"},"east":{"uv":[6,0,10,4],"texture":"#0"},"south":{"uv":[6,0,10,4],"texture":"#0"},"west":{"uv":[6,0,10,4],"texture":"#0"},"up":{"uv":[6,0,10,4],"texture":"#0"},"down":{"uv":[6,0,10,4],"texture":"#0"}}},{"from":[2.75,4.25,5.5],"to":[3,5,12],"rotation":{"angle":0,"axis":"y","origin":[-0.75,12.25,10]},"faces":{"north":{"uv":[6,0,10,4],"texture":"#0"},"east":{"uv":[6,0,10,4],"texture":"#0"},"south":{"uv":[6,0,10,4],"texture":"#0"},"west":{"uv":[6,0,10,4],"texture":"#0"},"up":{"uv":[6,0,10,4],"texture":"#0"},"down":{"uv":[6,0,10,4],"texture":"#0"}}},{"from":[13,4.25,5.5],"to":[13.25,5,12],"rotation":{"angle":0,"axis":"y","origin":[9.5,12.25,10]},"faces":{"north":{"uv":[6,0,10,4],"texture":"#0"},"east":{"uv":[6,0,10,4],"texture":"#0"},"south":{"uv":[6,0,10,4],"texture":"#0"},"west":{"uv":[6,0,10,4],"texture":"#0"},"up":{"uv":[6,0,10,4],"texture":"#0"},"down":{"uv":[6,0,10,4],"texture":"#0"}}},{"from":[2.5,4.25,6.25],"to":[2.75,4.75,11.25],"rotation":{"angle":0,"axis":"y","origin":[-1,12.25,10]},"faces":{"north":{"uv":[6,0,10,4],"texture":"#0"},"east":{"uv":[6,0,10,4],"texture":"#0"},"south":{"uv":[6,0,10,4],"texture":"#0"},"west":{"uv":[6,0,10,4],"texture":"#0"},"up":{"uv":[6,0,10,4],"texture":"#0"},"down":{"uv":[6,0,10,4],"texture":"#0"}}},{"from":[13.25,4.25,6.25],"to":[13.5,4.75,11.25],"rotation":{"angle":0,"axis":"y","origin":[9.75,12.25,10]},"faces":{"north":{"uv":[6,0,10,4],"texture":"#0"},"east":{"uv":[6,0,10,4],"texture":"#0"},"south":{"uv":[6,0,10,4],"texture":"#0"},"west":{"uv":[6,0,10,4],"texture":"#0"},"up":{"uv":[6,0,10,4],"texture":"#0"},"down":{"uv":[6,0,10,4],"texture":"#0"}}},{"from":[2.25,4.25,7.25],"to":[2.5,4.5,10.25],"rotation":{"angle":0,"axis":"y","origin":[-1.25,12.25,10]},"faces":{"north":{"uv":[6,0,10,4],"texture":"#0"},"east":{"uv":[6,0,10,4],"texture":"#0"},"south":{"uv":[6,0,10,4],"texture":"#0"},"west":{"uv":[6,0,10,4],"texture":"#0"},"up":{"uv":[6,0,10,4],"texture":"#0"},"down":{"uv":[6,0,10,4],"texture":"#0"}}},{"from":[14,2,3],"to":[14.5,2.75,12.5],"rotation":{"angle":0,"axis":"y","origin":[10.5,10,7.5]},"faces":{"north":{"uv":[2.5,0,3.5,1],"texture":"#0"},"east":{"uv":[0,8.75,8,12.75],"texture":"#0"},"south":{"uv":[2.5,0,3.5,1],"texture":"#0"},"west":{"uv":[2.5,0,3.5,1],"texture":"#0"},"up":{"uv":[2.5,0,3.5,1],"texture":"#0"},"down":{"uv":[2.5,0,3.5,1],"texture":"#0"}}},{"from":[14,2,2.25],"to":[14.5,2.5,3],"rotation":{"angle":0,"axis":"y","origin":[10.5,10,-2]},"faces":{"north":{"uv":[0,8.75,8,12.75],"texture":"#0"},"east":{"uv":[0,8.75,8,12.75],"texture":"#0"},"south":{"uv":[0,8.75,8,12.75],"texture":"#0"},"west":{"uv":[0,8.75,8,12.75],"texture":"#0"},"up":{"uv":[0,8.75,8,12.75],"texture":"#0"},"down":{"uv":[0,8.75,8,12.75],"texture":"#0"}}},{"from":[1.5,2,2.25],"to":[2,2.5,3],"rotation":{"angle":0,"axis":"y","origin":[-2,10,-2]},"faces":{"north":{"uv":[0,8.75,8,12.75],"texture":"#0"},"east":{"uv":[0,8.75,8,12.75],"texture":"#0"},"south":{"uv":[0,8.75,8,12.75],"texture":"#0"},"west":{"uv":[0,8.75,8,12.75],"texture":"#0"},"up":{"uv":[0,8.75,8,12.75],"texture":"#0"},"down":{"uv":[0,8.75,8,12.75],"texture":"#0"}}},{"from":[14,2,4.75],"to":[14.25,2.75,12.5],"rotation":{"angle":0,"axis":"y","origin":[10.5,10,7.5]},"faces":{"north":{"uv":[2.5,0,3.5,1],"texture":"#0"},"east":{"uv":[2.5,0,3.5,1],"texture":"#0"},"south":{"uv":[2.5,0,3.5,1],"texture":"#0"},"west":{"uv":[2.5,0,3.5,1],"texture":"#0"},"up":{"uv":[2.5,0,3.5,1],"texture":"#0"},"down":{"uv":[2.5,0,3.5,1],"texture":"#0"}}},{"from":[1.5,2,3],"to":[2,2.75,12.5],"rotation":{"angle":0,"axis":"y","origin":[-1.75,10,7.5]},"faces":{"north":{"uv":[2.5,0,3.5,1],"texture":"#0"},"east":{"uv":[2.5,0,3.5,1],"texture":"#0"},"south":{"uv":[2.5,0,3.5,1],"texture":"#0"},"west":{"uv":[0,8.75,8,12.75],"texture":"#0"},"up":{"uv":[2.5,0,3.5,1],"texture":"#0"},"down":{"uv":[2.5,0,3.5,1],"texture":"#0"}}},{"from":[14,2.75,3.5],"to":[14.25,3.25,11.5],"rotation":{"angle":0,"axis":"y","origin":[10.5,10.75,7.5]},"faces":{"north":{"uv":[2.5,0,3.5,1],"texture":"#0"},"east":{"uv":[0,8.75,8,12.75],"texture":"#0"},"south":{"uv":[2.5,0,3.5,1],"texture":"#0"},"west":{"uv":[2.5,0,3.5,1],"texture":"#0"},"up":{"uv":[2.5,0,3.5,1],"texture":"#0"},"down":{"uv":[2.5,0,3.5,1],"texture":"#0"}}},{"from":[1.75,2.75,3.5],"to":[2,3.25,11.5],"rotation":{"angle":0,"axis":"y","origin":[-1.75,10.75,7.5]},"faces":{"north":{"uv":[2.5,0,3.5,1],"texture":"#0"},"east":{"uv":[2.5,0,3.5,1],"texture":"#0"},"south":{"uv":[2.5,0,3.5,1],"texture":"#0"},"west":{"uv":[0,8.75,8,12.75],"texture":"#0"},"up":{"uv":[2.5,0,3.5,1],"texture":"#0"},"down":{"uv":[2.5,0,3.5,1],"texture":"#0"}}},{"from":[14,3.25,4],"to":[14.25,4,10.5],"rotation":{"angle":0,"axis":"y","origin":[10.5,11.25,7.5]},"faces":{"north":{"uv":[2.5,0,3.5,1],"texture":"#0"},"east":{"uv":[0,8.75,8,12.75],"texture":"#0"},"south":{"uv":[2.5,0,3.5,1],"texture":"#0"},"west":{"uv":[2.5,0,3.5,1],"texture":"#0"},"up":{"uv":[2.5,0,3.5,1],"texture":"#0"},"down":{"uv":[2.5,0,3.5,1],"texture":"#0"}}},{"from":[1.75,3.25,4],"to":[2,4,10.5],"rotation":{"angle":0,"axis":"y","origin":[-1.75,11.25,7.5]},"faces":{"north":{"uv":[2.5,0,3.5,1],"texture":"#0"},"east":{"uv":[2.5,0,3.5,1],"texture":"#0"},"south":{"uv":[2.5,0,3.5,1],"texture":"#0"},"west":{"uv":[0,8.75,8,12.75],"texture":"#0"},"up":{"uv":[2.5,0,3.5,1],"texture":"#0"},"down":{"uv":[2.5,0,3.5,1],"texture":"#0"}}},{"from":[13.5,4.25,7.25],"to":[13.75,4.5,10.25],"rotation":{"angle":0,"axis":"y","origin":[10,12.25,10]},"faces":{"north":{"uv":[6,0,10,4],"texture":"#0"},"east":{"uv":[6,0,10,4],"texture":"#0"},"south":{"uv":[6,0,10,4],"texture":"#0"},"west":{"uv":[6,0,10,4],"texture":"#0"},"up":{"uv":[6,0,10,4],"texture":"#0"},"down":{"uv":[6,0,10,4],"texture":"#0"}}},{"from":[3.5,4.25,4.75],"to":[12.5,5,5],"rotation":{"angle":0,"axis":"y","origin":[9.25,12.25,2.5]},"faces":{"north":{"uv":[6,0,10,4],"texture":"#0"},"east":{"uv":[6,0,10,4],"texture":"#0"},"south":{"uv":[6,0,10,4],"texture":"#0"},"west":{"uv":[6,0,10,4],"texture":"#0"},"up":{"uv":[6,0,10,4],"texture":"#0"},"down":{"uv":[6,0,10,4],"texture":"#0"}}},{"from":[3.5,4.25,12.5],"to":[12.5,5,12.75],"rotation":{"angle":0,"axis":"y","origin":[9.25,12.25,10.25]},"faces":{"north":{"uv":[6,0,10,4],"texture":"#0"},"east":{"uv":[6,0,10,4],"texture":"#0"},"south":{"uv":[6,0,10,4],"texture":"#0"},"west":{"uv":[6,0,10,4],"texture":"#0"},"up":{"uv":[6,0,10,4],"texture":"#0"},"down":{"uv":[6,0,10,4],"texture":"#0"}}},{"from":[4.25,4.25,4.5],"to":[11.75,4.75,4.75],"rotation":{"angle":0,"axis":"y","origin":[9.25,12.25,2.25]},"faces":{"north":{"uv":[6,0,10,4],"texture":"#0"},"east":{"uv":[6,0,10,4],"texture":"#0"},"south":{"uv":[6,0,10,4],"texture":"#0"},"west":{"uv":[6,0,10,4],"texture":"#0"},"up":{"uv":[6,0,10,4],"texture":"#0"},"down":{"uv":[6,0,10,4],"texture":"#0"}}},{"from":[4.25,4.25,12.75],"to":[11.75,4.75,13],"rotation":{"angle":0,"axis":"y","origin":[9.25,12.25,10.5]},"faces":{"north":{"uv":[6,0,10,4],"texture":"#0"},"east":{"uv":[6,0,10,4],"texture":"#0"},"south":{"uv":[6,0,10,4],"texture":"#0"},"west":{"uv":[6,0,10,4],"texture":"#0"},"up":{"uv":[6,0,10,4],"texture":"#0"},"down":{"uv":[6,0,10,4],"texture":"#0"}}},{"from":[5.25,4.25,4.25],"to":[10.75,4.5,4.5],"rotation":{"angle":0,"axis":"y","origin":[9.25,12.25,2]},"faces":{"north":{"uv":[6,0,10,4],"texture":"#0"},"east":{"uv":[6,0,10,4],"texture":"#0"},"south":{"uv":[6,0,10,4],"texture":"#0"},"west":{"uv":[6,0,10,4],"texture":"#0"},"up":{"uv":[6,0,10,4],"texture":"#0"},"down":{"uv":[6,0,10,4],"texture":"#0"}}},{"from":[5.25,4.25,13],"to":[10.75,4.5,13.25],"rotation":{"angle":0,"axis":"y","origin":[9.25,12.25,10.75]},"faces":{"north":{"uv":[6,0,10,4],"texture":"#0"},"east":{"uv":[6,0,10,4],"texture":"#0"},"south":{"uv":[6,0,10,4],"texture":"#0"},"west":{"uv":[6,0,10,4],"texture":"#0"},"up":{"uv":[6,0,10,4],"texture":"#0"},"down":{"uv":[6,0,10,4],"texture":"#0"}}},{"from":[2,2,4],"to":[14,4.25,13.5],"rotation":{"angle":0,"axis":"y","origin":[9.25,10,10]},"faces":{"north":{"uv":[0,8.75,8,12.75],"texture":"#0"},"east":{"uv":[0,8.75,8,12.75],"texture":"#0"},"south":{"uv":[0,8.75,8,12.75],"texture":"#0"},"west":{"uv":[0,8.75,8,12.75],"texture":"#0"},"up":{"uv":[0,8.75,8,12.75],"texture":"#0"},"down":{"uv":[0,8.75,8,12.75],"texture":"#0"}}},{"from":[2.5,2,13.5],"to":[13.5,4,13.75],"rotation":{"angle":0,"axis":"y","origin":[9.25,10,19.5]},"faces":{"north":{"uv":[2.5,0,3.5,1],"texture":"#0"},"east":{"uv":[2.5,0,3.5,1],"texture":"#0"},"south":{"uv":[0,8.75,8,12.75],"texture":"#0"},"west":{"uv":[2.5,0,3.5,1],"texture":"#0"},"up":{"uv":[2.5,0,3.5,1],"texture":"#0"},"down":{"uv":[2.5,0,3.5,1],"texture":"#0"}}},{"from":[3.25,2,13.75],"to":[12.75,3.5,14],"rotation":{"angle":0,"axis":"y","origin":[9.25,10,19.75]},"faces":{"north":{"uv":[2.5,0,3.5,1],"texture":"#0"},"east":{"uv":[2.5,0,3.5,1],"texture":"#0"},"south":{"uv":[0,8.75,8,12.75],"texture":"#0"},"west":{"uv":[2.5,0,3.5,1],"texture":"#0"},"up":{"uv":[2.5,0,3.5,1],"texture":"#0"},"down":{"uv":[2.5,0,3.5,1],"texture":"#0"}}},{"from":[4.25,2,14],"to":[11.75,3,14.25],"rotation":{"angle":0,"axis":"y","origin":[9.25,10,20]},"faces":{"north":{"uv":[2.5,0,3.5,1],"texture":"#0"},"east":{"uv":[2.5,0,3.5,1],"texture":"#0"},"south":{"uv":[0,8.75,8,12.75],"texture":"#0"},"west":{"uv":[2.5,0,3.5,1],"texture":"#0"},"up":{"uv":[2.5,0,3.5,1],"texture":"#0"},"down":{"uv":[2.5,0,3.5,1],"texture":"#0"}}},{"from":[2,4.53553,0.94975],"to":[14,6.53553,3.94975],"rotation":{"angle":-45,"axis":"x","origin":[13.875,5.53553,6.94975]},"faces":{"north":{"uv":[2.5,0,3.5,1],"texture":"#0"},"east":{"uv":[0,8.75,8,12.75],"texture":"#0"},"south":{"uv":[2.5,0,3.5,1],"texture":"#0"},"west":{"uv":[0,8.75,8,12.75],"texture":"#0"},"up":{"uv":[0,8.75,8,12.75],"texture":"#0"},"down":{"uv":[2.5,0,3.5,1],"texture":"#0"}}},{"from":[2.5,6.48744,1.2552],"to":[13.5,6.73744,4.0052],"rotation":{"angle":-45,"axis":"x","origin":[13.875,5.48744,7.0052]},"faces":{"north":{"uv":[2.5,0,3.5,1],"texture":"#0"},"east":{"uv":[2.5,0,3.5,1],"texture":"#0"},"south":{"uv":[2.5,0,3.5,1],"texture":"#0"},"west":{"uv":[2.5,0,3.5,1],"texture":"#0"},"up":{"uv":[0,4.5,8,8.5],"texture":"#0"},"down":{"uv":[2.5,0,3.5,1],"texture":"#0"}}},{"name":"hexadecagon","from":[7.40326,21.25,6.25],"to":[8.59674,22.25,12.25],"rotation":{"angle":-45,"axis":"y","origin":[8,21.75,9.25]},"faces":{"north":{"uv":[14,5,16,9],"texture":"#0"},"east":{"uv":[14,5,16,9],"texture":"#0"},"south":{"uv":[14,5,16,9],"texture":"#0"},"west":{"uv":[14,5,16,9],"texture":"#0"},"up":{"uv":[12.25,4.5,13.25,5.5],"texture":"#0"},"down":{"uv":[14,5,16,9],"texture":"#0"}}},{"name":"hexadecagon","from":[7.40326,21.25,6.25],"to":[8.59674,22.25,12.25],"rotation":{"angle":-22.5,"axis":"y","origin":[8,21.75,9.25]},"faces":{"north":{"uv":[14,5,16,9],"texture":"#0"},"east":{"uv":[14,5,16,9],"texture":"#0"},"south":{"uv":[14,5,16,9],"texture":"#0"},"west":{"uv":[14,5,16,9],"texture":"#0"},"up":{"uv":[12.25,4.5,13.25,5.5],"texture":"#0"},"down":{"uv":[14,5,16,9],"texture":"#0"}}},{"name":"hexadecagon","from":[7.40326,21.25,6.25],"to":[8.59674,22.25,12.25],"rotation":{"angle":0,"axis":"y","origin":[8,21.75,9.25]},"faces":{"north":{"uv":[14,5,16,9],"texture":"#0"},"east":{"uv":[14,5,16,9],"texture":"#0"},"south":{"uv":[14,5,16,9],"texture":"#0"},"west":{"uv":[14,5,16,9],"texture":"#0"},"up":{"uv":[12.25,4.5,13.25,5.5],"texture":"#0"},"down":{"uv":[14,5,16,9],"texture":"#0"}}},{"name":"hexadecagon","from":[7.40326,21.25,6.25],"to":[8.59674,22.25,12.25],"rotation":{"angle":22.5,"axis":"y","origin":[8,21.75,9.25]},"faces":{"north":{"uv":[14,5,16,9],"texture":"#0"},"east":{"uv":[14,5,16,9],"texture":"#0"},"south":{"uv":[14,5,16,9],"texture":"#0"},"west":{"uv":[14,5,16,9],"texture":"#0"},"up":{"uv":[12.25,4.5,13.25,5.5],"texture":"#0"},"down":{"uv":[14,5,16,9],"texture":"#0"}}},{"name":"hexadecagon","from":[7.40326,21.25,6.25],"to":[8.59674,22.25,12.25],"rotation":{"angle":45,"axis":"y","origin":[8,21.75,9.25]},"faces":{"north":{"uv":[14,5,16,9],"texture":"#0"},"east":{"uv":[14,5,16,9],"texture":"#0"},"south":{"uv":[14,5,16,9],"texture":"#0"},"west":{"uv":[14,5,16,9],"texture":"#0"},"up":{"uv":[12.25,4.5,13.25,5.5],"texture":"#0"},"down":{"uv":[12.25,4.5,13.25,5.5],"texture":"#0"}}},{"name":"hexadecagon","from":[5,21.25,8.65326],"to":[11,22.25,9.84674],"rotation":{"angle":-22.5,"axis":"y","origin":[8,21.75,9.25]},"faces":{"north":{"uv":[14,5,16,9],"texture":"#0"},"east":{"uv":[14,5,16,9],"texture":"#0"},"south":{"uv":[14,5,16,9],"texture":"#0"},"west":{"uv":[14,5,16,9],"texture":"#0"},"up":{"uv":[12.25,4.5,13.25,5.5],"texture":"#0"},"down":{"uv":[14,5,16,9],"texture":"#0"}}},{"name":"hexadecagon","from":[5,21.25,8.65326],"to":[11,22.25,9.84674],"rotation":{"angle":0,"axis":"y","origin":[8,21.75,9.25]},"faces":{"north":{"uv":[14,5,16,9],"texture":"#0"},"east":{"uv":[14,5,16,9],"texture":"#0"},"south":{"uv":[14,5,16,9],"texture":"#0"},"west":{"uv":[14,5,16,9],"texture":"#0"},"up":{"uv":[12.25,4.5,13.25,5.5],"texture":"#0"},"down":{"uv":[14,5,16,9],"texture":"#0"}}},{"name":"hexadecagon","from":[5,21.25,8.65326],"to":[11,22.25,9.84674],"rotation":{"angle":22.5,"axis":"y","origin":[8,21.75,9.25]},"faces":{"north":{"uv":[14,5,16,9],"texture":"#0"},"east":{"uv":[14,5,16,9],"texture":"#0"},"south":{"uv":[14,5,16,9],"texture":"#0"},"west":{"uv":[14,5,16,9],"texture":"#0"},"up":{"uv":[12.25,4.5,13.25,5.5],"texture":"#0"},"down":{"uv":[14,5,16,9],"texture":"#0"}}},{"name":"hexadecagon","from":[7.40326,8.25,6.25],"to":[8.59674,11.25,12.25],"rotation":{"angle":-45,"axis":"y","origin":[8,8.75,9.25]},"faces":{"north":{"uv":[3.75,0,5.75,4],"texture":"#0"},"east":{"uv":[0,1.25,1,2.25],"texture":"#0"},"south":{"uv":[3.75,0,5.75,4],"texture":"#0"},"west":{"uv":[0,1.25,1,2.25],"texture":"#0"},"up":{"uv":[0,1.25,1,2.25],"texture":"#0"},"down":{"uv":[0,1.25,1,2.25],"texture":"#0"}}},{"name":"hexadecagon","from":[7.40326,8.25,6.25],"to":[8.59674,11.25,12.25],"rotation":{"angle":-22.5,"axis":"y","origin":[8,8.75,9.25]},"faces":{"north":{"uv":[3.75,0,5.75,4],"texture":"#0"},"east":{"uv":[0,1.25,1,2.25],"texture":"#0"},"south":{"uv":[3.75,0,5.75,4],"texture":"#0"},"west":{"uv":[0,1.25,1,2.25],"texture":"#0"},"up":{"uv":[0,1.25,1,2.25],"texture":"#0"},"down":{"uv":[0,1.25,1,2.25],"texture":"#0"}}},{"name":"hexadecagon","from":[7.40326,8.25,6.25],"to":[8.59674,11.25,12.25],"rotation":{"angle":0,"axis":"y","origin":[8,8.75,9.25]},"faces":{"north":{"uv":[3.75,0,5.75,4],"texture":"#0"},"east":{"uv":[0,1.25,1,2.25],"texture":"#0"},"south":{"uv":[3.75,0,5.75,4],"texture":"#0"},"west":{"uv":[0,1.25,1,2.25],"texture":"#0"},"up":{"uv":[0,1.25,1,2.25],"texture":"#0"},"down":{"uv":[0,1.25,1,2.25],"texture":"#0"}}},{"name":"hexadecagon","from":[7.40326,8.25,6.25],"to":[8.59674,11.25,12.25],"rotation":{"angle":22.5,"axis":"y","origin":[8,8.75,9.25]},"faces":{"north":{"uv":[3.75,0,5.75,4],"texture":"#0"},"east":{"uv":[0,1.25,1,2.25],"texture":"#0"},"south":{"uv":[3.75,0,5.75,4],"texture":"#0"},"west":{"uv":[0,1.25,1,2.25],"texture":"#0"},"up":{"uv":[0,1.25,1,2.25],"texture":"#0"},"down":{"uv":[0,1.25,1,2.25],"texture":"#0"}}},{"name":"hexadecagon","from":[7.40326,8.25,6.25],"to":[8.59674,11.25,12.25],"rotation":{"angle":45,"axis":"y","origin":[8,8.75,9.25]},"faces":{"north":{"uv":[3.75,0,5.75,4],"texture":"#0"},"east":{"uv":[0,1.25,1,2.25],"texture":"#0"},"south":{"uv":[3.75,0,5.75,4],"texture":"#0"},"west":{"uv":[3.75,0,5.75,4],"texture":"#0"},"up":{"uv":[0,1.25,1,2.25],"texture":"#0"},"down":{"uv":[0,1.25,1,2.25],"texture":"#0"}}},{"name":"hexadecagon","from":[5,8.25,8.65326],"to":[11,11.25,9.84674],"rotation":{"angle":-22.5,"axis":"y","origin":[8,8.75,9.25]},"faces":{"north":{"uv":[0,1.25,1,2.25],"texture":"#0"},"east":{"uv":[3.75,0,5.75,4],"texture":"#0"},"south":{"uv":[0,1.25,1,2.25],"texture":"#0"},"west":{"uv":[3.75,0,5.75,4],"texture":"#0"},"up":{"uv":[0,1.25,1,2.25],"texture":"#0"},"down":{"uv":[0,1.25,1,2.25],"texture":"#0"}}},{"name":"hexadecagon","from":[5,8.25,8.65326],"to":[11,11.25,9.84674],"rotation":{"angle":0,"axis":"y","origin":[8,8.75,9.25]},"faces":{"north":{"uv":[0,1.25,1,2.25],"texture":"#0"},"east":{"uv":[3.75,0,5.75,4],"texture":"#0"},"south":{"uv":[0,1.25,1,2.25],"texture":"#0"},"west":{"uv":[3.75,0,5.75,4],"texture":"#0"},"up":{"uv":[0,1.25,1,2.25],"texture":"#0"},"down":{"uv":[0,1.25,1,2.25],"texture":"#0"}}},{"name":"hexadecagon","from":[5,8.25,8.65326],"to":[11,11.25,9.84674],"rotation":{"angle":22.5,"axis":"y","origin":[8,8.75,9.25]},"faces":{"north":{"uv":[0,1.25,1,2.25],"texture":"#0"},"east":{"uv":[3.75,0,5.75,4],"texture":"#0"},"south":{"uv":[0,1.25,1,2.25],"texture":"#0"},"west":{"uv":[3.75,0,5.75,4],"texture":"#0"},"up":{"uv":[0,1.25,1,2.25],"texture":"#0"},"down":{"uv":[0,1.25,1,2.25],"texture":"#0"}}},{"name":"hexadecagon","from":[7.60218,5.75,7.25],"to":[8.39782,6.75,11.25],"rotation":{"angle":-45,"axis":"y","origin":[8,6.25,9.25]},"faces":{"north":{"uv":[3.75,0,5.75,4],"texture":"#0"},"east":{"uv":[0,1.25,1,2.25],"texture":"#0"},"south":{"uv":[3.75,0,5.75,4],"texture":"#0"},"west":{"uv":[0,1.25,1,2.25],"texture":"#0"},"up":{"uv":[0,1.25,1,2.25],"texture":"#0"},"down":{"uv":[0,1.25,1,2.25],"texture":"#0"}}},{"name":"hexadecagon","from":[7.60218,5.75,7.25],"to":[8.39782,6.75,11.25],"rotation":{"angle":-22.5,"axis":"y","origin":[8,6.25,9.25]},"faces":{"north":{"uv":[3.75,0,5.75,4],"texture":"#0"},"east":{"uv":[0,1.25,1,2.25],"texture":"#0"},"south":{"uv":[3.75,0,5.75,4],"texture":"#0"},"west":{"uv":[0,1.25,1,2.25],"texture":"#0"},"up":{"uv":[0,1.25,1,2.25],"texture":"#0"},"down":{"uv":[0,1.25,1,2.25],"texture":"#0"}}},{"name":"hexadecagon","from":[7.60218,5.75,7.25],"to":[8.39782,6.75,11.25],"rotation":{"angle":0,"axis":"y","origin":[8,6.25,9.25]},"faces":{"north":{"uv":[3.75,0,5.75,4],"texture":"#0"},"east":{"uv":[0,1.25,1,2.25],"texture":"#0"},"south":{"uv":[3.75,0,5.75,4],"texture":"#0"},"west":{"uv":[0,1.25,1,2.25],"texture":"#0"},"up":{"uv":[0,1.25,1,2.25],"texture":"#0"},"down":{"uv":[0,1.25,1,2.25],"texture":"#0"}}},{"name":"hexadecagon","from":[7.60218,5.75,7.25],"to":[8.39782,6.75,11.25],"rotation":{"angle":22.5,"axis":"y","origin":[8,6.25,9.25]},"faces":{"north":{"uv":[3.75,0,5.75,4],"texture":"#0"},"east":{"uv":[0,1.25,1,2.25],"texture":"#0"},"south":{"uv":[3.75,0,5.75,4],"texture":"#0"},"west":{"uv":[0,1.25,1,2.25],"texture":"#0"},"up":{"uv":[0,1.25,1,2.25],"texture":"#0"},"down":{"uv":[0,1.25,1,2.25],"texture":"#0"}}},{"name":"hexadecagon","from":[7.60218,5.75,7.25],"to":[8.39782,6.75,11.25],"rotation":{"angle":45,"axis":"y","origin":[8,6.25,9.25]},"faces":{"north":{"uv":[3.75,0,5.75,4],"texture":"#0"},"east":{"uv":[0,1.25,1,2.25],"texture":"#0"},"south":{"uv":[3.75,0,5.75,4],"texture":"#0"},"west":{"uv":[0,1.25,1,2.25],"texture":"#0"},"up":{"uv":[0,1.25,1,2.25],"texture":"#0"},"down":{"uv":[0,1.25,1,2.25],"texture":"#0"}}},{"name":"hexadecagon","from":[6,5.75,8.85218],"to":[10,6.75,9.64782],"rotation":{"angle":-22.5,"axis":"y","origin":[8,6.25,9.25]},"faces":{"north":{"uv":[0,1.25,1,2.25],"texture":"#0"},"east":{"uv":[3.75,0,5.75,4],"texture":"#0"},"south":{"uv":[0,1.25,1,2.25],"texture":"#0"},"west":{"uv":[3.75,0,5.75,4],"texture":"#0"},"up":{"uv":[0,1.25,1,2.25],"texture":"#0"},"down":{"uv":[0,1.25,1,2.25],"texture":"#0"}}},{"name":"hexadecagon","from":[6,5.75,8.85218],"to":[10,6.75,9.64782],"rotation":{"angle":0,"axis":"y","origin":[8,6.25,9.25]},"faces":{"north":{"uv":[0,1.25,1,2.25],"texture":"#0"},"east":{"uv":[3.75,0,5.75,4],"texture":"#0"},"south":{"uv":[0,1.25,1,2.25],"texture":"#0"},"west":{"uv":[3.75,0,5.75,4],"texture":"#0"},"up":{"uv":[0,1.25,1,2.25],"texture":"#0"},"down":{"uv":[0,1.25,1,2.25],"texture":"#0"}}},{"name":"hexadecagon","from":[6,5.75,8.85218],"to":[10,6.75,9.64782],"rotation":{"angle":22.5,"axis":"y","origin":[8,6.25,9.25]},"faces":{"north":{"uv":[0,1.25,1,2.25],"texture":"#0"},"east":{"uv":[3.75,0,5.75,4],"texture":"#0"},"south":{"uv":[0,1.25,1,2.25],"texture":"#0"},"west":{"uv":[3.75,0,5.75,4],"texture":"#0"},"up":{"uv":[0,1.25,1,2.25],"texture":"#0"},"down":{"uv":[0,1.25,1,2.25],"texture":"#0"}}},{"name":"hexadecagon","from":[7.50272,6.75,6.75],"to":[8.49728,8.25,11.75],"rotation":{"angle":-45,"axis":"y","origin":[8,7.25,9.25]},"faces":{"north":{"uv":[3.75,0,5.75,4],"texture":"#0"},"east":{"uv":[0,1.25,1,2.25],"texture":"#0"},"south":{"uv":[3.75,0,5.75,4],"texture":"#0"},"west":{"uv":[0,1.25,1,2.25],"texture":"#0"},"up":{"uv":[0,1.25,1,2.25],"texture":"#0"},"down":{"uv":[0,1.25,1,2.25],"texture":"#0"}}},{"name":"hexadecagon","from":[7.50272,6.75,6.75],"to":[8.49728,8.25,11.75],"rotation":{"angle":-22.5,"axis":"y","origin":[8,7.25,9.25]},"faces":{"north":{"uv":[3.75,0,5.75,4],"texture":"#0"},"east":{"uv":[0,1.25,1,2.25],"texture":"#0"},"south":{"uv":[3.75,0,5.75,4],"texture":"#0"},"west":{"uv":[0,1.25,1,2.25],"texture":"#0"},"up":{"uv":[0,1.25,1,2.25],"texture":"#0"},"down":{"uv":[0,1.25,1,2.25],"texture":"#0"}}},{"name":"hexadecagon","from":[7.50272,6.75,6.75],"to":[8.49728,8.25,11.75],"rotation":{"angle":0,"axis":"y","origin":[8,7.25,9.25]},"faces":{"north":{"uv":[3.75,0,5.75,4],"texture":"#0"},"east":{"uv":[0,1.25,1,2.25],"texture":"#0"},"south":{"uv":[3.75,0,5.75,4],"texture":"#0"},"west":{"uv":[0,1.25,1,2.25],"texture":"#0"},"up":{"uv":[0,1.25,1,2.25],"texture":"#0"},"down":{"uv":[0,1.25,1,2.25],"texture":"#0"}}},{"name":"hexadecagon","from":[7.50272,6.75,6.75],"to":[8.49728,8.25,11.75],"rotation":{"angle":22.5,"axis":"y","origin":[8,7.25,9.25]},"faces":{"north":{"uv":[3.75,0,5.75,4],"texture":"#0"},"east":{"uv":[0,1.25,1,2.25],"texture":"#0"},"south":{"uv":[3.75,0,5.75,4],"texture":"#0"},"west":{"uv":[0,1.25,1,2.25],"texture":"#0"},"up":{"uv":[0,1.25,1,2.25],"texture":"#0"},"down":{"uv":[0,1.25,1,2.25],"texture":"#0"}}},{"name":"hexadecagon","from":[7.50272,6.75,6.75],"to":[8.49728,8.25,11.75],"rotation":{"angle":45,"axis":"y","origin":[8,7.25,9.25]},"faces":{"north":{"uv":[3.75,0,5.75,4],"texture":"#0"},"east":{"uv":[0,1.25,1,2.25],"texture":"#0"},"south":{"uv":[3.75,0,5.75,4],"texture":"#0"},"west":{"uv":[0,1.25,1,2.25],"texture":"#0"},"up":{"uv":[0,1.25,1,2.25],"texture":"#0"},"down":{"uv":[0,1.25,1,2.25],"texture":"#0"}}},{"name":"hexadecagon","from":[5.5,6.75,8.75272],"to":[10.5,8.25,9.74728],"rotation":{"angle":-22.5,"axis":"y","origin":[8,7.25,9.25]},"faces":{"north":{"uv":[0,1.25,1,2.25],"texture":"#0"},"east":{"uv":[3.75,0,5.75,4],"texture":"#0"},"south":{"uv":[0,1.25,1,2.25],"texture":"#0"},"west":{"uv":[3.75,0,5.75,4],"texture":"#0"},"up":{"uv":[0,1.25,1,2.25],"texture":"#0"},"down":{"uv":[0,1.25,1,2.25],"texture":"#0"}}},{"name":"hexadecagon","from":[5.5,6.75,8.75272],"to":[10.5,8.25,9.74728],"rotation":{"angle":0,"axis":"y","origin":[8,7.25,9.25]},"faces":{"north":{"uv":[0,1.25,1,2.25],"texture":"#0"},"east":{"uv":[3.75,0,5.75,4],"texture":"#0"},"south":{"uv":[0,1.25,1,2.25],"texture":"#0"},"west":{"uv":[3.75,0,5.75,4],"texture":"#0"},"up":{"uv":[0,1.25,1,2.25],"texture":"#0"},"down":{"uv":[0,1.25,1,2.25],"texture":"#0"}}},{"name":"hexadecagon","from":[5.5,6.75,8.75272],"to":[10.5,8.25,9.74728],"rotation":{"angle":22.5,"axis":"y","origin":[8,7.25,9.25]},"faces":{"north":{"uv":[0,1.25,1,2.25],"texture":"#0"},"east":{"uv":[3.75,0,5.75,4],"texture":"#0"},"south":{"uv":[0,1.25,1,2.25],"texture":"#0"},"west":{"uv":[3.75,0,5.75,4],"texture":"#0"},"up":{"uv":[0,1.25,1,2.25],"texture":"#0"},"down":{"uv":[0,1.25,1,2.25],"texture":"#0"}}},{"name":"hexadecagon","from":[7.30381,11,5.75],"to":[8.69619,15,12.75],"rotation":{"angle":-45,"axis":"y","origin":[8,11.5,9.25]},"faces":{"north":{"uv":[3.75,0,5.75,4],"texture":"#0"},"east":{"uv":[3.75,0,5.75,4],"texture":"#0"},"south":{"uv":[3.75,0,5.75,4],"texture":"#0"},"west":{"uv":[3.75,0,5.75,4],"texture":"#0"},"up":{"uv":[0,1.25,1,2.25],"texture":"#0"},"down":{"uv":[0,1.25,1,2.25],"texture":"#0"}}},{"name":"hexadecagon","from":[7.30381,11,5.75],"to":[8.69619,15,12.75],"rotation":{"angle":-22.5,"axis":"y","origin":[8,11.5,9.25]},"faces":{"north":{"uv":[3.75,0,5.75,4],"texture":"#0"},"east":{"uv":[3.75,0,5.75,4],"texture":"#0"},"south":{"uv":[3.75,0,5.75,4],"texture":"#0"},"west":{"uv":[0,1.25,1,2.25],"texture":"#0"},"up":{"uv":[0,1.25,1,2.25],"texture":"#0"},"down":{"uv":[0,1.25,1,2.25],"texture":"#0"}}},{"name":"hexadecagon","from":[7.30381,11,5.75],"to":[8.69619,15,12.75],"rotation":{"angle":0,"axis":"y","origin":[8,11.5,9.25]},"faces":{"north":{"uv":[3.75,0,5.75,4],"texture":"#0"},"east":{"uv":[0,1.25,1,2.25],"texture":"#0"},"south":{"uv":[3.75,0,5.75,4],"texture":"#0"},"west":{"uv":[0,1.25,1,2.25],"texture":"#0"},"up":{"uv":[0,1.25,1,2.25],"texture":"#0"},"down":{"uv":[0,1.25,1,2.25],"texture":"#0"}}},{"name":"hexadecagon","from":[7.30381,11,5.75],"to":[8.69619,15,12.75],"rotation":{"angle":22.5,"axis":"y","origin":[8,11.5,9.25]},"faces":{"north":{"uv":[3.75,0,5.75,4],"texture":"#0"},"east":{"uv":[0,1.25,1,2.25],"texture":"#0"},"south":{"uv":[3.75,0,5.75,4],"texture":"#0"},"west":{"uv":[0,1.25,1,2.25],"texture":"#0"},"up":{"uv":[0,1.25,1,2.25],"texture":"#0"},"down":{"uv":[0,1.25,1,2.25],"texture":"#0"}}},{"name":"hexadecagon","from":[7.30381,11,5.75],"to":[8.69619,15,12.75],"rotation":{"angle":45,"axis":"y","origin":[8,11.5,9.25]},"faces":{"north":{"uv":[3.75,0,5.75,4],"texture":"#0"},"east":{"uv":[0,1.25,1,2.25],"texture":"#0"},"south":{"uv":[3.75,0,5.75,4],"texture":"#0"},"west":{"uv":[0,1.25,1,2.25],"texture":"#0"},"up":{"uv":[0,1.25,1,2.25],"texture":"#0"},"down":{"uv":[0,1.25,1,2.25],"texture":"#0"}}},{"name":"hexadecagon","from":[4.5,11,8.55381],"to":[11.5,15,9.94619],"rotation":{"angle":-22.5,"axis":"y","origin":[8,11.5,9.25]},"faces":{"north":{"uv":[0,1.25,1,2.25],"texture":"#0"},"east":{"uv":[3.75,0,5.75,4],"texture":"#0"},"south":{"uv":[0,1.25,1,2.25],"texture":"#0"},"west":{"uv":[3.75,0,5.75,4],"texture":"#0"},"up":{"uv":[0,1.25,1,2.25],"texture":"#0"},"down":{"uv":[0,1.25,1,2.25],"texture":"#0"}}},{"name":"hexadecagon","from":[4.5,11,8.55381],"to":[11.5,15,9.94619],"rotation":{"angle":0,"axis":"y","origin":[8,11.5,9.25]},"faces":{"north":{"uv":[0,1.25,1,2.25],"texture":"#0"},"east":{"uv":[3.75,0,5.75,4],"texture":"#0"},"south":{"uv":[0,1.25,1,2.25],"texture":"#0"},"west":{"uv":[3.75,0,5.75,4],"texture":"#0"},"up":{"uv":[0,1.25,1,2.25],"texture":"#0"},"down":{"uv":[0,1.25,1,2.25],"texture":"#0"}}},{"name":"hexadecagon","from":[4.5,11,8.55381],"to":[11.5,15,9.94619],"rotation":{"angle":22.5,"axis":"y","origin":[8,11.5,9.25]},"faces":{"north":{"uv":[0,1.25,1,2.25],"texture":"#0"},"east":{"uv":[3.75,0,5.75,4],"texture":"#0"},"south":{"uv":[0,1.25,1,2.25],"texture":"#0"},"west":{"uv":[3.75,0,5.75,4],"texture":"#0"},"up":{"uv":[0,1.25,1,2.25],"texture":"#0"},"down":{"uv":[0,1.25,1,2.25],"texture":"#0"}}},{"name":"hexadecagon","from":[7.20435,15,5.25],"to":[8.79565,20,13.25],"rotation":{"angle":-45,"axis":"y","origin":[8,15.5,9.25]},"faces":{"north":{"uv":[3.75,0,5.75,4],"texture":"#0"},"east":{"uv":[0,1.25,1,2.25],"texture":"#0"},"south":{"uv":[3.75,0,5.75,4],"texture":"#0"},"west":{"uv":[0,1.25,1,2.25],"texture":"#0"},"up":{"uv":[0,1.25,1,2.25],"texture":"#0"},"down":{"uv":[0,1.25,1,2.25],"texture":"#0"}}},{"name":"hexadecagon","from":[7.20435,15,5.25],"to":[8.79565,20,13.25],"rotation":{"angle":-22.5,"axis":"y","origin":[8,15.5,9.25]},"faces":{"north":{"uv":[3.75,0,5.75,4],"texture":"#0"},"east":{"uv":[0,1.25,1,2.25],"texture":"#0"},"south":{"uv":[3.75,0,5.75,4],"texture":"#0"},"west":{"uv":[0,1.25,1,2.25],"texture":"#0"},"up":{"uv":[0,1.25,1,2.25],"texture":"#0"},"down":{"uv":[0,1.25,1,2.25],"texture":"#0"}}},{"name":"hexadecagon","from":[7.20435,15,5.25],"to":[8.79565,20,13.25],"rotation":{"angle":0,"axis":"y","origin":[8,15.5,9.25]},"faces":{"north":{"uv":[3.75,0,5.75,4],"texture":"#0"},"east":{"uv":[0,1.25,1,2.25],"texture":"#0"},"south":{"uv":[3.75,0,5.75,4],"texture":"#0"},"west":{"uv":[0,1.25,1,2.25],"texture":"#0"},"up":{"uv":[0,1.25,1,2.25],"texture":"#0"},"down":{"uv":[0,1.25,1,2.25],"texture":"#0"}}},{"name":"hexadecagon","from":[7.20435,15,5.25],"to":[8.79565,20,13.25],"rotation":{"angle":22.5,"axis":"y","origin":[8,15.5,9.25]},"faces":{"north":{"uv":[3.75,0,5.75,4],"texture":"#0"},"east":{"uv":[0,1.25,1,2.25],"texture":"#0"},"south":{"uv":[3.75,0,5.75,4],"texture":"#0"},"west":{"uv":[0,1.25,1,2.25],"texture":"#0"},"up":{"uv":[0,1.25,1,2.25],"texture":"#0"},"down":{"uv":[0,1.25,1,2.25],"texture":"#0"}}},{"name":"hexadecagon","from":[7.20435,15,5.25],"to":[8.79565,20,13.25],"rotation":{"angle":45,"axis":"y","origin":[8,15.5,9.25]},"faces":{"north":{"uv":[3.75,0,5.75,4],"texture":"#0"},"east":{"uv":[0,1.25,1,2.25],"texture":"#0"},"south":{"uv":[3.75,0,5.75,4],"texture":"#0"},"west":{"uv":[0,1.25,1,2.25],"texture":"#0"},"up":{"uv":[0,1.25,1,2.25],"texture":"#0"},"down":{"uv":[0,1.25,1,2.25],"texture":"#0"}}},{"name":"hexadecagon","from":[4,15,8.45435],"to":[12,20,10.04565],"rotation":{"angle":-22.5,"axis":"y","origin":[8,15.5,9.25]},"faces":{"north":{"uv":[0,1.25,1,2.25],"texture":"#0"},"east":{"uv":[3.75,0,5.75,4],"texture":"#0"},"south":{"uv":[0,1.25,1,2.25],"texture":"#0"},"west":{"uv":[3.75,0,5.75,4],"texture":"#0"},"up":{"uv":[0,1.25,1,2.25],"texture":"#0"},"down":{"uv":[0,1.25,1,2.25],"texture":"#0"}}},{"name":"hexadecagon","from":[4,15,8.45435],"to":[12,20,10.04565],"rotation":{"angle":0,"axis":"y","origin":[8,15.5,9.25]},"faces":{"north":{"uv":[0,1.25,1,2.25],"texture":"#0"},"east":{"uv":[3.75,0,5.75,4],"texture":"#0"},"south":{"uv":[0,1.25,1,2.25],"texture":"#0"},"west":{"uv":[3.75,0,5.75,4],"texture":"#0"},"up":{"uv":[0,1.25,1,2.25],"texture":"#0"},"down":{"uv":[0,1.25,1,2.25],"texture":"#0"}}},{"name":"hexadecagon","from":[4,15,8.45435],"to":[12,20,10.04565],"rotation":{"angle":22.5,"axis":"y","origin":[8,15.5,9.25]},"faces":{"north":{"uv":[0,1.25,1,2.25],"texture":"#0"},"east":{"uv":[3.75,0,5.75,4],"texture":"#0"},"south":{"uv":[0,1.25,1,2.25],"texture":"#0"},"west":{"uv":[3.75,0,5.75,4],"texture":"#0"},"up":{"uv":[0,1.25,1,2.25],"texture":"#0"},"down":{"uv":[0,1.25,1,2.25],"texture":"#0"}}},{"name":"hexadecagon","from":[7.00544,20,4.25],"to":[8.99456,21.25,14.25],"rotation":{"angle":-45,"axis":"y","origin":[8,20.5,9.25]},"faces":{"north":{"uv":[0,0,0.25,0.25],"texture":"#0"},"east":{"uv":[0,0,0.25,0.25],"texture":"#0"},"south":{"uv":[0,0,0.25,0.25],"texture":"#0"},"west":{"uv":[0,0,0.25,0.25],"texture":"#0"},"up":{"uv":[0,0,0.25,0.25],"texture":"#0"},"down":{"uv":[0,0,0.25,0.25],"texture":"#0"}}},{"name":"hexadecagon","from":[7.00544,20,4.25],"to":[8.99456,21.25,14.25],"rotation":{"angle":-22.5,"axis":"y","origin":[8,20.5,9.25]},"faces":{"north":{"uv":[0,0,0.25,0.25],"texture":"#0"},"east":{"uv":[0,0,0.25,0.25],"texture":"#0"},"south":{"uv":[0,0,0.25,0.25],"texture":"#0"},"west":{"uv":[0,0,0.25,0.25],"texture":"#0"},"up":{"uv":[0,0,0.25,0.25],"texture":"#0"},"down":{"uv":[0,0,0.25,0.25],"texture":"#0"}}},{"name":"hexadecagon","from":[7.00544,20,4.25],"to":[8.99456,21.25,14.25],"rotation":{"angle":0,"axis":"y","origin":[8,20.5,9.25]},"faces":{"north":{"uv":[0,0,0.25,0.25],"texture":"#0"},"east":{"uv":[0,0,0.25,0.25],"texture":"#0"},"south":{"uv":[0,0,0.25,0.25],"texture":"#0"},"west":{"uv":[0,0,0.25,0.25],"texture":"#0"},"up":{"uv":[0,0,0.25,0.25],"texture":"#0"},"down":{"uv":[0,0,0.25,0.25],"texture":"#0"}}},{"name":"hexadecagon","from":[7.00544,20,4.25],"to":[8.99456,21.25,14.25],"rotation":{"angle":22.5,"axis":"y","origin":[8,20.5,9.25]},"faces":{"north":{"uv":[0,0,0.25,0.25],"texture":"#0"},"east":{"uv":[0,0,0.25,0.25],"texture":"#0"},"south":{"uv":[0,0,0.25,0.25],"texture":"#0"},"west":{"uv":[0,0,0.25,0.25],"texture":"#0"},"up":{"uv":[0,0,0.25,0.25],"texture":"#0"},"down":{"uv":[0,0,0.25,0.25],"texture":"#0"}}},{"name":"hexadecagon","from":[7.00544,20,4.25],"to":[8.99456,21.25,14.25],"rotation":{"angle":45,"axis":"y","origin":[8,20.5,9.25]},"faces":{"north":{"uv":[0,0,0.25,0.25],"texture":"#0"},"east":{"uv":[0,0,0.25,0.25],"texture":"#0"},"south":{"uv":[0,0,0.25,0.25],"texture":"#0"},"west":{"uv":[0,0,0.25,0.25],"texture":"#0"},"up":{"uv":[0,0,0.25,0.25],"texture":"#0"},"down":{"uv":[0,0,0.25,0.25],"texture":"#0"}}},{"name":"hexadecagon","from":[3,20,8.25544],"to":[13,21.25,10.24456],"rotation":{"angle":-22.5,"axis":"y","origin":[8,20.5,9.25]},"faces":{"north":{"uv":[0,0,0.25,0.25],"texture":"#0"},"east":{"uv":[0,0,0.25,0.25],"texture":"#0"},"south":{"uv":[0,0,0.25,0.25],"texture":"#0"},"west":{"uv":[0,0,0.25,0.25],"texture":"#0"},"up":{"uv":[0,0,0.25,0.25],"texture":"#0"},"down":{"uv":[0,0,0.25,0.25],"texture":"#0"}}},{"name":"hexadecagon","from":[3,20,8.25544],"to":[13,21.25,10.24456],"rotation":{"angle":0,"axis":"y","origin":[8,20.5,9.25]},"faces":{"north":{"uv":[0,0,0.25,0.25],"texture":"#0"},"east":{"uv":[0,0,0.25,0.25],"texture":"#0"},"south":{"uv":[0,0,0.25,0.25],"texture":"#0"},"west":{"uv":[0,0,0.25,0.25],"texture":"#0"},"up":{"uv":[0,0,0.25,0.25],"texture":"#0"},"down":{"uv":[0,0,0.25,0.25],"texture":"#0"}}},{"name":"hexadecagon","from":[3,20,8.25544],"to":[13,21.25,10.24456],"rotation":{"angle":22.5,"axis":"y","origin":[8,20.5,9.25]},"faces":{"north":{"uv":[0,0,0.25,0.25],"texture":"#0"},"east":{"uv":[0,0,0.25,0.25],"texture":"#0"},"south":{"uv":[0,0,0.25,0.25],"texture":"#0"},"west":{"uv":[0,0,0.25,0.25],"texture":"#0"},"up":{"uv":[0,0,0.25,0.25],"texture":"#0"},"down":{"uv":[0,0,0.25,0.25],"texture":"#0"}}},{"name":"hexadecagon","from":[7.10489,18.5,4.75],"to":[8.89511,20,5.25],"rotation":{"angle":-45,"axis":"y","origin":[8,19.5,9.25]},"faces":{"north":{"uv":[14,5,16,9],"texture":"#0"},"east":{"uv":[10.5,1,11.5,2],"texture":"#0"},"south":{"uv":[10.5,1,11.5,2],"texture":"#0"},"west":{"uv":[10.5,1,11.5,2],"texture":"#0"},"up":{"uv":[10.5,1,11.5,2],"texture":"#0"},"down":{"uv":[10.5,1,11.5,2],"texture":"#0"}}},{"name":"hexadecagon","from":[7.10489,18.5,4.75],"to":[8.89511,20,5.25],"rotation":{"angle":-22.5,"axis":"y","origin":[8,19.5,9.25]},"faces":{"north":{"uv":[14,5,16,9],"texture":"#0"},"east":{"uv":[10.5,1,11.5,2],"texture":"#0"},"south":{"uv":[10.5,1,11.5,2],"texture":"#0"},"west":{"uv":[10.5,1,11.5,2],"texture":"#0"},"up":{"uv":[10.5,1,11.5,2],"texture":"#0"},"down":{"uv":[10.5,1,11.5,2],"texture":"#0"}}},{"name":"hexadecagon","from":[7.10489,18.5,4.75],"to":[8.89511,20,5.25],"rotation":{"angle":0,"axis":"y","origin":[8,19.5,9.25]},"faces":{"north":{"uv":[14,5,16,9],"texture":"#0"},"east":{"uv":[10.5,1,11.5,2],"texture":"#0"},"south":{"uv":[10.5,1,11.5,2],"texture":"#0"},"west":{"uv":[10.5,1,11.5,2],"texture":"#0"},"up":{"uv":[10.5,1,11.5,2],"texture":"#0"},"down":{"uv":[10.5,1,11.5,2],"texture":"#0"}}},{"name":"hexadecagon","from":[7.10489,18.5,4.75],"to":[8.89511,20,5.25],"rotation":{"angle":22.5,"axis":"y","origin":[8,19.5,9.25]},"faces":{"north":{"uv":[14,5,16,9],"texture":"#0"},"east":{"uv":[10.5,1,11.5,2],"texture":"#0"},"south":{"uv":[10.5,1,11.5,2],"texture":"#0"},"west":{"uv":[10.5,1,11.5,2],"texture":"#0"},"up":{"uv":[10.5,1,11.5,2],"texture":"#0"},"down":{"uv":[10.5,1,11.5,2],"texture":"#0"}}},{"name":"hexadecagon","from":[7.10489,18.5,4.75],"to":[8.89511,20,5.25],"rotation":{"angle":45,"axis":"y","origin":[8,19.5,9.25]},"faces":{"north":{"uv":[14,5,16,9],"texture":"#0"},"east":{"uv":[10.5,1,11.5,2],"texture":"#0"},"south":{"uv":[10.5,1,11.5,2],"texture":"#0"},"west":{"uv":[10.5,1,11.5,2],"texture":"#0"},"up":{"uv":[10.5,1,11.5,2],"texture":"#0"},"down":{"uv":[10.5,1,11.5,2],"texture":"#0"}}},{"name":"hexadecagon","from":[7.10489,18.5,13.25],"to":[8.89511,20,13.75],"rotation":{"angle":-45,"axis":"y","origin":[8,19.5,9.25]},"faces":{"north":{"uv":[10.5,1,11.5,2],"texture":"#0"},"east":{"uv":[10.5,1,11.5,2],"texture":"#0"},"south":{"uv":[14,5,16,9],"texture":"#0"},"west":{"uv":[10.5,1,11.5,2],"texture":"#0"},"up":{"uv":[10.5,1,11.5,2],"texture":"#0"},"down":{"uv":[10.5,1,11.5,2],"texture":"#0"}}},{"name":"hexadecagon","from":[7.10489,18.5,13.25],"to":[8.89511,20,13.75],"rotation":{"angle":-22.5,"axis":"y","origin":[8,19.5,9.25]},"faces":{"north":{"uv":[10.5,1,11.5,2],"texture":"#0"},"east":{"uv":[10.5,1,11.5,2],"texture":"#0"},"south":{"uv":[14,5,16,9],"texture":"#0"},"west":{"uv":[10.5,1,11.5,2],"texture":"#0"},"up":{"uv":[10.5,1,11.5,2],"texture":"#0"},"down":{"uv":[10.5,1,11.5,2],"texture":"#0"}}},{"name":"hexadecagon","from":[7.10489,18.5,13.25],"to":[8.89511,20,13.75],"rotation":{"angle":0,"axis":"y","origin":[8,19.5,9.25]},"faces":{"north":{"uv":[10.5,1,11.5,2],"texture":"#0"},"east":{"uv":[10.5,1,11.5,2],"texture":"#0"},"south":{"uv":[14,5,16,9],"texture":"#0"},"west":{"uv":[10.5,1,11.5,2],"texture":"#0"},"up":{"uv":[10.5,1,11.5,2],"texture":"#0"},"down":{"uv":[10.5,1,11.5,2],"texture":"#0"}}},{"name":"hexadecagon","from":[7.10489,18.5,13.25],"to":[8.89511,20,13.75],"rotation":{"angle":22.5,"axis":"y","origin":[8,19.5,9.25]},"faces":{"north":{"uv":[10.5,1,11.5,2],"texture":"#0"},"east":{"uv":[10.5,1,11.5,2],"texture":"#0"},"south":{"uv":[14,5,16,9],"texture":"#0"},"west":{"uv":[10.5,1,11.5,2],"texture":"#0"},"up":{"uv":[10.5,1,11.5,2],"texture":"#0"},"down":{"uv":[10.5,1,11.5,2],"texture":"#0"}}},{"name":"hexadecagon","from":[7.10489,18.5,13.25],"to":[8.89511,20,13.75],"rotation":{"angle":45,"axis":"y","origin":[8,19.5,9.25]},"faces":{"north":{"uv":[10.5,1,11.5,2],"texture":"#0"},"east":{"uv":[10.5,1,11.5,2],"texture":"#0"},"south":{"uv":[14,5,16,9],"texture":"#0"},"west":{"uv":[10.5,1,11.5,2],"texture":"#0"},"up":{"uv":[10.5,1,11.5,2],"texture":"#0"},"down":{"uv":[10.5,1,11.5,2],"texture":"#0"}}},{"name":"hexadecagon","from":[3.5,18.5,8.35489],"to":[4,20,10.14511],"rotation":{"angle":-22.5,"axis":"y","origin":[8,19.5,9.25]},"faces":{"north":{"uv":[10.5,1,11.5,2],"texture":"#0"},"east":{"uv":[10.5,1,11.5,2],"texture":"#0"},"south":{"uv":[10.5,1,11.5,2],"texture":"#0"},"west":{"uv":[14,5,16,9],"texture":"#0"},"up":{"uv":[10.5,1,11.5,2],"texture":"#0"},"down":{"uv":[10.5,1,11.5,2],"texture":"#0"}}},{"name":"hexadecagon","from":[3.5,18.5,8.35489],"to":[4,20,10.14511],"rotation":{"angle":0,"axis":"y","origin":[8,19.5,9.25]},"faces":{"north":{"uv":[10.5,1,11.5,2],"texture":"#0"},"east":{"uv":[10.5,1,11.5,2],"texture":"#0"},"south":{"uv":[10.5,1,11.5,2],"texture":"#0"},"west":{"uv":[14,5,16,9],"texture":"#0"},"up":{"uv":[10.5,1,11.5,2],"texture":"#0"},"down":{"uv":[10.5,1,11.5,2],"texture":"#0"}}},{"name":"hexadecagon","from":[3.5,18.5,8.35489],"to":[4,20,10.14511],"rotation":{"angle":22.5,"axis":"y","origin":[8,19.5,9.25]},"faces":{"north":{"uv":[10.5,1,11.5,2],"texture":"#0"},"east":{"uv":[10.5,1,11.5,2],"texture":"#0"},"south":{"uv":[10.5,1,11.5,2],"texture":"#0"},"west":{"uv":[14,5,16,9],"texture":"#0"},"up":{"uv":[10.5,1,11.5,2],"texture":"#0"},"down":{"uv":[10.5,1,11.5,2],"texture":"#0"}}},{"name":"hexadecagon","from":[12,18.5,8.35489],"to":[12.5,20,10.14511],"rotation":{"angle":-22.5,"axis":"y","origin":[8,19.5,9.25]},"faces":{"north":{"uv":[10.5,1,11.5,2],"texture":"#0"},"east":{"uv":[14,5,16,9],"texture":"#0"},"south":{"uv":[10.5,1,11.5,2],"texture":"#0"},"west":{"uv":[10.5,1,11.5,2],"texture":"#0"},"up":{"uv":[10.5,1,11.5,2],"texture":"#0"},"down":{"uv":[10.5,1,11.5,2],"texture":"#0"}}},{"name":"hexadecagon","from":[12,18.5,8.35489],"to":[12.5,20,10.14511],"rotation":{"angle":0,"axis":"y","origin":[8,19.5,9.25]},"faces":{"north":{"uv":[10.5,1,11.5,2],"texture":"#0"},"east":{"uv":[14,5,16,9],"texture":"#0"},"south":{"uv":[10.5,1,11.5,2],"texture":"#0"},"west":{"uv":[10.5,1,11.5,2],"texture":"#0"},"up":{"uv":[10.5,1,11.5,2],"texture":"#0"},"down":{"uv":[10.5,1,11.5,2],"texture":"#0"}}},{"name":"hexadecagon","from":[12,18.5,8.35489],"to":[12.5,20,10.14511],"rotation":{"angle":22.5,"axis":"y","origin":[8,19.5,9.25]},"faces":{"north":{"uv":[10.5,1,11.5,2],"texture":"#0"},"east":{"uv":[14,5,16,9],"texture":"#0"},"south":{"uv":[10.5,1,11.5,2],"texture":"#0"},"west":{"uv":[10.5,1,11.5,2],"texture":"#0"},"up":{"uv":[10.5,1,11.5,2],"texture":"#0"},"down":{"uv":[10.5,1,11.5,2],"texture":"#0"}}},{"name":"hexadecagon","from":[7.40326,5,6.25],"to":[8.59674,5.75,12.25],"rotation":{"angle":-45,"axis":"y","origin":[8,5.5,9.25]},"faces":{"north":{"uv":[0,0,0.25,0.25],"texture":"#0"},"east":{"uv":[0,0,0.25,0.25],"texture":"#0"},"south":{"uv":[0,0,0.25,0.25],"texture":"#0"},"west":{"uv":[0,0,0.25,0.25],"texture":"#0"},"up":{"uv":[0,0,0.25,0.25],"texture":"#0"},"down":{"uv":[0,0,0.25,0.25],"texture":"#0"}}},{"name":"hexadecagon","from":[7.40326,5,6.25],"to":[8.59674,5.75,12.25],"rotation":{"angle":-22.5,"axis":"y","origin":[8,5.5,9.25]},"faces":{"north":{"uv":[0,0,0.25,0.25],"texture":"#0"},"east":{"uv":[0,0,0.25,0.25],"texture":"#0"},"south":{"uv":[0,0,0.25,0.25],"texture":"#0"},"west":{"uv":[0,0,0.25,0.25],"texture":"#0"},"up":{"uv":[0,0,0.25,0.25],"texture":"#0"},"down":{"uv":[0,0,0.25,0.25],"texture":"#0"}}},{"name":"hexadecagon","from":[7.40326,5,6.25],"to":[8.59674,5.75,12.25],"rotation":{"angle":0,"axis":"y","origin":[8,5.5,9.25]},"faces":{"north":{"uv":[0,0,0.25,0.25],"texture":"#0"},"east":{"uv":[0,0,0.25,0.25],"texture":"#0"},"south":{"uv":[0,0,0.25,0.25],"texture":"#0"},"west":{"uv":[0,0,0.25,0.25],"texture":"#0"},"up":{"uv":[0,0,0.25,0.25],"texture":"#0"},"down":{"uv":[0,0,0.25,0.25],"texture":"#0"}}},{"name":"hexadecagon","from":[7.40326,5,6.25],"to":[8.59674,5.75,12.25],"rotation":{"angle":22.5,"axis":"y","origin":[8,5.5,9.25]},"faces":{"north":{"uv":[0,0,0.25,0.25],"texture":"#0"},"east":{"uv":[0,0,0.25,0.25],"texture":"#0"},"south":{"uv":[0,0,0.25,0.25],"texture":"#0"},"west":{"uv":[0,0,0.25,0.25],"texture":"#0"},"up":{"uv":[0,0,0.25,0.25],"texture":"#0"},"down":{"uv":[0,0,0.25,0.25],"texture":"#0"}}},{"name":"hexadecagon","from":[7.40326,5,6.25],"to":[8.59674,5.75,12.25],"rotation":{"angle":45,"axis":"y","origin":[8,5.5,9.25]},"faces":{"north":{"uv":[0,0,0.25,0.25],"texture":"#0"},"east":{"uv":[0,0,0.25,0.25],"texture":"#0"},"south":{"uv":[0,0,0.25,0.25],"texture":"#0"},"west":{"uv":[0,0,0.25,0.25],"texture":"#0"},"up":{"uv":[0,0,0.25,0.25],"texture":"#0"},"down":{"uv":[0,0,0.25,0.25],"texture":"#0"}}},{"name":"hexadecagon","from":[5,5,8.65326],"to":[11,5.75,9.84674],"rotation":{"angle":-22.5,"axis":"y","origin":[8,5.5,9.25]},"faces":{"north":{"uv":[0,0,0.25,0.25],"texture":"#0"},"east":{"uv":[0,0,0.25,0.25],"texture":"#0"},"south":{"uv":[0,0,0.25,0.25],"texture":"#0"},"west":{"uv":[0,0,0.25,0.25],"texture":"#0"},"up":{"uv":[0,0,0.25,0.25],"texture":"#0"},"down":{"uv":[0,0,0.25,0.25],"texture":"#0"}}},{"name":"hexadecagon","from":[5,5,8.65326],"to":[11,5.75,9.84674],"rotation":{"angle":0,"axis":"y","origin":[8,5.5,9.25]},"faces":{"north":{"uv":[0,0,0.25,0.25],"texture":"#0"},"east":{"uv":[0,0,0.25,0.25],"texture":"#0"},"south":{"uv":[0,0,0.25,0.25],"texture":"#0"},"west":{"uv":[0,0,0.25,0.25],"texture":"#0"},"up":{"uv":[0,0,0.25,0.25],"texture":"#0"},"down":{"uv":[0,0,0.25,0.25],"texture":"#0"}}},{"name":"hexadecagon","from":[5,5,8.65326],"to":[11,5.75,9.84674],"rotation":{"angle":22.5,"axis":"y","origin":[8,5.5,9.25]},"faces":{"north":{"uv":[0,0,0.25,0.25],"texture":"#0"},"east":{"uv":[0,0,0.25,0.25],"texture":"#0"},"south":{"uv":[0,0,0.25,0.25],"texture":"#0"},"west":{"uv":[0,0,0.25,0.25],"texture":"#0"},"up":{"uv":[0,0,0.25,0.25],"texture":"#0"},"down":{"uv":[0,0,0.25,0.25],"texture":"#0"}}},{"from":[12,0.5,1.5],"to":[12.5,1.25,1.75],"rotation":{"angle":0,"axis":"y","origin":[11.75,8,-2.25]},"faces":{"north":{"uv":[0,0,1,1],"texture":"#0"},"east":{"uv":[0,0,1,1],"texture":"#0"},"south":{"uv":[0,0,1,1],"texture":"#0"},"west":{"uv":[0,0,1,1],"texture":"#0"},"up":{"uv":[0,0,1,1],"texture":"#0"},"down":{"uv":[0,0,1,1],"texture":"#0"}}},{"from":[11,0.5,1.5],"to":[11.5,1.25,1.75],"rotation":{"angle":0,"axis":"y","origin":[10.75,8,-2.25]},"faces":{"north":{"uv":[0,0,1,1],"texture":"#0"},"east":{"uv":[0,0,1,1],"texture":"#0"},"south":{"uv":[0,0,1,1],"texture":"#0"},"west":{"uv":[0,0,1,1],"texture":"#0"},"up":{"uv":[0,0,1,1],"texture":"#0"},"down":{"uv":[0,0,1,1],"texture":"#0"}}},{"from":[10,0.5,1.5],"to":[10.5,1.25,1.75],"rotation":{"angle":0,"axis":"y","origin":[9.75,8,-2.25]},"faces":{"north":{"uv":[0,0,1,1],"texture":"#0"},"east":{"uv":[0,0,1,1],"texture":"#0"},"south":{"uv":[0,0,1,1],"texture":"#0"},"west":{"uv":[0,0,1,1],"texture":"#0"},"up":{"uv":[0,0,1,1],"texture":"#0"},"down":{"uv":[0,0,1,1],"texture":"#0"}}},{"from":[7.25,0.5,1.5],"to":[8.75,1.25,1.75],"rotation":{"angle":0,"axis":"y","origin":[7.5,8,-2.25]},"faces":{"north":{"uv":[1.5,0,2.5,1],"texture":"#0"},"east":{"uv":[1.5,0,2.5,1],"texture":"#0"},"south":{"uv":[1.5,0,2.5,1],"texture":"#0"},"west":{"uv":[1.5,0,2.5,1],"texture":"#0"},"up":{"uv":[1.5,0,2.5,1],"texture":"#0"},"down":{"uv":[1.5,0,2.5,1],"texture":"#0"}}},{"from":[3.5,0.5,1.5],"to":[4,1.25,1.75],"rotation":{"angle":0,"axis":"y","origin":[3.25,8,-2.25]},"faces":{"north":{"uv":[0,0,1,1],"texture":"#0"},"east":{"uv":[0,0,1,1],"texture":"#0"},"south":{"uv":[0,0,1,1],"texture":"#0"},"west":{"uv":[0,0,1,1],"texture":"#0"},"up":{"uv":[0,0,1,1],"texture":"#0"},"down":{"uv":[0,0,1,1],"texture":"#0"}}},{"from":[4.5,0.5,1.5],"to":[5,1.25,1.75],"rotation":{"angle":0,"axis":"y","origin":[4.25,8,-2.25]},"faces":{"north":{"uv":[0,0,1,1],"texture":"#0"},"east":{"uv":[0,0,1,1],"texture":"#0"},"south":{"uv":[0,0,1,1],"texture":"#0"},"west":{"uv":[0,0,1,1],"texture":"#0"},"up":{"uv":[0,0,1,1],"texture":"#0"},"down":{"uv":[0,0,1,1],"texture":"#0"}}},{"from":[5.5,0.5,1.5],"to":[6,1.25,1.75],"rotation":{"angle":0,"axis":"y","origin":[5.25,8,-2.25]},"faces":{"north":{"uv":[0,0,1,1],"texture":"#0"},"east":{"uv":[0,0,1,1],"texture":"#0"},"south":{"uv":[0,0,1,1],"texture":"#0"},"west":{"uv":[0,0,1,1],"texture":"#0"},"up":{"uv":[0,0,1,1],"texture":"#0"},"down":{"uv":[0,0,1,1],"texture":"#0"}}},{"from":[7,0.5,14.75],"to":[9,1.5,15],"rotation":{"angle":0,"axis":"y","origin":[9.5,8,10.75]},"faces":{"north":{"uv":[0,3,1,4],"texture":"#0"},"east":{"uv":[0,3,1,4],"texture":"#0"},"south":{"uv":[0,3,1,4],"texture":"#0"},"west":{"uv":[0,3,1,4],"texture":"#0"},"up":{"uv":[0,3,1,4],"texture":"#0"},"down":{"uv":[0,3,1,4],"texture":"#0"}}},{"from":[7.5,0.75,15],"to":[8.5,1.25,19],"rotation":{"angle":0,"axis":"y","origin":[9.5,8,11]},"faces":{"north":{"uv":[0,3,1,4],"texture":"#0"},"east":{"uv":[0,3,1,4],"texture":"#0"},"south":{"uv":[0,3,1,4],"texture":"#0"},"west":{"uv":[0,3,1,4],"texture":"#0"},"up":{"uv":[0,3,1,4],"texture":"#0"},"down":{"uv":[0,3,1,4],"texture":"#0"}}},{"from":[7.75,1.25,18.5],"to":[8.75,1.75,21.5],"rotation":{"angle":0,"axis":"y","origin":[9.75,8.5,14.5]},"faces":{"north":{"uv":[0,3,1,4],"texture":"#0"},"east":{"uv":[0,3,1,4],"texture":"#0"},"south":{"uv":[0,3,1,4],"texture":"#0"},"west":{"uv":[0,3,1,4],"texture":"#0"},"up":{"uv":[0,3,1,4],"texture":"#0"},"down":{"uv":[0,3,1,4],"texture":"#0"}}},{"from":[8,1.75,21],"to":[9,2.25,24],"rotation":{"angle":0,"axis":"y","origin":[10,9,17]},"faces":{"north":{"uv":[0,3,1,4],"texture":"#0"},"east":{"uv":[0,3,1,4],"texture":"#0"},"south":{"uv":[0,3,1,4],"texture":"#0"},"west":{"uv":[0,3,1,4],"texture":"#0"},"up":{"uv":[0,3,1,4],"texture":"#0"},"down":{"uv":[0,3,1,4],"texture":"#0"}}},{"from":[8.25,2.25,23.5],"to":[9.25,2.75,26.5],"rotation":{"angle":0,"axis":"y","origin":[10.25,9.5,19.5]},"faces":{"north":{"uv":[0,3,1,4],"texture":"#0"},"east":{"uv":[0,3,1,4],"texture":"#0"},"south":{"uv":[0,3,1,4],"texture":"#0"},"west":{"uv":[0,3,1,4],"texture":"#0"},"up":{"uv":[0,3,1,4],"texture":"#0"},"down":{"uv":[0,3,1,4],"texture":"#0"}}},{"from":[8.5,2.75,26],"to":[9.5,3.25,30.75],"rotation":{"angle":0,"axis":"y","origin":[10.5,10,22]},"faces":{"north":{"uv":[0,3,1,4],"texture":"#0"},"east":{"uv":[0,3,1,4],"texture":"#0"},"south":{"uv":[0,3,1,4],"texture":"#0"},"west":{"uv":[0,3,1,4],"texture":"#0"},"up":{"uv":[0,3,1,4],"texture":"#0"},"down":{"uv":[0,3,1,4],"texture":"#0"}}}],"display":{"thirdperson_righthand":{"translation":[0,4,0],"scale":[0.5,0.5,0.5]},"thirdperson_lefthand":{"translation":[0,4,0],"scale":[0.5,0.5,0.5]},"firstperson_righthand":{"translation":[0,4,0],"scale":[0.5,0.5,0.5]},"firstperson_lefthand":{"translation":[0,4,0],"scale":[0.5,0.5,0.5]},"ground":{"translation":[0,6,0]},"gui":{"scale":[0.5,0.5,0.5]},"head":{"translation":[0,14.75,0]},"fixed":{"rotation":[-90,0,0],"translation":[0,2,-8.75]}},"groups":[{"name":"group","origin":[8,8,8],"children":[{"name":"unten","origin":[8,8,8],"children":[0,1,2,3,4,5]},{"name":"mitte","origin":[8,8,8],"children":[6,7,8,9,10,11,12,13,14,15,16,17,18,19,20,21,22,23,24,25,26,27,28,29,30,31,32,33]},{"name":"oben","origin":[8,8,8],"children":[{"name":"hexadecagon","origin":[8,8,8],"children":[34,35,36,37,38,39,40,41]},{"name":"hexadecagon","origin":[8,8,8],"children":[42,43,44,45,46,47,48,49]},{"name":"hexadecagon","origin":[8,8,8],"children":[50,51,52,53,54,55,56,57]},{"name":"hexadecagon","origin":[8,8,8],"children":[58,59,60,61,62,63,64,65]},{"name":"hexadecagon","origin":[8,8,8],"children":[66,67,68,69,70,71,72,73]},{"name":"hexadecagon","origin":[8,8,8],"children":[74,75,76,77,78,79,80,81]},{"name":"hexadecagon","origin":[8,8,8],"children":[82,83,84,85,86,87,88,89]},{"name":"hexadecagon","origin":[8,8,8],"children":[90,91,92,93,94,95,96,97,98,99,100,101,102,103,104,105]},{"name":"hexadecagon","origin":[8,8,8],"children":[106,107,108,109,110,111,112,113]}]},{"name":"knopf","origin":[8,8,8],"children":[114,115,116,117,118,119,120]},{"name":"kabel","origin":[8,8,8],"children":[121,122,123,124,125,126]}]}]}