{"credit":"MadewithBlockbench","texture_size":[128,128],"textures":{"6":"naniii_furniture:item/table/platte"},"elements":[{"name":"Bein","from":[15,0,1.75],"to":[16,10,4.25],"rotation":{"angle":0,"axis":"y","origin":[15.5,0,2.5]},"faces":{"north":{"uv":[15.5,0,16,0.5],"texture":"#6"},"east":{"uv":[15.5,0,16,0.5],"texture":"#6"},"south":{"uv":[15.5,0,16,0.5],"texture":"#6"},"west":{"uv":[15.5,0,16,0.5],"texture":"#6"},"up":{"uv":[15.5,0,16,0.5],"texture":"#6"},"down":{"uv":[15.5,0,16,0.5],"texture":"#6"}}},{"name":"Bein","from":[0,0,1.75],"to":[1,10,4.25],"rotation":{"angle":0,"axis":"y","origin":[0.5,0,2.5]},"faces":{"north":{"uv":[15.5,0,16,0.5],"texture":"#6"},"east":{"uv":[15.5,0,16,0.5],"texture":"#6"},"south":{"uv":[15.5,0,16,0.5],"texture":"#6"},"west":{"uv":[15.5,0,16,0.5],"texture":"#6"},"up":{"uv":[15.5,0,16,0.5],"texture":"#6"},"down":{"uv":[15.5,0,16,0.5],"texture":"#6"}}},{"name":"Bein","from":[15,0,12],"to":[16,10,14.25],"rotation":{"angle":0,"axis":"y","origin":[15.5,0,13.5]},"faces":{"north":{"uv":[15.5,0,16,0.5],"texture":"#6"},"east":{"uv":[15.5,0,16,0.5],"texture":"#6"},"south":{"uv":[15.5,0,16,0.5],"texture":"#6"},"west":{"uv":[15.5,0,16,0.5],"texture":"#6"},"up":{"uv":[15.5,0,16,0.5],"texture":"#6"},"down":{"uv":[15.5,0,16,0.5],"texture":"#6"}}},{"name":"Bein","from":[0,0,11.75],"to":[1,10,14.25],"rotation":{"angle":0,"axis":"y","origin":[0.5,0,13.5]},"faces":{"north":{"uv":[15.5,0,16,0.5],"texture":"#6"},"east":{"uv":[15.5,0,16,0.5],"texture":"#6"},"south":{"uv":[15.5,0,16,0.5],"texture":"#6"},"west":{"uv":[15.5,0,16,0.5],"texture":"#6"},"up":{"uv":[15.5,0,16,0.5],"texture":"#6"},"down":{"uv":[15.5,0,16,0.5],"texture":"#6"}}},{"from":[13.75,0,12.5],"to":[15,10,13.5],"rotation":{"angle":0,"axis":"y","origin":[22,8,20.5]},"faces":{"north":{"uv":[15.5,0,16,0.5],"texture":"#6"},"east":{"uv":[15.5,0,16,0.5],"texture":"#6"},"south":{"uv":[15.5,0,16,0.5],"texture":"#6"},"west":{"uv":[15.5,0,16,0.5],"texture":"#6"},"up":{"uv":[15.5,0,16,0.5],"texture":"#6"},"down":{"uv":[15.5,0,16,0.5],"texture":"#6"}}},{"from":[13.75,0,11.5],"to":[15,10,12.5],"rotation":{"angle":0,"axis":"y","origin":[22,8,19.5]},"faces":{"north":{"uv":[15.5,0,16,0.5],"texture":"#6"},"east":{"uv":[15.5,0,16,0.5],"texture":"#6"},"south":{"uv":[15.5,0,16,0.5],"texture":"#6"},"west":{"uv":[15.5,0,16,0.5],"texture":"#6"},"up":{"uv":[15.5,0,16,0.5],"texture":"#6"},"down":{"uv":[15.5,0,16,0.5],"texture":"#6"}}},{"from":[13.75,0,2.5],"to":[15,10,3.5],"rotation":{"angle":0,"axis":"y","origin":[22,8,10.5]},"faces":{"north":{"uv":[15.5,0,16,0.5],"texture":"#6"},"east":{"uv":[15.5,0,16,0.5],"texture":"#6"},"south":{"uv":[15.5,0,16,0.5],"texture":"#6"},"west":{"uv":[15.5,0,16,0.5],"texture":"#6"},"up":{"uv":[15.5,0,16,0.5],"texture":"#6"},"down":{"uv":[15.5,0,16,0.5],"texture":"#6"}}},{"from":[13.75,0,3.5],"to":[15,10,4.5],"rotation":{"angle":0,"axis":"y","origin":[22,8,11.5]},"faces":{"north":{"uv":[15.5,0,16,0.5],"texture":"#6"},"east":{"uv":[15.5,0,16,0.5],"texture":"#6"},"south":{"uv":[15.5,0,16,0.5],"texture":"#6"},"west":{"uv":[15.5,0,16,0.5],"texture":"#6"},"up":{"uv":[15.5,0,16,0.5],"texture":"#6"},"down":{"uv":[15.5,0,16,0.5],"texture":"#6"}}},{"from":[1,0,2.5],"to":[2.25,10,3.5],"rotation":{"angle":0,"axis":"y","origin":[9,8,10.5]},"faces":{"north":{"uv":[15.5,0,16,0.5],"texture":"#6"},"east":{"uv":[15.5,0,16,0.5],"texture":"#6"},"south":{"uv":[15.5,0,16,0.5],"texture":"#6"},"west":{"uv":[15.5,0,16,0.5],"texture":"#6"},"up":{"uv":[15.5,0,16,0.5],"texture":"#6"},"down":{"uv":[15.5,0,16,0.5],"texture":"#6"}}},{"from":[1,0,12.5],"to":[2.25,10,13.5],"rotation":{"angle":0,"axis":"y","origin":[9,8,20.5]},"faces":{"north":{"uv":[15.5,0,16,0.5],"texture":"#6"},"east":{"uv":[15.5,0,16,0.5],"texture":"#6"},"south":{"uv":[15.5,0,16,0.5],"texture":"#6"},"west":{"uv":[15.5,0,16,0.5],"texture":"#6"},"up":{"uv":[15.5,0,16,0.5],"texture":"#6"},"down":{"uv":[15.5,0,16,0.5],"texture":"#6"}}},{"from":[1,0,11.5],"to":[2.25,10,12.5],"rotation":{"angle":0,"axis":"y","origin":[9,8,19.5]},"faces":{"north":{"uv":[15.5,0,16,0.5],"texture":"#6"},"east":{"uv":[15.5,0,16,0.5],"texture":"#6"},"south":{"uv":[15.5,0,16,0.5],"texture":"#6"},"west":{"uv":[15.5,0,16,0.5],"texture":"#6"},"up":{"uv":[15.5,0,16,0.5],"texture":"#6"},"down":{"uv":[15.5,0,16,0.5],"texture":"#6"}}},{"from":[1,0,3.5],"to":[2.25,10,4.5],"rotation":{"angle":0,"axis":"y","origin":[9,8,11.5]},"faces":{"north":{"uv":[15.5,0,16,0.5],"texture":"#6"},"east":{"uv":[15.5,0,16,0.5],"texture":"#6"},"south":{"uv":[15.5,0,16,0.5],"texture":"#6"},"west":{"uv":[15.5,0,16,0.5],"texture":"#6"},"up":{"uv":[15.5,0,16,0.5],"texture":"#6"},"down":{"uv":[15.5,0,16,0.5],"texture":"#6"}}},{"from":[2.25,0,4],"to":[3,7.75,4.5],"rotation":{"angle":0,"axis":"y","origin":[10.25,8,11.5]},"faces":{"north":{"uv":[15.5,0,16,0.5],"texture":"#6"},"east":{"uv":[15.5,0,16,0.5],"texture":"#6"},"south":{"uv":[15.5,0,16,0.5],"texture":"#6"},"west":{"uv":[15.5,0,16,0.5],"texture":"#6"},"up":{"uv":[15.5,0,16,0.5],"texture":"#6"},"down":{"uv":[15.5,0,16,0.5],"texture":"#6"}}},{"from":[13,0,11.5],"to":[13.75,7.75,12],"rotation":{"angle":0,"axis":"y","origin":[21,8,18.75]},"faces":{"north":{"uv":[15.5,0,16,0.5],"texture":"#6"},"east":{"uv":[15.5,0,16,0.5],"texture":"#6"},"south":{"uv":[15.5,0,16,0.5],"texture":"#6"},"west":{"uv":[15.5,0,16,0.5],"texture":"#6"},"up":{"uv":[15.5,0,16,0.5],"texture":"#6"},"down":{"uv":[15.5,0,16,0.5],"texture":"#6"}}},{"from":[14,0,11],"to":[14.5,7,11.5],"rotation":{"angle":0,"axis":"y","origin":[21.75,8,18.5]},"faces":{"north":{"uv":[15.5,0,16,0.5],"texture":"#6"},"east":{"uv":[15.5,0,16,0.5],"texture":"#6"},"south":{"uv":[15.5,0,16,0.5],"texture":"#6"},"west":{"uv":[15.5,0,16,0.5],"texture":"#6"},"up":{"uv":[15.5,0,16,0.5],"texture":"#6"},"down":{"uv":[15.5,0,16,0.5],"texture":"#6"}}},{"from":[14,0,4.5],"to":[14.5,7,5],"rotation":{"angle":0,"axis":"y","origin":[21.75,8,12]},"faces":{"north":{"uv":[15.5,0,16,0.5],"texture":"#6"},"east":{"uv":[15.5,0,16,0.5],"texture":"#6"},"south":{"uv":[15.5,0,16,0.5],"texture":"#6"},"west":{"uv":[15.5,0,16,0.5],"texture":"#6"},"up":{"uv":[15.5,0,16,0.5],"texture":"#6"},"down":{"uv":[15.5,0,16,0.5],"texture":"#6"}}},{"from":[1.5,0,11],"to":[2,7,11.5],"rotation":{"angle":0,"axis":"y","origin":[9.25,8,18.5]},"faces":{"north":{"uv":[15.5,0,16,0.5],"texture":"#6"},"east":{"uv":[15.5,0,16,0.5],"texture":"#6"},"south":{"uv":[15.5,0,16,0.5],"texture":"#6"},"west":{"uv":[15.5,0,16,0.5],"texture":"#6"},"up":{"uv":[15.5,0,16,0.5],"texture":"#6"},"down":{"uv":[15.5,0,16,0.5],"texture":"#6"}}},{"from":[1.5,0,4.5],"to":[2,7,5],"rotation":{"angle":0,"axis":"y","origin":[9.25,8,12]},"faces":{"north":{"uv":[15.5,0,16,0.5],"texture":"#6"},"east":{"uv":[15.5,0,16,0.5],"texture":"#6"},"south":{"uv":[15.5,0,16,0.5],"texture":"#6"},"west":{"uv":[15.5,0,16,0.5],"texture":"#6"},"up":{"uv":[15.5,0,16,0.5],"texture":"#6"},"down":{"uv":[15.5,0,16,0.5],"texture":"#6"}}},{"from":[2.25,0,11.5],"to":[3,7.75,12],"rotation":{"angle":0,"axis":"y","origin":[10.25,8,18.75]},"faces":{"north":{"uv":[15.5,0,16,0.5],"texture":"#6"},"east":{"uv":[15.5,0,16,0.5],"texture":"#6"},"south":{"uv":[15.5,0,16,0.5],"texture":"#6"},"west":{"uv":[15.5,0,16,0.5],"texture":"#6"},"up":{"uv":[15.5,0,16,0.5],"texture":"#6"},"down":{"uv":[15.5,0,16,0.5],"texture":"#6"}}},{"from":[13,0,4],"to":[13.75,7.75,4.5],"rotation":{"angle":0,"axis":"y","origin":[21,8,11.5]},"faces":{"north":{"uv":[15.5,0,16,0.5],"texture":"#6"},"east":{"uv":[15.5,0,16,0.5],"texture":"#6"},"south":{"uv":[15.5,0,16,0.5],"texture":"#6"},"west":{"uv":[15.5,0,16,0.5],"texture":"#6"},"up":{"uv":[15.5,0,16,0.5],"texture":"#6"},"down":{"uv":[15.5,0,16,0.5],"texture":"#6"}}},{"from":[0,10,1.75],"to":[16,11,14.25],"rotation":{"angle":0,"axis":"y","origin":[8,10.5,8]},"faces":{"north":{"uv":[8,8,16,16],"texture":"#6"},"east":{"uv":[8,8,16,16],"texture":"#6"},"south":{"uv":[8,8,16,16],"texture":"#6"},"west":{"uv":[8,8,16,16],"texture":"#6"},"up":{"uv":[8,8,16,16],"texture":"#6"},"down":{"uv":[8,8,16,16],"texture":"#6"}}},{"from":[2,10,15.25],"to":[14,11,15.75],"rotation":{"angle":0,"axis":"y","origin":[8,18,23.25]},"faces":{"north":{"uv":[0,15.5,0.5,16],"texture":"#6"},"east":{"uv":[0,15.5,0.5,16],"texture":"#6"},"south":{"uv":[0,15.5,0.5,16],"texture":"#6"},"west":{"uv":[0,15.5,0.5,16],"texture":"#6"},"up":{"uv":[0,15.5,0.5,16],"texture":"#6"},"down":{"uv":[0,15.5,0.5,16],"texture":"#6"}}},{"from":[0.75,10,14.75],"to":[15.25,11,15.25],"rotation":{"angle":0,"axis":"y","origin":[8,18,22.75]},"faces":{"north":{"uv":[0,15.5,0.5,16],"texture":"#6"},"east":{"uv":[0,15.5,0.5,16],"texture":"#6"},"south":{"uv":[0,15.5,0.5,16],"texture":"#6"},"west":{"uv":[0,15.5,0.5,16],"texture":"#6"},"up":{"uv":[0,15.5,0.5,16],"texture":"#6"},"down":{"uv":[0,15.5,0.5,16],"texture":"#6"}}},{"from":[0,10,1.25],"to":[16,11,1.75],"rotation":{"angle":0,"axis":"y","origin":[8,10.5,1]},"faces":{"north":{"uv":[0,15.5,0.5,16],"texture":"#6"},"east":{"uv":[0,15.5,0.5,16],"texture":"#6"},"south":{"uv":[0,15.5,0.5,16],"texture":"#6"},"west":{"uv":[0,15.5,0.5,16],"texture":"#6"},"up":{"uv":[0,15.5,0.5,16],"texture":"#6"},"down":{"uv":[0,15.5,0.5,16],"texture":"#6"}}},{"from":[0.75,10,0.75],"to":[15.25,11,1.25],"rotation":{"angle":0,"axis":"y","origin":[8,10.5,1]},"faces":{"north":{"uv":[0,15.5,0.5,16],"texture":"#6"},"east":{"uv":[0,15.5,0.5,16],"texture":"#6"},"south":{"uv":[0,15.5,0.5,16],"texture":"#6"},"west":{"uv":[0,15.5,0.5,16],"texture":"#6"},"up":{"uv":[0,15.5,0.5,16],"texture":"#6"},"down":{"uv":[0,15.5,0.5,16],"texture":"#6"}}},{"from":[2,10,0.25],"to":[14,11,0.75],"rotation":{"angle":0,"axis":"y","origin":[8,10.5,1]},"faces":{"north":{"uv":[0,15.5,0.5,16],"texture":"#6"},"east":{"uv":[0,15.5,0.5,16],"texture":"#6"},"south":{"uv":[0,15.5,0.5,16],"texture":"#6"},"west":{"uv":[0,15.5,0.5,16],"texture":"#6"},"up":{"uv":[0,15.5,0.5,16],"texture":"#6"},"down":{"uv":[0,15.5,0.5,16],"texture":"#6"}}},{"from":[0,10,14.25],"to":[16,11,14.75],"rotation":{"angle":0,"axis":"y","origin":[8,18,22.25]},"faces":{"north":{"uv":[0,15.5,0.5,16],"texture":"#6"},"east":{"uv":[0,15.5,0.5,16],"texture":"#6"},"south":{"uv":[0,15.5,0.5,16],"texture":"#6"},"west":{"uv":[0,15.5,0.5,16],"texture":"#6"},"up":{"uv":[0,15.5,0.5,16],"texture":"#6"},"down":{"uv":[0,15.5,0.5,16],"texture":"#6"}}},{"from":[18.5,10,5.75],"to":[19,11,10.25],"rotation":{"angle":0,"axis":"y","origin":[45,18,10]},"faces":{"north":{"uv":[0,15.5,0.5,16],"texture":"#6"},"east":{"uv":[0,15.5,0.5,16],"texture":"#6"},"south":{"uv":[0,15.5,0.5,16],"texture":"#6"},"west":{"uv":[0,15.5,0.5,16],"texture":"#6"},"up":{"uv":[0,15.5,0.5,16],"texture":"#6"},"down":{"uv":[0,15.5,0.5,16],"texture":"#6"}}},{"from":[17,10,3],"to":[17.5,11,13],"rotation":{"angle":0,"axis":"y","origin":[42,18,10]},"faces":{"north":{"uv":[0,15.5,0.5,16],"texture":"#6"},"east":{"uv":[0,15.5,0.5,16],"texture":"#6"},"south":{"uv":[0,15.5,0.5,16],"texture":"#6"},"west":{"uv":[0,15.5,0.5,16],"texture":"#6"},"up":{"uv":[0,15.5,0.5,16],"texture":"#6"},"down":{"uv":[0,15.5,0.5,16],"texture":"#6"}}},{"from":[17.5,10,3.75],"to":[18,11,12.25],"rotation":{"angle":0,"axis":"y","origin":[43,18,10]},"faces":{"north":{"uv":[0,15.5,0.5,16],"texture":"#6"},"east":{"uv":[0,15.5,0.5,16],"texture":"#6"},"south":{"uv":[0,15.5,0.5,16],"texture":"#6"},"west":{"uv":[0,15.5,0.5,16],"texture":"#6"},"up":{"uv":[0,15.5,0.5,16],"texture":"#6"},"down":{"uv":[0,15.5,0.5,16],"texture":"#6"}}},{"from":[18,10,4.75],"to":[18.5,11,11.25],"rotation":{"angle":0,"axis":"y","origin":[44,18,10]},"faces":{"north":{"uv":[0,15.5,0.5,16],"texture":"#6"},"east":{"uv":[0,15.5,0.5,16],"texture":"#6"},"south":{"uv":[0,15.5,0.5,16],"texture":"#6"},"west":{"uv":[0,15.5,0.5,16],"texture":"#6"},"up":{"uv":[0,15.5,0.5,16],"texture":"#6"},"down":{"uv":[0,15.5,0.5,16],"texture":"#6"}}},{"from":[16,10,1.75],"to":[16.5,11,14.25],"rotation":{"angle":0,"axis":"y","origin":[14.5,10.5,8]},"faces":{"north":{"uv":[0,15.5,0.5,16],"texture":"#6"},"east":{"uv":[0,15.5,0.5,16],"texture":"#6"},"south":{"uv":[0,15.5,0.5,16],"texture":"#6"},"west":{"uv":[0,15.5,0.5,16],"texture":"#6"},"up":{"uv":[0,15.5,0.5,16],"texture":"#6"},"down":{"uv":[0,15.5,0.5,16],"texture":"#6"}}},{"from":[16.5,10,2.25],"to":[17,11,13.75],"rotation":{"angle":0,"axis":"y","origin":[41,18,10]},"faces":{"north":{"uv":[0,15.5,0.5,16],"texture":"#6"},"east":{"uv":[0,15.5,0.5,16],"texture":"#6"},"south":{"uv":[0,15.5,0.5,16],"texture":"#6"},"west":{"uv":[0,15.5,0.5,16],"texture":"#6"},"up":{"uv":[0,15.5,0.5,16],"texture":"#6"},"down":{"uv":[0,15.5,0.5,16],"texture":"#6"}}},{"from":[-2,10,3.75],"to":[-1.5,11,12.25],"rotation":{"angle":0,"axis":"y","origin":[-3.5,10.5,8]},"faces":{"north":{"uv":[0,15.5,0.5,16],"texture":"#6"},"east":{"uv":[0,15.5,0.5,16],"texture":"#6"},"south":{"uv":[0,15.5,0.5,16],"texture":"#6"},"west":{"uv":[0,15.5,0.5,16],"texture":"#6"},"up":{"uv":[0,15.5,0.5,16],"texture":"#6"},"down":{"uv":[0,15.5,0.5,16],"texture":"#6"}}},{"from":[-1.5,10,3],"to":[-1,11,13],"rotation":{"angle":0,"axis":"y","origin":[-3,10.5,8]},"faces":{"north":{"uv":[0,15.5,0.5,16],"texture":"#6"},"east":{"uv":[0,15.5,0.5,16],"texture":"#6"},"south":{"uv":[0,15.5,0.5,16],"texture":"#6"},"west":{"uv":[0,15.5,0.5,16],"texture":"#6"},"up":{"uv":[0,15.5,0.5,16],"texture":"#6"},"down":{"uv":[0,15.5,0.5,16],"texture":"#6"}}},{"from":[-1,10,2.25],"to":[-0.5,11,13.75],"rotation":{"angle":0,"axis":"y","origin":[-2.5,10.5,8]},"faces":{"north":{"uv":[0,15.5,0.5,16],"texture":"#6"},"east":{"uv":[0,15.5,0.5,16],"texture":"#6"},"south":{"uv":[0,15.5,0.5,16],"texture":"#6"},"west":{"uv":[0,15.5,0.5,16],"texture":"#6"},"up":{"uv":[0,15.5,0.5,16],"texture":"#6"},"down":{"uv":[0,15.5,0.5,16],"texture":"#6"}}},{"from":[-3,10,5.75],"to":[-2.5,11,10.25],"rotation":{"angle":0,"axis":"y","origin":[-4.5,10.5,8]},"faces":{"north":{"uv":[0,15.5,0.5,16],"texture":"#6"},"east":{"uv":[0,15.5,0.5,16],"texture":"#6"},"south":{"uv":[0,15.5,0.5,16],"texture":"#6"},"west":{"uv":[0,15.5,0.5,16],"texture":"#6"},"up":{"uv":[0,15.5,0.5,16],"texture":"#6"},"down":{"uv":[0,15.5,0.5,16],"texture":"#6"}}},{"from":[-0.5,10,1.75],"to":[0,11,14.25],"rotation":{"angle":0,"axis":"y","origin":[23.5,18,10]},"faces":{"north":{"uv":[0,15.5,0.5,16],"texture":"#6"},"east":{"uv":[0,15.5,0.5,16],"texture":"#6"},"south":{"uv":[0,15.5,0.5,16],"texture":"#6"},"west":{"uv":[0,15.5,0.5,16],"texture":"#6"},"up":{"uv":[0,15.5,0.5,16],"texture":"#6"},"down":{"uv":[0,15.5,0.5,16],"texture":"#6"}}},{"from":[-2.5,10,4.75],"to":[-2,11,11.25],"rotation":{"angle":0,"axis":"y","origin":[-4,10.5,8]},"faces":{"north":{"uv":[0,15.5,0.5,16],"texture":"#6"},"east":{"uv":[0,15.5,0.5,16],"texture":"#6"},"south":{"uv":[0,15.5,0.5,16],"texture":"#6"},"west":{"uv":[0,15.5,0.5,16],"texture":"#6"},"up":{"uv":[0,15.5,0.5,16],"texture":"#6"},"down":{"uv":[0,15.5,0.5,16],"texture":"#6"}}},{"from":[2.25,7.75,11.5],"to":[13.75,10,12.5],"rotation":{"angle":0,"axis":"y","origin":[10,17,20]},"faces":{"north":{"uv":[0,15.5,0.5,16],"texture":"#6"},"east":{"uv":[0,15.5,0.5,16],"texture":"#6"},"south":{"uv":[0,15.5,0.5,16],"texture":"#6"},"west":{"uv":[0,15.5,0.5,16],"texture":"#6"},"up":{"uv":[0,15.5,0.5,16],"texture":"#6"},"down":{"uv":[0,15.5,0.5,16],"texture":"#6"}}},{"from":[2.25,8.75,12.5],"to":[13.75,9.5,13],"rotation":{"angle":0,"axis":"y","origin":[10,16.5,20.5]},"faces":{"north":{"uv":[0,15.5,0.5,16],"texture":"#6"},"east":{"uv":[0,15.5,0.5,16],"texture":"#6"},"south":{"uv":[0,15.5,0.5,16],"texture":"#6"},"west":{"uv":[0,15.5,0.5,16],"texture":"#6"},"up":{"uv":[0,15.5,0.5,16],"texture":"#6"},"down":{"uv":[0,15.5,0.5,16],"texture":"#6"}}},{"from":[2.25,9.25,12.5],"to":[13.75,10,13.5],"rotation":{"angle":0,"axis":"y","origin":[10,17,20.5]},"faces":{"north":{"uv":[0,15.5,0.5,16],"texture":"#6"},"east":{"uv":[0,15.5,0.5,16],"texture":"#6"},"south":{"uv":[0,15.5,0.5,16],"texture":"#6"},"west":{"uv":[0,15.5,0.5,16],"texture":"#6"},"up":{"uv":[0,15.5,0.5,16],"texture":"#6"},"down":{"uv":[0,15.5,0.5,16],"texture":"#6"}}},{"from":[1,9.5,13.5],"to":[15,10,14.25],"rotation":{"angle":0,"axis":"y","origin":[10,17,21.5]},"faces":{"north":{"uv":[0,15.5,0.5,16],"texture":"#6"},"east":{"uv":[0,15.5,0.5,16],"texture":"#6"},"south":{"uv":[0,15.5,0.5,16],"texture":"#6"},"west":{"uv":[0,15.5,0.5,16],"texture":"#6"},"up":{"uv":[0,15.5,0.5,16],"texture":"#6"},"down":{"uv":[0,15.5,0.5,16],"texture":"#6"}}},{"from":[0.75,9.75,14.25],"to":[15.25,10,15],"rotation":{"angle":0,"axis":"y","origin":[10,17,22.25]},"faces":{"north":{"uv":[0,15.5,0.5,16],"texture":"#6"},"east":{"uv":[0,15.5,0.5,16],"texture":"#6"},"south":{"uv":[0,15.5,0.5,16],"texture":"#6"},"west":{"uv":[0,15.5,0.5,16],"texture":"#6"},"up":{"uv":[0,15.5,0.5,16],"texture":"#6"},"down":{"uv":[0,15.5,0.5,16],"texture":"#6"}}},{"from":[0.75,9.75,1.08333],"to":[15.25,10,1.83333],"rotation":{"angle":0,"axis":"y","origin":[8,9.29167,3.04167]},"faces":{"north":{"uv":[0,15.5,0.5,16],"texture":"#6"},"east":{"uv":[0,15.5,0.5,16],"texture":"#6"},"south":{"uv":[0,15.5,0.5,16],"texture":"#6"},"west":{"uv":[0,15.5,0.5,16],"texture":"#6"},"up":{"uv":[0,15.5,0.5,16],"texture":"#6"},"down":{"uv":[0,15.5,0.5,16],"texture":"#6"}}},{"from":[1,9.5,1.83333],"to":[15,10,2.58333],"rotation":{"angle":0,"axis":"y","origin":[8,9.29167,3.04167]},"faces":{"north":{"uv":[0,15.5,0.5,16],"texture":"#6"},"east":{"uv":[0,15.5,0.5,16],"texture":"#6"},"south":{"uv":[0,15.5,0.5,16],"texture":"#6"},"west":{"uv":[0,15.5,0.5,16],"texture":"#6"},"up":{"uv":[0,15.5,0.5,16],"texture":"#6"},"down":{"uv":[0,15.5,0.5,16],"texture":"#6"}}},{"from":[2.25,9.25,2.58333],"to":[13.75,10,3.58333],"rotation":{"angle":0,"axis":"y","origin":[8,9.29167,3.04167]},"faces":{"north":{"uv":[0,15.5,0.5,16],"texture":"#6"},"east":{"uv":[0,15.5,0.5,16],"texture":"#6"},"south":{"uv":[0,15.5,0.5,16],"texture":"#6"},"west":{"uv":[0,15.5,0.5,16],"texture":"#6"},"up":{"uv":[0,15.5,0.5,16],"texture":"#6"},"down":{"uv":[0,15.5,0.5,16],"texture":"#6"}}},{"from":[2.25,8.75,3.08333],"to":[13.75,9.5,3.58333],"rotation":{"angle":0,"axis":"y","origin":[8,9.29167,3.04167]},"faces":{"north":{"uv":[0,15.5,0.5,16],"texture":"#6"},"east":{"uv":[0,15.5,0.5,16],"texture":"#6"},"south":{"uv":[0,15.5,0.5,16],"texture":"#6"},"west":{"uv":[0,15.5,0.5,16],"texture":"#6"},"up":{"uv":[0,15.5,0.5,16],"texture":"#6"},"down":{"uv":[0,15.5,0.5,16],"texture":"#6"}}},{"from":[2.25,7.75,3.58333],"to":[13.75,10,4.58333],"rotation":{"angle":0,"axis":"y","origin":[8,9.29167,3.04167]},"faces":{"north":{"uv":[0,15.5,0.5,16],"texture":"#6"},"east":{"uv":[0,15.5,0.5,16],"texture":"#6"},"south":{"uv":[0,15.5,0.5,16],"texture":"#6"},"west":{"uv":[0,15.5,0.5,16],"texture":"#6"},"up":{"uv":[0,15.5,0.5,16],"texture":"#6"},"down":{"uv":[0,15.5,0.5,16],"texture":"#6"}}},{"from":[0.08333,9,4.16667],"to":[1.08333,10,11.91667],"rotation":{"angle":0,"axis":"y","origin":[1.14583,9.28125,8.10417]},"faces":{"north":{"uv":[0,15.5,0.5,16],"rotation":90,"texture":"#6"},"east":{"uv":[0,15.5,0.5,16],"rotation":90,"texture":"#6"},"south":{"uv":[0,15.5,0.5,16],"rotation":90,"texture":"#6"},"west":{"uv":[0,15.5,0.5,16],"rotation":90,"texture":"#6"},"up":{"uv":[0,15.5,0.5,16],"rotation":90,"texture":"#6"},"down":{"uv":[0,15.5,0.5,16],"rotation":90,"texture":"#6"}}},{"from":[14.97619,8.5,4.16667],"to":[15.47619,10,11.91667],"rotation":{"angle":0,"axis":"y","origin":[15.77976,9.33929,8.04167]},"faces":{"north":{"uv":[0,15.5,0.5,16],"rotation":270,"texture":"#6"},"east":{"uv":[0,15.5,0.5,16],"rotation":270,"texture":"#6"},"south":{"uv":[0,15.5,0.5,16],"rotation":270,"texture":"#6"},"west":{"uv":[0,15.5,0.5,16],"rotation":270,"texture":"#6"},"up":{"uv":[0,15.5,0.5,16],"rotation":270,"texture":"#6"},"down":{"uv":[0,15.5,0.5,16],"rotation":270,"texture":"#6"}}},{"from":[14.47619,7.75,4.41667],"to":[14.97619,10,11.66667],"rotation":{"angle":0,"axis":"y","origin":[15.77976,9.33929,8.04167]},"faces":{"north":{"uv":[0,15.5,0.5,16],"rotation":270,"texture":"#6"},"east":{"uv":[0,15.5,0.5,16],"rotation":270,"texture":"#6"},"south":{"uv":[0,15.5,0.5,16],"rotation":270,"texture":"#6"},"west":{"uv":[0,15.5,0.5,16],"rotation":270,"texture":"#6"},"up":{"uv":[0,15.5,0.5,16],"rotation":270,"texture":"#6"},"down":{"uv":[0,15.5,0.5,16],"rotation":270,"texture":"#6"}}},{"from":[13.97619,7,4.41667],"to":[14.47619,10,11.66667],"rotation":{"angle":0,"axis":"y","origin":[15.77976,9.33929,8.04167]},"faces":{"north":{"uv":[0,15.5,0.5,16],"rotation":270,"texture":"#6"},"east":{"uv":[0,15.5,0.5,16],"rotation":270,"texture":"#6"},"south":{"uv":[0,15.5,0.5,16],"rotation":270,"texture":"#6"},"west":{"uv":[0,15.5,0.5,16],"rotation":270,"texture":"#6"},"up":{"uv":[0,15.5,0.5,16],"rotation":270,"texture":"#6"},"down":{"uv":[0,15.5,0.5,16],"rotation":270,"texture":"#6"}}},{"from":[15.97619,9.25,2.91667],"to":[16.72619,10,13.16667],"rotation":{"angle":0,"axis":"y","origin":[15.77976,9.33929,8.04167]},"faces":{"north":{"uv":[0,15.5,0.5,16],"rotation":270,"texture":"#6"},"east":{"uv":[0,15.5,0.5,16],"rotation":270,"texture":"#6"},"south":{"uv":[0,15.5,0.5,16],"rotation":270,"texture":"#6"},"west":{"uv":[0,15.5,0.5,16],"rotation":270,"texture":"#6"},"up":{"uv":[0,15.5,0.5,16],"rotation":270,"texture":"#6"},"down":{"uv":[0,15.5,0.5,16],"rotation":270,"texture":"#6"}}},{"from":[17.22619,9.75,4.91667],"to":[17.72619,10,11.16667],"rotation":{"angle":0,"axis":"y","origin":[15.77976,9.33929,8.04167]},"faces":{"north":{"uv":[0,15.5,0.5,16],"rotation":270,"texture":"#6"},"east":{"uv":[0,15.5,0.5,16],"rotation":270,"texture":"#6"},"south":{"uv":[0,15.5,0.5,16],"rotation":270,"texture":"#6"},"west":{"uv":[0,15.5,0.5,16],"rotation":270,"texture":"#6"},"up":{"uv":[0,15.5,0.5,16],"rotation":270,"texture":"#6"},"down":{"uv":[0,15.5,0.5,16],"rotation":270,"texture":"#6"}}},{"from":[16.72619,9.5,3.91667],"to":[17.22619,10,12.16667],"rotation":{"angle":0,"axis":"y","origin":[15.77976,9.33929,8.04167]},"faces":{"north":{"uv":[0,15.5,0.5,16],"rotation":270,"texture":"#6"},"east":{"uv":[0,15.5,0.5,16],"rotation":270,"texture":"#6"},"south":{"uv":[0,15.5,0.5,16],"rotation":270,"texture":"#6"},"west":{"uv":[0,15.5,0.5,16],"rotation":270,"texture":"#6"},"up":{"uv":[0,15.5,0.5,16],"rotation":270,"texture":"#6"},"down":{"uv":[0,15.5,0.5,16],"rotation":270,"texture":"#6"}}},{"from":[14.97619,9,4.16667],"to":[15.97619,10,11.91667],"rotation":{"angle":0,"axis":"y","origin":[15.77976,9.33929,8.04167]},"faces":{"north":{"uv":[0,15.5,0.5,16],"rotation":270,"texture":"#6"},"east":{"uv":[0,15.5,0.5,16],"rotation":270,"texture":"#6"},"south":{"uv":[0,15.5,0.5,16],"rotation":270,"texture":"#6"},"west":{"uv":[0,15.5,0.5,16],"rotation":270,"texture":"#6"},"up":{"uv":[0,15.5,0.5,16],"rotation":270,"texture":"#6"},"down":{"uv":[0,15.5,0.5,16],"rotation":270,"texture":"#6"}}},{"from":[-1.16667,9.5,3.91667],"to":[-0.66667,10,12.16667],"rotation":{"angle":0,"axis":"y","origin":[-0.60417,9.28125,8.10417]},"faces":{"north":{"uv":[0,15.5,0.5,16],"rotation":90,"texture":"#6"},"east":{"uv":[0,15.5,0.5,16],"rotation":90,"texture":"#6"},"south":{"uv":[0,15.5,0.5,16],"rotation":90,"texture":"#6"},"west":{"uv":[0,15.5,0.5,16],"rotation":90,"texture":"#6"},"up":{"uv":[0,15.5,0.5,16],"rotation":90,"texture":"#6"},"down":{"uv":[0,15.5,0.5,16],"rotation":90,"texture":"#6"}}},{"from":[-1.66667,9.75,4.91667],"to":[-1.16667,10,11.16667],"rotation":{"angle":0,"axis":"y","origin":[-1.10417,9.28125,8.10417]},"faces":{"north":{"uv":[0,15.5,0.5,16],"rotation":90,"texture":"#6"},"east":{"uv":[0,15.5,0.5,16],"rotation":90,"texture":"#6"},"south":{"uv":[0,15.5,0.5,16],"rotation":90,"texture":"#6"},"west":{"uv":[0,15.5,0.5,16],"rotation":90,"texture":"#6"},"up":{"uv":[0,15.5,0.5,16],"rotation":90,"texture":"#6"},"down":{"uv":[0,15.5,0.5,16],"rotation":90,"texture":"#6"}}},{"from":[-0.66667,9.25,2.91667],"to":[0.08333,10,13.16667],"rotation":{"angle":0,"axis":"y","origin":[0.14583,9.28125,8.10417]},"faces":{"north":{"uv":[0,15.5,0.5,16],"rotation":90,"texture":"#6"},"east":{"uv":[0,15.5,0.5,16],"rotation":90,"texture":"#6"},"south":{"uv":[0,15.5,0.5,16],"rotation":90,"texture":"#6"},"west":{"uv":[0,15.5,0.5,16],"rotation":90,"texture":"#6"},"up":{"uv":[0,15.5,0.5,16],"rotation":90,"texture":"#6"},"down":{"uv":[0,15.5,0.5,16],"rotation":90,"texture":"#6"}}},{"from":[1.58333,7,4.41667],"to":[2.08333,10,11.66667],"rotation":{"angle":0,"axis":"y","origin":[1.14583,9.28125,8.10417]},"faces":{"north":{"uv":[0,15.5,0.5,16],"rotation":90,"texture":"#6"},"east":{"uv":[0,15.5,0.5,16],"rotation":90,"texture":"#6"},"south":{"uv":[0,15.5,0.5,16],"rotation":90,"texture":"#6"},"west":{"uv":[0,15.5,0.5,16],"rotation":90,"texture":"#6"},"up":{"uv":[0,15.5,0.5,16],"rotation":90,"texture":"#6"},"down":{"uv":[0,15.5,0.5,16],"rotation":90,"texture":"#6"}}},{"from":[1.08333,7.75,4.41667],"to":[1.58333,10,11.66667],"rotation":{"angle":0,"axis":"y","origin":[1.14583,9.28125,8.10417]},"faces":{"north":{"uv":[0,15.5,0.5,16],"rotation":90,"texture":"#6"},"east":{"uv":[0,15.5,0.5,16],"rotation":90,"texture":"#6"},"south":{"uv":[0,15.5,0.5,16],"rotation":90,"texture":"#6"},"west":{"uv":[0,15.5,0.5,16],"rotation":90,"texture":"#6"},"up":{"uv":[0,15.5,0.5,16],"rotation":90,"texture":"#6"},"down":{"uv":[0,15.5,0.5,16],"rotation":90,"texture":"#6"}}},{"from":[0.58333,8.5,4.16667],"to":[1.08333,10,11.91667],"rotation":{"angle":0,"axis":"y","origin":[1.14583,9.28125,8.10417]},"faces":{"north":{"uv":[0,15.5,0.5,16],"rotation":90,"texture":"#6"},"east":{"uv":[0,15.5,0.5,16],"rotation":90,"texture":"#6"},"south":{"uv":[0,15.5,0.5,16],"rotation":90,"texture":"#6"},"west":{"uv":[0,15.5,0.5,16],"rotation":90,"texture":"#6"},"up":{"uv":[0,15.5,0.5,16],"rotation":90,"texture":"#6"},"down":{"uv":[0,15.5,0.5,16],"rotation":90,"texture":"#6"}}},{"from":[13,7.75,4.5],"to":[14,8.25,11.5],"rotation":{"angle":0,"axis":"y","origin":[21,15.25,12.5]},"faces":{"north":{"uv":[8,15.5,8.5,16],"texture":"#6"},"east":{"uv":[8,15.5,8.5,16],"texture":"#6"},"south":{"uv":[8,15.5,8.5,16],"texture":"#6"},"west":{"uv":[8,15.5,8.5,16],"texture":"#6"},"up":{"uv":[8,15.5,8.5,16],"texture":"#6"},"down":{"uv":[8,15.5,8.5,16],"texture":"#6"}}},{"from":[2,7.75,4.5],"to":[3,8.25,11.5],"rotation":{"angle":0,"axis":"y","origin":[10,15.25,12.5]},"faces":{"north":{"uv":[8,15.5,8.5,16],"texture":"#6"},"east":{"uv":[8,15.5,8.5,16],"texture":"#6"},"south":{"uv":[8,15.5,8.5,16],"texture":"#6"},"west":{"uv":[8,15.5,8.5,16],"texture":"#6"},"up":{"uv":[8,15.5,8.5,16],"texture":"#6"},"down":{"uv":[8,15.5,8.5,16],"texture":"#6"}}},{"from":[3,7.75,7.5],"to":[13,8.25,8.5],"rotation":{"angle":0,"axis":"y","origin":[7.5,7.75,8]},"faces":{"north":{"uv":[8,15.5,8.5,16],"rotation":270,"texture":"#6"},"east":{"uv":[8,15.5,8.5,16],"rotation":270,"texture":"#6"},"south":{"uv":[8,15.5,8.5,16],"rotation":270,"texture":"#6"},"west":{"uv":[8,15.5,8.5,16],"rotation":270,"texture":"#6"},"up":{"uv":[8,15.5,8.5,16],"rotation":270,"texture":"#6"},"down":{"uv":[8,15.5,8.5,16],"rotation":270,"texture":"#6"}}},{"from":[3,7.75,4.5],"to":[13,8.25,7.5],"rotation":{"angle":0,"axis":"y","origin":[7.5,7.75,7]},"faces":{"north":{"uv":[10,13,10.5,13.5],"rotation":270,"texture":"#6"},"east":{"uv":[10,13,10.5,13.5],"rotation":270,"texture":"#6"},"south":{"uv":[10,13,10.5,13.5],"rotation":270,"texture":"#6"},"west":{"uv":[10,13,10.5,13.5],"rotation":270,"texture":"#6"},"up":{"uv":[10,13,10.5,13.5],"rotation":270,"texture":"#6"},"down":{"uv":[10,13,10.5,13.5],"rotation":270,"texture":"#6"}}},{"from":[3,8,8.5],"to":[13,8.25,11.5],"rotation":{"angle":0,"axis":"y","origin":[7.5,7.75,11]},"faces":{"north":{"uv":[10,13,10.5,13.5],"rotation":270,"texture":"#6"},"east":{"uv":[10,13,10.5,13.5],"rotation":270,"texture":"#6"},"south":{"uv":[10,13,10.5,13.5],"rotation":270,"texture":"#6"},"west":{"uv":[10,13,10.5,13.5],"rotation":270,"texture":"#6"},"up":{"uv":[10,13,10.5,13.5],"rotation":270,"texture":"#6"},"down":{"uv":[10,13,10.5,13.5],"rotation":270,"texture":"#6"}}}],"display":{"thirdperson_righthand":{"rotation":[90,0,0]},"head":{"translation":[0,-23,0],"scale":[3,2.5,3]},"fixed":{"rotation":[-90,0,0],"translation":[0,0.5,-26.5],"scale":[4,3.4,2.75]}},"groups":[{"name":"Bein","origin":[8,8,8],"children":[0,1,2,3,4,5,6,7,8,9,10,11,12,13,14,15,16,17,18,19]},{"name":"Platte","origin":[8,8,8],"children":[20,{"name":"l","origin":[8,18,22.25],"children":[21,22,23,24,25,26]},{"name":"k","origin":[8,8,8],"children":[27,28,29,30,31,32,33,34,35,36,37,38]}]},{"name":"St?tzenl","origin":[8,8,8],"children":[39,40,41,42,43,44,45,46,47,48]},{"name":"St?tzenk","origin":[8,8,8],"children":[49,50,51,52,53,54,55,56,57,58,59,60,61,62]},{"name":"St?tzem","origin":[8,8,8],"children":[63,64,65,66,67]}]}