{"credit":"MadewithBlockbench","texture_size":[64,64],"textures":{"0":"naniii_furniture:item/toaster/1","particle":"item/toaster/1"},"elements":[{"from":[12,0,4.75],"to":[13,0.5,5],"rotation":{"angle":0,"axis":"y","origin":[20,8,12.75]},"faces":{"north":{"uv":[2.75,0,3.75,1],"texture":"#0"},"east":{"uv":[2.75,0,3.75,1],"texture":"#0"},"south":{"uv":[2.75,0,3.75,1],"texture":"#0"},"west":{"uv":[2.75,0,3.75,1],"texture":"#0"},"up":{"uv":[2.75,0,3.75,1],"texture":"#0"},"down":{"uv":[2.75,0,3.75,1],"texture":"#0"}}},{"from":[12,0,11],"to":[13,0.5,11.25],"rotation":{"angle":0,"axis":"y","origin":[20,8,19]},"faces":{"north":{"uv":[2.75,0,3.75,1],"texture":"#0"},"east":{"uv":[2.75,0,3.75,1],"texture":"#0"},"south":{"uv":[2.75,0,3.75,1],"texture":"#0"},"west":{"uv":[2.75,0,3.75,1],"texture":"#0"},"up":{"uv":[2.75,0,3.75,1],"texture":"#0"},"down":{"uv":[2.75,0,3.75,1],"texture":"#0"}}},{"from":[3,0,4.75],"to":[4,0.5,5],"rotation":{"angle":0,"axis":"y","origin":[11,8,12.75]},"faces":{"north":{"uv":[2.75,0,3.75,1],"texture":"#0"},"east":{"uv":[2.75,0,3.75,1],"texture":"#0"},"south":{"uv":[2.75,0,3.75,1],"texture":"#0"},"west":{"uv":[2.75,0,3.75,1],"texture":"#0"},"up":{"uv":[2.75,0,3.75,1],"texture":"#0"},"down":{"uv":[2.75,0,3.75,1],"texture":"#0"}}},{"from":[3,0,11],"to":[4,0.5,11.25],"rotation":{"angle":0,"axis":"y","origin":[11,8,19]},"faces":{"north":{"uv":[2.75,0,3.75,1],"texture":"#0"},"east":{"uv":[2.75,0,3.75,1],"texture":"#0"},"south":{"uv":[2.75,0,3.75,1],"texture":"#0"},"west":{"uv":[2.75,0,3.75,1],"texture":"#0"},"up":{"uv":[2.75,0,3.75,1],"texture":"#0"},"down":{"uv":[2.75,0,3.75,1],"texture":"#0"}}},{"from":[2.75,0.5,4.5],"to":[13.25,5.25,11.5],"rotation":{"angle":0,"axis":"y","origin":[11,8.5,12.5]},"faces":{"north":{"uv":[0,0,1,1],"texture":"#0"},"east":{"uv":[0,0,1,1],"texture":"#0"},"south":{"uv":[0,0,1,1],"texture":"#0"},"west":{"uv":[0,0,1,1],"texture":"#0"},"up":{"uv":[0,0,1,1],"texture":"#0"},"down":{"uv":[0,0,1,1],"texture":"#0"}}},{"from":[3,5.25,4.75],"to":[13,5.75,11.25],"rotation":{"angle":0,"axis":"y","origin":[11,13.25,12.5]},"faces":{"north":{"uv":[1.5,0,2.5,1],"texture":"#0"},"east":{"uv":[1.5,0,2.5,1],"texture":"#0"},"south":{"uv":[1.5,0,2.5,1],"texture":"#0"},"west":{"uv":[1.5,0,2.5,1],"texture":"#0"},"up":{"uv":[1.5,0,2.5,1],"texture":"#0"},"down":{"uv":[1.5,0,2.5,1],"texture":"#0"}}},{"from":[3.25,5.75,5],"to":[12.75,6,11],"rotation":{"angle":0,"axis":"y","origin":[11,13.75,12.5]},"faces":{"north":{"uv":[1.5,0,2.5,1],"texture":"#0"},"east":{"uv":[1.5,0,2.5,1],"texture":"#0"},"south":{"uv":[1.5,0,2.5,1],"texture":"#0"},"west":{"uv":[1.5,0,2.5,1],"texture":"#0"},"up":{"uv":[1.5,0,2.5,1],"texture":"#0"},"down":{"uv":[1.5,0,2.5,1],"texture":"#0"}}},{"from":[3.75,6,5.5],"to":[12.25,6.25,10.5],"rotation":{"angle":0,"axis":"y","origin":[11,14,12.5]},"faces":{"north":{"uv":[0,0,1,1],"texture":"#0"},"east":{"uv":[0,0,1,1],"texture":"#0"},"south":{"uv":[0,0,1,1],"texture":"#0"},"west":{"uv":[0,0,1,1],"texture":"#0"},"up":{"uv":[0,1.5,8,5.5],"texture":"#0"},"down":{"uv":[0,0,1,1],"texture":"#0"}}},{"from":[3.25,0.5,11.5],"to":[12.75,5.25,11.75],"rotation":{"angle":0,"axis":"y","origin":[11,8.5,19.5]},"faces":{"north":{"uv":[0,0,1,1],"texture":"#0"},"east":{"uv":[0,0,1,1],"texture":"#0"},"south":{"uv":[0,0,1,1],"texture":"#0"},"west":{"uv":[0,0,1,1],"texture":"#0"},"up":{"uv":[0,0,1,1],"texture":"#0"},"down":{"uv":[0,0,1,1],"texture":"#0"}}},{"from":[3.5,5.25,11.25],"to":[12.5,5.75,11.5],"rotation":{"angle":0,"axis":"y","origin":[11,13.25,19.25]},"faces":{"north":{"uv":[1.5,0,2.5,1],"texture":"#0"},"east":{"uv":[1.5,0,2.5,1],"texture":"#0"},"south":{"uv":[1.5,0,2.5,1],"texture":"#0"},"west":{"uv":[1.5,0,2.5,1],"texture":"#0"},"up":{"uv":[1.5,0,2.5,1],"texture":"#0"},"down":{"uv":[1.5,0,2.5,1],"texture":"#0"}}},{"from":[3.75,5.75,11],"to":[12.25,6,11.25],"rotation":{"angle":0,"axis":"y","origin":[11,13.75,19]},"faces":{"north":{"uv":[1.5,0,2.5,1],"texture":"#0"},"east":{"uv":[1.5,0,2.5,1],"texture":"#0"},"south":{"uv":[1.5,0,2.5,1],"texture":"#0"},"west":{"uv":[1.5,0,2.5,1],"texture":"#0"},"up":{"uv":[1.5,0,2.5,1],"texture":"#0"},"down":{"uv":[1.5,0,2.5,1],"texture":"#0"}}},{"from":[3.75,5.75,4.75],"to":[12.25,6,5],"rotation":{"angle":0,"axis":"y","origin":[11,13.75,12.75]},"faces":{"north":{"uv":[1.5,0,2.5,1],"texture":"#0"},"east":{"uv":[1.5,0,2.5,1],"texture":"#0"},"south":{"uv":[1.5,0,2.5,1],"texture":"#0"},"west":{"uv":[1.5,0,2.5,1],"texture":"#0"},"up":{"uv":[1.5,0,2.5,1],"texture":"#0"},"down":{"uv":[1.5,0,2.5,1],"texture":"#0"}}},{"from":[4.25,6,5.25],"to":[11.75,6.25,5.5],"rotation":{"angle":0,"axis":"y","origin":[11,14,13.25]},"faces":{"north":{"uv":[0,0,1,1],"texture":"#0"},"east":{"uv":[0,0,1,1],"texture":"#0"},"south":{"uv":[0,0,1,1],"texture":"#0"},"west":{"uv":[0,0,1,1],"texture":"#0"},"up":{"uv":[0,0,1,1],"texture":"#0"},"down":{"uv":[0,0,1,1],"texture":"#0"}}},{"from":[4.25,6,10.5],"to":[11.75,6.25,10.75],"rotation":{"angle":0,"axis":"y","origin":[11,14,18.5]},"faces":{"north":{"uv":[0,0,1,1],"texture":"#0"},"east":{"uv":[0,0,1,1],"texture":"#0"},"south":{"uv":[0,0,1,1],"texture":"#0"},"west":{"uv":[0,0,1,1],"texture":"#0"},"up":{"uv":[0,0,1,1],"texture":"#0"},"down":{"uv":[0,0,1,1],"texture":"#0"}}},{"from":[5,6,5],"to":[11,6.25,5.25],"rotation":{"angle":0,"axis":"y","origin":[11,14,13]},"faces":{"north":{"uv":[0,0,1,1],"texture":"#0"},"east":{"uv":[0,0,1,1],"texture":"#0"},"south":{"uv":[0,0,1,1],"texture":"#0"},"west":{"uv":[0,0,1,1],"texture":"#0"},"up":{"uv":[0,0,1,1],"texture":"#0"},"down":{"uv":[0,0,1,1],"texture":"#0"}}},{"from":[5,6,10.75],"to":[11,6.25,11],"rotation":{"angle":0,"axis":"y","origin":[11,14,18.75]},"faces":{"north":{"uv":[0,0,1,1],"texture":"#0"},"east":{"uv":[0,0,1,1],"texture":"#0"},"south":{"uv":[0,0,1,1],"texture":"#0"},"west":{"uv":[0,0,1,1],"texture":"#0"},"up":{"uv":[0,0,1,1],"texture":"#0"},"down":{"uv":[0,0,1,1],"texture":"#0"}}},{"from":[4.5,5.75,11.25],"to":[11.5,6,11.5],"rotation":{"angle":0,"axis":"y","origin":[11,13.75,19.25]},"faces":{"north":{"uv":[1.5,0,2.5,1],"texture":"#0"},"east":{"uv":[1.5,0,2.5,1],"texture":"#0"},"south":{"uv":[1.5,0,2.5,1],"texture":"#0"},"west":{"uv":[1.5,0,2.5,1],"texture":"#0"},"up":{"uv":[1.5,0,2.5,1],"texture":"#0"},"down":{"uv":[1.5,0,2.5,1],"texture":"#0"}}},{"from":[4.5,5.75,4.5],"to":[11.5,6,4.75],"rotation":{"angle":0,"axis":"y","origin":[11,13.75,12.5]},"faces":{"north":{"uv":[1.5,0,2.5,1],"texture":"#0"},"east":{"uv":[1.5,0,2.5,1],"texture":"#0"},"south":{"uv":[1.5,0,2.5,1],"texture":"#0"},"west":{"uv":[1.5,0,2.5,1],"texture":"#0"},"up":{"uv":[1.5,0,2.5,1],"texture":"#0"},"down":{"uv":[1.5,0,2.5,1],"texture":"#0"}}},{"from":[5.5,5.75,11.5],"to":[10.5,6,11.75],"rotation":{"angle":0,"axis":"y","origin":[11,13.75,19.5]},"faces":{"north":{"uv":[1.5,0,2.5,1],"texture":"#0"},"east":{"uv":[1.5,0,2.5,1],"texture":"#0"},"south":{"uv":[1.5,0,2.5,1],"texture":"#0"},"west":{"uv":[1.5,0,2.5,1],"texture":"#0"},"up":{"uv":[1.5,0,2.5,1],"texture":"#0"},"down":{"uv":[1.5,0,2.5,1],"texture":"#0"}}},{"from":[5.5,5.75,4.25],"to":[10.5,6,4.5],"rotation":{"angle":0,"axis":"y","origin":[11,13.75,12.25]},"faces":{"north":{"uv":[1.5,0,2.5,1],"texture":"#0"},"east":{"uv":[1.5,0,2.5,1],"texture":"#0"},"south":{"uv":[1.5,0,2.5,1],"texture":"#0"},"west":{"uv":[1.5,0,2.5,1],"texture":"#0"},"up":{"uv":[1.5,0,2.5,1],"texture":"#0"},"down":{"uv":[1.5,0,2.5,1],"texture":"#0"}}},{"from":[3.5,5.25,4.5],"to":[12.5,5.75,4.75],"rotation":{"angle":0,"axis":"y","origin":[11,13.25,12.5]},"faces":{"north":{"uv":[1.5,0,2.5,1],"texture":"#0"},"east":{"uv":[1.5,0,2.5,1],"texture":"#0"},"south":{"uv":[1.5,0,2.5,1],"texture":"#0"},"west":{"uv":[1.5,0,2.5,1],"texture":"#0"},"up":{"uv":[1.5,0,2.5,1],"texture":"#0"},"down":{"uv":[1.5,0,2.5,1],"texture":"#0"}}},{"from":[4.25,5.25,11.5],"to":[11.75,5.75,11.75],"rotation":{"angle":0,"axis":"y","origin":[11,13.25,19.5]},"faces":{"north":{"uv":[1.5,0,2.5,1],"texture":"#0"},"east":{"uv":[1.5,0,2.5,1],"texture":"#0"},"south":{"uv":[1.5,0,2.5,1],"texture":"#0"},"west":{"uv":[1.5,0,2.5,1],"texture":"#0"},"up":{"uv":[1.5,0,2.5,1],"texture":"#0"},"down":{"uv":[1.5,0,2.5,1],"texture":"#0"}}},{"from":[4.25,5.25,4.25],"to":[11.75,5.75,4.5],"rotation":{"angle":0,"axis":"y","origin":[11,13.25,12.25]},"faces":{"north":{"uv":[1.5,0,2.5,1],"texture":"#0"},"east":{"uv":[1.5,0,2.5,1],"texture":"#0"},"south":{"uv":[1.5,0,2.5,1],"texture":"#0"},"west":{"uv":[1.5,0,2.5,1],"texture":"#0"},"up":{"uv":[1.5,0,2.5,1],"texture":"#0"},"down":{"uv":[1.5,0,2.5,1],"texture":"#0"}}},{"from":[5.25,5.25,11.75],"to":[10.75,5.75,12],"rotation":{"angle":0,"axis":"y","origin":[11,13.25,19.75]},"faces":{"north":{"uv":[1.5,0,2.5,1],"texture":"#0"},"east":{"uv":[1.5,0,2.5,1],"texture":"#0"},"south":{"uv":[1.5,0,2.5,1],"texture":"#0"},"west":{"uv":[1.5,0,2.5,1],"texture":"#0"},"up":{"uv":[1.5,0,2.5,1],"texture":"#0"},"down":{"uv":[1.5,0,2.5,1],"texture":"#0"}}},{"from":[5.25,5.25,4],"to":[10.75,5.75,4.25],"rotation":{"angle":0,"axis":"y","origin":[11,13.25,12]},"faces":{"north":{"uv":[1.5,0,2.5,1],"texture":"#0"},"east":{"uv":[1.5,0,2.5,1],"texture":"#0"},"south":{"uv":[1.5,0,2.5,1],"texture":"#0"},"west":{"uv":[1.5,0,2.5,1],"texture":"#0"},"up":{"uv":[1.5,0,2.5,1],"texture":"#0"},"down":{"uv":[1.5,0,2.5,1],"texture":"#0"}}},{"from":[3.25,0.5,4.25],"to":[12.75,5.25,4.5],"rotation":{"angle":0,"axis":"y","origin":[11,8.5,12.25]},"faces":{"north":{"uv":[0,0,1,1],"texture":"#0"},"east":{"uv":[0,0,1,1],"texture":"#0"},"south":{"uv":[0,0,1,1],"texture":"#0"},"west":{"uv":[0,0,1,1],"texture":"#0"},"up":{"uv":[0,0,1,1],"texture":"#0"},"down":{"uv":[0,0,1,1],"texture":"#0"}}},{"from":[4,0.5,11.75],"to":[12,5.25,12],"rotation":{"angle":0,"axis":"y","origin":[11,8.5,19.75]},"faces":{"north":{"uv":[1.5,0,2.5,1],"texture":"#0"},"east":{"uv":[1.5,0,2.5,1],"texture":"#0"},"south":{"uv":[1.5,0,2.5,1],"texture":"#0"},"west":{"uv":[1.5,0,2.5,1],"texture":"#0"},"up":{"uv":[1.5,0,2.5,1],"texture":"#0"},"down":{"uv":[1.5,0,2.5,1],"texture":"#0"}}},{"from":[4,0.5,4],"to":[12,5.25,4.25],"rotation":{"angle":0,"axis":"y","origin":[11,8.5,12]},"faces":{"north":{"uv":[1.5,0,2.5,1],"texture":"#0"},"east":{"uv":[1.5,0,2.5,1],"texture":"#0"},"south":{"uv":[1.5,0,2.5,1],"texture":"#0"},"west":{"uv":[1.5,0,2.5,1],"texture":"#0"},"up":{"uv":[1.5,0,2.5,1],"texture":"#0"},"down":{"uv":[1.5,0,2.5,1],"texture":"#0"}}},{"from":[5,0.5,12],"to":[11,5.25,12.25],"rotation":{"angle":0,"axis":"y","origin":[11,8.5,20]},"faces":{"north":{"uv":[0,0,1,1],"texture":"#0"},"east":{"uv":[0,0,1,1],"texture":"#0"},"south":{"uv":[0,0,1,1],"texture":"#0"},"west":{"uv":[0,0,1,1],"texture":"#0"},"up":{"uv":[0,0,1,1],"texture":"#0"},"down":{"uv":[0,0,1,1],"texture":"#0"}}},{"from":[5,0.5,3.75],"to":[11,5.25,4],"rotation":{"angle":0,"axis":"y","origin":[11,8.5,11.75]},"faces":{"north":{"uv":[0,0,1,1],"texture":"#0"},"east":{"uv":[0,0,1,1],"texture":"#0"},"south":{"uv":[0,0,1,1],"texture":"#0"},"west":{"uv":[0,0,1,1],"texture":"#0"},"up":{"uv":[0,0,1,1],"texture":"#0"},"down":{"uv":[0,0,1,1],"texture":"#0"}}},{"from":[2.5,0.5,5],"to":[2.75,5.25,11],"rotation":{"angle":0,"axis":"y","origin":[0.5,8.5,12.5]},"faces":{"north":{"uv":[0,0,1,1],"texture":"#0"},"east":{"uv":[0,0,1,1],"texture":"#0"},"south":{"uv":[0,0,1,1],"texture":"#0"},"west":{"uv":[0,0,1,1],"texture":"#0"},"up":{"uv":[0,0,1,1],"texture":"#0"},"down":{"uv":[0,0,1,1],"texture":"#0"}}},{"from":[2.75,5.25,5.25],"to":[3,5.75,10.75],"rotation":{"angle":0,"axis":"y","origin":[0.75,13.25,12.5]},"faces":{"north":{"uv":[1.5,0,2.5,1],"texture":"#0"},"east":{"uv":[1.5,0,2.5,1],"texture":"#0"},"south":{"uv":[1.5,0,2.5,1],"texture":"#0"},"west":{"uv":[1.5,0,2.5,1],"texture":"#0"},"up":{"uv":[1.5,0,2.5,1],"texture":"#0"},"down":{"uv":[1.5,0,2.5,1],"texture":"#0"}}},{"from":[3,5.75,5.5],"to":[3.25,6,10.5],"rotation":{"angle":0,"axis":"y","origin":[1,13.75,12.5]},"faces":{"north":{"uv":[1.5,0,2.5,1],"texture":"#0"},"east":{"uv":[1.5,0,2.5,1],"texture":"#0"},"south":{"uv":[1.5,0,2.5,1],"texture":"#0"},"west":{"uv":[1.5,0,2.5,1],"texture":"#0"},"up":{"uv":[1.5,0,2.5,1],"texture":"#0"},"down":{"uv":[1.5,0,2.5,1],"texture":"#0"}}},{"from":[3.5,6,6],"to":[3.75,6.25,10],"rotation":{"angle":0,"axis":"y","origin":[1.5,14,12.5]},"faces":{"north":{"uv":[0,0,1,1],"texture":"#0"},"east":{"uv":[0,0,1,1],"texture":"#0"},"south":{"uv":[0,0,1,1],"texture":"#0"},"west":{"uv":[0,0,1,1],"texture":"#0"},"up":{"uv":[0,0,1,1],"texture":"#0"},"down":{"uv":[0,0,1,1],"texture":"#0"}}},{"from":[12.25,6,6],"to":[12.5,6.25,10],"rotation":{"angle":0,"axis":"y","origin":[10.25,14,12.5]},"faces":{"north":{"uv":[0,0,1,1],"texture":"#0"},"east":{"uv":[0,0,1,1],"texture":"#0"},"south":{"uv":[0,0,1,1],"texture":"#0"},"west":{"uv":[0,0,1,1],"texture":"#0"},"up":{"uv":[0,0,1,1],"texture":"#0"},"down":{"uv":[0,0,1,1],"texture":"#0"}}},{"from":[3.25,6,6.75],"to":[3.5,6.25,9.25],"rotation":{"angle":0,"axis":"y","origin":[1.25,14,12.5]},"faces":{"north":{"uv":[0,0,1,1],"texture":"#0"},"east":{"uv":[0,0,1,1],"texture":"#0"},"south":{"uv":[0,0,1,1],"texture":"#0"},"west":{"uv":[0,0,1,1],"texture":"#0"},"up":{"uv":[0,0,1,1],"texture":"#0"},"down":{"uv":[0,0,1,1],"texture":"#0"}}},{"from":[12.5,6,6.75],"to":[12.75,6.25,9.25],"rotation":{"angle":0,"axis":"y","origin":[10.5,14,12.5]},"faces":{"north":{"uv":[0,0,1,1],"texture":"#0"},"east":{"uv":[0,0,1,1],"texture":"#0"},"south":{"uv":[0,0,1,1],"texture":"#0"},"west":{"uv":[0,0,1,1],"texture":"#0"},"up":{"uv":[0,0,1,1],"texture":"#0"},"down":{"uv":[0,0,1,1],"texture":"#0"}}},{"from":[3,6,7.5],"to":[3.25,6.25,8.5],"rotation":{"angle":0,"axis":"y","origin":[1,14,12.5]},"faces":{"north":{"uv":[0,0,1,1],"texture":"#0"},"east":{"uv":[0,0,1,1],"texture":"#0"},"south":{"uv":[0,0,1,1],"texture":"#0"},"west":{"uv":[0,0,1,1],"texture":"#0"},"up":{"uv":[0,0,1,1],"texture":"#0"},"down":{"uv":[0,0,1,1],"texture":"#0"}}},{"from":[12.75,6,7.5],"to":[13,6.25,8.5],"rotation":{"angle":0,"axis":"y","origin":[10.75,14,12.5]},"faces":{"north":{"uv":[0,0,1,1],"texture":"#0"},"east":{"uv":[0,0,1,1],"texture":"#0"},"south":{"uv":[0,0,1,1],"texture":"#0"},"west":{"uv":[0,0,1,1],"texture":"#0"},"up":{"uv":[0,0,1,1],"texture":"#0"},"down":{"uv":[0,0,1,1],"texture":"#0"}}},{"from":[12.75,5.75,5.5],"to":[13,6,10.5],"rotation":{"angle":0,"axis":"y","origin":[10.75,13.75,12.5]},"faces":{"north":{"uv":[1.5,0,2.5,1],"texture":"#0"},"east":{"uv":[1.5,0,2.5,1],"texture":"#0"},"south":{"uv":[1.5,0,2.5,1],"texture":"#0"},"west":{"uv":[1.5,0,2.5,1],"texture":"#0"},"up":{"uv":[1.5,0,2.5,1],"texture":"#0"},"down":{"uv":[1.5,0,2.5,1],"texture":"#0"}}},{"from":[2.75,5.75,6],"to":[3,6,10],"rotation":{"angle":0,"axis":"y","origin":[0.75,13.75,12.5]},"faces":{"north":{"uv":[1.5,0,2.5,1],"texture":"#0"},"east":{"uv":[1.5,0,2.5,1],"texture":"#0"},"south":{"uv":[1.5,0,2.5,1],"texture":"#0"},"west":{"uv":[1.5,0,2.5,1],"texture":"#0"},"up":{"uv":[1.5,0,2.5,1],"texture":"#0"},"down":{"uv":[1.5,0,2.5,1],"texture":"#0"}}},{"from":[13,5.75,6],"to":[13.25,6,10],"rotation":{"angle":0,"axis":"y","origin":[11,13.75,12.5]},"faces":{"north":{"uv":[1.5,0,2.5,1],"texture":"#0"},"east":{"uv":[1.5,0,2.5,1],"texture":"#0"},"south":{"uv":[1.5,0,2.5,1],"texture":"#0"},"west":{"uv":[1.5,0,2.5,1],"texture":"#0"},"up":{"uv":[1.5,0,2.5,1],"texture":"#0"},"down":{"uv":[1.5,0,2.5,1],"texture":"#0"}}},{"from":[2.5,5.75,6.75],"to":[2.75,6,9.25],"rotation":{"angle":0,"axis":"y","origin":[0.5,13.75,12.5]},"faces":{"north":{"uv":[1.5,0,2.5,1],"texture":"#0"},"east":{"uv":[1.5,0,2.5,1],"texture":"#0"},"south":{"uv":[1.5,0,2.5,1],"texture":"#0"},"west":{"uv":[1.5,0,2.5,1],"texture":"#0"},"up":{"uv":[1.5,0,2.5,1],"texture":"#0"},"down":{"uv":[1.5,0,2.5,1],"texture":"#0"}}},{"from":[13.25,5.75,6.75],"to":[13.5,6,9.25],"rotation":{"angle":0,"axis":"y","origin":[11.25,13.75,12.5]},"faces":{"north":{"uv":[1.5,0,2.5,1],"texture":"#0"},"east":{"uv":[1.5,0,2.5,1],"texture":"#0"},"south":{"uv":[1.5,0,2.5,1],"texture":"#0"},"west":{"uv":[1.5,0,2.5,1],"texture":"#0"},"up":{"uv":[1.5,0,2.5,1],"texture":"#0"},"down":{"uv":[1.5,0,2.5,1],"texture":"#0"}}},{"from":[2.25,5.75,7.75],"to":[2.5,6,8.25],"rotation":{"angle":0,"axis":"y","origin":[0.25,13.75,12.5]},"faces":{"north":{"uv":[1.5,0,2.5,1],"texture":"#0"},"east":{"uv":[1.5,0,2.5,1],"texture":"#0"},"south":{"uv":[1.5,0,2.5,1],"texture":"#0"},"west":{"uv":[1.5,0,2.5,1],"texture":"#0"},"up":{"uv":[1.5,0,2.5,1],"texture":"#0"},"down":{"uv":[1.5,0,2.5,1],"texture":"#0"}}},{"from":[13.5,5.75,7.75],"to":[13.75,6,8.25],"rotation":{"angle":0,"axis":"y","origin":[11.5,13.75,12.5]},"faces":{"north":{"uv":[1.5,0,2.5,1],"texture":"#0"},"east":{"uv":[1.5,0,2.5,1],"texture":"#0"},"south":{"uv":[1.5,0,2.5,1],"texture":"#0"},"west":{"uv":[1.5,0,2.5,1],"texture":"#0"},"up":{"uv":[1.5,0,2.5,1],"texture":"#0"},"down":{"uv":[1.5,0,2.5,1],"texture":"#0"}}},{"from":[13,5.25,5.25],"to":[13.25,5.75,10.75],"rotation":{"angle":0,"axis":"y","origin":[11,13.25,12.5]},"faces":{"north":{"uv":[1.5,0,2.5,1],"texture":"#0"},"east":{"uv":[1.5,0,2.5,1],"texture":"#0"},"south":{"uv":[1.5,0,2.5,1],"texture":"#0"},"west":{"uv":[1.5,0,2.5,1],"texture":"#0"},"up":{"uv":[1.5,0,2.5,1],"texture":"#0"},"down":{"uv":[1.5,0,2.5,1],"texture":"#0"}}},{"from":[2.5,5.25,5.75],"to":[2.75,5.75,10.25],"rotation":{"angle":0,"axis":"y","origin":[0.5,13.25,12.5]},"faces":{"north":{"uv":[1.5,0,2.5,1],"texture":"#0"},"east":{"uv":[1.5,0,2.5,1],"texture":"#0"},"south":{"uv":[1.5,0,2.5,1],"texture":"#0"},"west":{"uv":[1.5,0,2.5,1],"texture":"#0"},"up":{"uv":[1.5,0,2.5,1],"texture":"#0"},"down":{"uv":[1.5,0,2.5,1],"texture":"#0"}}},{"from":[13.25,5.25,5.75],"to":[13.5,5.75,10.25],"rotation":{"angle":0,"axis":"y","origin":[11.25,13.25,12.5]},"faces":{"north":{"uv":[1.5,0,2.5,1],"texture":"#0"},"east":{"uv":[1.5,0,2.5,1],"texture":"#0"},"south":{"uv":[1.5,0,2.5,1],"texture":"#0"},"west":{"uv":[1.5,0,2.5,1],"texture":"#0"},"up":{"uv":[1.5,0,2.5,1],"texture":"#0"},"down":{"uv":[1.5,0,2.5,1],"texture":"#0"}}},{"from":[2.25,5.25,6.5],"to":[2.5,5.75,9.5],"rotation":{"angle":0,"axis":"y","origin":[0.25,13.25,12.5]},"faces":{"north":{"uv":[1.5,0,2.5,1],"texture":"#0"},"east":{"uv":[1.5,0,2.5,1],"texture":"#0"},"south":{"uv":[1.5,0,2.5,1],"texture":"#0"},"west":{"uv":[1.5,0,2.5,1],"texture":"#0"},"up":{"uv":[1.5,0,2.5,1],"texture":"#0"},"down":{"uv":[1.5,0,2.5,1],"texture":"#0"}}},{"from":[13.5,5.25,6.5],"to":[13.75,5.75,9.5],"rotation":{"angle":0,"axis":"y","origin":[11.5,13.25,12.5]},"faces":{"north":{"uv":[1.5,0,2.5,1],"texture":"#0"},"east":{"uv":[1.5,0,2.5,1],"texture":"#0"},"south":{"uv":[1.5,0,2.5,1],"texture":"#0"},"west":{"uv":[1.5,0,2.5,1],"texture":"#0"},"up":{"uv":[1.5,0,2.5,1],"texture":"#0"},"down":{"uv":[1.5,0,2.5,1],"texture":"#0"}}},{"from":[2,5.25,7.5],"to":[2.25,5.75,8.5],"rotation":{"angle":0,"axis":"y","origin":[0,13.25,12.5]},"faces":{"north":{"uv":[1.5,0,2.5,1],"texture":"#0"},"east":{"uv":[1.5,0,2.5,1],"texture":"#0"},"south":{"uv":[1.5,0,2.5,1],"texture":"#0"},"west":{"uv":[1.5,0,2.5,1],"texture":"#0"},"up":{"uv":[1.5,0,2.5,1],"texture":"#0"},"down":{"uv":[1.5,0,2.5,1],"texture":"#0"}}},{"from":[13.75,5.25,7.5],"to":[14,5.75,8.5],"rotation":{"angle":0,"axis":"y","origin":[11.75,13.25,12.5]},"faces":{"north":{"uv":[1.5,0,2.5,1],"texture":"#0"},"east":{"uv":[1.5,0,2.5,1],"texture":"#0"},"south":{"uv":[1.5,0,2.5,1],"texture":"#0"},"west":{"uv":[1.5,0,2.5,1],"texture":"#0"},"up":{"uv":[1.5,0,2.5,1],"texture":"#0"},"down":{"uv":[1.5,0,2.5,1],"texture":"#0"}}},{"from":[13.25,0.5,5],"to":[13.5,5.25,11],"rotation":{"angle":0,"axis":"y","origin":[11.25,8.5,12.5]},"faces":{"north":{"uv":[0,0,1,1],"texture":"#0"},"east":{"uv":[0,0,1,1],"texture":"#0"},"south":{"uv":[0,0,1,1],"texture":"#0"},"west":{"uv":[0,0,1,1],"texture":"#0"},"up":{"uv":[0,0,1,1],"texture":"#0"},"down":{"uv":[0,0,1,1],"texture":"#0"}}},{"from":[2.25,0.5,5.5],"to":[2.5,5.25,10.5],"rotation":{"angle":0,"axis":"y","origin":[0.25,8.5,12.5]},"faces":{"north":{"uv":[0,0,1,1],"texture":"#0"},"east":{"uv":[0,0,1,1],"texture":"#0"},"south":{"uv":[0,0,1,1],"texture":"#0"},"west":{"uv":[0,0,1,1],"texture":"#0"},"up":{"uv":[0,0,1,1],"texture":"#0"},"down":{"uv":[0,0,1,1],"texture":"#0"}}},{"from":[13.5,0.5,5.5],"to":[13.75,5.25,10.5],"rotation":{"angle":0,"axis":"y","origin":[11.5,8.5,12.5]},"faces":{"north":{"uv":[0,0,1,1],"texture":"#0"},"east":{"uv":[0,0,1,1],"texture":"#0"},"south":{"uv":[0,0,1,1],"texture":"#0"},"west":{"uv":[0,0,1,1],"texture":"#0"},"up":{"uv":[0,0,1,1],"texture":"#0"},"down":{"uv":[0,0,1,1],"texture":"#0"}}},{"from":[2,0.5,6.25],"to":[2.25,5.25,9.75],"rotation":{"angle":0,"axis":"y","origin":[0,8.5,12.5]},"faces":{"north":{"uv":[1.5,0,2.5,1],"texture":"#0"},"east":{"uv":[1.5,0,2.5,1],"texture":"#0"},"south":{"uv":[1.5,0,2.5,1],"texture":"#0"},"west":{"uv":[1.5,0,2.5,1],"texture":"#0"},"up":{"uv":[1.5,0,2.5,1],"texture":"#0"},"down":{"uv":[1.5,0,2.5,1],"texture":"#0"}}},{"from":[13.75,0.5,6.25],"to":[14,5.25,9.75],"rotation":{"angle":0,"axis":"y","origin":[11.75,8.5,12.5]},"faces":{"north":{"uv":[1.5,0,2.5,1],"texture":"#0"},"east":{"uv":[1.5,0,2.5,1],"texture":"#0"},"south":{"uv":[1.5,0,2.5,1],"texture":"#0"},"west":{"uv":[1.5,0,2.5,1],"texture":"#0"},"up":{"uv":[1.5,0,2.5,1],"texture":"#0"},"down":{"uv":[1.5,0,2.5,1],"texture":"#0"}}},{"from":[1.75,0.5,7.25],"to":[2,5.25,8.75],"rotation":{"angle":0,"axis":"y","origin":[-0.25,8.5,12.5]},"faces":{"north":{"uv":[0,0,1,1],"texture":"#0"},"east":{"uv":[0,0,1,1],"texture":"#0"},"south":{"uv":[0,0,1,1],"texture":"#0"},"west":{"uv":[0,0,1,1],"texture":"#0"},"up":{"uv":[0,0,1,1],"texture":"#0"},"down":{"uv":[0,0,1,1],"texture":"#0"}}},{"from":[14,0.5,7.25],"to":[14.25,5.25,8.75],"rotation":{"angle":0,"axis":"y","origin":[12,8.5,12.5]},"faces":{"north":{"uv":[0,0,1,1],"texture":"#0"},"east":{"uv":[0,0,1,1],"texture":"#0"},"south":{"uv":[0,0,1,1],"texture":"#0"},"west":{"uv":[0,0,1,1],"texture":"#0"},"up":{"uv":[0,0,1,1],"texture":"#0"},"down":{"uv":[0,0,1,1],"texture":"#0"}}},{"from":[14.5,4,7.25],"to":[15,4.25,8.75],"rotation":{"angle":0,"axis":"y","origin":[22.5,11.25,15.5]},"faces":{"north":{"uv":[1.5,0,2.5,1],"texture":"#0"},"east":{"uv":[1.5,0,2.5,1],"texture":"#0"},"south":{"uv":[1.5,0,2.5,1],"texture":"#0"},"west":{"uv":[1.5,0,2.5,1],"texture":"#0"},"up":{"uv":[1.5,0,2.5,1],"texture":"#0"},"down":{"uv":[1.5,0,2.5,1],"texture":"#0"}}},{"from":[14.25,4.75,7.5],"to":[14.75,5,8.5],"rotation":{"angle":0,"axis":"y","origin":[22.25,12,15.5]},"faces":{"north":{"uv":[1.5,0,2.5,1],"texture":"#0"},"east":{"uv":[1.5,0,2.5,1],"texture":"#0"},"south":{"uv":[1.5,0,2.5,1],"texture":"#0"},"west":{"uv":[1.5,0,2.5,1],"texture":"#0"},"up":{"uv":[1.5,0,2.5,1],"texture":"#0"},"down":{"uv":[1.5,0,2.5,1],"texture":"#0"}}},{"from":[14.25,1.5,7.5],"to":[14.5,4.75,8.5],"rotation":{"angle":0,"axis":"y","origin":[22.25,11,15.5]},"faces":{"north":{"uv":[1.5,0,2.5,1],"texture":"#0"},"east":{"uv":[1.5,0,2.5,1],"texture":"#0"},"south":{"uv":[1.5,0,2.5,1],"texture":"#0"},"west":{"uv":[1.5,0,2.5,1],"texture":"#0"},"up":{"uv":[1.5,0,2.5,1],"texture":"#0"},"down":{"uv":[1.5,0,2.5,1],"texture":"#0"}}},{"from":[7.25,2.25,12.25],"to":[8.75,3.75,12.5],"rotation":{"angle":0,"axis":"y","origin":[15.5,10.5,20.25]},"faces":{"north":{"uv":[1.5,0,2.5,1],"texture":"#0"},"east":{"uv":[1.5,0,2.5,1],"texture":"#0"},"south":{"uv":[1.5,0,2.5,1],"texture":"#0"},"west":{"uv":[1.5,0,2.5,1],"texture":"#0"},"up":{"uv":[1.5,0,2.5,1],"texture":"#0"},"down":{"uv":[1.5,0,2.5,1],"texture":"#0"}}},{"from":[7.5,2.5,12.5],"to":[8.5,3.5,12.75],"rotation":{"angle":0,"axis":"y","origin":[15.5,10.5,20.5]},"faces":{"north":{"uv":[1.5,0,2.5,1],"texture":"#0"},"east":{"uv":[1.5,0,2.5,1],"texture":"#0"},"south":{"uv":[1.5,0,2.5,1],"texture":"#0"},"west":{"uv":[1.5,0,2.5,1],"texture":"#0"},"up":{"uv":[1.5,0,2.5,1],"texture":"#0"},"down":{"uv":[1.5,0,2.5,1],"texture":"#0"}}},{"from":[7.75,1,12.25],"to":[8.25,1.5,12.5],"rotation":{"angle":0,"axis":"y","origin":[15.5,9.25,20.25]},"faces":{"north":{"uv":[1.5,0,2.5,1],"texture":"#0"},"east":{"uv":[1.5,0,2.5,1],"texture":"#0"},"south":{"uv":[1.5,0,2.5,1],"texture":"#0"},"west":{"uv":[1.5,0,2.5,1],"texture":"#0"},"up":{"uv":[1.5,0,2.5,1],"texture":"#0"},"down":{"uv":[1.5,0,2.5,1],"texture":"#0"}}},{"from":[6.75,1,12.25],"to":[7.25,1.5,12.5],"rotation":{"angle":0,"axis":"y","origin":[14.5,9.25,20.25]},"faces":{"north":{"uv":[1.5,0,2.5,1],"texture":"#0"},"east":{"uv":[1.5,0,2.5,1],"texture":"#0"},"south":{"uv":[1.5,0,2.5,1],"texture":"#0"},"west":{"uv":[1.5,0,2.5,1],"texture":"#0"},"up":{"uv":[1.5,0,2.5,1],"texture":"#0"},"down":{"uv":[1.5,0,2.5,1],"texture":"#0"}}},{"from":[5.75,1,12.25],"to":[6.25,1.5,12.5],"rotation":{"angle":0,"axis":"y","origin":[13.5,9.25,20.25]},"faces":{"north":{"uv":[1.5,0,2.5,1],"texture":"#0"},"east":{"uv":[1.5,0,2.5,1],"texture":"#0"},"south":{"uv":[1.5,0,2.5,1],"texture":"#0"},"west":{"uv":[1.5,0,2.5,1],"texture":"#0"},"up":{"uv":[1.5,0,2.5,1],"texture":"#0"},"down":{"uv":[1.5,0,2.5,1],"texture":"#0"}}},{"from":[8.75,1,12.25],"to":[9.25,1.5,12.5],"rotation":{"angle":0,"axis":"y","origin":[16.5,9.25,20.25]},"faces":{"north":{"uv":[1.5,0,2.5,1],"texture":"#0"},"east":{"uv":[1.5,0,2.5,1],"texture":"#0"},"south":{"uv":[1.5,0,2.5,1],"texture":"#0"},"west":{"uv":[1.5,0,2.5,1],"texture":"#0"},"up":{"uv":[1.5,0,2.5,1],"texture":"#0"},"down":{"uv":[1.5,0,2.5,1],"texture":"#0"}}},{"from":[9.75,1,12.25],"to":[10.25,1.5,12.5],"rotation":{"angle":0,"axis":"y","origin":[17.5,9.25,20.25]},"faces":{"north":{"uv":[1.5,0,2.5,1],"texture":"#0"},"east":{"uv":[1.5,0,2.5,1],"texture":"#0"},"south":{"uv":[1.5,0,2.5,1],"texture":"#0"},"west":{"uv":[1.5,0,2.5,1],"texture":"#0"},"up":{"uv":[1.5,0,2.5,1],"texture":"#0"},"down":{"uv":[1.5,0,2.5,1],"texture":"#0"}}},{"from":[7.5,3.75,12.25],"to":[8.5,4,12.5],"rotation":{"angle":0,"axis":"y","origin":[15.5,12,20.25]},"faces":{"north":{"uv":[1.5,0,2.5,1],"texture":"#0"},"east":{"uv":[1.5,0,2.5,1],"texture":"#0"},"south":{"uv":[1.5,0,2.5,1],"texture":"#0"},"west":{"uv":[1.5,0,2.5,1],"texture":"#0"},"up":{"uv":[1.5,0,2.5,1],"texture":"#0"},"down":{"uv":[1.5,0,2.5,1],"texture":"#0"}}},{"from":[7.5,2,12.25],"to":[8.5,2.25,12.5],"rotation":{"angle":0,"axis":"y","origin":[15.5,10.25,20.25]},"faces":{"north":{"uv":[1.5,0,2.5,1],"texture":"#0"},"east":{"uv":[1.5,0,2.5,1],"texture":"#0"},"south":{"uv":[1.5,0,2.5,1],"texture":"#0"},"west":{"uv":[1.5,0,2.5,1],"texture":"#0"},"up":{"uv":[1.5,0,2.5,1],"texture":"#0"},"down":{"uv":[1.5,0,2.5,1],"texture":"#0"}}},{"from":[7,2.5,12.25],"to":[7.25,3.5,12.5],"rotation":{"angle":0,"axis":"y","origin":[14.25,10.5,20.25]},"faces":{"north":{"uv":[1.5,0,2.5,1],"texture":"#0"},"east":{"uv":[1.5,0,2.5,1],"texture":"#0"},"south":{"uv":[1.5,0,2.5,1],"texture":"#0"},"west":{"uv":[1.5,0,2.5,1],"texture":"#0"},"up":{"uv":[1.5,0,2.5,1],"texture":"#0"},"down":{"uv":[1.5,0,2.5,1],"texture":"#0"}}},{"from":[8.75,2.5,12.25],"to":[9,3.5,12.5],"rotation":{"angle":0,"axis":"y","origin":[16,10.5,20.25]},"faces":{"north":{"uv":[1.5,0,2.5,1],"texture":"#0"},"east":{"uv":[1.5,0,2.5,1],"texture":"#0"},"south":{"uv":[1.5,0,2.5,1],"texture":"#0"},"west":{"uv":[1.5,0,2.5,1],"texture":"#0"},"up":{"uv":[1.5,0,2.5,1],"texture":"#0"},"down":{"uv":[1.5,0,2.5,1],"texture":"#0"}}}],"display":{"thirdperson_righthand":{"scale":[0.5,0.5,0.4]},"firstperson_righthand":{"translation":[0,5.75,0]},"firstperson_lefthand":{"translation":[0,5.5,0]},"ground":{"translation":[0,4,0]},"gui":{"translation":[0,5,0]},"head":{"rotation":[0,-180,0],"translation":[0,14,1.5]},"fixed":{"rotation":[-90,-180,0],"translation":[0,0,-12],"scale":[1.5,1.5,1.2]}},"groups":[{"name":"beine","origin":[8,8,8],"children":[0,1,2,3]},{"name":"haupt","origin":[8,8,8],"children":[4,5,6,7,8,9,10,11,12,13,14,15,16,17,18,19,20,21,22,23,24,25,26,27,28,29,30,31,32,33,34,35,36,37,38,39,40,41,42,43,44,45,46,47,48,49,50,51,52,53,54,55,56,57,58,59]},{"name":"kn?pfe","origin":[8,8,8],"children":[60,61,62,63,64,65,66,67,68,69,70,71,72,73]}]}