{"credit":"MadewithBlockbench","texture_size":[64,64],"textures":{"0":"naniii_furniture:item/tvdresser/umotuer","1":"naniii_furniture:item/tvdresser/buch_halter_reciver","particle":"item/tvdresser/umotuer"},"elements":[{"from":[-7.5,0,2.25],"to":[-6.5,0.5,3.25],"rotation":{"angle":0,"axis":"y","origin":[0.5,7.5,10.25]},"faces":{"north":{"uv":[8,0,10,2],"texture":"#0"},"east":{"uv":[8,0,10,2],"texture":"#0"},"south":{"uv":[8,0,10,2],"texture":"#0"},"west":{"uv":[8,0,10,2],"texture":"#0"},"up":{"uv":[8,0,10,2],"texture":"#0"},"down":{"uv":[8,0,10,2],"texture":"#0"}}},{"from":[7.75,0,2.25],"to":[8.75,0.5,3.25],"rotation":{"angle":0,"axis":"y","origin":[15.75,7.5,10.25]},"faces":{"north":{"uv":[8,0,10,2],"texture":"#0"},"east":{"uv":[8,0,10,2],"texture":"#0"},"south":{"uv":[8,0,10,2],"texture":"#0"},"west":{"uv":[8,0,10,2],"texture":"#0"},"up":{"uv":[8,0,10,2],"texture":"#0"},"down":{"uv":[8,0,10,2],"texture":"#0"}}},{"from":[7.75,0,12.75],"to":[8.75,0.5,13.75],"rotation":{"angle":0,"axis":"y","origin":[15.75,7.5,20.75]},"faces":{"north":{"uv":[8,0,10,2],"texture":"#0"},"east":{"uv":[8,0,10,2],"texture":"#0"},"south":{"uv":[8,0,10,2],"texture":"#0"},"west":{"uv":[8,0,10,2],"texture":"#0"},"up":{"uv":[8,0,10,2],"texture":"#0"},"down":{"uv":[8,0,10,2],"texture":"#0"}}},{"from":[-7.5,0,12.75],"to":[-6.5,0.5,13.75],"rotation":{"angle":0,"axis":"y","origin":[0.5,7.5,20.75]},"faces":{"north":{"uv":[8,0,10,2],"texture":"#0"},"east":{"uv":[8,0,10,2],"texture":"#0"},"south":{"uv":[8,0,10,2],"texture":"#0"},"west":{"uv":[8,0,10,2],"texture":"#0"},"up":{"uv":[8,0,10,2],"texture":"#0"},"down":{"uv":[8,0,10,2],"texture":"#0"}}},{"from":[22.75,0,2.25],"to":[23.75,0.5,3.25],"rotation":{"angle":0,"axis":"y","origin":[30.75,7.5,10.25]},"faces":{"north":{"uv":[8,0,10,2],"texture":"#0"},"east":{"uv":[8,0,10,2],"texture":"#0"},"south":{"uv":[8,0,10,2],"texture":"#0"},"west":{"uv":[8,0,10,2],"texture":"#0"},"up":{"uv":[8,0,10,2],"texture":"#0"},"down":{"uv":[8,0,10,2],"texture":"#0"}}},{"from":[22.75,0,12.75],"to":[23.75,0.5,13.75],"rotation":{"angle":0,"axis":"y","origin":[30.75,7.5,20.75]},"faces":{"north":{"uv":[8,0,10,2],"texture":"#0"},"east":{"uv":[8,0,10,2],"texture":"#0"},"south":{"uv":[8,0,10,2],"texture":"#0"},"west":{"uv":[8,0,10,2],"texture":"#0"},"up":{"uv":[8,0,10,2],"texture":"#0"},"down":{"uv":[8,0,10,2],"texture":"#0"}}},{"from":[-7.75,0.5,2],"to":[24,1.25,14],"rotation":{"angle":0,"axis":"y","origin":[8,8.5,8]},"faces":{"north":{"uv":[0,0,2,2],"texture":"#0"},"east":{"uv":[0,0,2,2],"texture":"#0"},"south":{"uv":[0,0,2,2],"texture":"#0"},"west":{"uv":[0,0,2,2],"texture":"#0"},"up":{"uv":[0,0,2,2],"texture":"#0"},"down":{"uv":[0,0,2,2],"texture":"#0"}}},{"from":[23,1.25,2],"to":[24,8.25,14],"rotation":{"angle":0,"axis":"y","origin":[31,9.25,10]},"faces":{"north":{"uv":[0,0,2,2],"texture":"#0"},"east":{"uv":[0,0,2,2],"texture":"#0"},"south":{"uv":[0,0,2,2],"texture":"#0"},"west":{"uv":[0,0,2,2],"texture":"#0"},"up":{"uv":[0,0,2,2],"texture":"#0"},"down":{"uv":[0,0,2,2],"texture":"#0"}}},{"from":[15.75,1.25,2],"to":[16.25,8.25,13],"rotation":{"angle":0,"axis":"y","origin":[23.75,9.25,10]},"faces":{"north":{"uv":[0,0,2,2],"texture":"#0"},"east":{"uv":[0,0,2,2],"texture":"#0"},"south":{"uv":[0,0,2,2],"texture":"#0"},"west":{"uv":[0,0,2,2],"texture":"#0"},"up":{"uv":[0,0,2,2],"texture":"#0"},"down":{"uv":[0,0,2,2],"texture":"#0"}}},{"from":[0.25,1.25,2],"to":[0.75,8.25,13],"rotation":{"angle":0,"axis":"y","origin":[8.25,9.25,10]},"faces":{"north":{"uv":[0,0,2,2],"texture":"#0"},"east":{"uv":[0,0,2,2],"texture":"#0"},"south":{"uv":[0,0,2,2],"texture":"#0"},"west":{"uv":[0,0,2,2],"texture":"#0"},"up":{"uv":[0,0,2,2],"texture":"#0"},"down":{"uv":[0,0,2,2],"texture":"#0"}}},{"from":[8.75,6,2],"to":[15.75,6.25,13],"rotation":{"angle":0,"axis":"y","origin":[23.5,11.5,10]},"faces":{"north":{"uv":[0,0,2,0.25],"texture":"#0"},"east":{"uv":[0,0,2,0.25],"texture":"#0"},"south":{"uv":[0,0,2,0.25],"texture":"#0"},"west":{"uv":[0,0,2,0.25],"texture":"#0"},"up":{"uv":[0,0,2,0.25],"texture":"#0"},"down":{"uv":[0,0,2,0.25],"texture":"#0"}}},{"from":[16.25,6,2],"to":[23,6.25,13],"rotation":{"angle":0,"axis":"y","origin":[30.75,11.5,10]},"faces":{"north":{"uv":[0,0,2,0.25],"texture":"#0"},"east":{"uv":[0,0,2,0.25],"texture":"#0"},"south":{"uv":[0,0,2,0.25],"texture":"#0"},"west":{"uv":[0,0,2,0.25],"texture":"#0"},"up":{"uv":[0,0,2,0.25],"texture":"#0"},"down":{"uv":[0,0,2,0.25],"texture":"#0"}}},{"from":[-7,1.25,13],"to":[23,8.25,13.5],"rotation":{"angle":0,"axis":"y","origin":[31,9.25,11]},"faces":{"north":{"uv":[2.5,0,4.5,2],"texture":"#0"},"east":{"uv":[2.5,0,4.5,2],"texture":"#0"},"south":{"uv":[2.5,0,4.5,2],"texture":"#0"},"west":{"uv":[2.5,0,4.5,2],"texture":"#0"},"up":{"uv":[2.5,0,4.5,2],"texture":"#0"},"down":{"uv":[2.5,0,4.5,2],"texture":"#0"}}},{"from":[-7.75,1.25,2],"to":[-6.75,8.25,14],"rotation":{"angle":0,"axis":"y","origin":[0.25,9.25,10]},"faces":{"north":{"uv":[0,0,2,2],"texture":"#0"},"east":{"uv":[0,0,2,2],"texture":"#0"},"south":{"uv":[0,0,2,2],"texture":"#0"},"west":{"uv":[0,0,2,2],"texture":"#0"},"up":{"uv":[0,0,2,2],"texture":"#0"},"down":{"uv":[0,0,2,2],"texture":"#0"}}},{"from":[7.75,1.25,2],"to":[8.75,8.25,14],"rotation":{"angle":0,"axis":"y","origin":[15.75,9.25,10]},"faces":{"north":{"uv":[0,0,2,2],"texture":"#0"},"east":{"uv":[0,0,2,2],"texture":"#0"},"south":{"uv":[0,0,2,2],"texture":"#0"},"west":{"uv":[0,0,2,2],"texture":"#0"},"up":{"uv":[0,0,2,2],"texture":"#0"},"down":{"uv":[0,0,2,2],"texture":"#0"}}},{"from":[-6.75,8.25,2],"to":[23,9,14],"rotation":{"angle":0,"axis":"y","origin":[7,16.25,8]},"faces":{"north":{"uv":[0,0,2,2],"texture":"#0"},"east":{"uv":[0,0,2,2],"texture":"#0"},"south":{"uv":[0,0,2,2],"texture":"#0"},"west":{"uv":[0,0,2,2],"texture":"#0"},"up":{"uv":[0,0,2,2],"texture":"#0"},"down":{"uv":[0,0,2,2],"texture":"#0"}}},{"from":[-7.75,8.25,2],"to":[-6.75,8.75,14],"rotation":{"angle":0,"axis":"y","origin":[4.5,16.25,8]},"faces":{"north":{"uv":[0,2.5,2,4.5],"texture":"#0"},"east":{"uv":[0,2.5,2,4.5],"texture":"#0"},"south":{"uv":[0,2.5,2,4.5],"texture":"#0"},"west":{"uv":[0,2.5,2,4.5],"texture":"#0"},"up":{"uv":[0,2.5,2,4.5],"texture":"#0"},"down":{"uv":[0,2.5,2,4.5],"texture":"#0"}}},{"from":[23,8.25,2],"to":[24,8.75,14],"rotation":{"angle":0,"axis":"y","origin":[35.25,16.25,8]},"faces":{"north":{"uv":[0,2.5,2,4.5],"texture":"#0"},"east":{"uv":[0,2.5,2,4.5],"texture":"#0"},"south":{"uv":[0,2.5,2,4.5],"texture":"#0"},"west":{"uv":[0,2.5,2,4.5],"texture":"#0"},"up":{"uv":[0,2.5,2,4.5],"texture":"#0"},"down":{"uv":[0,2.5,2,4.5],"texture":"#0"}}},{"from":[0.75,1.25,2.5],"to":[7.75,8.25,3],"rotation":{"angle":0,"axis":"y","origin":[1,9.25,10.5]},"faces":{"north":{"uv":[2.5,0,4.5,2],"texture":"#0"},"east":{"uv":[2.5,0,4.5,2],"texture":"#0"},"south":{"uv":[2.5,0,4.5,2],"texture":"#0"},"west":{"uv":[2.5,0,4.5,2],"texture":"#0"},"up":{"uv":[2.5,0,4.5,2],"texture":"#0"},"down":{"uv":[2.5,0,4.5,2],"texture":"#0"}}},{"from":[-6.75,1.25,2.5],"to":[0.25,8.25,3],"rotation":{"angle":0,"axis":"y","origin":[-6.5,9.25,10.5]},"faces":{"north":{"uv":[2.5,0,4.5,2],"texture":"#0"},"east":{"uv":[2.5,0,4.5,2],"texture":"#0"},"south":{"uv":[2.5,0,4.5,2],"texture":"#0"},"west":{"uv":[2.5,0,4.5,2],"texture":"#0"},"up":{"uv":[2.5,0,4.5,2],"texture":"#0"},"down":{"uv":[2.5,0,4.5,2],"texture":"#0"}}},{"from":[8.75,1.25,2.5],"to":[15.75,6,3],"rotation":{"angle":0,"axis":"y","origin":[9.25,9.25,10.5]},"faces":{"north":{"uv":[2.5,0,4.5,2],"texture":"#0"},"east":{"uv":[2.5,0,4.5,2],"texture":"#0"},"south":{"uv":[2.5,0,4.5,2],"texture":"#0"},"west":{"uv":[2.5,0,4.5,2],"texture":"#0"},"up":{"uv":[2.5,0,4.5,2],"texture":"#0"},"down":{"uv":[2.5,0,4.5,2],"texture":"#0"}}},{"from":[16.25,1.25,2.5],"to":[23.25,6,3],"rotation":{"angle":0,"axis":"y","origin":[16.5,9.25,10.5]},"faces":{"north":{"uv":[2.5,0,4.5,2],"texture":"#0"},"east":{"uv":[2.5,0,4.5,2],"texture":"#0"},"south":{"uv":[2.5,0,4.5,2],"texture":"#0"},"west":{"uv":[2.5,0,4.5,2],"texture":"#0"},"up":{"uv":[2.5,0,4.5,2],"texture":"#0"},"down":{"uv":[2.5,0,4.5,2],"texture":"#0"}}},{"from":[1.75,7,2],"to":[4.75,7.25,2.5],"rotation":{"angle":0,"axis":"y","origin":[-0.75,10.25,10]},"faces":{"north":{"uv":[5,0,7,2],"texture":"#0"},"east":{"uv":[5,0,7,2],"texture":"#0"},"south":{"uv":[5,0,7,2],"texture":"#0"},"west":{"uv":[5,0,7,2],"texture":"#0"},"up":{"uv":[5,0,7,2],"texture":"#0"},"down":{"uv":[5,0,7,2],"texture":"#0"}}},{"from":[-3.75,7,2],"to":[-0.75,7.25,2.5],"rotation":{"angle":0,"axis":"y","origin":[-6.25,10.25,10]},"faces":{"north":{"uv":[5,0,7,2],"texture":"#0"},"east":{"uv":[5,0,7,2],"texture":"#0"},"south":{"uv":[5,0,7,2],"texture":"#0"},"west":{"uv":[5,0,7,2],"texture":"#0"},"up":{"uv":[5,0,7,2],"texture":"#0"},"down":{"uv":[5,0,7,2],"texture":"#0"}}},{"from":[11.75,5,2],"to":[14.75,5.25,2.5],"rotation":{"angle":0,"axis":"y","origin":[9.25,8.25,10]},"faces":{"north":{"uv":[5,0,7,2],"texture":"#0"},"east":{"uv":[5,0,7,2],"texture":"#0"},"south":{"uv":[5,0,7,2],"texture":"#0"},"west":{"uv":[5,0,7,2],"texture":"#0"},"up":{"uv":[5,0,7,2],"texture":"#0"},"down":{"uv":[5,0,7,2],"texture":"#0"}}},{"from":[17.25,5,2],"to":[20.25,5.25,2.5],"rotation":{"angle":0,"axis":"y","origin":[14.75,8.25,10]},"faces":{"north":{"uv":[5,0,7,2],"texture":"#0"},"east":{"uv":[5,0,7,2],"texture":"#0"},"south":{"uv":[5,0,7,2],"texture":"#0"},"west":{"uv":[5,0,7,2],"texture":"#0"},"up":{"uv":[5,0,7,2],"texture":"#0"},"down":{"uv":[5,0,7,2],"texture":"#0"}}},{"from":[-5.5,12,7.75],"to":[-5.25,12.75,8],"rotation":{"angle":-22.5,"axis":"y","origin":[-5.0431,11.67672,7.57328]},"faces":{"north":{"uv":[15,0,16,1],"texture":"#1"},"east":{"uv":[15,0,16,1],"texture":"#1"},"south":{"uv":[15,0,16,1],"texture":"#1"},"west":{"uv":[15,0,16,1],"texture":"#1"},"up":{"uv":[15,0,16,1],"texture":"#1"},"down":{"uv":[15,0,16,1],"texture":"#1"}}},{"from":[-5.75,12.5,7.75],"to":[-5.5,13,8],"rotation":{"angle":-22.5,"axis":"y","origin":[-5.0431,11.67672,7.57328]},"faces":{"north":{"uv":[15,0,16,1],"texture":"#1"},"east":{"uv":[15,0,16,1],"texture":"#1"},"south":{"uv":[15,0,16,1],"texture":"#1"},"west":{"uv":[15,0,16,1],"texture":"#1"},"up":{"uv":[15,0,16,1],"texture":"#1"},"down":{"uv":[15,0,16,1],"texture":"#1"}}},{"from":[-5.75,12.75,8],"to":[-5.5,13.75,8.25],"rotation":{"angle":-22.5,"axis":"y","origin":[-5.0431,11.67672,7.57328]},"faces":{"north":{"uv":[15,0,16,1],"texture":"#1"},"east":{"uv":[15,0,16,1],"texture":"#1"},"south":{"uv":[15,0,16,1],"texture":"#1"},"west":{"uv":[15,0,16,1],"texture":"#1"},"up":{"uv":[15,0,16,1],"texture":"#1"},"down":{"uv":[15,0,16,1],"texture":"#1"}}},{"from":[-6.25,13.75,7.5],"to":[-4.75,14.25,8.5],"rotation":{"angle":-22.5,"axis":"y","origin":[-5.0431,11.67672,7.57328]},"faces":{"north":{"uv":[13.5,0,14.5,1],"texture":"#1"},"east":{"uv":[13.5,0,14.5,1],"texture":"#1"},"south":{"uv":[13.5,0,14.5,1],"texture":"#1"},"west":{"uv":[13.5,0,14.5,1],"texture":"#1"},"up":{"uv":[13.5,0,14.5,1],"texture":"#1"},"down":{"uv":[13.5,0,14.5,1],"texture":"#1"}}},{"from":[-6,14.25,7.5],"to":[-5,14.5,8.5],"rotation":{"angle":-22.5,"axis":"y","origin":[-5.0431,12.17672,7.57328]},"faces":{"north":{"uv":[13.5,0,14.5,1],"texture":"#1"},"east":{"uv":[13.5,0,14.5,1],"texture":"#1"},"south":{"uv":[13.5,0,14.5,1],"texture":"#1"},"west":{"uv":[13.5,0,14.5,1],"texture":"#1"},"up":{"uv":[13.5,0,14.5,1],"texture":"#1"},"down":{"uv":[13.5,0,14.5,1],"texture":"#1"}}},{"from":[-6.5,12.75,5.5],"to":[-5.75,13.75,6.5],"rotation":{"angle":-22.5,"axis":"y","origin":[-5.0431,11.67672,7.57328]},"faces":{"north":{"uv":[13.5,0,14.5,1],"texture":"#1"},"east":{"uv":[13.5,0,14.5,1],"texture":"#1"},"south":{"uv":[13.5,0,14.5,1],"texture":"#1"},"west":{"uv":[13.5,0,14.5,1],"texture":"#1"},"up":{"uv":[13.5,0,14.5,1],"texture":"#1"},"down":{"uv":[13.5,0,14.5,1],"texture":"#1"}}},{"from":[-3.25,12.75,7.5],"to":[-2.75,13.75,9],"rotation":{"angle":-22.5,"axis":"y","origin":[-5.0431,11.67672,7.57328]},"faces":{"north":{"uv":[13.5,0,14.5,1],"texture":"#1"},"east":{"uv":[13.5,0,14.5,1],"texture":"#1"},"south":{"uv":[13.5,0,14.5,1],"texture":"#1"},"west":{"uv":[13.5,0,14.5,1],"texture":"#1"},"up":{"uv":[13.5,0,14.5,1],"texture":"#1"},"down":{"uv":[13.5,0,14.5,1],"texture":"#1"}}},{"from":[-5.25,10.5,7.5],"to":[-5,11.75,7.75],"rotation":{"angle":-22.5,"axis":"y","origin":[-5.0431,11.67672,7.57328]},"faces":{"north":{"uv":[15,0,16,1],"texture":"#1"},"east":{"uv":[15,0,16,1],"texture":"#1"},"south":{"uv":[15,0,16,1],"texture":"#1"},"west":{"uv":[15,0,16,1],"texture":"#1"},"up":{"uv":[15,0,16,1],"texture":"#1"},"down":{"uv":[15,0,16,1],"texture":"#1"}}},{"from":[-5,11.5,7.5],"to":[-4.75,12,7.75],"rotation":{"angle":-22.5,"axis":"y","origin":[-5.0431,11.67672,7.57328]},"faces":{"north":{"uv":[15,0,16,1],"texture":"#1"},"east":{"uv":[15,0,16,1],"texture":"#1"},"south":{"uv":[15,0,16,1],"texture":"#1"},"west":{"uv":[15,0,16,1],"texture":"#1"},"up":{"uv":[15,0,16,1],"texture":"#1"},"down":{"uv":[15,0,16,1],"texture":"#1"}}},{"from":[-5,11.75,7.25],"to":[-4.75,12.5,7.5],"rotation":{"angle":-22.5,"axis":"y","origin":[-5.0431,11.67672,7.57328]},"faces":{"north":{"uv":[15,0,16,1],"texture":"#1"},"east":{"uv":[15,0,16,1],"texture":"#1"},"south":{"uv":[15,0,16,1],"texture":"#1"},"west":{"uv":[15,0,16,1],"texture":"#1"},"up":{"uv":[15,0,16,1],"texture":"#1"},"down":{"uv":[15,0,16,1],"texture":"#1"}}},{"from":[-4.75,12.25,7.25],"to":[-4.5,12.75,7.5],"rotation":{"angle":-22.5,"axis":"y","origin":[-5.0431,11.67672,7.57328]},"faces":{"north":{"uv":[15,0,16,1],"texture":"#1"},"east":{"uv":[15,0,16,1],"texture":"#1"},"south":{"uv":[15,0,16,1],"texture":"#1"},"west":{"uv":[15,0,16,1],"texture":"#1"},"up":{"uv":[15,0,16,1],"texture":"#1"},"down":{"uv":[15,0,16,1],"texture":"#1"}}},{"from":[-4.5,12.5,7.25],"to":[-3.75,12.75,7.5],"rotation":{"angle":-22.5,"axis":"y","origin":[-5.0431,11.67672,7.57328]},"faces":{"north":{"uv":[15,0,16,1],"texture":"#1"},"east":{"uv":[15,0,16,1],"texture":"#1"},"south":{"uv":[15,0,16,1],"texture":"#1"},"west":{"uv":[15,0,16,1],"texture":"#1"},"up":{"uv":[15,0,16,1],"texture":"#1"},"down":{"uv":[15,0,16,1],"texture":"#1"}}},{"from":[-4,12.75,7.25],"to":[-3.75,13,8],"rotation":{"angle":-22.5,"axis":"y","origin":[-5.0431,11.67672,7.57328]},"faces":{"north":{"uv":[15,0,16,1],"texture":"#1"},"east":{"uv":[15,0,16,1],"texture":"#1"},"south":{"uv":[15,0,16,1],"texture":"#1"},"west":{"uv":[15,0,16,1],"texture":"#1"},"up":{"uv":[15,0,16,1],"texture":"#1"},"down":{"uv":[15,0,16,1],"texture":"#1"}}},{"from":[-3.75,12.75,7.75],"to":[-3.5,13.25,8],"rotation":{"angle":-22.5,"axis":"y","origin":[-5.0431,11.67672,7.57328]},"faces":{"north":{"uv":[15,0,16,1],"texture":"#1"},"east":{"uv":[15,0,16,1],"texture":"#1"},"south":{"uv":[15,0,16,1],"texture":"#1"},"west":{"uv":[15,0,16,1],"texture":"#1"},"up":{"uv":[15,0,16,1],"texture":"#1"},"down":{"uv":[15,0,16,1],"texture":"#1"}}},{"from":[-3.5,13,7.75],"to":[-3,13.25,8],"rotation":{"angle":-22.5,"axis":"y","origin":[-5.0431,11.67672,7.57328]},"faces":{"north":{"uv":[15,0,16,1],"texture":"#1"},"east":{"uv":[15,0,16,1],"texture":"#1"},"south":{"uv":[15,0,16,1],"texture":"#1"},"west":{"uv":[15,0,16,1],"texture":"#1"},"up":{"uv":[15,0,16,1],"texture":"#1"},"down":{"uv":[15,0,16,1],"texture":"#1"}}},{"from":[-5.5,11.5,7.5],"to":[-5.25,12.25,7.75],"rotation":{"angle":-22.5,"axis":"y","origin":[-5.0431,11.67672,7.57328]},"faces":{"north":{"uv":[15,0,16,1],"texture":"#1"},"east":{"uv":[15,0,16,1],"texture":"#1"},"south":{"uv":[15,0,16,1],"texture":"#1"},"west":{"uv":[15,0,16,1],"texture":"#1"},"up":{"uv":[15,0,16,1],"texture":"#1"},"down":{"uv":[15,0,16,1],"texture":"#1"}}},{"from":[-6,12,7.5],"to":[-5.5,12.25,7.75],"rotation":{"angle":-22.5,"axis":"y","origin":[-5.0431,11.67672,7.57328]},"faces":{"north":{"uv":[15,0,16,1],"texture":"#1"},"east":{"uv":[15,0,16,1],"texture":"#1"},"south":{"uv":[15,0,16,1],"texture":"#1"},"west":{"uv":[15,0,16,1],"texture":"#1"},"up":{"uv":[15,0,16,1],"texture":"#1"},"down":{"uv":[15,0,16,1],"texture":"#1"}}},{"from":[-6,12.25,7],"to":[-5.75,12.5,7.75],"rotation":{"angle":-22.5,"axis":"y","origin":[-5.0431,11.67672,7.57328]},"faces":{"north":{"uv":[15,0,16,1],"texture":"#1"},"east":{"uv":[15,0,16,1],"texture":"#1"},"south":{"uv":[15,0,16,1],"texture":"#1"},"west":{"uv":[15,0,16,1],"texture":"#1"},"up":{"uv":[15,0,16,1],"texture":"#1"},"down":{"uv":[15,0,16,1],"texture":"#1"}}},{"from":[-6.25,13,6.5],"to":[-6,13.25,7.25],"rotation":{"angle":-22.5,"axis":"y","origin":[-5.0431,11.67672,7.57328]},"faces":{"north":{"uv":[15,0,16,1],"texture":"#1"},"east":{"uv":[15,0,16,1],"texture":"#1"},"south":{"uv":[15,0,16,1],"texture":"#1"},"west":{"uv":[15,0,16,1],"texture":"#1"},"up":{"uv":[15,0,16,1],"texture":"#1"},"down":{"uv":[15,0,16,1],"texture":"#1"}}},{"from":[-6.25,12.25,7],"to":[-6,13,7.25],"rotation":{"angle":-22.5,"axis":"y","origin":[-5.0431,11.67672,7.57328]},"faces":{"north":{"uv":[15,0,16,1],"texture":"#1"},"east":{"uv":[15,0,16,1],"texture":"#1"},"south":{"uv":[15,0,16,1],"texture":"#1"},"west":{"uv":[15,0,16,1],"texture":"#1"},"up":{"uv":[15,0,16,1],"texture":"#1"},"down":{"uv":[15,0,16,1],"texture":"#1"}}},{"from":[-5.75,10.25,7],"to":[-4.5,10.5,8.25],"rotation":{"angle":-22.5,"axis":"y","origin":[-5.0431,11.67672,7.57328]},"faces":{"north":{"uv":[15,0,16,1],"texture":"#1"},"east":{"uv":[15,0,16,1],"texture":"#1"},"south":{"uv":[15,0,16,1],"texture":"#1"},"west":{"uv":[15,0,16,1],"texture":"#1"},"up":{"uv":[15,0,16,1],"texture":"#1"},"down":{"uv":[15,0,16,1],"texture":"#1"}}},{"from":[-5.75,9,8.25],"to":[-4.5,10.75,8.5],"rotation":{"angle":-22.5,"axis":"y","origin":[-5.0431,11.67672,7.57328]},"faces":{"north":{"uv":[9.5,3,10.5,4],"texture":"#1"},"east":{"uv":[9.5,3,10.5,4],"texture":"#1"},"south":{"uv":[9.5,3,10.5,4],"texture":"#1"},"west":{"uv":[9.5,3,10.5,4],"texture":"#1"},"up":{"uv":[9.5,3,10.5,4],"texture":"#1"},"down":{"uv":[9.5,3,10.5,4],"texture":"#1"}}},{"from":[-5.75,9,8.5],"to":[-4.5,10.75,8.75],"rotation":{"angle":-22.5,"axis":"y","origin":[-5.0431,11.67672,7.57328]},"faces":{"north":{"uv":[9.5,3,10.5,4],"texture":"#1"},"east":{"uv":[9.5,3,10.5,4],"texture":"#1"},"south":{"uv":[9.5,3,10.5,4],"texture":"#1"},"west":{"uv":[9.5,3,10.5,4],"texture":"#1"},"up":{"uv":[9.5,3,10.5,4],"texture":"#1"},"down":{"uv":[9.5,3,10.5,4],"texture":"#1"}}},{"from":[-5.75,9,6.5],"to":[-4.5,10.75,6.75],"rotation":{"angle":-22.5,"axis":"y","origin":[-5.0431,11.67672,7.57328]},"faces":{"north":{"uv":[9.5,3,10.5,4],"texture":"#1"},"east":{"uv":[9.5,3,10.5,4],"texture":"#1"},"south":{"uv":[9.5,3,10.5,4],"texture":"#1"},"west":{"uv":[9.5,3,10.5,4],"texture":"#1"},"up":{"uv":[9.5,3,10.5,4],"texture":"#1"},"down":{"uv":[9.5,3,10.5,4],"texture":"#1"}}},{"from":[-6,9,6.75],"to":[-5.75,10.75,8.5],"rotation":{"angle":-22.5,"axis":"y","origin":[-5.0431,11.67672,7.57328]},"faces":{"north":{"uv":[9.5,3,10.5,4],"texture":"#1"},"east":{"uv":[9.5,3,10.5,4],"texture":"#1"},"south":{"uv":[9.5,3,10.5,4],"texture":"#1"},"west":{"uv":[9.5,3,10.5,4],"texture":"#1"},"up":{"uv":[9.5,3,10.5,4],"texture":"#1"},"down":{"uv":[9.5,3,10.5,4],"texture":"#1"}}},{"from":[-5.75,9,7],"to":[-4.75,9.25,8],"rotation":{"angle":-22.5,"axis":"y","origin":[-5.0431,11.67672,7.57328]},"faces":{"north":{"uv":[9.5,3,10.5,4],"texture":"#1"},"east":{"uv":[9.5,3,10.5,4],"texture":"#1"},"south":{"uv":[9.5,3,10.5,4],"texture":"#1"},"west":{"uv":[9.5,3,10.5,4],"texture":"#1"},"up":{"uv":[9.5,3,10.5,4],"texture":"#1"},"down":{"uv":[9.5,3,10.5,4],"texture":"#1"}}},{"from":[-5.75,9,6.75],"to":[-4.5,10.75,7],"rotation":{"angle":-22.5,"axis":"y","origin":[-5.0431,11.67672,7.57328]},"faces":{"north":{"uv":[9.5,3,10.5,4],"texture":"#1"},"east":{"uv":[9.5,3,10.5,4],"texture":"#1"},"south":{"uv":[9.5,3,10.5,4],"texture":"#1"},"west":{"uv":[9.5,3,10.5,4],"texture":"#1"},"up":{"uv":[9.5,3,10.5,4],"texture":"#1"},"down":{"uv":[9.5,3,10.5,4],"texture":"#1"}}},{"from":[-4.5,9,6.75],"to":[-4.25,10.75,8.5],"rotation":{"angle":-22.5,"axis":"y","origin":[-5.0431,11.67672,7.57328]},"faces":{"north":{"uv":[9.5,3,10.5,4],"texture":"#1"},"east":{"uv":[9.5,3,10.5,4],"texture":"#1"},"south":{"uv":[9.5,3,10.5,4],"texture":"#1"},"west":{"uv":[9.5,3,10.5,4],"texture":"#1"},"up":{"uv":[9.5,3,10.5,4],"texture":"#1"},"down":{"uv":[9.5,3,10.5,4],"texture":"#1"}}},{"from":[-4.25,9,7],"to":[-4,10.75,8.25],"rotation":{"angle":-22.5,"axis":"y","origin":[-5.0431,11.67672,7.57328]},"faces":{"north":{"uv":[9.5,3,10.5,4],"texture":"#1"},"east":{"uv":[9.5,3,10.5,4],"texture":"#1"},"south":{"uv":[9.5,3,10.5,4],"texture":"#1"},"west":{"uv":[9.5,3,10.5,4],"texture":"#1"},"up":{"uv":[9.5,3,10.5,4],"texture":"#1"},"down":{"uv":[9.5,3,10.5,4],"texture":"#1"}}},{"from":[-6.25,9,7],"to":[-6,10.75,8.25],"rotation":{"angle":-22.5,"axis":"y","origin":[-5.0431,11.67672,7.57328]},"faces":{"north":{"uv":[9.5,3,10.5,4],"texture":"#1"},"east":{"uv":[9.5,3,10.5,4],"texture":"#1"},"south":{"uv":[9.5,3,10.5,4],"texture":"#1"},"west":{"uv":[9.5,3,10.5,4],"texture":"#1"},"up":{"uv":[9.5,3,10.5,4],"texture":"#1"},"down":{"uv":[9.5,3,10.5,4],"texture":"#1"}}},{"from":[0.75,9,5],"to":[15.75,9.25,11],"rotation":{"angle":0,"axis":"y","origin":[7,17,8]},"faces":{"north":{"uv":[0,15,1,16],"texture":"#1"},"east":{"uv":[0,15,1,16],"texture":"#1"},"south":{"uv":[0,15,1,16],"texture":"#1"},"west":{"uv":[0,15,1,16],"texture":"#1"},"up":{"uv":[0,14,4,16],"texture":"#1"},"down":{"uv":[0,15,1,16],"texture":"#1"}}},{"from":[-2.25,9,11],"to":[-0.25,12.5,11.25],"rotation":{"angle":22.5,"axis":"x","origin":[-1.25,10.5,11.125]},"faces":{"north":{"uv":[4.75,2.5,8.75,6.5],"texture":"#1"},"east":{"uv":[0,0,1,1],"texture":"#1"},"south":{"uv":[0,0,1,1],"texture":"#1"},"west":{"uv":[0,0,1,1],"texture":"#1"},"up":{"uv":[0,0,1,1],"texture":"#1"},"down":{"uv":[0,0,1,1],"texture":"#1"}}},{"from":[-1.5,8.75,12],"to":[-1,11.5,12.25],"rotation":{"angle":-22.5,"axis":"x","origin":[-1.25,10.125,12.125]},"faces":{"north":{"uv":[0,0,1,1],"texture":"#1"},"east":{"uv":[0,0,1,1],"texture":"#1"},"south":{"uv":[0,0,1,1],"texture":"#1"},"west":{"uv":[0,0,1,1],"texture":"#1"},"up":{"uv":[0,0,1,1],"texture":"#1"},"down":{"uv":[0,0,1,1],"texture":"#1"}}},{"from":[5.5,9.25,6.5],"to":[6.25,9.5,9.5],"rotation":{"angle":-22.5,"axis":"y","origin":[5.875,9.375,8]},"faces":{"north":{"uv":[10.75,0,11.75,1],"texture":"#0"},"east":{"uv":[10.75,0,11.75,1],"texture":"#0"},"south":{"uv":[10.75,0,11.75,1],"texture":"#0"},"west":{"uv":[10.75,0,11.75,1],"texture":"#0"},"up":{"uv":[14,0,16,4],"texture":"#0"},"down":{"uv":[10.75,0,11.75,1],"texture":"#0"}}},{"from":[9,9.25,8],"to":[12,10.5,8.25],"rotation":{"angle":22.5,"axis":"y","origin":[10.5,9.875,7.125]},"faces":{"north":{"uv":[7.5,0,9.5,2],"texture":"#1"},"east":{"uv":[7.5,0,9.5,2],"texture":"#1"},"south":{"uv":[7.5,0,9.5,2],"texture":"#1"},"west":{"uv":[7.5,0,9.5,2],"texture":"#1"},"up":{"uv":[7.5,0,9.5,2],"texture":"#1"},"down":{"uv":[7.5,0,9.5,2],"texture":"#1"}}},{"from":[9.25,9.5,8.25],"to":[11.75,10.25,8.5],"rotation":{"angle":22.5,"axis":"y","origin":[10.5,9.875,7.125]},"faces":{"north":{"uv":[7.5,0,9.5,2],"texture":"#1"},"east":{"uv":[7.5,0,9.5,2],"texture":"#1"},"south":{"uv":[7.5,0,9.5,2],"texture":"#1"},"west":{"uv":[7.5,0,9.5,2],"texture":"#1"},"up":{"uv":[7.5,0,9.5,2],"texture":"#1"},"down":{"uv":[7.5,0,9.5,2],"texture":"#1"}}},{"from":[9,9.25,5.5],"to":[12,9.5,8],"rotation":{"angle":22.5,"axis":"y","origin":[10.5,9.875,7.125]},"faces":{"north":{"uv":[5,1.25,6,2.25],"texture":"#1"},"east":{"uv":[5,1.25,6,2.25],"texture":"#1"},"south":{"uv":[5,1.25,6,2.25],"texture":"#1"},"west":{"uv":[5,1.25,6,2.25],"texture":"#1"},"up":{"uv":[5,1.25,6,2.25],"texture":"#1"},"down":{"uv":[5,1.25,6,2.25],"texture":"#1"}}},{"from":[9,10.25,5.5],"to":[12,10.5,8],"rotation":{"angle":22.5,"axis":"y","origin":[10.5,9.875,7.125]},"faces":{"north":{"uv":[5,1.25,6,2.25],"texture":"#1"},"east":{"uv":[5,1.25,6,2.25],"texture":"#1"},"south":{"uv":[5,1.25,6,2.25],"texture":"#1"},"west":{"uv":[5,1.25,6,2.25],"texture":"#1"},"up":{"uv":[5,1.25,6,2.25],"texture":"#1"},"down":{"uv":[5,1.25,6,2.25],"texture":"#1"}}},{"from":[9.25,9.5,5.75],"to":[11.75,10.25,8],"rotation":{"angle":22.5,"axis":"y","origin":[10.5,9.875,7.125]},"faces":{"north":{"uv":[0,4,4,8],"texture":"#1"},"east":{"uv":[0,4,4,8],"texture":"#1"},"south":{"uv":[0,4,4,8],"texture":"#1"},"west":{"uv":[0,4,4,8],"texture":"#1"},"up":{"uv":[0,4,4,8],"texture":"#1"},"down":{"uv":[0,4,4,8],"texture":"#1"}}},{"from":[20.125,9.125,10.5],"to":[21.375,12.125,10.75],"rotation":{"angle":0,"axis":"y","origin":[20.75,10.625,11.625]},"faces":{"north":{"uv":[7.5,0,9.5,2],"rotation":90,"texture":"#1"},"east":{"uv":[7.5,0,9.5,2],"rotation":90,"texture":"#1"},"south":{"uv":[7.5,0,9.5,2],"rotation":90,"texture":"#1"},"west":{"uv":[7.5,0,9.5,2],"rotation":90,"texture":"#1"},"up":{"uv":[7.5,0,9.5,2],"rotation":90,"texture":"#1"},"down":{"uv":[7.5,0,9.5,2],"rotation":90,"texture":"#1"}}},{"from":[20.375,9.375,10.25],"to":[21.125,11.875,10.5],"rotation":{"angle":0,"axis":"y","origin":[20.75,10.625,11.375]},"faces":{"north":{"uv":[7.5,0,9.5,2],"rotation":90,"texture":"#1"},"east":{"uv":[7.5,0,9.5,2],"rotation":90,"texture":"#1"},"south":{"uv":[7.5,0,9.5,2],"rotation":90,"texture":"#1"},"west":{"uv":[7.5,0,9.5,2],"rotation":90,"texture":"#1"},"up":{"uv":[7.5,0,9.5,2],"rotation":90,"texture":"#1"},"down":{"uv":[7.5,0,9.5,2],"rotation":90,"texture":"#1"}}},{"from":[21.125,9.125,10.75],"to":[21.375,12.125,13.25],"rotation":{"angle":0,"axis":"y","origin":[20.75,10.625,11.625]},"faces":{"north":{"uv":[5,1.25,6,2.25],"rotation":270,"texture":"#1"},"east":{"uv":[5,1.25,6,2.25],"rotation":270,"texture":"#1"},"south":{"uv":[5,1.25,6,2.25],"rotation":270,"texture":"#1"},"west":{"uv":[5,1.25,6,2.25],"rotation":270,"texture":"#1"},"up":{"uv":[5,1.25,6,2.25],"rotation":270,"texture":"#1"},"down":{"uv":[5,1.25,6,2.25],"rotation":270,"texture":"#1"}}},{"from":[20.125,9.125,10.75],"to":[20.375,12.125,13.25],"rotation":{"angle":0,"axis":"y","origin":[20.75,10.625,11.625]},"faces":{"north":{"uv":[5,1.25,6,2.25],"rotation":270,"texture":"#1"},"east":{"uv":[5,1.25,6,2.25],"rotation":270,"texture":"#1"},"south":{"uv":[5,1.25,6,2.25],"rotation":270,"texture":"#1"},"west":{"uv":[5,1.25,6,2.25],"rotation":270,"texture":"#1"},"up":{"uv":[5,1.25,6,2.25],"rotation":270,"texture":"#1"},"down":{"uv":[5,1.25,6,2.25],"rotation":270,"texture":"#1"}}},{"from":[20.375,9.375,10.75],"to":[21.125,11.875,13],"rotation":{"angle":0,"axis":"y","origin":[20.75,10.625,11.625]},"faces":{"north":{"uv":[0,4,4,8],"rotation":90,"texture":"#1"},"east":{"uv":[0,4,4,8],"rotation":90,"texture":"#1"},"south":{"uv":[0,4,4,8],"rotation":90,"texture":"#1"},"west":{"uv":[0,4,4,8],"rotation":90,"texture":"#1"},"up":{"uv":[0,4,4,8],"rotation":90,"texture":"#1"},"down":{"uv":[0,4,4,8],"rotation":90,"texture":"#1"}}},{"from":[18.875,8.875,10.5],"to":[20.125,11.875,10.75],"rotation":{"angle":0,"axis":"y","origin":[19.5,10.375,11.625]},"faces":{"north":{"uv":[12,0,13,1],"rotation":90,"texture":"#1"},"east":{"uv":[12,0,13,1],"rotation":90,"texture":"#1"},"south":{"uv":[12,0,13,1],"rotation":90,"texture":"#1"},"west":{"uv":[12,0,13,1],"rotation":90,"texture":"#1"},"up":{"uv":[12,0,13,1],"rotation":90,"texture":"#1"},"down":{"uv":[12,0,13,1],"rotation":90,"texture":"#1"}}},{"from":[19.125,9.125,10.25],"to":[19.875,11.625,10.5],"rotation":{"angle":0,"axis":"y","origin":[19.5,10.375,11.375]},"faces":{"north":{"uv":[12,0,13,1],"rotation":90,"texture":"#1"},"east":{"uv":[12,0,13,1],"rotation":90,"texture":"#1"},"south":{"uv":[12,0,13,1],"rotation":90,"texture":"#1"},"west":{"uv":[12,0,13,1],"rotation":90,"texture":"#1"},"up":{"uv":[12,0,13,1],"rotation":90,"texture":"#1"},"down":{"uv":[12,0,13,1],"rotation":90,"texture":"#1"}}},{"from":[19.875,8.875,10.75],"to":[20.125,11.875,13.25],"rotation":{"angle":0,"axis":"y","origin":[19.5,10.375,11.625]},"faces":{"north":{"uv":[10.25,0,11.25,1],"rotation":180,"texture":"#1"},"east":{"uv":[10.25,0,11.25,1],"rotation":180,"texture":"#1"},"south":{"uv":[10.25,0,11.25,1],"rotation":180,"texture":"#1"},"west":{"uv":[10.25,0,11.25,1],"rotation":180,"texture":"#1"},"up":{"uv":[10.25,0,11.25,1],"rotation":180,"texture":"#1"},"down":{"uv":[10.25,0,11.25,1],"rotation":180,"texture":"#1"}}},{"from":[18.875,8.875,10.75],"to":[19.125,11.875,13.25],"rotation":{"angle":0,"axis":"y","origin":[19.5,10.375,11.625]},"faces":{"north":{"uv":[10.25,0,11.25,1],"rotation":180,"texture":"#1"},"east":{"uv":[10.25,0,11.25,1],"rotation":180,"texture":"#1"},"south":{"uv":[10.25,0,11.25,1],"rotation":180,"texture":"#1"},"west":{"uv":[10.25,0,11.25,1],"rotation":180,"texture":"#1"},"up":{"uv":[10.25,0,11.25,1],"rotation":180,"texture":"#1"},"down":{"uv":[10.25,0,11.25,1],"rotation":180,"texture":"#1"}}},{"from":[19.125,9.125,10.75],"to":[19.875,11.625,13],"rotation":{"angle":0,"axis":"y","origin":[19.5,10.375,11.625]},"faces":{"north":{"uv":[0,3.5,4,7.5],"rotation":270,"texture":"#1"},"east":{"uv":[0,3.5,4,7.5],"rotation":270,"texture":"#1"},"south":{"uv":[0,3.5,4,7.5],"rotation":270,"texture":"#1"},"west":{"uv":[0,3.5,4,7.5],"rotation":270,"texture":"#1"},"up":{"uv":[0,3.5,4,7.5],"rotation":270,"texture":"#1"},"down":{"uv":[0,3.5,4,7.5],"rotation":270,"texture":"#1"}}},{"from":[17.625,9.125,10.5],"to":[18.875,12.125,10.75],"rotation":{"angle":0,"axis":"y","origin":[18.25,10.625,11.625]},"faces":{"north":{"uv":[12,1.5,13,2.5],"rotation":90,"texture":"#1"},"east":{"uv":[12,1.5,13,2.5],"rotation":90,"texture":"#1"},"south":{"uv":[12,1.5,13,2.5],"rotation":90,"texture":"#1"},"west":{"uv":[12,1.5,13,2.5],"rotation":90,"texture":"#1"},"up":{"uv":[12,1.5,13,2.5],"rotation":90,"texture":"#1"},"down":{"uv":[12,1.5,13,2.5],"rotation":90,"texture":"#1"}}},{"from":[17.875,9.375,10.25],"to":[18.625,11.875,10.5],"rotation":{"angle":0,"axis":"y","origin":[18.25,10.625,11.375]},"faces":{"north":{"uv":[12,1.5,13,2.5],"rotation":90,"texture":"#1"},"east":{"uv":[12,1.5,13,2.5],"rotation":90,"texture":"#1"},"south":{"uv":[12,1.5,13,2.5],"rotation":90,"texture":"#1"},"west":{"uv":[12,1.5,13,2.5],"rotation":90,"texture":"#1"},"up":{"uv":[12,1.5,13,2.5],"rotation":90,"texture":"#1"},"down":{"uv":[12,1.5,13,2.5],"rotation":90,"texture":"#1"}}},{"from":[18.625,9.125,10.75],"to":[18.875,12.125,13.25],"rotation":{"angle":0,"axis":"y","origin":[18.25,10.625,11.625]},"faces":{"north":{"uv":[10,1.5,11,2.5],"rotation":90,"texture":"#1"},"east":{"uv":[10,1.5,11,2.5],"rotation":90,"texture":"#1"},"south":{"uv":[10,1.5,11,2.5],"rotation":90,"texture":"#1"},"west":{"uv":[10,1.5,11,2.5],"rotation":90,"texture":"#1"},"up":{"uv":[10,1.5,11,2.5],"rotation":90,"texture":"#1"},"down":{"uv":[10,1.5,11,2.5],"rotation":90,"texture":"#1"}}},{"from":[17.625,9.125,10.75],"to":[17.875,12.125,13.25],"rotation":{"angle":0,"axis":"y","origin":[18.25,10.625,11.625]},"faces":{"north":{"uv":[10,1.5,11,2.5],"rotation":90,"texture":"#1"},"east":{"uv":[10,1.5,11,2.5],"rotation":90,"texture":"#1"},"south":{"uv":[10,1.5,11,2.5],"rotation":90,"texture":"#1"},"west":{"uv":[10,1.5,11,2.5],"rotation":90,"texture":"#1"},"up":{"uv":[10,1.5,11,2.5],"rotation":90,"texture":"#1"},"down":{"uv":[10,1.5,11,2.5],"rotation":90,"texture":"#1"}}},{"from":[17.875,9.375,10.75],"to":[18.625,11.875,13],"rotation":{"angle":0,"axis":"y","origin":[18.25,10.625,11.625]},"faces":{"north":{"uv":[10,1.5,11,2.5],"rotation":90,"texture":"#1"},"east":{"uv":[10,1.5,11,2.5],"rotation":90,"texture":"#1"},"south":{"uv":[10,1.5,11,2.5],"rotation":90,"texture":"#1"},"west":{"uv":[10,1.5,11,2.5],"rotation":90,"texture":"#1"},"up":{"uv":[0,3.5,4,7.5],"rotation":270,"texture":"#1"},"down":{"uv":[10,1.5,11,2.5],"rotation":90,"texture":"#1"}}},{"from":[21.375,8.875,11],"to":[21.625,11.125,12.75],"rotation":{"angle":0,"axis":"y","origin":[21,10.375,11.625]},"faces":{"north":{"uv":[6.25,0,7.25,1],"rotation":90,"texture":"#1"},"east":{"uv":[6.25,0,7.25,1],"rotation":90,"texture":"#1"},"south":{"uv":[6.25,0,7.25,1],"rotation":90,"texture":"#1"},"west":{"uv":[6.25,0,7.25,1],"rotation":90,"texture":"#1"},"up":{"uv":[6.25,0,7.25,1],"rotation":90,"texture":"#1"},"down":{"uv":[6.25,0,7.25,1],"rotation":90,"texture":"#1"}}},{"from":[17.375,8.875,11],"to":[17.625,11.125,12.75],"rotation":{"angle":0,"axis":"y","origin":[17,10.375,11.625]},"faces":{"north":{"uv":[6.25,0,7.25,1],"rotation":90,"texture":"#1"},"east":{"uv":[6.25,0,7.25,1],"rotation":90,"texture":"#1"},"south":{"uv":[6.25,0,7.25,1],"rotation":90,"texture":"#1"},"west":{"uv":[6.25,0,7.25,1],"rotation":90,"texture":"#1"},"up":{"uv":[6.25,0,7.25,1],"rotation":90,"texture":"#1"},"down":{"uv":[6.25,0,7.25,1],"rotation":90,"texture":"#1"}}},{"from":[20.125,8.875,11],"to":[21.375,9.125,12.75],"rotation":{"angle":0,"axis":"y","origin":[20.75,10.375,11.625]},"faces":{"north":{"uv":[2.5,1.25,3.5,2.25],"rotation":90,"texture":"#1"},"east":{"uv":[2.5,1.25,3.5,2.25],"rotation":90,"texture":"#1"},"south":{"uv":[2.5,1.25,3.5,2.25],"rotation":90,"texture":"#1"},"west":{"uv":[2.5,1.25,3.5,2.25],"rotation":90,"texture":"#1"},"up":{"uv":[2.5,1.25,3.5,2.25],"rotation":90,"texture":"#1"},"down":{"uv":[2.5,1.25,3.5,2.25],"rotation":90,"texture":"#1"}}},{"from":[17.625,8.875,11],"to":[18.875,9.125,12.75],"rotation":{"angle":0,"axis":"y","origin":[18.25,10.375,11.625]},"faces":{"north":{"uv":[2.5,1.25,3.5,2.25],"rotation":90,"texture":"#1"},"east":{"uv":[2.5,1.25,3.5,2.25],"rotation":90,"texture":"#1"},"south":{"uv":[2.5,1.25,3.5,2.25],"rotation":90,"texture":"#1"},"west":{"uv":[2.5,1.25,3.5,2.25],"rotation":90,"texture":"#1"},"up":{"uv":[2.5,1.25,3.5,2.25],"rotation":90,"texture":"#1"},"down":{"uv":[2.5,1.25,3.5,2.25],"rotation":90,"texture":"#1"}}},{"from":[21.625,8.875,11.25],"to":[21.875,9.875,12.5],"rotation":{"angle":0,"axis":"y","origin":[22,10.375,11.625]},"faces":{"north":{"uv":[2.5,1.25,3.5,2.25],"rotation":90,"texture":"#1"},"east":{"uv":[2.5,1.25,3.5,2.25],"rotation":90,"texture":"#1"},"south":{"uv":[2.5,1.25,3.5,2.25],"rotation":90,"texture":"#1"},"west":{"uv":[2.5,1.25,3.5,2.25],"rotation":90,"texture":"#1"},"up":{"uv":[2.5,1.25,3.5,2.25],"rotation":90,"texture":"#1"},"down":{"uv":[2.5,1.25,3.5,2.25],"rotation":90,"texture":"#1"}}},{"from":[17.125,8.875,11.25],"to":[17.375,9.875,12.5],"rotation":{"angle":0,"axis":"y","origin":[17.5,10.375,11.625]},"faces":{"north":{"uv":[2.5,1.25,3.5,2.25],"rotation":90,"texture":"#1"},"east":{"uv":[2.5,1.25,3.5,2.25],"rotation":90,"texture":"#1"},"south":{"uv":[2.5,1.25,3.5,2.25],"rotation":90,"texture":"#1"},"west":{"uv":[2.5,1.25,3.5,2.25],"rotation":90,"texture":"#1"},"up":{"uv":[2.5,1.25,3.5,2.25],"rotation":90,"texture":"#1"},"down":{"uv":[2.5,1.25,3.5,2.25],"rotation":90,"texture":"#1"}}},{"from":[10.25,6.5,2.75],"to":[14.25,7.25,4.75],"rotation":{"angle":0,"axis":"y","origin":[18.25,14.5,10.75]},"faces":{"north":{"uv":[0,0,2,2],"texture":"#1"},"east":{"uv":[0,0,2,2],"texture":"#1"},"south":{"uv":[0,0,2,2],"texture":"#1"},"west":{"uv":[0,0,2,2],"texture":"#1"},"up":{"uv":[0,0,2,2],"texture":"#1"},"down":{"uv":[0,0,2,2],"texture":"#1"}}},{"from":[10.5,7.25,3],"to":[14,7.5,4.5],"rotation":{"angle":0,"axis":"y","origin":[18.25,15.25,10.75]},"faces":{"north":{"uv":[3.75,0,4.75,1],"texture":"#1"},"east":{"uv":[3.75,0,4.75,1],"texture":"#1"},"south":{"uv":[3.75,0,4.75,1],"texture":"#1"},"west":{"uv":[3.75,0,4.75,1],"texture":"#1"},"up":{"uv":[3.75,0,4.75,1],"texture":"#1"},"down":{"uv":[3.75,0,4.75,1],"texture":"#1"}}},{"from":[10.25,6.25,4.5],"to":[10.5,6.5,4.75],"rotation":{"angle":0,"axis":"y","origin":[18.25,14.25,11.75]},"faces":{"north":{"uv":[5,0,6,1],"texture":"#1"},"east":{"uv":[5,0,6,1],"texture":"#1"},"south":{"uv":[5,0,6,1],"texture":"#1"},"west":{"uv":[5,0,6,1],"texture":"#1"},"up":{"uv":[5,0,6,1],"texture":"#1"},"down":{"uv":[5,0,6,1],"texture":"#1"}}},{"from":[11.25,6.75,4.75],"to":[11.75,7,5],"rotation":{"angle":0,"axis":"y","origin":[19.25,14.75,12]},"faces":{"north":{"uv":[0,0,2,2],"texture":"#1"},"east":{"uv":[0,0,2,2],"texture":"#1"},"south":{"uv":[0,0,2,2],"texture":"#1"},"west":{"uv":[0,0,2,2],"texture":"#1"},"up":{"uv":[0,0,2,2],"texture":"#1"},"down":{"uv":[0,0,2,2],"texture":"#1"}}},{"from":[10.25,6.25,2.75],"to":[10.5,6.5,3],"rotation":{"angle":0,"axis":"y","origin":[18.25,14.25,10]},"faces":{"north":{"uv":[5,0,6,1],"texture":"#1"},"east":{"uv":[5,0,6,1],"texture":"#1"},"south":{"uv":[5,0,6,1],"texture":"#1"},"west":{"uv":[5,0,6,1],"texture":"#1"},"up":{"uv":[5,0,6,1],"texture":"#1"},"down":{"uv":[5,0,6,1],"texture":"#1"}}},{"from":[10.5,6.75,2.5],"to":[10.75,7,2.75],"rotation":{"angle":0,"axis":"y","origin":[18.5,14.75,9.75]},"faces":{"north":{"uv":[2.5,0,3.5,1],"texture":"#1"},"east":{"uv":[2.5,0,3.5,1],"texture":"#1"},"south":{"uv":[2.5,0,3.5,1],"texture":"#1"},"west":{"uv":[2.5,0,3.5,1],"texture":"#1"},"up":{"uv":[2.5,0,3.5,1],"texture":"#1"},"down":{"uv":[2.5,0,3.5,1],"texture":"#1"}}},{"from":[11,6.75,2.5],"to":[11.25,7,2.75],"rotation":{"angle":0,"axis":"y","origin":[19,14.75,9.75]},"faces":{"north":{"uv":[2.5,0,3.5,1],"texture":"#1"},"east":{"uv":[2.5,0,3.5,1],"texture":"#1"},"south":{"uv":[2.5,0,3.5,1],"texture":"#1"},"west":{"uv":[2.5,0,3.5,1],"texture":"#1"},"up":{"uv":[2.5,0,3.5,1],"texture":"#1"},"down":{"uv":[2.5,0,3.5,1],"texture":"#1"}}},{"from":[11.5,6.75,2.5],"to":[11.75,7,2.75],"rotation":{"angle":0,"axis":"y","origin":[19.5,14.75,9.75]},"faces":{"north":{"uv":[2.5,0,3.5,1],"texture":"#1"},"east":{"uv":[2.5,0,3.5,1],"texture":"#1"},"south":{"uv":[2.5,0,3.5,1],"texture":"#1"},"west":{"uv":[2.5,0,3.5,1],"texture":"#1"},"up":{"uv":[2.5,0,3.5,1],"texture":"#1"},"down":{"uv":[2.5,0,3.5,1],"texture":"#1"}}},{"from":[12,6.75,2.5],"to":[12.25,7,2.75],"rotation":{"angle":0,"axis":"y","origin":[20,14.75,9.75]},"faces":{"north":{"uv":[2.5,0,3.5,1],"texture":"#1"},"east":{"uv":[2.5,0,3.5,1],"texture":"#1"},"south":{"uv":[2.5,0,3.5,1],"texture":"#1"},"west":{"uv":[2.5,0,3.5,1],"texture":"#1"},"up":{"uv":[2.5,0,3.5,1],"texture":"#1"},"down":{"uv":[2.5,0,3.5,1],"texture":"#1"}}},{"from":[12.5,6.75,2.5],"to":[14,7,2.75],"rotation":{"angle":0,"axis":"y","origin":[21.75,14.75,9.75]},"faces":{"north":{"uv":[0,2.5,1,3.5],"texture":"#1"},"east":{"uv":[0,2.5,1,3.5],"texture":"#1"},"south":{"uv":[0,2.5,1,3.5],"texture":"#1"},"west":{"uv":[0,2.5,1,3.5],"texture":"#1"},"up":{"uv":[0,2.5,1,3.5],"texture":"#1"},"down":{"uv":[0,2.5,1,3.5],"texture":"#1"}}},{"from":[14,6.25,2.75],"to":[14.25,6.5,3],"rotation":{"angle":0,"axis":"y","origin":[22,14.25,10]},"faces":{"north":{"uv":[5,0,6,1],"texture":"#1"},"east":{"uv":[5,0,6,1],"texture":"#1"},"south":{"uv":[5,0,6,1],"texture":"#1"},"west":{"uv":[5,0,6,1],"texture":"#1"},"up":{"uv":[5,0,6,1],"texture":"#1"},"down":{"uv":[5,0,6,1],"texture":"#1"}}},{"from":[14,6.25,4.5],"to":[14.25,6.5,4.75],"rotation":{"angle":0,"axis":"y","origin":[22,14.25,11.75]},"faces":{"north":{"uv":[5,0,6,1],"texture":"#1"},"east":{"uv":[5,0,6,1],"texture":"#1"},"south":{"uv":[5,0,6,1],"texture":"#1"},"west":{"uv":[5,0,6,1],"texture":"#1"},"up":{"uv":[5,0,6,1],"texture":"#1"},"down":{"uv":[5,0,6,1],"texture":"#1"}}},{"from":[17.5,6.5,2.75],"to":[21.5,7.25,4.75],"rotation":{"angle":0,"axis":"y","origin":[25.5,14.5,10.75]},"faces":{"north":{"uv":[0,0,2,2],"texture":"#1"},"east":{"uv":[0,0,2,2],"texture":"#1"},"south":{"uv":[0,0,2,2],"texture":"#1"},"west":{"uv":[0,0,2,2],"texture":"#1"},"up":{"uv":[0,0,2,2],"texture":"#1"},"down":{"uv":[0,0,2,2],"texture":"#1"}}},{"from":[17.75,7.25,3],"to":[21.25,7.5,4.5],"rotation":{"angle":0,"axis":"y","origin":[25.5,15.25,10.75]},"faces":{"north":{"uv":[3.75,0,4.75,1],"texture":"#1"},"east":{"uv":[3.75,0,4.75,1],"texture":"#1"},"south":{"uv":[3.75,0,4.75,1],"texture":"#1"},"west":{"uv":[3.75,0,4.75,1],"texture":"#1"},"up":{"uv":[3.75,0,4.75,1],"texture":"#1"},"down":{"uv":[3.75,0,4.75,1],"texture":"#1"}}},{"from":[17.5,6.25,4.5],"to":[17.75,6.5,4.75],"rotation":{"angle":0,"axis":"y","origin":[25.5,14.25,11.75]},"faces":{"north":{"uv":[5,0,6,1],"texture":"#1"},"east":{"uv":[5,0,6,1],"texture":"#1"},"south":{"uv":[5,0,6,1],"texture":"#1"},"west":{"uv":[5,0,6,1],"texture":"#1"},"up":{"uv":[5,0,6,1],"texture":"#1"},"down":{"uv":[5,0,6,1],"texture":"#1"}}},{"from":[17.75,6.75,4.75],"to":[18.25,7,5],"rotation":{"angle":0,"axis":"y","origin":[25.75,14.75,12]},"faces":{"north":{"uv":[0,0,0.5,0.25],"texture":"#1"},"east":{"uv":[0,0,0.25,0.25],"texture":"#1"},"south":{"uv":[0,0,0.5,0.25],"texture":"#1"},"west":{"uv":[0,0,0.25,0.25],"texture":"#1"},"up":{"uv":[0,0,0.5,0.25],"texture":"#1"},"down":{"uv":[0,0,0.5,0.25],"texture":"#1"}}},{"from":[18.5,6.75,4.75],"to":[19,7,5],"rotation":{"angle":0,"axis":"y","origin":[26.5,14.75,12]},"faces":{"north":{"uv":[0,0,0.5,0.25],"texture":"#1"},"east":{"uv":[0,0,0.25,0.25],"texture":"#1"},"south":{"uv":[0,0,0.5,0.25],"texture":"#1"},"west":{"uv":[0,0,0.25,0.25],"texture":"#1"},"up":{"uv":[0,0,0.5,0.25],"texture":"#1"},"down":{"uv":[0,0,0.5,0.25],"texture":"#1"}}},{"from":[21,6.75,4.75],"to":[21.25,7,5],"rotation":{"angle":0,"axis":"y","origin":[28.75,14.75,12]},"faces":{"north":{"uv":[0,0,0.25,0.25],"texture":"#1"},"east":{"uv":[0,0,0.25,0.25],"texture":"#1"},"south":{"uv":[0,0,0.25,0.25],"texture":"#1"},"west":{"uv":[0,0,0.25,0.25],"texture":"#1"},"up":{"uv":[0,0,0.25,0.25],"texture":"#1"},"down":{"uv":[0,0,0.25,0.25],"texture":"#1"}}},{"from":[17.5,6.25,2.75],"to":[17.75,6.5,3],"rotation":{"angle":0,"axis":"y","origin":[25.5,14.25,10]},"faces":{"north":{"uv":[5,0,6,1],"texture":"#1"},"east":{"uv":[5,0,6,1],"texture":"#1"},"south":{"uv":[5,0,6,1],"texture":"#1"},"west":{"uv":[5,0,6,1],"texture":"#1"},"up":{"uv":[5,0,6,1],"texture":"#1"},"down":{"uv":[5,0,6,1],"texture":"#1"}}},{"from":[17.75,6.75,2.5],"to":[18,7,2.75],"rotation":{"angle":0,"axis":"y","origin":[25.75,14.75,9.75]},"faces":{"north":{"uv":[2.5,0,3.5,1],"texture":"#1"},"east":{"uv":[2.5,0,3.5,1],"texture":"#1"},"south":{"uv":[2.5,0,3.5,1],"texture":"#1"},"west":{"uv":[2.5,0,3.5,1],"texture":"#1"},"up":{"uv":[2.5,0,3.5,1],"texture":"#1"},"down":{"uv":[2.5,0,3.5,1],"texture":"#1"}}},{"from":[18.25,6.75,2.5],"to":[18.5,7,2.75],"rotation":{"angle":0,"axis":"y","origin":[26.25,14.75,9.75]},"faces":{"north":{"uv":[2.5,0,3.5,1],"texture":"#1"},"east":{"uv":[2.5,0,3.5,1],"texture":"#1"},"south":{"uv":[2.5,0,3.5,1],"texture":"#1"},"west":{"uv":[2.5,0,3.5,1],"texture":"#1"},"up":{"uv":[2.5,0,3.5,1],"texture":"#1"},"down":{"uv":[2.5,0,3.5,1],"texture":"#1"}}},{"from":[18.75,6.75,2.5],"to":[19,7,2.75],"rotation":{"angle":0,"axis":"y","origin":[26.75,14.75,9.75]},"faces":{"north":{"uv":[2.5,0,3.5,1],"texture":"#1"},"east":{"uv":[2.5,0,3.5,1],"texture":"#1"},"south":{"uv":[2.5,0,3.5,1],"texture":"#1"},"west":{"uv":[2.5,0,3.5,1],"texture":"#1"},"up":{"uv":[2.5,0,3.5,1],"texture":"#1"},"down":{"uv":[2.5,0,3.5,1],"texture":"#1"}}},{"from":[19.25,6.75,2.5],"to":[19.5,7,2.75],"rotation":{"angle":0,"axis":"y","origin":[27.25,14.75,9.75]},"faces":{"north":{"uv":[2.5,0,3.5,1],"texture":"#1"},"east":{"uv":[2.5,0,3.5,1],"texture":"#1"},"south":{"uv":[2.5,0,3.5,1],"texture":"#1"},"west":{"uv":[2.5,0,3.5,1],"texture":"#1"},"up":{"uv":[2.5,0,3.5,1],"texture":"#1"},"down":{"uv":[2.5,0,3.5,1],"texture":"#1"}}},{"from":[19.75,6.75,2.5],"to":[21.25,7,2.75],"rotation":{"angle":0,"axis":"y","origin":[29,14.75,9.75]},"faces":{"north":{"uv":[0,2.5,1,3.5],"texture":"#1"},"east":{"uv":[0,2.5,1,3.5],"texture":"#1"},"south":{"uv":[0,2.5,1,3.5],"texture":"#1"},"west":{"uv":[0,2.5,1,3.5],"texture":"#1"},"up":{"uv":[0,2.5,1,3.5],"texture":"#1"},"down":{"uv":[0,2.5,1,3.5],"texture":"#1"}}},{"from":[21.25,6.25,2.75],"to":[21.5,6.5,3],"rotation":{"angle":0,"axis":"y","origin":[29.25,14.25,10]},"faces":{"north":{"uv":[5,0,6,1],"texture":"#1"},"east":{"uv":[5,0,6,1],"texture":"#1"},"south":{"uv":[5,0,6,1],"texture":"#1"},"west":{"uv":[5,0,6,1],"texture":"#1"},"up":{"uv":[5,0,6,1],"texture":"#1"},"down":{"uv":[5,0,6,1],"texture":"#1"}}},{"from":[21.25,6.25,4.5],"to":[21.5,6.5,4.75],"rotation":{"angle":0,"axis":"y","origin":[29.25,14.25,11.75]},"faces":{"north":{"uv":[5,0,6,1],"texture":"#1"},"east":{"uv":[5,0,6,1],"texture":"#1"},"south":{"uv":[5,0,6,1],"texture":"#1"},"west":{"uv":[5,0,6,1],"texture":"#1"},"up":{"uv":[5,0,6,1],"texture":"#1"},"down":{"uv":[5,0,6,1],"texture":"#1"}}},{"from":[19.25,9,5],"to":[20,9.25,8],"rotation":{"angle":45,"axis":"y","origin":[19.625,9.125,6.5]},"faces":{"north":{"uv":[10.75,0,11.75,1],"texture":"#0"},"east":{"uv":[10.75,0,11.75,1],"texture":"#0"},"south":{"uv":[10.75,0,11.75,1],"texture":"#0"},"west":{"uv":[10.75,0,11.75,1],"texture":"#0"},"up":{"uv":[14,0,16,4],"texture":"#0"},"down":{"uv":[10.75,0,11.75,1],"texture":"#0"}}},{"from":[-2.25,14.5,14.5],"to":[18.75,29.5,15.5],"rotation":{"angle":0,"axis":"y","origin":[7,21.5,16.5]},"faces":{"north":{"uv":[3,2.75,4,3.75],"texture":"#0"},"east":{"uv":[3,2.75,4,3.75],"texture":"#0"},"south":{"uv":[3,2.75,4,3.75],"texture":"#0"},"west":{"uv":[3,2.75,4,3.75],"texture":"#0"},"up":{"uv":[3,2.75,4,3.75],"texture":"#0"},"down":{"uv":[3,2.75,4,3.75],"texture":"#0"}}},{"from":[18.75,13.5,14.25],"to":[19.75,30.5,15.75],"rotation":{"angle":0,"axis":"y","origin":[7,21.5,15.5]},"faces":{"north":{"uv":[5.25,3,6.25,4],"texture":"#0"},"east":{"uv":[5.25,3,6.25,4],"texture":"#0"},"south":{"uv":[5.25,3,6.25,4],"texture":"#0"},"west":{"uv":[5.25,3,6.25,4],"texture":"#0"},"up":{"uv":[5.25,3,6.25,4],"texture":"#0"},"down":{"uv":[5.25,3,6.25,4],"texture":"#0"}}},{"from":[-3.25,13.5,14.25],"to":[-2.25,30.5,15.75],"rotation":{"angle":0,"axis":"y","origin":[-15.5,21.5,15.5]},"faces":{"north":{"uv":[5.25,3,6.25,4],"texture":"#0"},"east":{"uv":[5.25,3,6.25,4],"texture":"#0"},"south":{"uv":[5.25,3,6.25,4],"texture":"#0"},"west":{"uv":[5.25,3,6.25,4],"texture":"#0"},"up":{"uv":[5.25,3,6.25,4],"texture":"#0"},"down":{"uv":[5.25,3,6.25,4],"texture":"#0"}}},{"from":[-2.25,29.5,14.25],"to":[18.75,30.5,15.75],"rotation":{"angle":0,"axis":"y","origin":[-14.5,21.5,15.5]},"faces":{"north":{"uv":[5.25,3,6.25,4],"texture":"#0"},"east":{"uv":[5.25,3,6.25,4],"texture":"#0"},"south":{"uv":[5.25,3,6.25,4],"texture":"#0"},"west":{"uv":[5.25,3,6.25,4],"texture":"#0"},"up":{"uv":[5.25,3,6.25,4],"texture":"#0"},"down":{"uv":[5.25,3,6.25,4],"texture":"#0"}}},{"from":[-2.25,13.5,14.25],"to":[18.75,14.5,15.75],"rotation":{"angle":0,"axis":"y","origin":[-14.5,5.5,15.5]},"faces":{"north":{"uv":[5.25,3,6.25,4],"texture":"#0"},"east":{"uv":[5.25,3,6.25,4],"texture":"#0"},"south":{"uv":[5.25,3,6.25,4],"texture":"#0"},"west":{"uv":[5.25,3,6.25,4],"texture":"#0"},"up":{"uv":[5.25,3,6.25,4],"texture":"#0"},"down":{"uv":[5.25,3,6.25,4],"texture":"#0"}}},{"from":[6.75,21.5,15.5],"to":[9.75,23,17.5],"rotation":{"angle":0,"axis":"y","origin":[7,30,18]},"faces":{"north":{"uv":[3,2.75,4,3.75],"texture":"#0"},"east":{"uv":[3,2.75,4,3.75],"texture":"#0"},"south":{"uv":[3,2.75,4,3.75],"texture":"#0"},"west":{"uv":[3,2.75,4,3.75],"texture":"#0"},"up":{"uv":[3,2.75,4,3.75],"texture":"#0"},"down":{"uv":[3,2.75,4,3.75],"texture":"#0"}}},{"from":[10.25,15.25,15.5],"to":[11.25,16,15.75],"rotation":{"angle":0,"axis":"y","origin":[10.75,22.75,18]},"faces":{"north":{"uv":[3,2.75,4,3.75],"texture":"#0"},"east":{"uv":[3,2.75,4,3.75],"texture":"#0"},"south":{"uv":[3,2.75,4,3.75],"texture":"#0"},"west":{"uv":[3,2.75,4,3.75],"texture":"#0"},"up":{"uv":[3,2.75,4,3.75],"texture":"#0"},"down":{"uv":[3,2.75,4,3.75],"texture":"#0"}}},{"from":[10.5,7,16.25],"to":[11,15.5,16.5],"rotation":{"angle":0,"axis":"y","origin":[10.75,19,19.5]},"faces":{"north":{"uv":[3,2.75,4,3.75],"texture":"#0"},"east":{"uv":[3,2.75,4,3.75],"texture":"#0"},"south":{"uv":[3,2.75,4,3.75],"texture":"#0"},"west":{"uv":[3,2.75,4,3.75],"texture":"#0"},"up":{"uv":[3,2.75,4,3.75],"texture":"#0"},"down":{"uv":[3,2.75,4,3.75],"texture":"#0"}}},{"from":[10.5,15.5,15.75],"to":[11,15.75,16.5],"rotation":{"angle":0,"axis":"y","origin":[10.75,19.25,20]},"faces":{"north":{"uv":[3,2.75,4,3.75],"texture":"#0"},"east":{"uv":[3,2.75,4,3.75],"texture":"#0"},"south":{"uv":[3,2.75,4,3.75],"texture":"#0"},"west":{"uv":[3,2.75,4,3.75],"texture":"#0"},"up":{"uv":[3,2.75,4,3.75],"texture":"#0"},"down":{"uv":[3,2.75,4,3.75],"texture":"#0"}}},{"from":[10.5,6.75,4.75],"to":[11,7,16.5],"rotation":{"angle":0,"axis":"y","origin":[18.5,14.75,12]},"faces":{"north":{"uv":[3,2.75,4,3.75],"texture":"#0"},"east":{"uv":[3,2.75,4,3.75],"texture":"#0"},"south":{"uv":[3,2.75,4,3.75],"texture":"#0"},"west":{"uv":[3,2.75,4,3.75],"texture":"#0"},"up":{"uv":[3,2.75,4,3.75],"texture":"#0"},"down":{"uv":[3,2.75,4,3.75],"texture":"#0"}}},{"from":[3.5,11.25,13.5],"to":[3.75,12.25,15],"rotation":{"angle":0,"axis":"y","origin":[-2,19,16]},"faces":{"north":{"uv":[3,2.75,4,3.75],"texture":"#0"},"east":{"uv":[3,2.75,4,3.75],"texture":"#0"},"south":{"uv":[3,2.75,4,3.75],"texture":"#0"},"west":{"uv":[3,2.75,4,3.75],"texture":"#0"},"up":{"uv":[3,2.75,4,3.75],"texture":"#0"},"down":{"uv":[3,2.75,4,3.75],"texture":"#0"}}},{"from":[12.75,11.25,13.5],"to":[13,12.25,15],"rotation":{"angle":0,"axis":"y","origin":[7.25,19,16]},"faces":{"north":{"uv":[3,2.75,4,3.75],"texture":"#0"},"east":{"uv":[3,2.75,4,3.75],"texture":"#0"},"south":{"uv":[3,2.75,4,3.75],"texture":"#0"},"west":{"uv":[3,2.75,4,3.75],"texture":"#0"},"up":{"uv":[3,2.75,4,3.75],"texture":"#0"},"down":{"uv":[3,2.75,4,3.75],"texture":"#0"}}},{"from":[3.75,11,13.5],"to":[12.75,12.5,15],"rotation":{"angle":0,"axis":"y","origin":[7,19,16]},"faces":{"north":{"uv":[3,2.75,4,3.75],"texture":"#0"},"east":{"uv":[3,2.75,4,3.75],"texture":"#0"},"south":{"uv":[3,2.75,4,3.75],"texture":"#0"},"west":{"uv":[3,2.75,4,3.75],"texture":"#0"},"up":{"uv":[3,2.75,4,3.75],"texture":"#0"},"down":{"uv":[3,2.75,4,3.75],"texture":"#0"}}},{"from":[4.25,12.5,13.5],"to":[12.25,12.75,15],"rotation":{"angle":0,"axis":"y","origin":[7,20.5,16]},"faces":{"north":{"uv":[3,2.75,4,3.75],"texture":"#0"},"east":{"uv":[3,2.75,4,3.75],"texture":"#0"},"south":{"uv":[3,2.75,4,3.75],"texture":"#0"},"west":{"uv":[3,2.75,4,3.75],"texture":"#0"},"up":{"uv":[3,2.75,4,3.75],"texture":"#0"},"down":{"uv":[3,2.75,4,3.75],"texture":"#0"}}},{"from":[4.25,10.75,13.5],"to":[12.25,11,15],"rotation":{"angle":0,"axis":"y","origin":[7,18.75,16]},"faces":{"north":{"uv":[3,2.75,4,3.75],"texture":"#0"},"east":{"uv":[3,2.75,4,3.75],"texture":"#0"},"south":{"uv":[3,2.75,4,3.75],"texture":"#0"},"west":{"uv":[3,2.75,4,3.75],"texture":"#0"},"up":{"uv":[3,2.75,4,3.75],"texture":"#0"},"down":{"uv":[3,2.75,4,3.75],"texture":"#0"}}},{"from":[5.25,10.5,13.5],"to":[11.25,10.75,15],"rotation":{"angle":0,"axis":"y","origin":[7,18.5,16]},"faces":{"north":{"uv":[3,2.75,4,3.75],"texture":"#0"},"east":{"uv":[3,2.75,4,3.75],"texture":"#0"},"south":{"uv":[3,2.75,4,3.75],"texture":"#0"},"west":{"uv":[3,2.75,4,3.75],"texture":"#0"},"up":{"uv":[3,2.75,4,3.75],"texture":"#0"},"down":{"uv":[3,2.75,4,3.75],"texture":"#0"}}},{"from":[5.25,12.75,13.5],"to":[11.25,13,15],"rotation":{"angle":0,"axis":"y","origin":[7,20.75,16]},"faces":{"north":{"uv":[3,2.75,4,3.75],"texture":"#0"},"east":{"uv":[3,2.75,4,3.75],"texture":"#0"},"south":{"uv":[3,2.75,4,3.75],"texture":"#0"},"west":{"uv":[3,2.75,4,3.75],"texture":"#0"},"up":{"uv":[3,2.75,4,3.75],"texture":"#0"},"down":{"uv":[3,2.75,4,3.75],"texture":"#0"}}},{"from":[4.5,11,13.25],"to":[12,12.5,13.5],"rotation":{"angle":0,"axis":"y","origin":[7,20.25,14.5]},"faces":{"north":{"uv":[0,4.75,4,6.75],"texture":"#0"},"east":{"uv":[0,4.75,4,6.75],"texture":"#0"},"south":{"uv":[0,4.75,4,6.75],"texture":"#0"},"west":{"uv":[0,4.75,4,6.75],"texture":"#0"},"up":{"uv":[0,4.75,4,6.75],"texture":"#0"},"down":{"uv":[0,4.75,4,6.75],"texture":"#0"}}},{"from":[6.75,11.5,15],"to":[9.75,12,17.5],"rotation":{"angle":0,"axis":"y","origin":[7,19,17.5]},"faces":{"north":{"uv":[3,2.75,4,3.75],"texture":"#0"},"east":{"uv":[3,2.75,4,3.75],"texture":"#0"},"south":{"uv":[3,2.75,4,3.75],"texture":"#0"},"west":{"uv":[3,2.75,4,3.75],"texture":"#0"},"up":{"uv":[3,2.75,4,3.75],"texture":"#0"},"down":{"uv":[3,2.75,4,3.75],"texture":"#0"}}},{"from":[11.25,11.5,15],"to":[12,12.25,15.25],"rotation":{"angle":0,"axis":"y","origin":[11.5,19,17.5]},"faces":{"north":{"uv":[3,2.75,4,3.75],"texture":"#0"},"east":{"uv":[3,2.75,4,3.75],"texture":"#0"},"south":{"uv":[3,2.75,4,3.75],"texture":"#0"},"west":{"uv":[3,2.75,4,3.75],"texture":"#0"},"up":{"uv":[3,2.75,4,3.75],"texture":"#0"},"down":{"uv":[3,2.75,4,3.75],"texture":"#0"}}},{"from":[11.5,11.75,15.25],"to":[11.75,12,15.75],"rotation":{"angle":0,"axis":"y","origin":[11.75,19,18.5]},"faces":{"north":{"uv":[3,2.75,4,3.75],"texture":"#0"},"east":{"uv":[3,2.75,4,3.75],"texture":"#0"},"south":{"uv":[3,2.75,4,3.75],"texture":"#0"},"west":{"uv":[3,2.75,4,3.75],"texture":"#0"},"up":{"uv":[3,2.75,4,3.75],"texture":"#0"},"down":{"uv":[3,2.75,4,3.75],"texture":"#0"}}},{"from":[11.5,7,15.75],"to":[11.75,12,16],"rotation":{"angle":0,"axis":"y","origin":[11.75,19,19]},"faces":{"north":{"uv":[3,2.75,4,3.75],"texture":"#0"},"east":{"uv":[3,2.75,4,3.75],"texture":"#0"},"south":{"uv":[3,2.75,4,3.75],"texture":"#0"},"west":{"uv":[3,2.75,4,3.75],"texture":"#0"},"up":{"uv":[3,2.75,4,3.75],"texture":"#0"},"down":{"uv":[3,2.75,4,3.75],"texture":"#0"}}},{"from":[11.5,6.75,15.75],"to":[14,7,16],"rotation":{"angle":0,"axis":"y","origin":[11.75,18.5,19]},"faces":{"north":{"uv":[3,2.75,4,3.75],"texture":"#0"},"east":{"uv":[3,2.75,4,3.75],"texture":"#0"},"south":{"uv":[3,2.75,4,3.75],"texture":"#0"},"west":{"uv":[3,2.75,4,3.75],"texture":"#0"},"up":{"uv":[3,2.75,4,3.75],"texture":"#0"},"down":{"uv":[3,2.75,4,3.75],"texture":"#0"}}},{"from":[13.75,6.75,4.75],"to":[14,7,15.75],"rotation":{"angle":0,"axis":"y","origin":[21.5,14.75,12]},"faces":{"north":{"uv":[3,2.75,4,3.75],"texture":"#0"},"east":{"uv":[3,2.75,4,3.75],"texture":"#0"},"south":{"uv":[3,2.75,4,3.75],"texture":"#0"},"west":{"uv":[3,2.75,4,3.75],"texture":"#0"},"up":{"uv":[3,2.75,4,3.75],"texture":"#0"},"down":{"uv":[3,2.75,4,3.75],"texture":"#0"}}}],"display":{"thirdperson_righthand":{"scale":[0.2,0.1,0.2]},"thirdperson_lefthand":{"scale":[0.2,0.1,0.2]},"firstperson_righthand":{"rotation":[0,122,0],"translation":[0,2.5,2.25],"scale":[0.2,0.1,0.2]},"firstperson_lefthand":{"translation":[2,0,1.5],"scale":[0.2,0.1,0.2]},"ground":{"scale":[0.5,0.4,0.5]},"gui":{"scale":[0.3,0.2,0.3]},"head":{"translation":[0,-28,0],"scale":[4,3,4]},"fixed":{"rotation":[-90,0,0],"translation":[0,-21.75,-23.5],"scale":[4,3,4]}},"groups":[{"name":"group","origin":[8,8,8],"children":[{"name":"bein","origin":[8,8,8],"children":[0,1,2,3,4,5]},{"name":"unten","origin":[8,8,8],"children":[6]},{"name":"mitte","origin":[8,8,8],"children":[7,8,9,10,11,12,13,14]},{"name":"oben","origin":[8,8,8],"children":[15,16,17]},{"name":"t?ren","origin":[8,8,8],"children":[18,19,20,21,22,23,24,25]},{"name":"pflanzentopf","origin":[8,8,8],"children":[{"name":"planze","origin":[8,8,8],"children":[26,27,28,29,30,31,32,33,34,35,36,37,38,39,40,41,42,43,44,45,46]},{"name":"topf","origin":[8,8,8],"children":[47,48,49,50,51,52,53,54,55]}]},{"name":"Decke","origin":[8,8,8],"children":[56]},{"name":"bild","origin":[8,8,8],"children":[57,58]},{"name":"fehrnbedienung","origin":[8,8,8],"children":[59]},{"name":"buch1","origin":[8,8,8],"children":[60,61,62,63,64]},{"name":"buch2","origin":[8,8,8],"children":[65,66,67,68,69]},{"name":"buch3","origin":[8,8,8],"children":[70,71,72,73,74]},{"name":"buch4","origin":[8,8,8],"children":[75,76,77,78,79]},{"name":"buchhalter","origin":[8,8,8],"children":[80,81,82,83,84,85]},{"name":"reciver1","origin":[8,8,8],"children":[86,87,88,89,90,91,92,93,94,95,96,97]},{"name":"reciver2","origin":[8,8,8],"children":[98,99,100,101,102,103,104,105,106,107,108,109,110,111]},{"name":"fehrnbedienung","origin":[8,8,8],"children":[112]},{"name":"tv","origin":[8,8,8],"children":[113,114,115,116,117,118,119,120,121,122]},{"name":"box","origin":[8,8,8],"children":[123,124,125,126,127,128,129,130,131,132,133,134,135,136]}]}]}