{
    "__createdwith": "opl's Model Creator",
    "ambientocclusion": false,
    "textures": {
        "particle": "block/custom/beacon_side",
        "core": "block/custom/beacon_core"
    },
    "elements": [
        {
            "from": [4,4,4],
            "to": [12,12,12],
            "faces": {
                "up": {
                    "uv": [0,0,16,16],
                    "texture": "#core"
                },
                "down": {
                    "uv": [0,0,16,16],
                    "texture": "#core"
                },
                "west": {
                    "uv": [0,0,16,16],
                    "texture": "#core"
                },
                "east": {
                    "uv": [0,0,16,16],
                    "texture": "#core"
                },
                "north": {
                    "uv": [0,0,16,16],
                    "texture": "#core"
                },
                "south": {
                    "uv": [0,0,16,16],
                    "texture": "#core"
                }
            }
        },
        {
            "from": [0,0,0],
            "to": [4,4,16],
            "faces": {
                "up": {
                    "texture": "#particle"
                },
                "down": {
                    "texture": "#particle"
                },
                "west": {
                    "texture": "#particle"
                },
                "east": {
                    "texture": "#particle"
                },
                "north": {
                    "texture": "#particle"
                },
                "south": {
                    "texture": "#particle"
                }
            }
        },
        {
            "from": [12,0,0],
            "to": [16,4,16],
            "faces": {
                "up": {
                    "texture": "#particle"
                },
                "down": {
                    "texture": "#particle"
                },
                "west": {
                    "texture": "#particle"
                },
                "east": {
                    "texture": "#particle"
                },
                "north": {
                    "uv": [0,12,4,16],
                    "texture": "#particle"
                },
                "south": {
                    "texture": "#particle"
                }
            }
        },
        {
            "from": [12,12,0],
            "to": [16,16,16],
            "faces": {
                "up": {
                    "texture": "#particle"
                },
                "down": {
                    "texture": "#particle"
                },
                "west": {
                    "texture": "#particle"
                },
                "east": {
                    "texture": "#particle"
                },
                "north": {
                    "uv": [0,0,4,4],
                    "texture": "#particle"
                },
                "south": {
                    "texture": "#particle"
                }
            }
        },
        {
            "from": [0,12,0],
            "to": [4,16,16],
            "faces": {
                "up": {
                    "texture": "#particle"
                },
                "down": {
                    "texture": "#particle"
                },
                "west": {
                    "texture": "#particle"
                },
                "east": {
                    "texture": "#particle"
                },
                "north": {
                    "uv": [12,0,16,4],
                    "texture": "#particle"
                },
                "south": {
                    "texture": "#particle"
                }
            }
        },
        {
            "from": [12,4,0],
            "to": [16,12,4],
            "faces": {
                "west": {
                    "texture": "#particle"
                },
                "east": {
                    "texture": "#particle"
                },
                "north": {
                    "texture": "#particle"
                },
                "south": {
                    "texture": "#particle"
                }
            }
        },
        {
            "from": [12,4,12],
            "to": [16,12,16],
            "faces": {
                "west": {
                    "texture": "#particle"
                },
                "east": {
                    "texture": "#particle"
                },
                "north": {
                    "uv": [12,4,16,12],
                    "texture": "#particle"
                },
                "south": {
                    "texture": "#particle"
                }
            }
        },
        {
            "from": [0,4,12],
            "to": [4,12,16],
            "faces": {
                "west": {
                    "texture": "#particle"
                },
                "east": {
                    "texture": "#particle"
                },
                "north": {
                    "texture": "#particle"
                },
                "south": {
                    "texture": "#particle"
                }
            }
        },
        {
            "from": [0,4,0],
            "to": [4,12,4],
            "faces": {
                "west": {
                    "uv": [0,4,4,12],
                    "texture": "#particle"
                },
                "east": {
                    "texture": "#particle"
                },
                "north": {
                    "texture": "#particle"
                },
                "south": {
                    "texture": "#particle"
                }
            }
        },
        {
            "from": [4,0,0],
            "to": [12,4,4],
            "faces": {
                "up": {
                    "texture": "#particle"
                },
                "down": {
                    "texture": "#particle"
                },
                "north": {
                    "texture": "#particle"
                },
                "south": {
                    "texture": "#particle"
                }
            }
        },
        {
            "from": [4,12,0],
            "to": [12,16,4],
            "faces": {
                "up": {
                    "texture": "#particle"
                },
                "down": {
                    "texture": "#particle"
                },
                "north": {
                    "texture": "#particle"
                },
                "south": {
                    "texture": "#particle"
                }
            }
        },
        {
            "from": [4,12,12],
            "to": [12,16,16],
            "faces": {
                "up": {
                    "texture": "#particle"
                },
                "down": {
                    "texture": "#particle"
                },
                "north": {
                    "texture": "#particle"
                },
                "south": {
                    "texture": "#particle"
                }
            }
        },
        {
            "from": [4,0,12],
            "to": [12,4,16],
            "faces": {
                "up": {
                    "texture": "#particle"
                },
                "down": {
                    "texture": "#particle"
                },
                "north": {
                    "texture": "#particle"
                },
                "south": {
                    "texture": "#particle"
                }
            }
        }
    ]
}