{
    "__createdwith": "opl's Model Creator",
    "ambientocclusion": false,
    "textures": {
        "particle": "block/pointed_dripstone_down_base.png"
    },
    "elements": [
        {
            "from": [2,0,2],
            "to": [14,16,14],
            "faces": {
                "up": {
                    "uv": [2,0,14,12],
                    "texture": "#particle"
                },
                "west": {
                    "texture": "#particle"
                },
                "east": {
                    "texture": "#particle"
                },
                "north": {
                    "texture": "#particle"
                },
                "south": {
                    "texture": "#particle"
                }
            }
        },
        {
            "from": [3,16,3],
            "to": [12,32,12],
            "faces": {
                "up": {
                    "uv": [3,3,12,12],
                    "texture": "#particle"
                },
                "west": {
                    "uv": [3,0,12,16],
                    "texture": "#particle"
                },
                "east": {
                    "uv": [3,0,12,16],
                    "texture": "#particle"
                },
                "north": {
                    "uv": [3,0,12,16],
                    "texture": "#particle"
                },
                "south": {
                    "uv": [3,0,12,16],
                    "texture": "#particle"
                }
            }
        },
        {
            "from": [2.5,16,2.5],
            "to": [13.5,24,13.5],
            "faces": {
                "up": {
                    "uv": [2.5,2,13.5,13],
                    "texture": "#particle"
                },
                "west": {
                    "uv": [3,0,14,8],
                    "texture": "#particle"
                },
                "east": {
                    "uv": [2,8,13,16],
                    "texture": "#particle"
                },
                "north": {
                    "uv": [2,6,13,14],
                    "texture": "#particle"
                },
                "south": {
                    "uv": [2.5,0,13.5,8],
                    "texture": "#particle"
                }
            }
        },
        {
            "from": [0.5,0,0.5],
            "to": [14.5,3,14.5],
            "faces": {
                "up": {
                    "uv": [1,2,15,16],
                    "texture": "#particle"
                },
                "down": {
                    "uv": [1,2,15,16],
                    "texture": "#particle"
                },
                "west": {
                    "uv": [1,13,15,16],
                    "texture": "#particle"
                },
                "east": {
                    "uv": [1,13,15,16],
                    "texture": "#particle"
                },
                "north": {
                    "uv": [1,13,15,16],
                    "texture": "#particle"
                },
                "south": {
                    "uv": [1,13,15,16],
                    "texture": "#particle"
                }
            }
        },
        {
            "from": [4,0,4],
            "to": [13,16,13],
            "faces": {
                "up": {
                    "texture": "missingtexture"
                },
                "west": {
                    "texture": "missingtexture"
                },
                "east": {
                    "texture": "missingtexture"
                },
                "north": {
                    "texture": "missingtexture"
                },
                "south": {
                    "texture": "missingtexture"
                }
            }
        },
        {
            "from": [4,32,4],
            "to": [11,48,11],
            "faces": {
                "up": {
                    "texture": "#particle"
                },
                "west": {
                    "uv": [4,0,11,16],
                    "texture": "#particle"
                },
                "east": {
                    "uv": [5,0,12,16],
                    "texture": "#particle"
                },
                "north": {
                    "uv": [4,0,11,16],
                    "texture": "#particle"
                },
                "south": {
                    "uv": [4.5,0,11.5,16],
                    "texture": "#particle"
                }
            }
        },
        {
            "from": [5,48,5],
            "to": [10,54,10],
            "faces": {
                "up": {
                    "texture": "#particle"
                },
                "west": {
                    "uv": [6,0,11,6],
                    "texture": "#particle"
                },
                "east": {
                    "uv": [7,0,12,6],
                    "texture": "#particle"
                },
                "north": {
                    "uv": [4,0,9,6],
                    "texture": "#particle"
                },
                "south": {
                    "uv": [5,0,10,6],
                    "texture": "#particle"
                }
            }
        },
        {
            "from": [4.5,32,3.5],
            "to": [11.5,42,10.5],
            "faces": {
                "up": {
                    "texture": "#particle"
                },
                "west": {
                    "uv": [4,0,11,10],
                    "texture": "#particle"
                },
                "east": {
                    "uv": [7,6,14,16],
                    "texture": "#particle"
                },
                "north": {
                    "uv": [4,0,11,10],
                    "texture": "#particle"
                },
                "south": {
                    "uv": [6,0,13,10],
                    "texture": "#particle"
                }
            }
        },
        {
            "from": [6,54,6],
            "to": [9,58,9],
            "faces": {
                "up": {
                    "texture": "#particle"
                },
                "west": {
                    "uv": [6,0,9,4],
                    "texture": "#particle"
                },
                "east": {
                    "uv": [6,0,9,4],
                    "texture": "#particle"
                },
                "north": {
                    "uv": [6,0,9,4],
                    "texture": "#particle"
                },
                "south": {
                    "uv": [8,0,11,4],
                    "texture": "#particle"
                }
            }
        },
        {
            "from": [1.5,3,1.5],
            "to": [12.5,19,12.5],
            "faces": {
                "up": {
                    "uv": [2,0,13,11],
                    "texture": "#particle"
                },
                "west": {
                    "uv": [3,0,14,16],
                    "texture": "#particle"
                },
                "east": {
                    "uv": [2,0,13,16],
                    "texture": "#particle"
                },
                "north": {
                    "uv": [3,0,14,16],
                    "texture": "#particle"
                },
                "south": {
                    "uv": [3,0,14,16],
                    "texture": "#particle"
                }
            }
        },
        {
            "from": [3.5,16,4],
            "to": [12.5,28,13],
            "faces": {
                "up": {
                    "uv": [4,4,13,13],
                    "texture": "#particle"
                },
                "west": {
                    "uv": [4,0,13,12],
                    "texture": "#particle"
                },
                "east": {
                    "uv": [2,4,11,16],
                    "texture": "#particle"
                },
                "north": {
                    "uv": [3,0,12,12],
                    "texture": "#particle"
                },
                "south": {
                    "uv": [3,4,12,16],
                    "texture": "#particle"
                }
            }
        },
        {
            "from": [3.5,26.5,4.5],
            "to": [10.5,36.5,11.5],
            "faces": {
                "up": {
                    "uv": [4,4.5,11,11.5],
                    "texture": "#particle"
                },
                "west": {
                    "uv": [4,0,11,10],
                    "texture": "#particle"
                },
                "east": {
                    "uv": [4,0,11,10],
                    "texture": "#particle"
                },
                "north": {
                    "uv": [5,0,12,10],
                    "texture": "#particle"
                },
                "south": {
                    "uv": [5,0,12,10],
                    "texture": "#particle"
                }
            }
        }
    ]
}