{
    "__createdwith": "opl's Model Creator",
    "ambientocclusion": true,
    "textures": {
        "side": "block/custom/enchantingtable/side",
        "particle": "block/custom/enchantingtable/top",
        "base": "block/custom/enchantingtable/base"
    },
    "elements": [
        {
            "from": [0,0,0],
            "to": [16,2,16],
            "faces": {
                "up": {
                    "texture": "#base"
                },
                "down": {
                    "texture": "#base"
                },
                "west": {
                    "uv": [0,0,16,2],
                    "texture": "#side"
                },
                "east": {
                    "uv": [0,0,16,2],
                    "texture": "#side"
                },
                "north": {
                    "uv": [0,0,16,2],
                    "texture": "#side"
                },
                "south": {
                    "uv": [0,0,16,2],
                    "texture": "#side"
                }
            }
        },
        {
            "from": [3,2,3],
            "to": [13,7,13],
            "faces": {
                "west": {
                    "uv": [3,11,13,16],
                    "texture": "#side"
                },
                "east": {
                    "uv": [3,11,13,16],
                    "texture": "#side"
                },
                "north": {
                    "uv": [3,11,13,16],
                    "texture": "#side"
                },
                "south": {
                    "uv": [3,11,13,16],
                    "texture": "#side"
                }
            }
        },
        {
            "from": [1,6,1],
            "to": [15,7,15],
            "faces": {
                "down": {
                    "texture": "#base"
                },
                "west": {
                    "uv": [1,15,15,16],
                    "texture": "#base"
                },
                "east": {
                    "uv": [1,15,15,16],
                    "texture": "#base"
                },
                "north": {
                    "uv": [1,15,15,16],
                    "texture": "#base"
                },
                "south": {
                    "uv": [1,15,15,16],
                    "texture": "#base"
                }
            }
        },
        {
            "from": [2,11,2],
            "to": [14,12,14],
            "faces": {
                "up": {
                    "texture": "#particle"
                },
                "west": {
                    "uv": [2,13,14,14],
                    "texture": "#particle"
                },
                "east": {
                    "uv": [2,13,14,14],
                    "texture": "#particle"
                },
                "north": {
                    "uv": [2,13,14,14],
                    "texture": "#particle"
                },
                "south": {
                    "uv": [2,13,14,14],
                    "texture": "#particle"
                }
            }
        },
        {
            "from": [0,7,0],
            "to": [16,11,16],
            "faces": {
                "up": {
                    "texture": "#particle"
                },
                "down": {
                    "texture": "#base"
                },
                "west": {
                    "uv": [0,3,16,7],
                    "texture": "#side"
                },
                "east": {
                    "uv": [0,3,16,7],
                    "texture": "#side"
                },
                "north": {
                    "uv": [0,3,16,7],
                    "texture": "#side"
                },
                "south": {
                    "uv": [0,3,16,7],
                    "texture": "#side"
                }
            }
        },
        {
            "from": [0,4,5],
            "to": [0,7,11],
            "faces": {
                "west": {
                    "uv": [5,7,11,10],
                    "texture": "#side"
                },
                "east": {
                    "uv": [5,7,11,10],
                    "texture": "#side"
                }
            }
        },
        {
            "from": [16,4,5],
            "to": [16,7,11],
            "faces": {
                "west": {
                    "uv": [5,7,11,10],
                    "texture": "#side"
                },
                "east": {
                    "uv": [5,7,11,10],
                    "texture": "#side"
                }
            }
        },
        {
            "from": [16,3,6],
            "to": [16,4,10],
            "faces": {
                "west": {
                    "uv": [6,10,10,11],
                    "texture": "#side"
                },
                "east": {
                    "uv": [6,10,10,11],
                    "texture": "#side"
                }
            }
        },
        {
            "from": [0,3,6],
            "to": [0,4,10],
            "faces": {
                "west": {
                    "uv": [6,10,10,11],
                    "texture": "#side"
                },
                "east": {
                    "uv": [6,10,10,11],
                    "texture": "#side"
                }
            }
        },
        {
            "from": [5,4,16],
            "to": [11,7,16],
            "faces": {
                "north": {
                    "uv": [5,7,11,10],
                    "texture": "#side"
                },
                "south": {
                    "uv": [5,7,11,10],
                    "texture": "#side"
                }
            }
        },
        {
            "from": [5,4,0],
            "to": [11,7,0],
            "faces": {
                "north": {
                    "uv": [5,7,11,10],
                    "texture": "#side"
                },
                "south": {
                    "uv": [5,7,11,10],
                    "texture": "#side"
                }
            }
        },
        {
            "from": [6,3,0],
            "to": [10,4,0],
            "faces": {
                "north": {
                    "uv": [6,10,10,11],
                    "texture": "#side"
                },
                "south": {
                    "uv": [6,10,10,11],
                    "texture": "#side"
                }
            }
        },
        {
            "from": [6,3,16],
            "to": [10,4,16],
            "faces": {
                "north": {
                    "uv": [6,10,10,11],
                    "texture": "#side"
                },
                "south": {
                    "uv": [6,10,10,11],
                    "texture": "#side"
                }
            }
        },
        {
            "from": [2,2,2],
            "to": [14,3,14],
            "faces": {
                "up": {
                    "texture": "#base"
                },
                "west": {
                    "uv": [2,2,14,3],
                    "texture": "#side"
                },
                "east": {
                    "uv": [2,2,14,3],
                    "texture": "#side"
                },
                "north": {
                    "uv": [2,2,14,3],
                    "texture": "#side"
                },
                "south": {
                    "uv": [2,2,14,3],
                    "texture": "#side"
                }
            }
        },
        {
            "from": [1,11,1],
            "to": [4,12,4],
            "faces": {
                "up": {
                    "uv": [4,8,1,11],
                    "texture": "#side"
                },
                "west": {
                    "uv": [1,11,4,12],
                    "texture": "#side"
                },
                "east": {
                    "uv": [1,11,4,12],
                    "texture": "#side"
                },
                "north": {
                    "uv": [1,7,4,8],
                    "texture": "#side"
                },
                "south": {
                    "uv": [1,7,4,8],
                    "texture": "#side"
                }
            }
        },
        {
            "from": [12,11,1],
            "to": [15,12,4],
            "faces": {
                "up": {
                    "uv": [4,8,1,11],
                    "texture": "#side"
                },
                "west": {
                    "uv": [1,11,4,12],
                    "texture": "#side"
                },
                "east": {
                    "uv": [4,7,1,8],
                    "texture": "#side"
                },
                "north": {
                    "uv": [1,7,4,8],
                    "texture": "#side"
                },
                "south": {
                    "uv": [1,7,4,8],
                    "texture": "#side"
                }
            }
        },
        {
            "from": [1,11,12],
            "to": [4,12,15],
            "faces": {
                "up": {
                    "uv": [4,8,1,11],
                    "texture": "#side"
                },
                "west": {
                    "uv": [1,11,4,12],
                    "texture": "#side"
                },
                "east": {
                    "uv": [1,11,4,12],
                    "texture": "#side"
                },
                "north": {
                    "uv": [1,7,4,8],
                    "texture": "#side"
                },
                "south": {
                    "uv": [4,11,1,12],
                    "texture": "#side"
                }
            }
        },
        {
            "from": [12,11,12],
            "to": [15,12,15],
            "faces": {
                "up": {
                    "uv": [4,8,1,11],
                    "texture": "#side"
                },
                "west": {
                    "uv": [1,11,4,12],
                    "texture": "#side"
                },
                "east": {
                    "uv": [4,7,1,8],
                    "texture": "#side"
                },
                "north": {
                    "uv": [1,7,4,8],
                    "texture": "#side"
                },
                "south": {
                    "uv": [4,11,1,12],
                    "texture": "#side"
                }
            }
        }
    ]
}