{
	"credit": "Made by Ensis",
	"ambientocclusion": false,
	"textures": {
		"0": "block/tulip_stem"
	},
	"elements": [
		{
			"from": [6, 10, 10],
			"to": [10, 13, 10],
			"rotation": {"angle": 0, "axis": "y", "origin": [8, 8, 8]},
			"faces": {
				"north": {"uv": [12, 0, 16, 3], "texture": "#1"},
				"south": {"uv": [12, 0, 16, 3], "texture": "#1"}
			}
		},
		{
			"from": [5.8, 9, 10.2],
			"to": [10.2, 13, 10.2],
			"rotation": {"angle": 0, "axis": "y", "origin": [8, 8, 8]},
			"faces": {
				"north": {"uv": [12, 12, 16, 16], "texture": "#1"},
				"south": {"uv": [12, 12, 16, 16], "texture": "#1"}
			}
		},
		{
			"from": [6, 10, 6],
			"to": [6, 13, 10],
			"rotation": {"angle": 0, "axis": "y", "origin": [8, 8, 8]},
			"faces": {
				"east": {"uv": [8, 0, 12, 3], "texture": "#1"},
				"west": {"uv": [8, 0, 12, 3], "texture": "#1"}
			}
		},
		{
			"from": [5.8, 9, 5.8],
			"to": [5.8, 13, 10.2],
			"rotation": {"angle": 0, "axis": "y", "origin": [8, 8, 8]},
			"faces": {
				"east": {"uv": [8, 12, 12, 16], "texture": "#1"},
				"west": {"uv": [8, 12, 12, 16], "texture": "#1"}
			}
		},
		{
			"from": [6, 10, 6],
			"to": [10, 13, 6],
			"rotation": {"angle": 0, "axis": "y", "origin": [8, 8, 8]},
			"faces": {
				"north": {"uv": [4, 0, 8, 3], "texture": "#1"},
				"south": {"uv": [4, 0, 8, 3], "texture": "#1"}
			}
		},
		{
			"from": [5.8, 9, 5.8],
			"to": [10.2, 13, 5.8],
			"rotation": {"angle": 0, "axis": "y", "origin": [8, 8, 8]},
			"faces": {
				"north": {"uv": [4, 12, 8, 16], "texture": "#1"},
				"south": {"uv": [4, 12, 8, 16], "texture": "#1"}
			}
		},
		{
			"from": [10, 10, 6],
			"to": [10, 13, 10],
			"rotation": {"angle": 0, "axis": "y", "origin": [8, 8, 8]},
			"faces": {
				"east": {"uv": [0, 0, 4, 3], "texture": "#1"},
				"west": {"uv": [4, 0, 0, 3], "texture": "#1"}
			}
		},
		{
			"from": [10.2, 9, 5.8],
			"to": [10.2, 13, 10.2],
			"rotation": {"angle": 0, "axis": "y", "origin": [8, 8, 8]},
			"faces": {
				"east": {"uv": [0, 12, 4, 16], "texture": "#1"},
				"west": {"uv": [4, 12, 0, 16], "texture": "#1"}
			}
		},
		{
			"from": [7.5, 10, 7.5],
			"to": [8.5, 11, 8.5],
			"rotation": {"angle": 0, "axis": "y", "origin": [8, 8, 8]},
			"faces": {
				"north": {"uv": [1.5, 9.5, 2.5, 10.5], "texture": "#0"},
				"east": {"uv": [1.5, 9.5, 2.5, 10.5], "texture": "#0"},
				"south": {"uv": [1.5, 9.5, 2.5, 10.5], "texture": "#0"},
				"west": {"uv": [1.5, 9.5, 2.5, 10.5], "texture": "#0"},
				"up": {"uv": [1.5, 8.5, 2.5, 9.5], "texture": "#0"}
			}
		},
		{
			"from": [6, 9, 6],
			"to": [10, 10, 10],
			"rotation": {"angle": 0, "axis": "y", "origin": [8, 8, 8]},
			"faces": {
				"north": {"uv": [4, 3, 8, 4], "texture": "#1"},
				"east": {"uv": [0, 3, 4, 4], "texture": "#1"},
				"south": {"uv": [12, 3, 16, 4], "texture": "#1"},
				"west": {"uv": [8, 3, 12, 4], "texture": "#1"},
				"up": {"uv": [8.5, 6.5, 4.5, 10.5], "rotation": 180, "texture": "#1"},
				"down": {"uv": [0, 6.5, 4, 10.5], "rotation": 270, "texture": "#1"}
			}
		},
		{
			"from": [6.9, 8, 6.9],
			"to": [9.1, 9, 9.1],
			"rotation": {"angle": 0, "axis": "y", "origin": [8, 8, 8]},
			"faces": {
				"north": {"uv": [2, 5, 4, 6], "texture": "#1"},
				"east": {"uv": [0, 5, 2, 6], "texture": "#1"},
				"south": {"uv": [6, 5, 8, 6], "texture": "#1"},
				"west": {"uv": [4, 5, 6, 6], "texture": "#1"},
				"down": {"uv": [1, 7.5, 3, 9.5], "rotation": 180, "texture": "#1"}
			}
		},
		{
			"from": [7.5, 0, 7.5],
			"to": [8.5, 8, 8.5],
			"rotation": {"angle": 0, "axis": "y", "origin": [8, 0.5, 8]},
			"faces": {
				"north": {"uv": [3, 0, 4, 8], "texture": "#0"},
				"east": {"uv": [2, 0, 3, 8], "texture": "#0"},
				"south": {"uv": [1, 0, 2, 8], "texture": "#0"},
				"west": {"uv": [0, 0, 1, 8], "texture": "#0"},
				"up": {"uv": [0, 0, 1, 1], "texture": "#1"},
				"down": {"uv": [1.5, 7, 2.5, 8], "texture": "#0"}
			}
		},
		{
			"from": [8, 0, 3.5],
			"to": [8, 7.5, 7.5],
			"rotation": {"angle": 45, "axis": "y", "origin": [8, 4, 8]},
			"faces": {
				"north": {"uv": [0, 0, 0, 7.5], "texture": "#1"},
				"east": {"uv": [4.5, 0, 8.5, 7.5], "texture": "#0"},
				"south": {"uv": [0, 0, 0, 7.5], "texture": "#1"},
				"west": {"uv": [4.5, 7.5, 8.5, 15], "texture": "#0"},
				"up": {"uv": [0, 0, 0, 4], "texture": "#1"},
				"down": {"uv": [0, 0, 0, 4], "texture": "#1"}
			}
		},
		{
			"from": [8, 0, 8.5],
			"to": [8, 7, 11.5],
			"rotation": {"angle": 0, "axis": "y", "origin": [8, 4, 8]},
			"faces": {
				"north": {"uv": [0, 0, 0, 7], "texture": "#1"},
				"east": {"uv": [9, 7, 12, 14], "texture": "#0"},
				"south": {"uv": [0, 0, 0, 7], "texture": "#1"},
				"west": {"uv": [9, 0, 12, 7], "texture": "#0"},
				"up": {"uv": [0, 0, 0, 3], "texture": "#1"},
				"down": {"uv": [0, 0, 0, 3], "texture": "#1"}
			}
		},
		{
			"from": [8.5, 0, 8],
			"to": [11.5, 5.5, 8],
			"rotation": {"angle": 22.5, "axis": "y", "origin": [8, 4, 8]},
			"faces": {
				"north": {"uv": [12.5, 5.5, 15.5, 11], "texture": "#0"},
				"east": {"uv": [0, 0, 0, 5.5], "texture": "#1"},
				"south": {"uv": [12.5, 0, 15.5, 5.5], "texture": "#0"},
				"west": {"uv": [0, 0, 0, 5.5], "texture": "#1"},
				"up": {"uv": [0, 0, 0, 3], "rotation": 270, "texture": "#1"},
				"down": {"uv": [0, 0, 0, 3], "rotation": 90, "texture": "#1"}
			}
		}
	],
	"groups": [
		{
			"name": "Flower",
			"origin": [0, 0, 0],
			"color": 0,
			"children": [0, 1, 2, 3, 4, 5, 6, 7, 8, 9, 10]
		},
		{
			"name": "Stem",
			"origin": [0, 0, 0],
			"color": 0,
			"children": [11, 12, 13, 14]
		}
	]
}
