{
    "__createdwith": "opl's Model Creator",
    "ambientocclusion": false,
    "textures": {
        "particle": "block/iron_bars",
        "mirrored": "block/custom/iron_bars_mirrored"
    },
    "elements": [
        {
            "from": [7,0,2],
            "to": [9,16,4],
            "faces": {
                "up": {
                    "uv": [0,2,2,4],
                    "texture": "#particle"
                },
                "down": {
                    "uv": [12,14,14,16],
                    "texture": "#particle"
                },
                "west": {
                    "uv": [2,0,4,16],
                    "texture": "#particle"
                },
                "east": {
                    "uv": [12,0,14,16],
                    "texture": "#mirrored"
                },
                "north": {
                    "uv": [7,0,9,16],
                    "texture": "#mirrored"
                },
                "south": {
                    "texture": "#particle"
                }
            }
        },
        {
            "from": [7,12,0],
            "to": [9,14,2],
            "faces": {
                "up": {
                    "uv": [2,4,4,6],
                    "texture": "#particle"
                },
                "down": {
                    "uv": [14,3,16,11],
                    "texture": "#particle"
                },
                "west": {
                    "uv": [0,2,2,4],
                    "texture": "#particle"
                },
                "east": {
                    "uv": [14,2,16,4],
                    "texture": "#mirrored"
                }
            }
        },
        {
            "from": [7,7,0],
            "to": [9,9,7],
            "faces": {
                "up": {
                    "uv": [7,6,9,13],
                    "texture": "#particle"
                },
                "down": {
                    "uv": [8,7,9,14],
                    "texture": "#particle"
                },
                "west": {
                    "uv": [0,7,7,9],
                    "texture": "#particle"
                },
                "east": {
                    "uv": [9,7,16,9],
                    "texture": "#mirrored"
                }
            }
        },
        {
            "from": [7,2,4],
            "to": [9,4,7],
            "faces": {
                "up": {
                    "uv": [7,5,9,8],
                    "texture": "#particle"
                },
                "down": {
                    "uv": [8,6,9,9],
                    "texture": "#particle"
                },
                "west": {
                    "uv": [4,12,7,14],
                    "texture": "#particle"
                },
                "east": {
                    "uv": [9,12,12,14],
                    "texture": "#mirrored"
                }
            }
        },
        {
            "from": [7,0,7],
            "to": [9,16,9],
            "faces": {
                "up": {
                    "uv": [0,2,2,4],
                    "texture": "#particle"
                },
                "down": {
                    "uv": [12,14,14,16],
                    "texture": "#particle"
                },
                "west": {
                    "uv": [7,0,9,16],
                    "texture": "#particle"
                },
                "east": {
                    "uv": [7,0,9,16],
                    "texture": "#mirrored"
                },
                "north": {
                    "uv": [7,0,9,16],
                    "texture": "#mirrored"
                },
                "south": {
                    "texture": "#particle"
                }
            }
        }
    ]
}