{
    "__createdwith": "opl's Model Creator",
    "ambientocclusion": false,
    "textures": {
        "particle": "block/iron_bars",
        "mirror": "block/custom/iron_bars_mirrored"
    },
    "elements": [
        {
            "from": [7,0,7],
            "to": [9,16,9],
            "faces": {
                "up": {
                    "uv": [2,7,4,9],
                    "texture": "#particle"
                },
                "down": {
                    "uv": [2,7,4,9],
                    "texture": "#particle"
                },
                "west": {
                    "texture": "#particle"
                },
                "east": {
                    "uv": [9,0,7,16],
                    "texture": "#particle"
                },
                "north": {
                    "texture": "#particle"
                },
                "south": {
                    "texture": "#mirror"
                }
            }
        }
    ]
}