{
    "textures": {
        "particle": "block/iron_bars"
    },
    "elements": [
        {   "from": [ 0, 0, 0 ],
            "to": [ 0, 0, 0 ],
            "faces": {
                "down":  { "uv": [ 0, 0, 0, 0 ], "texture": "#particle", "cullface": "down, up, north, south, east, west" },
                "up":    { "uv": [ 0, 0, 0, 0 ], "texture": "#particle", "cullface": "down, up, north, south, east, west" },
                "north": { "uv": [ 0, 0, 0, 0 ], "texture": "#particle", "cullface": "down, up, north, south, east, west" },
                "south": { "uv": [ 0, 0, 0, 0 ], "texture": "#particle", "cullface": "down, up, north, south, east, west" },
                "west":  { "uv": [ 0, 0, 0, 0 ], "texture": "#particle", "cullface": "down, up, north, south, east, west" },
                "east":  { "uv": [ 0, 0, 0, 0 ], "texture": "#particle", "cullface": "down, up, north, south, east, west" }
            }
        }
    ]
}
