{
    "__createdwith": "opl's Model Creator",
    "ambientocclusion": false,
    "textures": {
        "particle": "block/iron_bars",
        "mirrored": "block/custom/iron_bars_mirrored"
    },
    "elements": [
        {
            "from": [7,0,12],
            "to": [9,16,14],
            "faces": {
                "up": {
                    "uv": [0,2,2,4],
                    "texture": "#particle"
                },
                "down": {
                    "uv": [12,14,14,16],
                    "texture": "#particle"
                },
                "west": {
                    "texture": "#particle"
                },
                "east": {
                    "uv": [2,0,4,16],
                    "texture": "#mirrored"
                },
                "north": {
                    "texture": "#mirrored"
                },
                "south": {
                    "texture": "#particle"
                }
            }
        },
        {
            "from": [7,7,14],
            "to": [9,9,16],
            "faces": {
                "up": {
                    "uv": [2,4,4,6],
                    "texture": "#particle"
                },
                "down": {
                    "uv": [12,14,14,16],
                    "texture": "#particle"
                },
                "west": {
                    "texture": "#particle"
                },
                "east": {
                    "uv": [0,7,2,9],
                    "texture": "#mirrored"
                }
            }
        },
        {
            "from": [7,12,9],
            "to": [9,14,16],
            "faces": {
                "up": {
                    "uv": [7,6,9,13],
                    "texture": "#particle"
                },
                "down": {
                    "uv": [8,7,9,14],
                    "texture": "#particle"
                },
                "west": {
                    "texture": "#particle"
                },
                "east": {
                    "uv": [0,2,7,4],
                    "texture": "#mirrored"
                }
            }
        }
    ]
}