{
    "parent": "block/thin_block",
    "textures": {
        "particle": "block/moss_block",
		"side": "block/custom/mossblock/side"
    },
    "elements": [
        {   "from": [ -0.01, -6, -0.01 ],
            "to": [ 16.01, 1, 16.01 ],
            "faces": {
                "down":  { "uv": [ 13, 14, 15, 16 ], "texture": "#side", "cullface": "down" },
                "up":    { "uv": [ 0, 0, 16, 16 ], "texture": "#particle" },
                "north": { "uv": [ 0, 0, 16, 7 ], "texture": "#side", "cullface": "north" },
                "south": { "uv": [ 0, 0, 16, 7 ], "texture": "#side", "cullface": "south" },
                "west":  { "uv": [ 0, 0, 16, 7 ], "texture": "#side", "cullface": "west" },
                "east":  { "uv": [ 0, 0, 16, 7 ], "texture": "#side", "cullface": "east" }
            }
        }
    ]
}
