{
    "__comment": "Model generated using MrCrayfish's Model Creator (http://mrcrayfish.com/modelcreator/)",
"ambientocclusion": true,
    "textures": {
        "particle": "block/lily_pad",
        "0": "block/lily_pad",
        "1": "block/custom/lilypad/flower_a"
    },
    "elements": [
        {
            "name": "base",
            "from": [ 0.0, 0.0, 0.0 ], 
            "to": [ 16.0, 0.0, 16.0 ], 
            "faces": {
                "up": { "texture": "#0", "uv": [ 0.0, 0.0, 16.0, 16.0 ] },
                "down": { "texture": "#0", "uv": [ 0.0, 0.0, 16.0, 16.0 ], "rotation": 270 }
            }
        },
        {
            "name": "flower1",
            "from": [ 0.0, -7.0, 8.0 ], 
            "to": [ 16.0, 9.0, 8.0 ], 
            "rotation": { "origin": [ 8.0, 8.0, 8.0 ], "axis": "y", "angle": 45.0 },
            "faces": {
                "north": { "texture": "#1", "uv": [ 0.0, 0.0, 16.0, 16.0 ] },
                "east": { "texture": "#-1", "uv": [ 0.0, 0.0, 0.0, 16.0 ] },
                "south": { "texture": "#1", "uv": [ 0.0, 0.0, 16.0, 16.0 ] },
                "west": { "texture": "#-1", "uv": [ 0.0, 0.0, 0.0, 16.0 ] },
                "up": { "texture": "#-1", "uv": [ 0.0, 0.0, 0.0, 1.0 ] },
                "down": { "texture": "#-1", "uv": [ 0.0, 0.0, 14.0, 2.0 ] }
            }
        },
        {
            "name": "flower2",
            "from": [ 0.0, -7.0, 8.0 ], 
            "to": [ 16.0, 9.0, 8.0 ], 
            "rotation": { "origin": [ 8.0, 8.0, 8.0 ], "axis": "y", "angle": -45.0 },
            "faces": {
                "north": { "texture": "#1", "uv": [ 0.0, 0.0, 16.0, 16.0 ] },
                "east": { "texture": "#-1", "uv": [ 0.0, 0.0, 0.0, 16.0 ] },
                "south": { "texture": "#1", "uv": [ 0.0, 0.0, 16.0, 16.0 ] },
                "west": { "texture": "#-1", "uv": [ 0.0, 0.0, 0.0, 16.0 ] },
                "up": { "texture": "#-1", "uv": [ 0.0, 0.0, 2.0, 0.0 ] },
                "down": { "texture": "#-1", "uv": [ 0.0, 0.0, 16.0, 0.0 ] }
            }
        }
    ]
}