{
    "__createdwith": "opl's Model Creator",
    "ambientocclusion": true,
    "textures": {
        "particle": "block/lily_pad"
    },
    "elements": [
        {
            "from": [0,0,0],
            "to": [16,0,16],
            "faces": {
                "up": {
                    "texture": "#particle"
                },
                "down": {
                    "uv": [0,0,16,16],
                    "texture": "#particle", "rotation": 270
                }
            }
        }
    ]
}