{
	"credit": "Made with Blockbench",
	"textures": {
		"0": "items/an_c12",
		"1": "items/an_c12_1",
		"2": "items/an_c12_2",
		"3": "items/an_c12_3",
		"particle": "an_c12"
	},
	"elements": [
		{
			"from": [8.225, 6.575, 2.5],
			"to": [8.6, 7.075, 2.75],
			"rotation": {"angle": 0, "axis": "y", "origin": [8.35, 0.5, 8.5]},
			"faces": {
				"north": {"uv": [1.5, 9.7, 14.5, 15.7], "texture": "#2"},
				"east": {"uv": [0, 0, 16, 16], "texture": "#2"},
				"south": {"uv": [0, 0, 16, 16], "texture": "#2"},
				"west": {"uv": [0, 0, 16, 16], "texture": "#2"},
				"up": {"uv": [0, 0, 16, 16], "texture": "#2"},
				"down": {"uv": [0, 0, 16, 16], "texture": "#2"}
			}
		},
		{
			"from": [7.975, 6.575, 2.5],
			"to": [8.225, 8.325, 2.75],
			"rotation": {"angle": 0, "axis": "y", "origin": [8.35, 0.5, 8.5]},
			"faces": {
				"north": {"uv": [3, 0, 16, 16], "texture": "#2"},
				"east": {"uv": [0, 0, 16, 16], "texture": "#2"},
				"south": {"uv": [0, 0, 16, 16], "texture": "#2"},
				"west": {"uv": [0, 0, 16, 16], "texture": "#2"},
				"up": {"uv": [0, 0, 16, 16], "texture": "#2"},
				"down": {"uv": [0, 0, 16, 16], "texture": "#2"}
			}
		},
		{
			"from": [8.6, 6.575, 2.5],
			"to": [8.85, 8.325, 2.75],
			"rotation": {"angle": 0, "axis": "y", "origin": [8.35, 0.5, 8.5]},
			"faces": {
				"north": {"uv": [3, 0, 13, 16], "texture": "#2"},
				"east": {"uv": [0, 0, 16, 16], "texture": "#2"},
				"south": {"uv": [0, 0, 16, 16], "texture": "#2"},
				"west": {"uv": [0, 0, 16, 16], "texture": "#2"},
				"up": {"uv": [0, 0, 16, 16], "texture": "#2"},
				"down": {"uv": [0, 0, 16, 16], "texture": "#2"}
			}
		},
		{
			"from": [8.85, 6.575, 2.5],
			"to": [9.225, 7.075, 2.75],
			"rotation": {"angle": 0, "axis": "y", "origin": [8.35, 0.5, 8.5]},
			"faces": {
				"north": {"uv": [1.5, 9.7, 14.5, 15.7], "texture": "#2"},
				"east": {"uv": [0, 0, 16, 16], "texture": "#2"},
				"south": {"uv": [0, 0, 16, 16], "texture": "#2"},
				"west": {"uv": [0, 0, 16, 16], "texture": "#2"},
				"up": {"uv": [0, 0, 16, 16], "texture": "#2"},
				"down": {"uv": [0, 0, 16, 16], "texture": "#2"}
			}
		},
		{
			"from": [8.225, 7.825, 2.5],
			"to": [8.6, 8.325, 2.75],
			"rotation": {"angle": 0, "axis": "y", "origin": [8.35, 0.5, 8.5]},
			"faces": {
				"north": {"uv": [1.5, 0, 14.5, 5], "texture": "#2"},
				"east": {"uv": [0, 0, 16, 16], "texture": "#2"},
				"south": {"uv": [0, 0, 16, 16], "texture": "#2"},
				"west": {"uv": [0, 0, 16, 16], "texture": "#2"},
				"up": {"uv": [0, 0, 16, 16], "texture": "#2"},
				"down": {"uv": [0, 0, 16, 16], "texture": "#2"}
			}
		},
		{
			"from": [9.225, 6.575, 2.5],
			"to": [9.475, 8.325, 2.75],
			"rotation": {"angle": 0, "axis": "y", "origin": [8.35, 0.5, 8.5]},
			"faces": {
				"north": {"uv": [0, 0, 13, 16], "texture": "#2"},
				"east": {"uv": [0, 0, 16, 16], "texture": "#2"},
				"south": {"uv": [0, 0, 16, 16], "texture": "#2"},
				"west": {"uv": [0, 0, 16, 16], "texture": "#2"},
				"up": {"uv": [0, 0, 16, 16], "texture": "#2"},
				"down": {"uv": [0, 0, 16, 16], "texture": "#2"}
			}
		},
		{
			"from": [8.85, 7.825, 2.5],
			"to": [9.225, 8.325, 2.75],
			"rotation": {"angle": 0, "axis": "y", "origin": [8.35, 0.5, 8.5]},
			"faces": {
				"north": {"uv": [1.5, 0, 14.5, 5], "texture": "#2"},
				"east": {"uv": [0, 0, 16, 16], "texture": "#2"},
				"south": {"uv": [0, 0, 16, 16], "texture": "#2"},
				"west": {"uv": [0, 0, 16, 16], "texture": "#2"},
				"up": {"uv": [0, 0, 16, 16], "texture": "#2"},
				"down": {"uv": [0, 0, 16, 16], "texture": "#2"}
			}
		},
		{
			"from": [6.975, 10.5, 5.5],
			"to": [7.475, 11.5, 6.25],
			"rotation": {"angle": 0, "axis": "y", "origin": [8, 0, 8.75]},
			"faces": {
				"north": {"uv": [0, 0, 16, 16], "texture": "#0"},
				"east": {"uv": [0, 0, 16, 16], "texture": "#0"},
				"south": {"uv": [0, 0, 16, 16], "texture": "#0"},
				"west": {"uv": [0, 0, 16, 16], "texture": "#0"},
				"up": {"uv": [0, 0, 16, 16], "texture": "#0"},
				"down": {"uv": [0, 0, 16, 16], "texture": "#0"}
			}
		},
		{
			"from": [7.475, 11.25, 5.5],
			"to": [9.975, 11.5, 6.25],
			"rotation": {"angle": 0, "axis": "y", "origin": [8, 0, 8.75]},
			"faces": {
				"north": {"uv": [0, 0, 16, 16], "texture": "#0"},
				"east": {"uv": [0, 0, 16, 16], "texture": "#0"},
				"south": {"uv": [0, 0, 16, 16], "texture": "#0"},
				"west": {"uv": [0, 0, 16, 16], "texture": "#0"},
				"up": {"uv": [0, 0, 16, 16], "texture": "#0"},
				"down": {"uv": [0, 0, 16, 16], "texture": "#0"}
			}
		},
		{
			"from": [9.975, 10.5, 5.5],
			"to": [10.475, 11.5, 6.25],
			"rotation": {"angle": 0, "axis": "y", "origin": [8, 0, 8.75]},
			"faces": {
				"north": {"uv": [0, 0, 16, 16], "texture": "#0"},
				"east": {"uv": [0, 0, 16, 16], "texture": "#0"},
				"south": {"uv": [0, 0, 16, 16], "texture": "#0"},
				"west": {"uv": [0, 0, 16, 16], "texture": "#0"},
				"up": {"uv": [0, 0, 16, 16], "texture": "#0"},
				"down": {"uv": [0, 0, 16, 16], "texture": "#0"}
			}
		},
		{
			"from": [2.95, 3.25, 3.725],
			"to": [3.85, 4.75, 8.275],
			"rotation": {"angle": 0, "axis": "y", "origin": [8, 0, 8.75]},
			"faces": {
				"north": {"uv": [0, 0, 16, 16], "texture": "#1"},
				"east": {"uv": [0, 0, 16, 16], "texture": "#1"},
				"south": {"uv": [0, 0, 16, 16], "texture": "#1"},
				"west": {"uv": [0, 0, 16, 16], "texture": "#1"},
				"up": {"uv": [0, 0, 16, 16], "texture": "#1"},
				"down": {"uv": [0, 0, 16, 16], "texture": "#1"}
			}
		},
		{
			"from": [4.7, 3.5, 1.925],
			"to": [12.8, 4.75, 3],
			"rotation": {"angle": 0, "axis": "y", "origin": [8, 0, 8.75]},
			"faces": {
				"north": {"uv": [0, 0, 16, 16], "texture": "#1"},
				"east": {"uv": [0, 0, 16, 16], "texture": "#1"},
				"south": {"uv": [0, 0, 16, 16], "texture": "#1"},
				"west": {"uv": [0, 0, 16, 16], "texture": "#1"},
				"up": {"uv": [0, 0, 16, 16], "texture": "#1"},
				"down": {"uv": [0, 0, 16, 16], "texture": "#1"}
			}
		},
		{
			"from": [13.75, 3.25, 3.725],
			"to": [14.55, 4.75, 8.275],
			"rotation": {"angle": 0, "axis": "y", "origin": [8, 0, 8.75]},
			"faces": {
				"north": {"uv": [0, 0, 16, 16], "texture": "#1"},
				"east": {"uv": [0, 0, 16, 16], "texture": "#1"},
				"south": {"uv": [0, 0, 16, 16], "texture": "#1"},
				"west": {"uv": [0, 0, 16, 16], "texture": "#1"},
				"up": {"uv": [0, 0, 16, 16], "texture": "#1"},
				"down": {"uv": [0, 0, 16, 16], "texture": "#1"}
			}
		},
		{
			"from": [13.75, 0.5, 3.75],
			"to": [14.5, 3.75, 8.25],
			"rotation": {"angle": 0, "axis": "y", "origin": [8, 0, 8.75]},
			"faces": {
				"north": {"uv": [0, 0, 16, 16], "texture": "#1"},
				"east": {"uv": [0, 0, 16, 16], "texture": "#1"},
				"south": {"uv": [0, 0, 16, 16], "texture": "#1"},
				"west": {"uv": [0, 0, 16, 16], "texture": "#1"},
				"up": {"uv": [0, 0, 16, 16], "texture": "#1"},
				"down": {"uv": [0, 0, 16, 16], "texture": "#1"}
			}
		},
		{
			"from": [4.75, 1, 2],
			"to": [12.75, 4, 3],
			"rotation": {"angle": 0, "axis": "y", "origin": [8, 0, 8.75]},
			"faces": {
				"north": {"uv": [0, 0, 16, 16], "texture": "#1"},
				"east": {"uv": [0, 0, 16, 16], "texture": "#1"},
				"south": {"uv": [0, 0, 16, 16], "texture": "#1"},
				"west": {"uv": [0, 0, 16, 16], "texture": "#1"},
				"up": {"uv": [0, 0, 16, 16], "texture": "#1"},
				"down": {"uv": [0, 0, 16, 16], "texture": "#1"}
			}
		},
		{
			"from": [3, 0.5, 3.75],
			"to": [3.75, 3.75, 8.25],
			"rotation": {"angle": 0, "axis": "y", "origin": [8, 0, 8.75]},
			"faces": {
				"north": {"uv": [0, 0, 16, 16], "texture": "#1"},
				"east": {"uv": [0, 0, 16, 16], "texture": "#1"},
				"south": {"uv": [0, 0, 16, 16], "texture": "#1"},
				"west": {"uv": [0, 0, 16, 16], "texture": "#1"},
				"up": {"uv": [0, 0, 16, 16], "texture": "#1"},
				"down": {"uv": [0, 0, 16, 16], "texture": "#1"}
			}
		},
		{
			"from": [4, 4.5, 3.05],
			"to": [13.5, 9.75, 8.925],
			"rotation": {"angle": 0, "axis": "y", "origin": [8, 0, 8.75]},
			"faces": {
				"north": {"uv": [0, 0, 16, 16], "texture": "#1"},
				"east": {"uv": [0, 0, 16, 16], "texture": "#1"},
				"south": {"uv": [0, 0, 16, 16], "texture": "#1"},
				"west": {"uv": [0, 0, 16, 16], "texture": "#1"},
				"up": {"uv": [0, 0, 16, 16], "texture": "#1"},
				"down": {"uv": [0, 0, 16, 16], "texture": "#1"}
			}
		},
		{
			"from": [3.9, 9.75, 3],
			"to": [13.6, 10.25, 9],
			"rotation": {"angle": 0, "axis": "y", "origin": [8, 0, 8.75]},
			"faces": {
				"north": {"uv": [0, 0, 16, 16], "texture": "#1"},
				"east": {"uv": [0, 0, 16, 16], "texture": "#1"},
				"south": {"uv": [0, 0, 16, 16], "texture": "#1"},
				"west": {"uv": [0, 0, 16, 16], "texture": "#1"},
				"up": {"uv": [0, 0, 16, 16], "texture": "#1"},
				"down": {"uv": [0, 0, 16, 16], "texture": "#1"}
			}
		},
		{
			"from": [3.75, 0, 3],
			"to": [13.75, 5, 9],
			"rotation": {"angle": 0, "axis": "y", "origin": [8, 0, 8.75]},
			"faces": {
				"north": {"uv": [0, 0, 16, 16], "texture": "#1"},
				"east": {"uv": [0, 0, 16, 16], "texture": "#1"},
				"south": {"uv": [0, 0, 16, 16], "texture": "#1"},
				"west": {"uv": [0, 0, 16, 16], "texture": "#1"},
				"up": {"uv": [0, 0, 16, 16], "texture": "#1"},
				"down": {"uv": [0, 0, 16, 16], "texture": "#1"}
			}
		},
		{
			"from": [4, -0.25, 3.25],
			"to": [13.5, 0, 8.75],
			"rotation": {"angle": 0, "axis": "y", "origin": [8, 0, 8.75]},
			"faces": {
				"north": {"uv": [0, 0, 16, 16], "texture": "#1"},
				"east": {"uv": [0, 0, 16, 16], "texture": "#1"},
				"south": {"uv": [0, 0, 16, 16], "texture": "#1"},
				"west": {"uv": [0, 0, 16, 16], "texture": "#1"},
				"up": {"uv": [0, 0, 16, 16], "texture": "#1"},
				"down": {"uv": [0, 0, 16, 16], "texture": "#1"}
			}
		},
		{
			"from": [4.225, 5.5, 2.75],
			"to": [13.225, 10.25, 3],
			"rotation": {"angle": 0, "axis": "y", "origin": [8.35, 0.5, 8.5]},
			"faces": {
				"north": {"uv": [0, 0, 16, 16], "texture": "#1"},
				"east": {"uv": [0, 0, 16, 16], "texture": "#1"},
				"south": {"uv": [0, 0, 16, 16], "texture": "#1"},
				"west": {"uv": [0, 0, 16, 16], "texture": "#1"},
				"up": {"uv": [0, 0, 16, 16], "texture": "#1"},
				"down": {"uv": [0, 0, 16, 16], "texture": "#1"}
			}
		},
		{
			"from": [4.225, 10.25, 2.75],
			"to": [13.225, 10.5, 9],
			"rotation": {"angle": 0, "axis": "y", "origin": [8, 0, 8.75]},
			"faces": {
				"north": {"uv": [0, 0, 16, 16], "texture": "#1"},
				"east": {"uv": [0, 0, 16, 16], "texture": "#1"},
				"south": {"uv": [0, 0, 16, 16], "texture": "#1"},
				"west": {"uv": [0, 0, 16, 16], "texture": "#1"},
				"up": {"uv": [0, 0, 16, 16], "texture": "#1"},
				"down": {"uv": [0, 0, 16, 16], "texture": "#1"}
			}
		},
		{
			"from": [4.25, 9, 12.55],
			"to": [5.75, 9.75, 14.175],
			"rotation": {"angle": -22.5, "axis": "x", "origin": [7.25, 0, 8.75]},
			"faces": {
				"north": {"uv": [0, 0, 16, 16], "texture": "#0"},
				"east": {"uv": [0, 0, 16, 16], "texture": "#0"},
				"south": {"uv": [0, 0, 16, 16], "texture": "#0"},
				"west": {"uv": [0, 0, 16, 16], "texture": "#0"},
				"up": {"uv": [0, 0, 16, 16], "texture": "#0"},
				"down": {"uv": [0, 0, 16, 16], "texture": "#0"}
			}
		},
		{
			"from": [4.25, 10.33388, 10.03088],
			"to": [5.75, 11.08388, 13.15588],
			"rotation": {"angle": 0, "axis": "y", "origin": [7.25, 1.33388, 4.98088]},
			"faces": {
				"north": {"uv": [0, 0, 16, 16], "texture": "#0"},
				"east": {"uv": [0, 0, 16, 16], "texture": "#0"},
				"south": {"uv": [0, 0, 16, 16], "texture": "#0"},
				"west": {"uv": [0, 0, 16, 16], "texture": "#0"},
				"up": {"uv": [0, 0, 16, 16], "texture": "#0"},
				"down": {"uv": [0, 0, 16, 16], "texture": "#0"}
			}
		},
		{
			"from": [4.25, 12.53025, 9.71398],
			"to": [5.75, 13.28025, 11.33898],
			"rotation": {"angle": 22.5, "axis": "x", "origin": [7.25, 3.53025, 5.91398]},
			"faces": {
				"north": {"uv": [0, 0, 16, 16], "texture": "#0"},
				"east": {"uv": [0, 0, 16, 16], "texture": "#0"},
				"south": {"uv": [0, 0, 16, 16], "texture": "#0"},
				"west": {"uv": [0, 0, 16, 16], "texture": "#0"},
				"up": {"uv": [0, 0, 16, 16], "texture": "#0"},
				"down": {"uv": [0, 0, 16, 16], "texture": "#0"}
			}
		},
		{
			"from": [4.25, 3.21202, 14.03219],
			"to": [5.75, 10.46202, 14.65719],
			"rotation": {"angle": 0, "axis": "y", "origin": [7.25, 0.71202, 4.73219]},
			"faces": {
				"north": {"uv": [0, 0, 16, 16], "texture": "#0"},
				"east": {"uv": [0, 0, 16, 16], "texture": "#0"},
				"south": {"uv": [0, 0, 16, 16], "texture": "#0"},
				"west": {"uv": [0, 0, 16, 16], "texture": "#0"},
				"up": {"uv": [0, 0, 16, 16], "texture": "#0"},
				"down": {"uv": [0, 0, 16, 16], "texture": "#0"}
			}
		},
		{
			"from": [4.25, 5.00233, 11.05652],
			"to": [5.75, 7.75233, 11.68152],
			"rotation": {"angle": 22.5, "axis": "x", "origin": [7.25, -1.99767, 1.75652]},
			"faces": {
				"north": {"uv": [0, 0, 16, 16], "texture": "#0"},
				"east": {"uv": [0, 0, 16, 16], "texture": "#0"},
				"south": {"uv": [0, 0, 16, 16], "texture": "#0"},
				"west": {"uv": [0, 0, 16, 16], "texture": "#0"},
				"up": {"uv": [0, 0, 16, 16], "texture": "#0"},
				"down": {"uv": [0, 0, 16, 16], "texture": "#0"}
			}
		},
		{
			"from": [4.25, -3.45373, 9.6166],
			"to": [5.75, -2.82873, 12.3666],
			"rotation": {"angle": -22.5, "axis": "x", "origin": [7.25, 1.72127, 2.6166]},
			"faces": {
				"north": {"uv": [0, 0, 16, 16], "rotation": 180, "texture": "#0"},
				"east": {"uv": [0, 0, 16, 16], "rotation": 180, "texture": "#0"},
				"south": {"uv": [0, 0, 16, 16], "rotation": 180, "texture": "#0"},
				"west": {"uv": [0, 0, 16, 16], "rotation": 180, "texture": "#0"},
				"up": {"uv": [0, 0, 16, 16], "rotation": 180, "texture": "#0"},
				"down": {"uv": [0, 0, 16, 16], "rotation": 180, "texture": "#0"}
			}
		},
		{
			"from": [4.25, 2.95621, 11.0367],
			"to": [5.75, 3.58121, 13.7867],
			"rotation": {"angle": 22.5, "axis": "x", "origin": [7.25, 8.13121, 4.0367]},
			"faces": {
				"north": {"uv": [0, 0, 16, 16], "rotation": 180, "texture": "#0"},
				"east": {"uv": [0, 0, 16, 16], "rotation": 180, "texture": "#0"},
				"south": {"uv": [0, 0, 16, 16], "rotation": 180, "texture": "#0"},
				"west": {"uv": [0, 0, 16, 16], "rotation": 180, "texture": "#0"},
				"up": {"uv": [0, 0, 16, 16], "rotation": 180, "texture": "#0"},
				"down": {"uv": [0, 0, 16, 16], "rotation": 180, "texture": "#0"}
			}
		},
		{
			"from": [11.7, 9, 12.55],
			"to": [13.2, 9.75, 14.175],
			"rotation": {"angle": -22.5, "axis": "x", "origin": [10.2, 0, 8.75]},
			"faces": {
				"north": {"uv": [0, 0, 16, 16], "texture": "#0"},
				"east": {"uv": [0, 0, 16, 16], "texture": "#0"},
				"south": {"uv": [0, 0, 16, 16], "texture": "#0"},
				"west": {"uv": [0, 0, 16, 16], "texture": "#0"},
				"up": {"uv": [0, 0, 16, 16], "texture": "#0"},
				"down": {"uv": [0, 0, 16, 16], "texture": "#0"}
			}
		},
		{
			"from": [11.7, 10.33388, 10.03088],
			"to": [13.2, 11.08388, 13.15588],
			"rotation": {"angle": 0, "axis": "y", "origin": [10.2, 1.33388, 4.98088]},
			"faces": {
				"north": {"uv": [0, 0, 16, 16], "texture": "#0"},
				"east": {"uv": [0, 0, 16, 16], "texture": "#0"},
				"south": {"uv": [0, 0, 16, 16], "texture": "#0"},
				"west": {"uv": [0, 0, 16, 16], "texture": "#0"},
				"up": {"uv": [0, 0, 16, 16], "texture": "#0"},
				"down": {"uv": [0, 0, 16, 16], "texture": "#0"}
			}
		},
		{
			"from": [11.7, 12.53025, 9.71398],
			"to": [13.2, 13.28025, 11.33898],
			"rotation": {"angle": 22.5, "axis": "x", "origin": [10.2, 3.53025, 5.91398]},
			"faces": {
				"north": {"uv": [0, 0, 16, 16], "texture": "#0"},
				"east": {"uv": [0, 0, 16, 16], "texture": "#0"},
				"south": {"uv": [0, 0, 16, 16], "texture": "#0"},
				"west": {"uv": [0, 0, 16, 16], "texture": "#0"},
				"up": {"uv": [0, 0, 16, 16], "texture": "#0"},
				"down": {"uv": [0, 0, 16, 16], "texture": "#0"}
			}
		},
		{
			"from": [11.7, 3.21202, 14.03219],
			"to": [13.2, 10.46202, 14.65719],
			"rotation": {"angle": 0, "axis": "y", "origin": [10.2, 0.71202, 4.73219]},
			"faces": {
				"north": {"uv": [0, 0, 16, 16], "texture": "#0"},
				"east": {"uv": [0, 0, 16, 16], "texture": "#0"},
				"south": {"uv": [0, 0, 16, 16], "texture": "#0"},
				"west": {"uv": [0, 0, 16, 16], "texture": "#0"},
				"up": {"uv": [0, 0, 16, 16], "texture": "#0"},
				"down": {"uv": [0, 0, 16, 16], "texture": "#0"}
			}
		},
		{
			"from": [11.7, 5.00233, 11.05652],
			"to": [13.2, 7.75233, 11.68152],
			"rotation": {"angle": 22.5, "axis": "x", "origin": [10.2, -1.99767, 1.75652]},
			"faces": {
				"north": {"uv": [0, 0, 16, 16], "texture": "#0"},
				"east": {"uv": [0, 0, 16, 16], "texture": "#0"},
				"south": {"uv": [0, 0, 16, 16], "texture": "#0"},
				"west": {"uv": [0, 0, 16, 16], "texture": "#0"},
				"up": {"uv": [0, 0, 16, 16], "texture": "#0"},
				"down": {"uv": [0, 0, 16, 16], "texture": "#0"}
			}
		},
		{
			"from": [11.7, -3.45373, 9.6166],
			"to": [13.2, -2.82873, 12.3666],
			"rotation": {"angle": -22.5, "axis": "x", "origin": [10.2, 1.72127, 2.6166]},
			"faces": {
				"north": {"uv": [0, 0, 16, 16], "rotation": 180, "texture": "#0"},
				"east": {"uv": [0, 0, 16, 16], "rotation": 180, "texture": "#0"},
				"south": {"uv": [0, 0, 16, 16], "rotation": 180, "texture": "#0"},
				"west": {"uv": [0, 0, 16, 16], "rotation": 180, "texture": "#0"},
				"up": {"uv": [0, 0, 16, 16], "rotation": 180, "texture": "#0"},
				"down": {"uv": [0, 0, 16, 16], "rotation": 180, "texture": "#0"}
			}
		},
		{
			"from": [11.7, 2.95621, 11.0367],
			"to": [13.2, 3.58121, 13.7867],
			"rotation": {"angle": 22.5, "axis": "x", "origin": [10.2, 8.13121, 4.0367]},
			"faces": {
				"north": {"uv": [0, 0, 16, 16], "rotation": 180, "texture": "#0"},
				"east": {"uv": [0, 0, 16, 16], "rotation": 180, "texture": "#0"},
				"south": {"uv": [0, 0, 16, 16], "rotation": 180, "texture": "#0"},
				"west": {"uv": [0, 0, 16, 16], "rotation": 180, "texture": "#0"},
				"up": {"uv": [0, 0, 16, 16], "rotation": 180, "texture": "#0"},
				"down": {"uv": [0, 0, 16, 16], "rotation": 180, "texture": "#0"}
			}
		},
		{
			"from": [4.5, 2.975, 1.85],
			"to": [4.75, 3.275, 2],
			"rotation": {"angle": -22.5, "axis": "z", "origin": [5.25, 2.25, 2.25]},
			"faces": {
				"north": {"uv": [0, 0, 16, 16], "texture": "#3"},
				"east": {"uv": [0, 0, 16, 16], "texture": "#3"},
				"south": {"uv": [0, 0, 16, 16], "texture": "#3"},
				"west": {"uv": [0, 0, 16, 16], "texture": "#3"},
				"up": {"uv": [0, 0, 16, 16], "texture": "#3"},
				"down": {"uv": [0, 0, 16, 16], "texture": "#3"}
			}
		},
		{
			"from": [4.5, 2.15, 1.875],
			"to": [4.75, 2.85, 1.975],
			"rotation": {"angle": -22.5, "axis": "z", "origin": [5.25, 2.25, 2.25]},
			"faces": {
				"north": {"uv": [0, 0, 16, 16], "texture": "#3"},
				"east": {"uv": [0, 0, 16, 16], "texture": "#3"},
				"south": {"uv": [0, 0, 16, 16], "texture": "#3"},
				"west": {"uv": [0, 0, 16, 16], "texture": "#3"},
				"up": {"uv": [0, 0, 16, 16], "texture": "#3"},
				"down": {"uv": [0, 0, 16, 16], "texture": "#3"}
			}
		},
		{
			"from": [4.575, 2.85, 1.875],
			"to": [4.675, 3.05, 1.975],
			"rotation": {"angle": -22.5, "axis": "z", "origin": [5.25, 2.25, 2.25]},
			"faces": {
				"north": {"uv": [0, 0, 16, 16], "texture": "#3"},
				"east": {"uv": [0, 0, 16, 16], "texture": "#3"},
				"south": {"uv": [0, 0, 16, 16], "texture": "#3"},
				"west": {"uv": [0, 0, 16, 16], "texture": "#3"},
				"up": {"uv": [0, 0, 16, 16], "texture": "#3"},
				"down": {"uv": [0, 0, 16, 16], "texture": "#3"}
			}
		},
		{
			"from": [2.85, 2.975, 7.75],
			"to": [3, 3.275, 8],
			"rotation": {"angle": 0, "axis": "y", "origin": [5.25, 2.25, 2.25]},
			"faces": {
				"north": {"uv": [0, 0, 16, 16], "texture": "#3"},
				"east": {"uv": [0, 0, 16, 16], "texture": "#3"},
				"south": {"uv": [0, 0, 16, 16], "texture": "#3"},
				"west": {"uv": [0, 0, 16, 16], "texture": "#3"},
				"up": {"uv": [0, 0, 16, 16], "rotation": 270, "texture": "#3"},
				"down": {"uv": [0, 0, 16, 16], "rotation": 90, "texture": "#3"}
			}
		},
		{
			"from": [2.875, 2.15, 7.75],
			"to": [2.975, 2.85, 8],
			"rotation": {"angle": 0, "axis": "y", "origin": [5.25, 2.25, 2.25]},
			"faces": {
				"north": {"uv": [0, 0, 16, 16], "texture": "#3"},
				"east": {"uv": [0, 0, 16, 16], "texture": "#3"},
				"south": {"uv": [0, 0, 16, 16], "texture": "#3"},
				"west": {"uv": [0, 0, 16, 16], "texture": "#3"},
				"up": {"uv": [0, 0, 16, 16], "rotation": 270, "texture": "#3"},
				"down": {"uv": [0, 0, 16, 16], "rotation": 90, "texture": "#3"}
			}
		},
		{
			"from": [2.875, 2.85, 7.825],
			"to": [2.975, 3.05, 7.925],
			"rotation": {"angle": 0, "axis": "y", "origin": [5.25, 2.25, 2.25]},
			"faces": {
				"north": {"uv": [0, 0, 16, 16], "texture": "#3"},
				"east": {"uv": [0, 0, 16, 16], "texture": "#3"},
				"south": {"uv": [0, 0, 16, 16], "texture": "#3"},
				"west": {"uv": [0, 0, 16, 16], "texture": "#3"},
				"up": {"uv": [0, 0, 16, 16], "rotation": 270, "texture": "#3"},
				"down": {"uv": [0, 0, 16, 16], "rotation": 90, "texture": "#3"}
			}
		},
		{
			"from": [14.5, 2.975, 7.75],
			"to": [14.65, 3.275, 8],
			"rotation": {"angle": 0, "axis": "y", "origin": [10.75, 2.25, 2.25]},
			"faces": {
				"north": {"uv": [16, 0, 0, 16], "texture": "#3"},
				"east": {"uv": [16, 0, 0, 16], "texture": "#3"},
				"south": {"uv": [16, 0, 0, 16], "texture": "#3"},
				"west": {"uv": [16, 0, 0, 16], "texture": "#3"},
				"up": {"uv": [0, 16, 16, 0], "rotation": 270, "texture": "#3"},
				"down": {"uv": [0, 16, 16, 0], "rotation": 90, "texture": "#3"}
			}
		},
		{
			"from": [14.525, 2.15, 7.75],
			"to": [14.625, 2.85, 8],
			"rotation": {"angle": 0, "axis": "y", "origin": [10.75, 2.25, 2.25]},
			"faces": {
				"north": {"uv": [16, 0, 0, 16], "texture": "#3"},
				"east": {"uv": [16, 0, 0, 16], "texture": "#3"},
				"south": {"uv": [16, 0, 0, 16], "texture": "#3"},
				"west": {"uv": [16, 0, 0, 16], "texture": "#3"},
				"up": {"uv": [0, 16, 16, 0], "rotation": 270, "texture": "#3"},
				"down": {"uv": [0, 16, 16, 0], "rotation": 90, "texture": "#3"}
			}
		},
		{
			"from": [14.525, 2.85, 7.825],
			"to": [14.625, 3.05, 7.925],
			"rotation": {"angle": 0, "axis": "y", "origin": [10.75, 2.25, 2.25]},
			"faces": {
				"north": {"uv": [16, 0, 0, 16], "texture": "#3"},
				"east": {"uv": [16, 0, 0, 16], "texture": "#3"},
				"south": {"uv": [16, 0, 0, 16], "texture": "#3"},
				"west": {"uv": [16, 0, 0, 16], "texture": "#3"},
				"up": {"uv": [0, 16, 16, 0], "rotation": 270, "texture": "#3"},
				"down": {"uv": [0, 16, 16, 0], "rotation": 90, "texture": "#3"}
			}
		}
	],
	"display": {
		"thirdperson_righthand": {
			"rotation": [88, 26, 0],
			"translation": [0, -3.5, -3]
		},
		"thirdperson_lefthand": {
			"rotation": [67.5, -180, 0],
			"translation": [-6.25, -6, 10]
		},
		"firstperson_righthand": {
			"rotation": [0, 109, 0],
			"translation": [5.75, 3, -5.75]
		},
		"firstperson_lefthand": {
			"rotation": [0, 109, 0],
			"translation": [5.75, 3, -5.75]
		},
		"ground": {
			"translation": [0, 2, 0]
		},
		"gui": {
			"rotation": [0, 148, 0],
			"translation": [0.5, 3, 1],
			"scale": [1.2, 1.2, 1.2]
		},
		"head": {
			"rotation": [0, -180, 0],
			"translation": [1, -10.5, 5.5],
			"scale": [1.5, 1.5, 1.5]
		},
		"fixed": {
			"translation": [-1, 3, 0],
			"scale": [1.3, 1.3, 1.3]
		}
	},
	"groups": [
		{
			"name": "group",
			"origin": [8.35, 0.5, 8.5],
			"color": 0,
			"nbt": "{}",
			"armAnimationEnabled": false,
			"children": [0, 1, 2, 3, 4, 5, 6]
		},
		{
			"name": "group",
			"origin": [8, 0, 8.75],
			"color": 0,
			"nbt": "{}",
			"armAnimationEnabled": false,
			"children": [7, 8, 9]
		},
		{
			"name": "group",
			"origin": [8, 0, 8.75],
			"color": 0,
			"nbt": "{}",
			"armAnimationEnabled": false,
			"children": [10, 11, 12]
		},
		{
			"name": "group",
			"origin": [8, 0, 8.75],
			"color": 0,
			"nbt": "{}",
			"armAnimationEnabled": false,
			"children": [13, 14, 15]
		},
		{
			"name": "group",
			"origin": [8, 0, 8.75],
			"color": 0,
			"nbt": "{}",
			"armAnimationEnabled": false,
			"children": [16, 17, 18, 19]
		},
		{
			"name": "group",
			"origin": [8, 0, 8.75],
			"color": 0,
			"nbt": "{}",
			"armAnimationEnabled": false,
			"children": [20, 21]
		},
		{
			"name": "group",
			"origin": [7.25, 8.13121, 4.0367],
			"color": 0,
			"nbt": "{}",
			"armAnimationEnabled": false,
			"children": [22, 23, 24, 25, 26, 27, 28]
		},
		{
			"name": "group",
			"origin": [7.25, 8.13121, 4.0367],
			"color": 0,
			"nbt": "{}",
			"armAnimationEnabled": false,
			"children": [29, 30, 31, 32, 33, 34, 35]
		},
		{
			"name": "group",
			"origin": [8, 0, 8.75],
			"color": 0,
			"nbt": "{}",
			"armAnimationEnabled": false,
			"children": [36, 37, 38]
		},
		{
			"name": "group",
			"origin": [8, 0, 8.75],
			"color": 0,
			"nbt": "{}",
			"armAnimationEnabled": false,
			"children": [39, 40, 41]
		},
		{
			"name": "group",
			"origin": [8, 0, 8.75],
			"color": 0,
			"nbt": "{}",
			"armAnimationEnabled": false,
			"children": [42, 43, 44]
		}
	]
}