{
	"credit": "Made with Blockbench",
	"textures": {
		"1": "blocks/concrete_pink",
		"2": "blocks/concrete_powder_white"
	},
	"elements": [
		{
			"from": [7.75, 5.25, 5],
			"to": [9, 5.85, 11],
			"faces": {
				"north": {"uv": [0, 0, 1.25, 0.6], "texture": "#2"},
				"east": {"uv": [0, 0, 6, 0.6], "texture": "#2"},
				"south": {"uv": [0, 0, 1.25, 0.6], "texture": "#2"},
				"west": {"uv": [0, 0, 6, 0.6], "texture": "#2"},
				"up": {"uv": [0, 0, 1.25, 6], "texture": "#2"},
				"down": {"uv": [0, 0, 1.25, 6], "texture": "#2"}
			}
		},
		{
			"from": [7.85, 5.325, 11],
			"to": [8.9, 5.75, 11.25],
			"faces": {
				"north": {"uv": [0, 0, 1.05, 0.425], "texture": "#1"},
				"east": {"uv": [0, 0, 0.25, 0.425], "texture": "#1"},
				"south": {"uv": [0, 0, 1.05, 0.425], "texture": "#1"},
				"west": {"uv": [0, 0, 0.25, 0.425], "texture": "#1"},
				"up": {"uv": [0, 0, 1.05, 0.25], "texture": "#1"},
				"down": {"uv": [0, 0, 1.05, 0.25], "texture": "#1"}
			}
		},
		{
			"from": [7.85, 4.825, 11.25],
			"to": [8.9, 5.75, 11.75],
			"faces": {
				"north": {"uv": [0, 0, 1.05, 0.925], "texture": "#1"},
				"east": {"uv": [0, 0, 0.5, 0.925], "texture": "#1"},
				"south": {"uv": [0, 0, 1.05, 0.925], "texture": "#1"},
				"west": {"uv": [0, 0, 0.5, 0.925], "texture": "#1"},
				"up": {"uv": [0, 0, 1.05, 0.5], "texture": "#1"},
				"down": {"uv": [0, 0, 1.05, 0.5], "texture": "#1"}
			}
		},
		{
			"from": [7.75, 3.175, 11.125],
			"to": [9, 4.85, 11.875],
			"faces": {
				"north": {"uv": [0, 0, 1.25, 1.675], "texture": "#2"},
				"east": {"uv": [0, 0, 0.75, 1.675], "texture": "#2"},
				"south": {"uv": [0, 0, 1.25, 1.675], "texture": "#2"},
				"west": {"uv": [0, 0, 0.75, 1.675], "texture": "#2"},
				"up": {"uv": [0, 0, 1.25, 0.75], "texture": "#2"},
				"down": {"uv": [0, 0, 1.25, 0.75], "texture": "#2"}
			}
		},
		{
			"from": [7.85, 5.325, 4.75],
			"to": [8.9, 5.75, 5],
			"rotation": {"angle": 0, "axis": "y", "origin": [0, 0, 16]},
			"faces": {
				"north": {"uv": [1.05, 0, 0, 0.425], "texture": "#1"},
				"east": {"uv": [0.25, 0, 0, 0.425], "texture": "#1"},
				"south": {"uv": [1.05, 0, 0, 0.425], "texture": "#1"},
				"west": {"uv": [0.25, 0, 0, 0.425], "texture": "#1"},
				"up": {"uv": [0, 0.25, 1.05, 0], "texture": "#1"},
				"down": {"uv": [0, 0.25, 1.05, 0], "texture": "#1"}
			}
		},
		{
			"from": [7.85, 4.825, 4.25],
			"to": [8.9, 5.75, 4.75],
			"rotation": {"angle": 0, "axis": "y", "origin": [0, 0, 16]},
			"faces": {
				"north": {"uv": [1.05, 0, 0, 0.925], "texture": "#1"},
				"east": {"uv": [0.5, 0, 0, 0.925], "texture": "#1"},
				"south": {"uv": [1.05, 0, 0, 0.925], "texture": "#1"},
				"west": {"uv": [0.5, 0, 0, 0.925], "texture": "#1"},
				"up": {"uv": [0, 0.5, 1.05, 0], "texture": "#1"},
				"down": {"uv": [0, 0.5, 1.05, 0], "texture": "#1"}
			}
		},
		{
			"from": [7.75, 3.175, 4.125],
			"to": [9, 4.85, 4.875],
			"rotation": {"angle": 0, "axis": "y", "origin": [0, 0, 16]},
			"faces": {
				"north": {"uv": [1.25, 0, 0, 1.675], "texture": "#2"},
				"east": {"uv": [0.75, 0, 0, 1.675], "texture": "#2"},
				"south": {"uv": [1.25, 0, 0, 1.675], "texture": "#2"},
				"west": {"uv": [0.75, 0, 0, 1.675], "texture": "#2"},
				"up": {"uv": [0, 0.75, 1.25, 0], "texture": "#2"},
				"down": {"uv": [0, 0.75, 1.25, 0], "texture": "#2"}
			}
		},
		{
			"from": [7.425, 4.55, 12.725],
			"to": [10.65, 4.875, 12.925],
			"rotation": {"angle": -22.5, "axis": "z", "origin": [0, 0, 0]},
			"faces": {
				"north": {"uv": [0, 0, 3.225, 0.325], "texture": "#1"},
				"east": {"uv": [0, 0, 0.2, 0.325], "texture": "#1"},
				"south": {"uv": [0, 0, 3.225, 0.325], "texture": "#1"},
				"west": {"uv": [0, 0, 0.2, 0.325], "texture": "#1"},
				"up": {"uv": [0, 0, 3.225, 0.2], "texture": "#1"},
				"down": {"uv": [0, 0, 3.225, 0.2], "texture": "#1"}
			}
		},
		{
			"from": [10.65, 4.4, 12.725],
			"to": [11.75, 4.975, 12.925],
			"rotation": {"angle": -22.5, "axis": "z", "origin": [0, 0, 0]},
			"faces": {
				"north": {"uv": [0, 0, 1.1, 0.575], "texture": "#1"},
				"east": {"uv": [0, 0, 0.2, 0.575], "texture": "#1"},
				"south": {"uv": [0, 0, 1.1, 0.575], "texture": "#1"},
				"west": {"uv": [0, 0, 0.2, 0.575], "texture": "#1"},
				"up": {"uv": [0, 0, 1.1, 0.2], "texture": "#1"},
				"down": {"uv": [0, 0, 1.1, 0.2], "texture": "#1"}
			}
		},
		{
			"from": [7.9, 0.95, 12.725],
			"to": [8.875, 1.975, 12.975],
			"faces": {
				"north": {"uv": [0, 0, 0.975, 1.025], "texture": "#2"},
				"east": {"uv": [0, 0, 0.25, 1.025], "texture": "#2"},
				"south": {"uv": [0, 0, 0.975, 1.025], "texture": "#2"},
				"west": {"uv": [0, 0, 0.25, 1.025], "texture": "#2"},
				"up": {"uv": [0, 0, 0.975, 0.25], "texture": "#2"},
				"down": {"uv": [0, 0, 0.975, 0.25], "texture": "#2"}
			}
		},
		{
			"from": [7.65, 0.7, 12.375],
			"to": [9.125, 2.225, 12.725],
			"faces": {
				"north": {"uv": [0, 0, 1.475, 1.525], "texture": "#1"},
				"east": {"uv": [0, 0, 0.35, 1.525], "texture": "#1"},
				"south": {"uv": [0, 0, 1.475, 1.525], "texture": "#1"},
				"west": {"uv": [0, 0, 0.35, 1.525], "texture": "#1"},
				"up": {"uv": [0, 0, 1.475, 0.35], "texture": "#1"},
				"down": {"uv": [0, 0, 1.475, 0.35], "texture": "#1"}
			}
		},
		{
			"from": [9.625, 0.45, 11.525],
			"to": [9.85, 2.475, 12.375],
			"rotation": {"angle": 0, "axis": "y", "origin": [16, 0, 0]},
			"faces": {
				"north": {"uv": [0.225, 0, 0.45, 2.025], "texture": "#1"},
				"east": {"uv": [1.6, 0, 2.45, 2.025], "texture": "#1"},
				"south": {"uv": [0.225, 0, 0.45, 2.025], "texture": "#1"},
				"west": {"uv": [1.6, 0, 2.45, 2.025], "texture": "#1"},
				"up": {"uv": [0.225, 0, 0.45, 0.85], "texture": "#1"},
				"down": {"uv": [0.225, 0, 0.45, 0.85], "texture": "#1"}
			}
		},
		{
			"from": [6.925, 0.45, 10.675],
			"to": [7.15, 2.475, 11.525],
			"faces": {
				"north": {"uv": [0, 0, 0.225, 2.025], "texture": "#2"},
				"east": {"uv": [0, 0, 0.85, 2.025], "texture": "#2"},
				"south": {"uv": [0, 0, 0.225, 2.025], "texture": "#2"},
				"west": {"uv": [0, 0, 0.85, 2.025], "texture": "#2"},
				"up": {"uv": [0, 0, 0.225, 0.85], "texture": "#2"},
				"down": {"uv": [0, 0, 0.225, 0.85], "texture": "#2"}
			}
		},
		{
			"from": [7.15, 0.2, 10.675],
			"to": [9.625, 2.725, 11.525],
			"faces": {
				"north": {"uv": [0, 0, 2.475, 2.525], "texture": "#2"},
				"east": {"uv": [0, 0, 0.85, 2.525], "texture": "#2"},
				"south": {"uv": [0, 0, 2.475, 2.525], "texture": "#2"},
				"west": {"uv": [0, 0, 0.85, 2.525], "texture": "#2"},
				"up": {"uv": [0, 0, 2.475, 0.85], "texture": "#2"},
				"down": {"uv": [0, 0, 2.475, 0.85], "texture": "#2"}
			}
		},
		{
			"from": [9.625, 0.45, 10.675],
			"to": [9.85, 2.475, 11.525],
			"rotation": {"angle": 0, "axis": "y", "origin": [16, 0, 0]},
			"faces": {
				"north": {"uv": [0.225, 0, 0.45, 2.025], "texture": "#2"},
				"east": {"uv": [1.6, 0, 2.45, 2.025], "texture": "#2"},
				"south": {"uv": [0.225, 0, 0.45, 2.025], "texture": "#2"},
				"west": {"uv": [1.6, 0, 2.45, 2.025], "texture": "#2"},
				"up": {"uv": [0.225, 0, 0.45, 0.85], "texture": "#2"},
				"down": {"uv": [0.225, 0, 0.45, 0.85], "texture": "#2"}
			}
		},
		{
			"from": [7.15, 0.2, 11.525],
			"to": [9.625, 2.725, 12.375],
			"faces": {
				"north": {"uv": [0, 0, 2.475, 2.525], "texture": "#1"},
				"east": {"uv": [0, 0, 0.85, 2.525], "texture": "#1"},
				"south": {"uv": [0, 0, 2.475, 2.525], "texture": "#1"},
				"west": {"uv": [0, 0, 0.85, 2.525], "texture": "#1"},
				"up": {"uv": [0, 0, 2.475, 0.85], "texture": "#1"},
				"down": {"uv": [0, 0, 2.475, 0.85], "texture": "#1"}
			}
		},
		{
			"from": [7.65, 2.725, 11.025],
			"to": [9.125, 3.2, 11.975],
			"faces": {
				"north": {"uv": [0, 0, 1.475, 0.475], "texture": "#2"},
				"east": {"uv": [0, 0, 0.95, 0.475], "texture": "#2"},
				"south": {"uv": [0, 0, 1.475, 0.475], "texture": "#2"},
				"west": {"uv": [0, 0, 0.95, 0.475], "texture": "#2"},
				"up": {"uv": [0, 0, 1.475, 0.95], "texture": "#2"},
				"down": {"uv": [0, 0, 1.475, 0.95], "texture": "#2"}
			}
		},
		{
			"from": [6.925, 0.45, 11.525],
			"to": [7.15, 2.475, 12.375],
			"faces": {
				"north": {"uv": [0, 0, 0.225, 2.025], "texture": "#1"},
				"east": {"uv": [0, 0, 0.85, 2.025], "texture": "#1"},
				"south": {"uv": [0, 0, 0.225, 2.025], "texture": "#1"},
				"west": {"uv": [0, 0, 0.85, 2.025], "texture": "#1"},
				"up": {"uv": [0, 0, 0.225, 0.85], "texture": "#1"},
				"down": {"uv": [0, 0, 0.225, 0.85], "texture": "#1"}
			}
		},
		{
			"from": [6.925, 0.45, 3.625],
			"to": [7.15, 2.475, 4.475],
			"rotation": {"angle": 0, "axis": "y", "origin": [0, 0, 16]},
			"faces": {
				"north": {"uv": [0.225, 0, 0.45, 2.025], "texture": "#1"},
				"east": {"uv": [1.6, 0, 2.45, 2.025], "texture": "#1"},
				"south": {"uv": [0.225, 0, 0.45, 2.025], "texture": "#1"},
				"west": {"uv": [1.6, 0, 2.45, 2.025], "texture": "#1"},
				"up": {"uv": [0, 1.6, 0.225, 2.45], "texture": "#1"},
				"down": {"uv": [0, 1.6, 0.225, 2.45], "texture": "#1"}
			}
		},
		{
			"from": [7.15, 0.2, 3.625],
			"to": [9.625, 2.725, 4.475],
			"rotation": {"angle": 0, "axis": "y", "origin": [0, 0, 16]},
			"faces": {
				"north": {"uv": [2.475, 0, 4.95, 2.525], "texture": "#1"},
				"east": {"uv": [1.6, 0, 2.45, 2.525], "texture": "#1"},
				"south": {"uv": [2.475, 0, 4.95, 2.525], "texture": "#1"},
				"west": {"uv": [1.6, 0, 2.45, 2.525], "texture": "#1"},
				"up": {"uv": [0, 1.6, 2.475, 2.45], "texture": "#1"},
				"down": {"uv": [0, 1.6, 2.475, 2.45], "texture": "#1"}
			}
		},
		{
			"from": [7.65, 0.7, 3.275],
			"to": [9.125, 2.225, 3.625],
			"rotation": {"angle": 0, "axis": "y", "origin": [0, 0, 16]},
			"faces": {
				"north": {"uv": [1.475, 0, 0, 1.525], "texture": "#1"},
				"east": {"uv": [0.35, 0, 0, 1.525], "texture": "#1"},
				"south": {"uv": [1.475, 0, 0, 1.525], "texture": "#1"},
				"west": {"uv": [0.35, 0, 0, 1.525], "texture": "#1"},
				"up": {"uv": [0, 0.35, 1.475, 0], "texture": "#1"},
				"down": {"uv": [0, 0.35, 1.475, 0], "texture": "#1"}
			}
		},
		{
			"from": [7.9, 0.95, 3.025],
			"to": [8.875, 1.975, 3.275],
			"rotation": {"angle": 0, "axis": "y", "origin": [0, 0, 16]},
			"faces": {
				"north": {"uv": [0.975, 0, 0, 1.025], "texture": "#2"},
				"east": {"uv": [0.25, 0, 0, 1.025], "texture": "#2"},
				"south": {"uv": [0.975, 0, 0, 1.025], "texture": "#2"},
				"west": {"uv": [0.25, 0, 0, 1.025], "texture": "#2"},
				"up": {"uv": [0, 0.25, 0.975, 0], "texture": "#2"},
				"down": {"uv": [0, 0.25, 0.975, 0], "texture": "#2"}
			}
		},
		{
			"from": [9.625, 0.45, 3.625],
			"to": [9.85, 2.475, 4.475],
			"rotation": {"angle": 0, "axis": "y", "origin": [16, 0, 16]},
			"faces": {
				"north": {"uv": [0.45, 0, 0.675, 2.025], "texture": "#1"},
				"east": {"uv": [3.2, 0, 4.05, 2.025], "texture": "#1"},
				"south": {"uv": [0.45, 0, 0.675, 2.025], "texture": "#1"},
				"west": {"uv": [3.2, 0, 4.05, 2.025], "texture": "#1"},
				"up": {"uv": [0.225, 1.6, 0.45, 2.45], "texture": "#1"},
				"down": {"uv": [0.225, 1.6, 0.45, 2.45], "texture": "#1"}
			}
		},
		{
			"from": [6.925, 0.45, 4.475],
			"to": [7.15, 2.475, 5.325],
			"rotation": {"angle": 0, "axis": "y", "origin": [0, 0, 16]},
			"faces": {
				"north": {"uv": [0.225, 0, 0.45, 2.025], "texture": "#2"},
				"east": {"uv": [1.6, 0, 2.45, 2.025], "texture": "#2"},
				"south": {"uv": [0.225, 0, 0.45, 2.025], "texture": "#2"},
				"west": {"uv": [1.6, 0, 2.45, 2.025], "texture": "#2"},
				"up": {"uv": [0, 1.6, 0.225, 2.45], "texture": "#2"},
				"down": {"uv": [0, 1.6, 0.225, 2.45], "texture": "#2"}
			}
		},
		{
			"from": [7.15, 0.2, 4.475],
			"to": [9.625, 2.725, 5.325],
			"rotation": {"angle": 0, "axis": "y", "origin": [0, 0, 16]},
			"faces": {
				"north": {"uv": [2.475, 0, 4.95, 2.525], "texture": "#2"},
				"east": {"uv": [1.6, 0, 2.45, 2.525], "texture": "#2"},
				"south": {"uv": [2.475, 0, 4.95, 2.525], "texture": "#2"},
				"west": {"uv": [1.6, 0, 2.45, 2.525], "texture": "#2"},
				"up": {"uv": [0, 1.6, 2.475, 2.45], "texture": "#2"},
				"down": {"uv": [0, 1.6, 2.475, 2.45], "texture": "#2"}
			}
		},
		{
			"from": [9.625, 0.45, 4.475],
			"to": [9.85, 2.475, 5.325],
			"rotation": {"angle": 0, "axis": "y", "origin": [16, 0, 16]},
			"faces": {
				"north": {"uv": [0.45, 0, 0.675, 2.025], "texture": "#2"},
				"east": {"uv": [3.2, 0, 4.05, 2.025], "texture": "#2"},
				"south": {"uv": [0.45, 0, 0.675, 2.025], "texture": "#2"},
				"west": {"uv": [3.2, 0, 4.05, 2.025], "texture": "#2"},
				"up": {"uv": [0.225, 1.6, 0.45, 2.45], "texture": "#2"},
				"down": {"uv": [0.225, 1.6, 0.45, 2.45], "texture": "#2"}
			}
		},
		{
			"from": [7.65, 2.725, 4.025],
			"to": [9.125, 3.2, 4.975],
			"rotation": {"angle": 0, "axis": "y", "origin": [0, 0, 16]},
			"faces": {
				"north": {"uv": [1.475, 0, 0, 0.475], "texture": "#2"},
				"east": {"uv": [0.95, 0, 0, 0.475], "texture": "#2"},
				"south": {"uv": [1.475, 0, 0, 0.475], "texture": "#2"},
				"west": {"uv": [0.95, 0, 0, 0.475], "texture": "#2"},
				"up": {"uv": [0, 0.95, 1.475, 0], "texture": "#2"},
				"down": {"uv": [0, 0.95, 1.475, 0], "texture": "#2"}
			}
		},
		{
			"from": [7.97, 5.809, 10.11431],
			"to": [8.75, 6.433, 10.37431],
			"rotation": {"angle": 0, "axis": "y", "origin": [-0.35, -0.275, -0.80569]},
			"faces": {
				"north": {"uv": [0, 0, 2, 2], "texture": "#2"},
				"east": {"uv": [0, 0, 2, 2], "texture": "#2"},
				"south": {"uv": [0, 0, 2, 2], "texture": "#2"},
				"west": {"uv": [0, 0, 2, 2], "texture": "#2"},
				"up": {"uv": [0, 0, 2, 2], "texture": "#2"},
				"down": {"uv": [0, 0, 2, 2], "texture": "#2"}
			}
		},
		{
			"from": [7.97, 2.61772, 13.29358],
			"to": [8.75, 3.50172, 13.55358],
			"rotation": {"angle": -22.5, "axis": "x", "origin": [-0.35, -3.46628, 2.37358]},
			"faces": {
				"north": {"uv": [0, 0, 2, 2], "texture": "#2"},
				"east": {"uv": [0, 0, 2, 2], "texture": "#2"},
				"south": {"uv": [0, 0, 2, 2], "texture": "#2"},
				"west": {"uv": [0, 0, 2, 2], "texture": "#2"},
				"up": {"uv": [0, 0, 2, 2], "texture": "#2"},
				"down": {"uv": [0, 0, 2, 2], "texture": "#2"}
			}
		},
		{
			"from": [7.97, 1.40798, 18.03284],
			"to": [8.75, 1.92798, 18.29284],
			"rotation": {"angle": -45, "axis": "x", "origin": [-0.35, -5.63802, 7.11284]},
			"faces": {
				"north": {"uv": [0, 0, 2, 2], "texture": "#2"},
				"east": {"uv": [0, 0, 2, 2], "texture": "#2"},
				"south": {"uv": [0, 0, 2, 2], "texture": "#2"},
				"west": {"uv": [0, 0, 2, 2], "texture": "#2"},
				"up": {"uv": [0, 0, 2, 2], "texture": "#2"},
				"down": {"uv": [0, 0, 2, 2], "texture": "#2"}
			}
		},
		{
			"from": [7.97, 1.40798, 1.0438],
			"to": [8.75, 1.92798, 1.3038],
			"rotation": {"angle": 45, "axis": "x", "origin": [-0.35, -5.63802, 12.2238]},
			"faces": {
				"north": {"uv": [0.75, 0, 2, 2], "texture": "#2"},
				"east": {"uv": [0.75, 0, 2, 2], "texture": "#2"},
				"south": {"uv": [0.75, 0, 2, 2], "texture": "#2"},
				"west": {"uv": [0.75, 0, 2, 2], "texture": "#2"},
				"up": {"uv": [0.75, 0, 2, 2], "texture": "#2"},
				"down": {"uv": [0.75, 0, 2, 2], "texture": "#2"}
			}
		},
		{
			"from": [7.97, 2.61772, 5.78306],
			"to": [8.75, 3.50172, 6.04306],
			"rotation": {"angle": 22.5, "axis": "x", "origin": [-0.35, -3.46628, 16.96306]},
			"faces": {
				"north": {"uv": [0.75, 0, 2, 2], "texture": "#2"},
				"east": {"uv": [0.75, 0, 2, 2], "texture": "#2"},
				"south": {"uv": [0.75, 0, 2, 2], "texture": "#2"},
				"west": {"uv": [0.75, 0, 2, 2], "texture": "#2"},
				"up": {"uv": [0.75, 0, 2, 2], "texture": "#2"},
				"down": {"uv": [0.75, 0, 2, 2], "texture": "#2"}
			}
		},
		{
			"from": [7.97, 5.809, 8.96233],
			"to": [8.75, 6.433, 9.22233],
			"rotation": {"angle": 0, "axis": "y", "origin": [-0.35, -0.275, 20.14233]},
			"faces": {
				"north": {"uv": [0.75, 0, 2, 2], "texture": "#2"},
				"east": {"uv": [0.75, 0, 2, 2], "texture": "#2"},
				"south": {"uv": [0.75, 0, 2, 2], "texture": "#2"},
				"west": {"uv": [0.75, 0, 2, 2], "texture": "#2"},
				"up": {"uv": [0.75, 0, 2, 2], "texture": "#2"},
				"down": {"uv": [0.75, 0, 2, 2], "texture": "#2"}
			}
		},
		{
			"from": [8.126, 7.057, 9.45633],
			"to": [8.646, 7.395, 9.87233],
			"rotation": {"angle": 0, "axis": "y", "origin": [-0.35, -0.275, 20.14233]},
			"faces": {
				"north": {"uv": [0.75, 0, 1.25, 0.325], "texture": "#1"},
				"east": {"uv": [0.25, 0, 0.65, 0.325], "texture": "#1"},
				"south": {"uv": [0.75, 0, 1.25, 0.325], "texture": "#1"},
				"west": {"uv": [0.25, 0, 0.65, 0.325], "texture": "#1"},
				"up": {"uv": [0, 0.25, 0.5, 0.65], "texture": "#1"},
				"down": {"uv": [0, 0.25, 0.5, 0.65], "texture": "#1"}
			}
		},
		{
			"from": [8.126, 6.433, 9.24833],
			"to": [8.646, 7.057, 10.08033],
			"rotation": {"angle": 0, "axis": "y", "origin": [-0.35, -0.275, 20.14233]},
			"faces": {
				"north": {"uv": [0.75, 0, 1.25, 0.6], "texture": "#1"},
				"east": {"uv": [0.25, 0, 1.05, 0.6], "texture": "#1"},
				"south": {"uv": [0.75, 0, 1.25, 0.6], "texture": "#1"},
				"west": {"uv": [0.25, 0, 1.05, 0.6], "texture": "#1"},
				"up": {"uv": [0, 0.25, 0.5, 1.05], "texture": "#1"},
				"down": {"uv": [0, 0.25, 0.5, 1.05], "texture": "#1"}
			}
		},
		{
			"from": [8.126, 5.809, 9.22233],
			"to": [8.646, 6.433, 10.26233],
			"rotation": {"angle": 0, "axis": "y", "origin": [-0.35, -0.275, 20.14233]},
			"faces": {
				"north": {"uv": [0.75, 0, 1.25, 0.6], "texture": "#1"},
				"east": {"uv": [0.25, 0, 1.25, 0.6], "texture": "#1"},
				"south": {"uv": [0.75, 0, 1.25, 0.6], "texture": "#1"},
				"west": {"uv": [0.25, 0, 1.25, 0.6], "texture": "#1"},
				"up": {"uv": [0, 0.25, 0.5, 1.25], "texture": "#1"},
				"down": {"uv": [0, 0.25, 0.5, 1.25], "texture": "#1"}
			}
		},
		{
			"from": [8.126, 7.057, 6.12767],
			"to": [8.646, 7.395, 6.54367],
			"rotation": {"angle": 0, "axis": "y", "origin": [-0.35, -0.275, -4.14233]},
			"faces": {
				"north": {"uv": [1.25, 0, 0.75, 0.325], "texture": "#1"},
				"east": {"uv": [0.65, 0, 0.25, 0.325], "texture": "#1"},
				"south": {"uv": [1.25, 0, 0.75, 0.325], "texture": "#1"},
				"west": {"uv": [0.65, 0, 0.25, 0.325], "texture": "#1"},
				"up": {"uv": [0, 0.65, 0.5, 0.25], "texture": "#1"},
				"down": {"uv": [0, 0.65, 0.5, 0.25], "texture": "#1"}
			}
		},
		{
			"from": [8.126, 6.433, 5.91967],
			"to": [8.646, 7.057, 6.75167],
			"rotation": {"angle": 0, "axis": "y", "origin": [-0.35, -0.275, -4.14233]},
			"faces": {
				"north": {"uv": [1.25, 0, 0.75, 0.6], "texture": "#1"},
				"east": {"uv": [1.05, 0, 0.25, 0.6], "texture": "#1"},
				"south": {"uv": [1.25, 0, 0.75, 0.6], "texture": "#1"},
				"west": {"uv": [1.05, 0, 0.25, 0.6], "texture": "#1"},
				"up": {"uv": [0, 1.05, 0.5, 0.25], "texture": "#1"},
				"down": {"uv": [0, 1.05, 0.5, 0.25], "texture": "#1"}
			}
		},
		{
			"from": [8.126, 5.809, 5.73767],
			"to": [8.646, 6.433, 6.77767],
			"rotation": {"angle": 0, "axis": "y", "origin": [-0.35, -0.275, -4.14233]},
			"faces": {
				"north": {"uv": [1.25, 0, 0.75, 0.6], "texture": "#1"},
				"east": {"uv": [1.25, 0, 0.25, 0.6], "texture": "#1"},
				"south": {"uv": [1.25, 0, 0.75, 0.6], "texture": "#1"},
				"west": {"uv": [1.25, 0, 0.25, 0.6], "texture": "#1"},
				"up": {"uv": [0, 1.25, 0.5, 0.25], "texture": "#1"},
				"down": {"uv": [0, 1.25, 0.5, 0.25], "texture": "#1"}
			}
		},
		{
			"from": [7.97, 5.809, 5.62569],
			"to": [8.75, 6.433, 5.88569],
			"rotation": {"angle": 0, "axis": "y", "origin": [-0.35, -0.275, 16.80569]},
			"faces": {
				"north": {"uv": [0.75, 0, 0, 0.6], "texture": "#2"},
				"east": {"uv": [0.25, 0, 0, 0.6], "texture": "#2"},
				"south": {"uv": [0.75, 0, 0, 0.6], "texture": "#2"},
				"west": {"uv": [0.25, 0, 0, 0.6], "texture": "#2"},
				"up": {"uv": [0, 0.25, 0.75, 0], "texture": "#2"},
				"down": {"uv": [0, 0.25, 0.75, 0], "texture": "#2"}
			}
		},
		{
			"from": [7.97, 2.61772, 2.44642],
			"to": [8.75, 3.50172, 2.70642],
			"rotation": {"angle": 22.5, "axis": "x", "origin": [-0.35, -3.46628, 13.62642]},
			"faces": {
				"north": {"uv": [0.75, 0, 0, 0.85], "texture": "#2"},
				"east": {"uv": [0.25, 0, 0, 0.85], "texture": "#2"},
				"south": {"uv": [0.75, 0, 0, 0.85], "texture": "#2"},
				"west": {"uv": [0.25, 0, 0, 0.85], "texture": "#2"},
				"up": {"uv": [0, 0.25, 0.75, 0], "texture": "#2"},
				"down": {"uv": [0, 0.25, 0.75, 0], "texture": "#2"}
			}
		},
		{
			"from": [7.97, 1.40798, -2.29284],
			"to": [8.75, 1.92798, -2.03284],
			"rotation": {"angle": 45, "axis": "x", "origin": [-0.35, -5.63802, 8.88716]},
			"faces": {
				"north": {"uv": [0.75, 0, 0, 0.5], "texture": "#2"},
				"east": {"uv": [0.25, 0, 0, 0.5], "texture": "#2"},
				"south": {"uv": [0.75, 0, 0, 0.5], "texture": "#2"},
				"west": {"uv": [0.25, 0, 0, 0.5], "texture": "#2"},
				"up": {"uv": [0, 0.25, 0.75, 0], "texture": "#2"},
				"down": {"uv": [0, 0.25, 0.75, 0], "texture": "#2"}
			}
		},
		{
			"from": [7.97, 1.40798, 14.6962],
			"to": [8.75, 1.92798, 14.9562],
			"rotation": {"angle": -45, "axis": "x", "origin": [-0.35, -5.63802, 3.7762]},
			"faces": {
				"north": {"uv": [1.5, 0, 0.75, 0.5], "texture": "#2"},
				"east": {"uv": [0.5, 0, 0.25, 0.5], "texture": "#2"},
				"south": {"uv": [1.5, 0, 0.75, 0.5], "texture": "#2"},
				"west": {"uv": [0.5, 0, 0.25, 0.5], "texture": "#2"},
				"up": {"uv": [0, 0.5, 0.75, 0.25], "texture": "#2"},
				"down": {"uv": [0, 0.5, 0.75, 0.25], "texture": "#2"}
			}
		},
		{
			"from": [7.97, 2.61772, 9.95694],
			"to": [8.75, 3.50172, 10.21694],
			"rotation": {"angle": -22.5, "axis": "x", "origin": [-0.35, -3.46628, -0.96306]},
			"faces": {
				"north": {"uv": [1.5, 0, 0.75, 0.85], "texture": "#2"},
				"east": {"uv": [0.5, 0, 0.25, 0.85], "texture": "#2"},
				"south": {"uv": [1.5, 0, 0.75, 0.85], "texture": "#2"},
				"west": {"uv": [0.5, 0, 0.25, 0.85], "texture": "#2"},
				"up": {"uv": [0, 0.5, 0.75, 0.25], "texture": "#2"},
				"down": {"uv": [0, 0.5, 0.75, 0.25], "texture": "#2"}
			}
		},
		{
			"from": [7.97, 5.809, 6.77767],
			"to": [8.75, 6.433, 7.03767],
			"rotation": {"angle": 0, "axis": "y", "origin": [-0.35, -0.275, -4.14233]},
			"faces": {
				"north": {"uv": [1.5, 0, 0.75, 0.6], "texture": "#2"},
				"east": {"uv": [0.5, 0, 0.25, 0.6], "texture": "#2"},
				"south": {"uv": [1.5, 0, 0.75, 0.6], "texture": "#2"},
				"west": {"uv": [0.5, 0, 0.25, 0.6], "texture": "#2"},
				"up": {"uv": [0, 0.5, 0.75, 0.25], "texture": "#2"},
				"down": {"uv": [0, 0.5, 0.75, 0.25], "texture": "#2"}
			}
		},
		{
			"from": [10.825, 4.525, 12.525],
			"to": [11.575, 4.875, 12.725],
			"rotation": {"angle": -22.5, "axis": "z", "origin": [0, 0, 0]},
			"faces": {
				"north": {"uv": [0, 0, 0.75, 0.35], "texture": "#2"},
				"east": {"uv": [0, 0, 0.2, 0.35], "texture": "#2"},
				"south": {"uv": [0, 0, 0.75, 0.35], "texture": "#2"},
				"west": {"uv": [0, 0, 0.2, 0.35], "texture": "#2"},
				"up": {"uv": [0, 0, 0.75, 0.2], "texture": "#2"},
				"down": {"uv": [0, 0, 0.75, 0.2], "texture": "#2"}
			}
		}
	],
	"display": {
		"thirdperson_righthand": {
			"rotation": [63.75, 0, 0],
			"translation": [0, -1.25, 2.5]
		},
		"thirdperson_lefthand": {
			"rotation": [63.75, 0, 0],
			"translation": [0, -1.25, 2.5]
		},
		"firstperson_righthand": {
			"rotation": [0, 31.5, 0],
			"translation": [0, 5.75, 0]
		},
		"firstperson_lefthand": {
			"rotation": [0, 31.5, 0],
			"translation": [0, 5.75, 0]
		},
		"ground": {
			"translation": [0, 5.75, 0]
		},
		"gui": {
			"rotation": [31.25, -53.5, 0],
			"translation": [-0.5, 8.25, 1],
			"scale": [1.8, 1.8, 1.8]
		},
		"head": {
			"rotation": [0, 90, 0],
			"translation": [0, 12.25, 0],
			"scale": [2, 2, 2]
		},
		"fixed": {
			"rotation": [0, 90, 0],
			"translation": [0, 10.25, 0],
			"scale": [2, 2, 2]
		}
	},
	"groups": [
		0,
		1,
		2,
		3,
		4,
		5,
		6,
		7,
		8,
		{
			"name": "group",
			"origin": [0, 0, 16],
			"color": 0,
			"nbt": "{}",
			"armAnimationEnabled": false,
			"children": [9, 10, 11, 12, 13, 14, 15, 16, 17, 18, 19, 20, 21, 22, 23, 24, 25, 26]
		},
		{
			"name": "group",
			"origin": [0, 0, 20.14233],
			"color": 0,
			"nbt": "{}",
			"armAnimationEnabled": false,
			"children": [27, 28, 29, 30, 31, 32]
		},
		{
			"name": "group",
			"origin": [0, 0, 20.14233],
			"color": 0,
			"nbt": "{}",
			"armAnimationEnabled": false,
			"children": [33, 34, 35]
		},
		{
			"name": "group",
			"origin": [0, 0, 20.14233],
			"color": 0,
			"nbt": "{}",
			"armAnimationEnabled": false,
			"children": [36, 37, 38]
		},
		{
			"name": "group",
			"origin": [0, 0, 20.14233],
			"color": 0,
			"nbt": "{}",
			"armAnimationEnabled": false,
			"children": [39, 40, 41, 42, 43, 44]
		},
		45
	]
}