{
	"credit": "Made with Blockbench",
	"textures": {
		"0": "items/ma_hat_01",
		"particle": "ma_hat_01"
	},
	"elements": [
		{
			"from": [-0.375, 8, -0.375],
			"to": [16.375, 10, 16.375],
			"rotation": {"angle": 0, "axis": "y", "origin": [8, 8.5, 8]},
			"faces": {
				"north": {"uv": [0, 0, 5, 5], "texture": "#0"},
				"east": {"uv": [0, 0, 5, 5], "texture": "#0"},
				"south": {"uv": [0, 0, 5, 5], "texture": "#0"},
				"west": {"uv": [0, 0, 5, 5], "texture": "#0"},
				"up": {"uv": [0, 0, 5, 5], "texture": "#0"},
				"down": {"uv": [0, 0, 5, 5], "texture": "#0"}
			}
		},
		{
			"from": [15.88765, 8.45007, -0.375],
			"to": [18.63765, 10.45007, 16.375],
			"rotation": {"angle": 22.5, "axis": "z", "origin": [17.26265, 9.45007, 8]},
			"faces": {
				"north": {"uv": [0, 0, 5, 5], "texture": "#0"},
				"east": {"uv": [0, 0, 5, 5], "texture": "#0"},
				"south": {"uv": [0, 0, 5, 5], "texture": "#0"},
				"west": {"uv": [0, 0, 5, 5], "texture": "#0"},
				"up": {"uv": [0, 0, 5, 5], "texture": "#0"},
				"down": {"uv": [0, 0, 5, 5], "texture": "#0"}
			}
		},
		{
			"from": [-2.63765, 8.45007, -0.375],
			"to": [0.11235, 10.45007, 16.375],
			"rotation": {"angle": -22.5, "axis": "z", "origin": [-1.26265, 9.45007, 8]},
			"faces": {
				"north": {"uv": [0, 0, 5, 5], "texture": "#0"},
				"east": {"uv": [0, 0, 5, 5], "texture": "#0"},
				"south": {"uv": [0, 0, 5, 5], "texture": "#0"},
				"west": {"uv": [0, 0, 5, 5], "texture": "#0"},
				"up": {"uv": [0, 0, 5, 5], "texture": "#0"},
				"down": {"uv": [0, 0, 5, 5], "texture": "#0"}
			}
		},
		{
			"from": [-0.375, 4.90541, 15.18257],
			"to": [16.375, 6.90541, 17.93257],
			"rotation": {"angle": -22.5, "axis": "x", "origin": [8, 9.45007, 8]},
			"faces": {
				"north": {"uv": [0, 0, 5, 5], "rotation": 90, "texture": "#0"},
				"east": {"uv": [0, 0, 5, 5], "rotation": 90, "texture": "#0"},
				"south": {"uv": [0, 0, 5, 5], "rotation": 90, "texture": "#0"},
				"west": {"uv": [0, 0, 5, 5], "rotation": 90, "texture": "#0"},
				"up": {"uv": [0, 0, 5, 5], "rotation": 90, "texture": "#0"},
				"down": {"uv": [0, 0, 5, 5], "rotation": 90, "texture": "#0"}
			}
		},
		{
			"from": [-0.375, 4.90541, -1.93257],
			"to": [16.375, 6.90541, 0.81743],
			"rotation": {"angle": 22.5, "axis": "x", "origin": [8, 9.45007, 8]},
			"faces": {
				"north": {"uv": [0, 0, 5, 5], "rotation": 90, "texture": "#0"},
				"east": {"uv": [0, 0, 5, 5], "rotation": 90, "texture": "#0"},
				"south": {"uv": [0, 0, 5, 5], "rotation": 90, "texture": "#0"},
				"west": {"uv": [0, 0, 5, 5], "rotation": 90, "texture": "#0"},
				"up": {"uv": [0, 0, 5, 5], "rotation": 90, "texture": "#0"},
				"down": {"uv": [0, 0, 5, 5], "rotation": 90, "texture": "#0"}
			}
		},
		{
			"from": [15.88765, 8.45007, -0.375],
			"to": [18.63765, 10.45007, 16.375],
			"rotation": {"angle": 22.5, "axis": "z", "origin": [17.26265, 9.45007, 8]},
			"faces": {
				"north": {"uv": [0, 0, 5, 5], "texture": "#0"},
				"east": {"uv": [0, 0, 5, 5], "texture": "#0"},
				"south": {"uv": [0, 0, 5, 5], "texture": "#0"},
				"west": {"uv": [0, 0, 5, 5], "texture": "#0"},
				"up": {"uv": [0, 0, 5, 5], "texture": "#0"},
				"down": {"uv": [0, 0, 5, 5], "texture": "#0"}
			}
		},
		{
			"from": [0.75, 10, 0.75],
			"to": [15.25, 14.25, 15.25],
			"rotation": {"angle": 0, "axis": "y", "origin": [8, 8.5, 8]},
			"faces": {
				"north": {"uv": [0, 0, 5, 5], "texture": "#0"},
				"east": {"uv": [0, 0, 5, 5], "texture": "#0"},
				"south": {"uv": [0, 0, 5, 5], "texture": "#0"},
				"west": {"uv": [0, 0, 5, 5], "texture": "#0"},
				"up": {"uv": [0, 0, 5, 5], "texture": "#0"},
				"down": {"uv": [0, 0, 5, 5], "texture": "#0"}
			}
		},
		{
			"from": [1.75, 11, 2.75],
			"to": [14.25, 18, 15.25],
			"rotation": {"angle": 22.5, "axis": "x", "origin": [8, 15.875, 8]},
			"faces": {
				"north": {"uv": [0, 0, 5, 5], "texture": "#0"},
				"east": {"uv": [0, 0, 5, 5], "texture": "#0"},
				"south": {"uv": [0, 0, 5, 5], "texture": "#0"},
				"west": {"uv": [0, 0, 5, 5], "texture": "#0"},
				"up": {"uv": [0, 0, 5, 5], "texture": "#0"},
				"down": {"uv": [0, 0, 5, 5], "texture": "#0"}
			}
		},
		{
			"from": [3.25, 14.4175, 5.42842],
			"to": [12.75, 21.4175, 14.92842],
			"rotation": {"angle": 45, "axis": "x", "origin": [8, 17.9175, 9.92842]},
			"faces": {
				"north": {"uv": [0, 0, 5, 5], "texture": "#0"},
				"east": {"uv": [0, 0, 5, 5], "texture": "#0"},
				"south": {"uv": [0, 0, 5, 5], "texture": "#0"},
				"west": {"uv": [0, 0, 5, 5], "texture": "#0"},
				"up": {"uv": [0, 0, 5, 5], "texture": "#0"},
				"down": {"uv": [0, 0, 5, 5], "texture": "#0"}
			}
		},
		{
			"from": [4.75, 16.6727, 9.78718],
			"to": [11.25, 22.6727, 16.78718],
			"rotation": {"angle": -22.5, "axis": "x", "origin": [8, 20.9227, 13.28718]},
			"faces": {
				"north": {"uv": [0, 0, 5, 5], "rotation": 180, "texture": "#0"},
				"east": {"uv": [0, 0, 5, 5], "rotation": 180, "texture": "#0"},
				"south": {"uv": [0, 0, 5, 5], "rotation": 180, "texture": "#0"},
				"west": {"uv": [0, 0, 5, 5], "rotation": 180, "texture": "#0"},
				"up": {"uv": [0, 0, 5, 5], "rotation": 180, "texture": "#0"},
				"down": {"uv": [0, 0, 5, 5], "rotation": 180, "texture": "#0"}
			}
		},
		{
			"from": [5.25, 11, 0],
			"to": [10.75, 13.25, 1.25],
			"rotation": {"angle": 0, "axis": "y", "origin": [8, 8.5, 8]},
			"faces": {
				"north": {"uv": [9, 1, 14, 4], "texture": "#0"},
				"east": {"uv": [9, 1, 10, 4], "texture": "#0"},
				"south": {"uv": [9, 1, 14, 2], "texture": "#0"},
				"west": {"uv": [9, 1, 10, 4], "texture": "#0"},
				"up": {"uv": [9, 1, 14, 2], "texture": "#0"},
				"down": {"uv": [9, 1, 14, 2], "texture": "#0"}
			}
		},
		{
			"from": [0.7, 12.5, 5],
			"to": [0.7, 20.75, 19.5],
			"rotation": {"angle": -22.5, "axis": "x", "origin": [0.725, 14.875, 12.25]},
			"faces": {
				"north": {"uv": [0, 6, 0, 6], "texture": "#0"},
				"east": {"uv": [16, 6, 2, 16], "texture": "#0"},
				"south": {"uv": [0, 6, 0, 6], "texture": "#0"},
				"west": {"uv": [2, 6, 16, 16], "texture": "#0"},
				"up": {"uv": [0, 6, 0, 6], "texture": "#0"},
				"down": {"uv": [0, 6, 0, 6], "texture": "#0"}
			}
		},
		{
			"from": [0.725, 9.82612, 7.13268],
			"to": [0.725, 14.57612, 18.13268],
			"rotation": {"angle": 0, "axis": "y", "origin": [0.725, 13.95112, 12.63268]},
			"faces": {
				"north": {"uv": [0, 6, 0, 6], "texture": "#0"},
				"east": {"uv": [16, 6, 2, 16], "texture": "#0"},
				"south": {"uv": [0, 6, 0, 6], "texture": "#0"},
				"west": {"uv": [2, 6, 16, 16], "texture": "#0"},
				"up": {"uv": [0, 6, 0, 6], "texture": "#0"},
				"down": {"uv": [0, 6, 0, 6], "texture": "#0"}
			}
		}
	],
	"display": {
		"thirdperson_righthand": {
			"rotation": [57.96, 32.74, -15.82],
			"translation": [-0.25, 0, -1],
			"scale": [0.35, 0.35, 0.35]
		},
		"thirdperson_lefthand": {
			"rotation": [57.96, 32.74, -15.82],
			"translation": [-0.25, 0, -1],
			"scale": [0.35, 0.35, 0.35]
		},
		"firstperson_righthand": {
			"rotation": [-180, 67, -180],
			"translation": [4.5, -1.5, -4.25],
			"scale": [0.5, 0.5, 0.5]
		},
		"firstperson_lefthand": {
			"rotation": [-180, 67, -180],
			"translation": [4.5, -1.5, -4.25],
			"scale": [0.5, 0.5, 0.5]
		},
		"ground": {
			"scale": [0.6, 0.6, 0.6]
		},
		"gui": {
			"rotation": [-168.5, 33, -180],
			"translation": [0, -5.25, 1],
			"scale": [0.8, 0.8, 0.8]
		},
		"head": {
			"translation": [0, 1, 0]
		},
		"fixed": {
			"translation": [0, -2.25, 0]
		}
	},
	"groups": [
		{
			"name": "group",
			"origin": [8, 8.5, 8],
			"color": 0,
			"nbt": "{}",
			"armAnimationEnabled": false,
			"children": [0, 1, 2, 3, 4, 5, 6, 7, 8, 9, 10]
		},
		11,
		12
	]
}