{
	"credit": "Made with Blockbench",
	"textures": {
		"n_hat": "items/n_hat"
	},
	"elements": [
		{
			"name": "Voxels",
			"from": [3.55, 10, 7.4],
			"to": [4.55, 10.5, 7.9],
			"faces": {
				"north": {"uv": [15.625, 11.5, 15.125, 11.75], "texture": "#n_hat"},
				"east": {"uv": [15.25, 10, 15, 10.25], "texture": "#n_hat"},
				"south": {"uv": [14.625, 11.25, 15.125, 11.5], "texture": "#n_hat"},
				"west": {"uv": [15.25, 10, 15.5, 10.25], "texture": "#n_hat"},
				"up": {"uv": [10.125, 9.5, 10.625, 9.25], "texture": "#n_hat"},
				"down": {"uv": [15.125, 11.25, 15.625, 11.5], "texture": "#n_hat"}
			}
		},
		{
			"name": "Voxels",
			"from": [3.55, 11.5, 5.9],
			"to": [12.05, 12, 6.65],
			"faces": {
				"north": {"uv": [12.25, 7.75, 8, 8], "texture": "#n_hat"},
				"east": {"uv": [3.75, 0.625, 3.375, 0.875], "texture": "#n_hat"},
				"south": {"uv": [8, 8, 12.25, 8.25], "texture": "#n_hat"},
				"west": {"uv": [3.375, 0.25, 3.75, 0.5], "texture": "#n_hat"},
				"up": {"uv": [10.625, 10.875, 14.875, 10.5], "texture": "#n_hat"},
				"down": {"uv": [10.625, 10.875, 14.875, 11.25], "texture": "#n_hat"}
			}
		},
		{
			"name": "Voxels",
			"from": [3.55, 11.5, 6.65],
			"to": [4.55, 12, 13.9],
			"faces": {
				"north": {"uv": [15.125, 11.5, 14.625, 11.75], "texture": "#n_hat"},
				"east": {"uv": [7.875, 2.875, 4.25, 3.125], "texture": "#n_hat"},
				"south": {"uv": [10.125, 9, 10.625, 9.25], "texture": "#n_hat"},
				"west": {"uv": [4.25, 2.625, 7.875, 2.875], "texture": "#n_hat"},
				"up": {"uv": [3.75, 9, 4.25, 5.375], "texture": "#n_hat"},
				"down": {"uv": [15.5, 12.375, 16, 16], "texture": "#n_hat"}
			}
		},
		{
			"name": "Voxels",
			"from": [3.8, 9.75, 5.65],
			"to": [11.8, 10, 6.4],
			"faces": {
				"north": {"uv": [12.25, 6.75, 8.25, 6.875], "texture": "#n_hat"},
				"east": {"uv": [3.75, 0.5, 3.375, 0.625], "texture": "#n_hat"},
				"south": {"uv": [8.25, 6.625, 12.25, 6.75], "texture": "#n_hat"},
				"west": {"uv": [3.375, 1.375, 3.75, 1.5], "texture": "#n_hat"},
				"up": {"uv": [10.625, 9.75, 14.625, 9.375], "texture": "#n_hat"},
				"down": {"uv": [10.625, 9, 14.625, 9.375], "texture": "#n_hat"}
			}
		},
		{
			"name": "Voxels",
			"from": [3.8, 9.75, 6.4],
			"to": [4.3, 10, 13.65],
			"faces": {
				"north": {"uv": [5.875, 6, 5.625, 6.125], "texture": "#n_hat"},
				"east": {"uv": [11.875, 5.25, 8.25, 5.375], "texture": "#n_hat"},
				"south": {"uv": [5.625, 5.875, 5.875, 6], "texture": "#n_hat"},
				"west": {"uv": [12.125, 5.125, 15.75, 5.25], "texture": "#n_hat"},
				"up": {"uv": [8, 3.625, 8.25, 0], "texture": "#n_hat"},
				"down": {"uv": [8, 3.625, 8.25, 7.25], "texture": "#n_hat"}
			}
		},
		{
			"name": "Voxels",
			"from": [3.8, 10.5, 6.4],
			"to": [11.8, 11.5, 6.65],
			"faces": {
				"north": {"uv": [14.625, 11.25, 10.625, 11.75], "texture": "#n_hat"},
				"east": {"uv": [15, 9.75, 14.875, 10.25], "texture": "#n_hat"},
				"south": {"uv": [10.625, 11.75, 14.625, 12.25], "texture": "#n_hat"},
				"west": {"uv": [14.875, 9.25, 15, 9.75], "texture": "#n_hat"},
				"up": {"uv": [8.25, 6.375, 12.25, 6.25], "texture": "#n_hat"},
				"down": {"uv": [8.25, 5.875, 12.25, 6], "texture": "#n_hat"}
			}
		},
		{
			"name": "Voxels",
			"from": [3.8, 10.5, 6.65],
			"to": [4.55, 11.5, 13.4],
			"faces": {
				"north": {"uv": [3.75, 0.875, 3.375, 1.375], "texture": "#n_hat"},
				"east": {"uv": [10.625, 10.5, 7.25, 11], "texture": "#n_hat"},
				"south": {"uv": [3.375, 1.75, 3.75, 2.25], "texture": "#n_hat"},
				"west": {"uv": [0, 0, 3.375, 0.5], "texture": "#n_hat"},
				"up": {"uv": [4.25, 7.5, 4.625, 4.125], "texture": "#n_hat"},
				"down": {"uv": [3.75, 2, 4.125, 5.375], "texture": "#n_hat"}
			}
		},
		{
			"name": "Voxels",
			"from": [3.8, 10.75, 6.15],
			"to": [11.8, 11.5, 6.4],
			"faces": {
				"north": {"uv": [8.25, 8.625, 4.25, 9], "texture": "#n_hat"},
				"east": {"uv": [4.125, 1.625, 4, 2], "texture": "#n_hat"},
				"south": {"uv": [8.25, 8.625, 12.25, 9], "texture": "#n_hat"},
				"west": {"uv": [3.875, 1.625, 4, 2], "texture": "#n_hat"},
				"up": {"uv": [8.25, 6.125, 12.25, 6], "texture": "#n_hat"},
				"down": {"uv": [8.25, 6.125, 12.25, 6.25], "texture": "#n_hat"}
			}
		},
		{
			"name": "Voxels",
			"from": [3.8, 10.75, 13.4],
			"to": [11.8, 11.5, 13.65],
			"faces": {
				"north": {"uv": [14.625, 10.125, 10.625, 10.5], "texture": "#n_hat"},
				"east": {"uv": [16, 11.375, 15.875, 11.75], "texture": "#n_hat"},
				"south": {"uv": [10.625, 9.75, 14.625, 10.125], "texture": "#n_hat"},
				"west": {"uv": [4.125, 1.625, 4.25, 2], "texture": "#n_hat"},
				"up": {"uv": [8.25, 7.25, 12.25, 7.125], "texture": "#n_hat"},
				"down": {"uv": [8.25, 5.625, 12.25, 5.75], "texture": "#n_hat"}
			}
		},
		{
			"name": "Voxels",
			"from": [3.8, 11.5, 5.65],
			"to": [11.8, 12, 5.9],
			"faces": {
				"north": {"uv": [12, 7.5, 8, 7.75], "texture": "#n_hat"},
				"east": {"uv": [5.625, 5, 5.5, 5.25], "texture": "#n_hat"},
				"south": {"uv": [12, 7.5, 16, 7.75], "texture": "#n_hat"},
				"west": {"uv": [5.5, 5.25, 5.625, 5.5], "texture": "#n_hat"},
				"up": {"uv": [8.25, 5.875, 12.25, 5.75], "texture": "#n_hat"},
				"down": {"uv": [8.25, 6.5, 12.25, 6.625], "texture": "#n_hat"}
			}
		},
		{
			"name": "Voxels",
			"from": [3.8, 11.5, 13.9],
			"to": [11.8, 12, 14.15],
			"faces": {
				"north": {"uv": [16, 7.25, 12, 7.5], "texture": "#n_hat"},
				"east": {"uv": [5.625, 4.5, 5.5, 4.75], "texture": "#n_hat"},
				"south": {"uv": [8, 7.25, 12, 7.5], "texture": "#n_hat"},
				"west": {"uv": [5.5, 4.75, 5.625, 5], "texture": "#n_hat"},
				"up": {"uv": [8.25, 5.625, 12.25, 5.5], "texture": "#n_hat"},
				"down": {"uv": [8.25, 6.375, 12.25, 6.5], "texture": "#n_hat"}
			}
		},
		{
			"name": "Voxels",
			"from": [3.8, 12, 6.15],
			"to": [11.8, 12.25, 13.65],
			"faces": {
				"north": {"uv": [12.25, 6.875, 8.25, 7], "texture": "#n_hat"},
				"east": {"uv": [8, 0.875, 4.25, 1], "texture": "#n_hat"},
				"south": {"uv": [8.25, 7, 12.25, 7.125], "texture": "#n_hat"},
				"west": {"uv": [12.25, 6.75, 16, 6.875], "texture": "#n_hat"},
				"up": {"uv": [0, 16, 4, 12.25], "texture": "#n_hat"},
				"down": {"uv": [4, 12.25, 8, 16], "texture": "#n_hat"}
			}
		},
		{
			"name": "Voxels",
			"from": [4.05, 9.75, 5.4],
			"to": [4.3, 10.25, 5.65],
			"faces": {
				"north": {"uv": [10.625, 10.25, 10.5, 10.5], "texture": "#n_hat"},
				"east": {"uv": [15, 9, 14.875, 9.25], "texture": "#n_hat"},
				"south": {"uv": [10.5, 10, 10.625, 10.25], "texture": "#n_hat"},
				"west": {"uv": [15.875, 11, 16, 11.25], "texture": "#n_hat"},
				"up": {"uv": [7.625, 6, 7.75, 5.875], "texture": "#n_hat"},
				"down": {"uv": [7.75, 5.875, 7.875, 6], "texture": "#n_hat"}
			}
		},
		{
			"name": "Voxels",
			"from": [4.05, 9.75, 13.65],
			"to": [11.55, 10, 13.9],
			"faces": {
				"north": {"uv": [8, 0.5, 4.25, 0.625], "texture": "#n_hat"},
				"east": {"uv": [6.25, 5.875, 6.125, 6], "texture": "#n_hat"},
				"south": {"uv": [4.25, 0.375, 8, 0.5], "texture": "#n_hat"},
				"west": {"uv": [7.25, 5.875, 7.375, 6], "texture": "#n_hat"},
				"up": {"uv": [4.25, 0.75, 8, 0.625], "texture": "#n_hat"},
				"down": {"uv": [4.25, 0.75, 8, 0.875], "texture": "#n_hat"}
			}
		},
		{
			"name": "Voxels",
			"from": [4.05, 10, 5.15],
			"to": [11.55, 10.25, 5.4],
			"faces": {
				"north": {"uv": [16, 8, 12.25, 8.125], "texture": "#n_hat"},
				"east": {"uv": [6.125, 4.25, 6, 4.375], "texture": "#n_hat"},
				"south": {"uv": [4.25, 1.375, 8, 1.5], "texture": "#n_hat"},
				"west": {"uv": [6, 4.125, 6.125, 4.25], "texture": "#n_hat"},
				"up": {"uv": [12.25, 8.25, 16, 8.125], "texture": "#n_hat"},
				"down": {"uv": [4.25, 0, 8, 0.125], "texture": "#n_hat"}
			}
		},
		{
			"name": "Voxels",
			"from": [4.05, 10, 6.15],
			"to": [11.55, 10.75, 6.4],
			"faces": {
				"north": {"uv": [16, 8.625, 12.25, 9], "texture": "#n_hat"},
				"east": {"uv": [4.25, 1.25, 4.125, 1.625], "texture": "#n_hat"},
				"south": {"uv": [4.25, 8.25, 8, 8.625], "texture": "#n_hat"},
				"west": {"uv": [3.75, 0.875, 3.875, 1.25], "texture": "#n_hat"},
				"up": {"uv": [12.25, 7.875, 16, 7.75], "texture": "#n_hat"},
				"down": {"uv": [12.25, 7.875, 16, 8], "texture": "#n_hat"}
			}
		},
		{
			"name": "Voxels",
			"from": [4.05, 10, 6.4],
			"to": [11.55, 10.5, 6.65],
			"faces": {
				"north": {"uv": [8, 3.875, 4.25, 4.125], "texture": "#n_hat"},
				"east": {"uv": [4.125, 1, 4, 1.25], "texture": "#n_hat"},
				"south": {"uv": [4.25, 3.625, 8, 3.875], "texture": "#n_hat"},
				"west": {"uv": [3.875, 1, 4, 1.25], "texture": "#n_hat"},
				"up": {"uv": [12.25, 7, 16, 6.875], "texture": "#n_hat"},
				"down": {"uv": [12.25, 7, 16, 7.125], "texture": "#n_hat"}
			}
		},
		{
			"name": "Voxels",
			"from": [4.05, 10, 6.65],
			"to": [4.55, 10.5, 7.4],
			"faces": {
				"north": {"uv": [15.875, 11, 15.625, 11.25], "texture": "#n_hat"},
				"east": {"uv": [3.75, 1.5, 3.375, 1.75], "texture": "#n_hat"},
				"south": {"uv": [15.75, 11.75, 16, 12], "texture": "#n_hat"},
				"west": {"uv": [14.875, 11, 15.25, 11.25], "texture": "#n_hat"},
				"up": {"uv": [3.5, 2.625, 3.75, 2.25], "texture": "#n_hat"},
				"down": {"uv": [15.625, 11.375, 15.875, 11.75], "texture": "#n_hat"}
			}
		},
		{
			"name": "Voxels",
			"from": [4.05, 10, 7.9],
			"to": [4.55, 10.5, 13.65],
			"faces": {
				"north": {"uv": [16, 10, 15.75, 10.25], "texture": "#n_hat"},
				"east": {"uv": [10.125, 9, 7.25, 9.25], "texture": "#n_hat"},
				"south": {"uv": [15.5, 10, 15.75, 10.25], "texture": "#n_hat"},
				"west": {"uv": [7.25, 9.25, 10.125, 9.5], "texture": "#n_hat"},
				"up": {"uv": [4.625, 7.5, 4.875, 4.625], "texture": "#n_hat"},
				"down": {"uv": [3.5, 2.625, 3.75, 5.5], "texture": "#n_hat"}
			}
		},
		{
			"name": "Voxels",
			"from": [4.05, 10.5, 13.4],
			"to": [11.55, 10.75, 13.65],
			"faces": {
				"north": {"uv": [8, 1.875, 4.25, 2], "texture": "#n_hat"},
				"east": {"uv": [6.125, 5, 6, 5.125], "texture": "#n_hat"},
				"south": {"uv": [12.25, 7.125, 16, 7.25], "texture": "#n_hat"},
				"west": {"uv": [6, 4.875, 6.125, 5], "texture": "#n_hat"},
				"up": {"uv": [4.25, 2.125, 8, 2], "texture": "#n_hat"},
				"down": {"uv": [12.25, 5.625, 16, 5.75], "texture": "#n_hat"}
			}
		},
		{
			"name": "Voxels",
			"from": [4.05, 10.75, 5.9],
			"to": [11.55, 11.5, 6.15],
			"faces": {
				"north": {"uv": [11.75, 8.25, 8, 8.625], "texture": "#n_hat"},
				"east": {"uv": [3.875, 1.25, 3.75, 1.625], "texture": "#n_hat"},
				"south": {"uv": [4.25, 7.875, 8, 8.25], "texture": "#n_hat"},
				"west": {"uv": [3.75, 1.625, 3.875, 2], "texture": "#n_hat"},
				"up": {"uv": [4.25, 1.625, 8, 1.5], "texture": "#n_hat"},
				"down": {"uv": [4.25, 1.625, 8, 1.75], "texture": "#n_hat"}
			}
		},
		{
			"name": "Voxels",
			"from": [4.05, 10.75, 13.65],
			"to": [11.55, 11.5, 13.9],
			"faces": {
				"north": {"uv": [8, 7.5, 4.25, 7.875], "texture": "#n_hat"},
				"east": {"uv": [4, 1.25, 3.875, 1.625], "texture": "#n_hat"},
				"south": {"uv": [11.75, 8.25, 15.5, 8.625], "texture": "#n_hat"},
				"west": {"uv": [4, 1.25, 4.125, 1.625], "texture": "#n_hat"},
				"up": {"uv": [4.25, 1.875, 8, 1.75], "texture": "#n_hat"},
				"down": {"uv": [4.25, 1.25, 8, 1.375], "texture": "#n_hat"}
			}
		},
		{
			"name": "Voxels",
			"from": [4.05, 12, 5.9],
			"to": [11.55, 12.25, 6.15],
			"faces": {
				"north": {"uv": [16, 6, 12.25, 6.125], "texture": "#n_hat"},
				"east": {"uv": [6.125, 5.75, 6, 5.875], "texture": "#n_hat"},
				"south": {"uv": [4.25, 1, 8, 1.125], "texture": "#n_hat"},
				"west": {"uv": [6, 5.625, 6.125, 5.75], "texture": "#n_hat"},
				"up": {"uv": [12.25, 6, 16, 5.875], "texture": "#n_hat"},
				"down": {"uv": [12.25, 5.75, 16, 5.875], "texture": "#n_hat"}
			}
		},
		{
			"name": "Voxels",
			"from": [4.05, 12, 13.65],
			"to": [11.55, 12.25, 13.9],
			"faces": {
				"north": {"uv": [16, 6.375, 12.25, 6.5], "texture": "#n_hat"},
				"east": {"uv": [6.25, 6, 6.125, 6.125], "texture": "#n_hat"},
				"south": {"uv": [4.25, 1.125, 8, 1.25], "texture": "#n_hat"},
				"west": {"uv": [6.5, 6, 6.625, 6.125], "texture": "#n_hat"},
				"up": {"uv": [12.25, 6.375, 16, 6.25], "texture": "#n_hat"},
				"down": {"uv": [12.25, 6.125, 16, 6.25], "texture": "#n_hat"}
			}
		},
		{
			"name": "Voxels",
			"from": [4.05, 12.25, 6.4],
			"to": [11.55, 12.5, 13.4],
			"faces": {
				"north": {"uv": [8, 0.125, 4.25, 0.25], "texture": "#n_hat"},
				"east": {"uv": [12, 4.25, 8.5, 4.375], "texture": "#n_hat"},
				"south": {"uv": [4.25, 0.25, 8, 0.375], "texture": "#n_hat"},
				"west": {"uv": [12, 4.375, 15.5, 4.5], "texture": "#n_hat"},
				"up": {"uv": [8, 16, 11.75, 12.5], "texture": "#n_hat"},
				"down": {"uv": [11.75, 12.5, 15.5, 16], "texture": "#n_hat"}
			}
		},
		{
			"name": "Voxels",
			"from": [4.3, 10, 4.9],
			"to": [4.8, 10.25, 5.15],
			"faces": {
				"north": {"uv": [4.25, 0.875, 4, 1], "texture": "#n_hat"},
				"east": {"uv": [7, 6.125, 6.875, 6.25], "texture": "#n_hat"},
				"south": {"uv": [15.625, 8.25, 15.875, 8.375], "texture": "#n_hat"},
				"west": {"uv": [7.75, 6.125, 7.875, 6.25], "texture": "#n_hat"},
				"up": {"uv": [15.75, 9.625, 16, 9.5], "texture": "#n_hat"},
				"down": {"uv": [15.75, 9.625, 16, 9.75], "texture": "#n_hat"}
			}
		},
		{
			"name": "Voxels",
			"from": [4.3, 10, 5.4],
			"to": [11.55, 10.25, 5.65],
			"faces": {
				"north": {"uv": [15.875, 5.5, 12.25, 5.625], "texture": "#n_hat"},
				"east": {"uv": [6, 4.875, 5.875, 5], "texture": "#n_hat"},
				"south": {"uv": [8.5, 5, 12.125, 5.125], "texture": "#n_hat"},
				"west": {"uv": [5.875, 4.75, 6, 4.875], "texture": "#n_hat"},
				"up": {"uv": [11.875, 5.5, 15.5, 5.375], "texture": "#n_hat"},
				"down": {"uv": [8.25, 5.375, 11.875, 5.5], "texture": "#n_hat"}
			}
		},
		{
			"name": "Voxels",
			"from": [4.3, 10.5, 5.9],
			"to": [11.3, 10.75, 6.15],
			"faces": {
				"north": {"uv": [15.5, 4.25, 12, 4.375], "texture": "#n_hat"},
				"east": {"uv": [6, 5, 5.875, 5.125], "texture": "#n_hat"},
				"south": {"uv": [8.5, 3.375, 12, 3.5], "texture": "#n_hat"},
				"west": {"uv": [5.875, 5.375, 6, 5.5], "texture": "#n_hat"},
				"up": {"uv": [8.5, 4.25, 12, 4.125], "texture": "#n_hat"},
				"down": {"uv": [8.5, 4.5, 12, 4.625], "texture": "#n_hat"}
			}
		},
		{
			"name": "Voxels",
			"from": [4.3, 10.5, 13.65],
			"to": [11.3, 10.75, 13.9],
			"faces": {
				"north": {"uv": [12, 3.625, 8.5, 3.75], "texture": "#n_hat"},
				"east": {"uv": [6.875, 5.75, 6.75, 5.875], "texture": "#n_hat"},
				"south": {"uv": [8.5, 3.5, 12, 3.625], "texture": "#n_hat"},
				"west": {"uv": [15.875, 10.25, 16, 10.375], "texture": "#n_hat"},
				"up": {"uv": [8.5, 3.875, 12, 3.75], "texture": "#n_hat"},
				"down": {"uv": [8.5, 4.375, 12, 4.5], "texture": "#n_hat"}
			}
		},
		{
			"name": "Voxels",
			"from": [4.3, 12.25, 6.15],
			"to": [11.3, 12.5, 6.4],
			"faces": {
				"north": {"uv": [12, 4.625, 8.5, 4.75], "texture": "#n_hat"},
				"east": {"uv": [6.25, 4.375, 6.125, 4.5], "texture": "#n_hat"},
				"south": {"uv": [12, 4.75, 15.5, 4.875], "texture": "#n_hat"},
				"west": {"uv": [6.125, 4.25, 6.25, 4.375], "texture": "#n_hat"},
				"up": {"uv": [12, 4.625, 15.5, 4.5], "texture": "#n_hat"},
				"down": {"uv": [12, 4.625, 15.5, 4.75], "texture": "#n_hat"}
			}
		},
		{
			"name": "Voxels",
			"from": [4.3, 12.25, 13.4],
			"to": [11.3, 12.5, 13.65],
			"faces": {
				"north": {"uv": [12, 4.875, 8.5, 5], "texture": "#n_hat"},
				"east": {"uv": [8, 5.875, 7.875, 6], "texture": "#n_hat"},
				"south": {"uv": [12.125, 5, 15.625, 5.125], "texture": "#n_hat"},
				"west": {"uv": [6.125, 4.75, 6.25, 4.875], "texture": "#n_hat"},
				"up": {"uv": [12, 5, 15.5, 4.875], "texture": "#n_hat"},
				"down": {"uv": [8.5, 4.75, 12, 4.875], "texture": "#n_hat"}
			}
		},
		{
			"name": "Voxels",
			"from": [4.3, 12.5, 6.65],
			"to": [11.3, 12.75, 13.15],
			"faces": {
				"north": {"uv": [12, 3.875, 8.5, 4], "texture": "#n_hat"},
				"east": {"uv": [11.75, 1.375, 8.5, 1.5], "texture": "#n_hat"},
				"south": {"uv": [12, 4.125, 15.5, 4.25], "texture": "#n_hat"},
				"west": {"uv": [8.5, 1.5, 11.75, 1.625], "texture": "#n_hat"},
				"up": {"uv": [0, 5.5, 3.5, 2.25], "texture": "#n_hat"},
				"down": {"uv": [3.75, 9, 7.25, 12.25], "texture": "#n_hat"}
			}
		},
		{
			"name": "Voxels",
			"from": [4.55, 10, 13.4],
			"to": [11.55, 10.5, 13.65],
			"faces": {
				"north": {"uv": [7.75, 2.125, 4.25, 2.375], "texture": "#n_hat"},
				"east": {"uv": [5.625, 6, 5.5, 6.25], "texture": "#n_hat"},
				"south": {"uv": [4.25, 2.375, 7.75, 2.625], "texture": "#n_hat"},
				"west": {"uv": [5.5, 6.25, 5.625, 6.5], "texture": "#n_hat"},
				"up": {"uv": [12, 4.125, 15.5, 4], "texture": "#n_hat"},
				"down": {"uv": [8.5, 4, 12, 4.125], "texture": "#n_hat"}
			}
		},
		{
			"name": "Voxels",
			"from": [4.55, 10.25, 4.65],
			"to": [11.05, 10.5, 5.15],
			"faces": {
				"north": {"uv": [11.75, 2.375, 8.5, 2.5], "texture": "#n_hat"},
				"east": {"uv": [7.625, 6.375, 7.375, 6.5], "texture": "#n_hat"},
				"south": {"uv": [8.5, 1.625, 11.75, 1.75], "texture": "#n_hat"},
				"west": {"uv": [5.625, 6.375, 5.875, 6.5], "texture": "#n_hat"},
				"up": {"uv": [7.25, 10.5, 10.5, 10.25], "texture": "#n_hat"},
				"down": {"uv": [7.25, 10, 10.5, 10.25], "texture": "#n_hat"}
			}
		},
		{
			"name": "Voxels",
			"from": [4.55, 11.5, 13.4],
			"to": [12.05, 12, 13.9],
			"faces": {
				"north": {"uv": [11.75, 12.25, 8, 12.5], "texture": "#n_hat"},
				"east": {"uv": [15.25, 9, 15, 9.25], "texture": "#n_hat"},
				"south": {"uv": [11.75, 12.25, 15.5, 12.5], "texture": "#n_hat"},
				"west": {"uv": [15.25, 9, 15.5, 9.25], "texture": "#n_hat"},
				"up": {"uv": [4.25, 3.375, 8, 3.125], "texture": "#n_hat"},
				"down": {"uv": [4.25, 3.375, 8, 3.625], "texture": "#n_hat"}
			}
		},
		{
			"name": "Voxels",
			"from": [4.55, 11.75, 6.65],
			"to": [12.05, 12, 13.4],
			"faces": {
				"north": {"uv": [16, 6.625, 12.25, 6.75], "texture": "#n_hat"},
				"east": {"uv": [11.875, 2.875, 8.5, 3], "texture": "#n_hat"},
				"south": {"uv": [12.25, 6.5, 16, 6.625], "texture": "#n_hat"},
				"west": {"uv": [8.5, 3, 11.875, 3.125], "texture": "#n_hat"},
				"up": {"uv": [0, 8.875, 3.75, 5.5], "texture": "#n_hat"},
				"down": {"uv": [0, 8.875, 3.75, 12.25], "texture": "#n_hat"}
			}
		},
		{
			"name": "Voxels",
			"from": [4.55, 12.5, 6.4],
			"to": [11.05, 12.75, 6.65],
			"faces": {
				"north": {"uv": [11.75, 1.875, 8.5, 2], "texture": "#n_hat"},
				"east": {"uv": [16, 10.5, 15.875, 10.625], "texture": "#n_hat"},
				"south": {"uv": [8.5, 2, 11.75, 2.125], "texture": "#n_hat"},
				"west": {"uv": [15.875, 10.375, 16, 10.5], "texture": "#n_hat"},
				"up": {"uv": [8.5, 2.625, 11.75, 2.5], "texture": "#n_hat"},
				"down": {"uv": [8.5, 2.625, 11.75, 2.75], "texture": "#n_hat"}
			}
		},
		{
			"name": "Voxels",
			"from": [4.55, 12.5, 13.15],
			"to": [11.05, 12.75, 13.4],
			"faces": {
				"north": {"uv": [11.75, 2.25, 8.5, 2.375], "texture": "#n_hat"},
				"east": {"uv": [6.25, 4.875, 6.125, 5], "texture": "#n_hat"},
				"south": {"uv": [8.5, 2.125, 11.75, 2.25], "texture": "#n_hat"},
				"west": {"uv": [6.125, 5.75, 6.25, 5.875], "texture": "#n_hat"},
				"up": {"uv": [8.5, 2.875, 11.75, 2.75], "texture": "#n_hat"},
				"down": {"uv": [8.5, 1.75, 11.75, 1.875], "texture": "#n_hat"}
			}
		},
		{
			"name": "Voxels",
			"from": [4.8, 10, 4.4],
			"to": [10.8, 10.25, 4.9],
			"faces": {
				"north": {"uv": [11.5, 1.25, 8.5, 1.375], "texture": "#n_hat"},
				"east": {"uv": [6.125, 6.25, 5.875, 6.375], "texture": "#n_hat"},
				"south": {"uv": [8.5, 1.125, 11.5, 1.25], "texture": "#n_hat"},
				"west": {"uv": [5.625, 6.25, 5.875, 6.375], "texture": "#n_hat"},
				"up": {"uv": [7.25, 9.75, 10.25, 9.5], "texture": "#n_hat"},
				"down": {"uv": [7.25, 9.75, 10.25, 10], "texture": "#n_hat"}
			}
		},
		{
			"name": "Voxels",
			"from": [5.05, 9.75, 4.15],
			"to": [10.55, 10, 4.4],
			"faces": {
				"north": {"uv": [11.25, 0.875, 8.5, 1], "texture": "#n_hat"},
				"east": {"uv": [6.625, 6.125, 6.5, 6.25], "texture": "#n_hat"},
				"south": {"uv": [8.5, 1, 11.25, 1.125], "texture": "#n_hat"},
				"west": {"uv": [5.875, 4.125, 6, 4.25], "texture": "#n_hat"},
				"up": {"uv": [8.5, 0.875, 11.25, 0.75], "texture": "#n_hat"},
				"down": {"uv": [8.5, 0.625, 11.25, 0.75], "texture": "#n_hat"}
			}
		},
		{
			"name": "Voxels",
			"from": [5.3, 9.75, 3.9],
			"to": [10.3, 10, 4.15],
			"faces": {
				"north": {"uv": [8, 6.5, 5.5, 6.625], "texture": "#n_hat"},
				"east": {"uv": [7.125, 6, 7, 6.125], "texture": "#n_hat"},
				"south": {"uv": [5.5, 6.625, 8, 6.75], "texture": "#n_hat"},
				"west": {"uv": [6.625, 6, 6.75, 6.125], "texture": "#n_hat"},
				"up": {"uv": [5.5, 7.375, 8, 7.25], "texture": "#n_hat"},
				"down": {"uv": [5.5, 7.125, 8, 7.25], "texture": "#n_hat"}
			}
		},
		{
			"name": "Voxels",
			"from": [5.3, 9.75, 4.4],
			"to": [10.3, 10, 4.65],
			"faces": {
				"north": {"uv": [8, 7.375, 5.5, 7.5], "texture": "#n_hat"},
				"east": {"uv": [6.125, 4.375, 6, 4.5], "texture": "#n_hat"},
				"south": {"uv": [5.5, 7, 8, 7.125], "texture": "#n_hat"},
				"west": {"uv": [6, 4.75, 6.125, 4.875], "texture": "#n_hat"},
				"up": {"uv": [5.5, 7, 8, 6.875], "texture": "#n_hat"},
				"down": {"uv": [5.5, 6.75, 8, 6.875], "texture": "#n_hat"}
			}
		},
		{
			"name": "Voxels",
			"from": [6.3, 12.25, 5.4],
			"to": [7.3, 12.5, 5.65],
			"faces": {
				"north": {"uv": [15.75, 9.375, 15.25, 9.5], "texture": "#n_hat"},
				"east": {"uv": [7.625, 5.875, 7.5, 6], "texture": "#n_hat"},
				"south": {"uv": [15.25, 9.25, 15.75, 9.375], "texture": "#n_hat"},
				"west": {"uv": [7.375, 5.875, 7.5, 6], "texture": "#n_hat"},
				"up": {"uv": [15.25, 9.75, 15.75, 9.625], "texture": "#n_hat"},
				"down": {"uv": [15.375, 10.25, 15.875, 10.375], "texture": "#n_hat"}
			}
		},
		{
			"name": "Voxels",
			"from": [6.55, 12, 5.4],
			"to": [7.55, 12.25, 5.65],
			"faces": {
				"north": {"uv": [15.75, 9.5, 15.25, 9.625], "texture": "#n_hat"},
				"east": {"uv": [6.25, 5.25, 6.125, 5.375], "texture": "#n_hat"},
				"south": {"uv": [15.5, 12.25, 16, 12.375], "texture": "#n_hat"},
				"west": {"uv": [6.125, 5.625, 6.25, 5.75], "texture": "#n_hat"},
				"up": {"uv": [14.875, 10.375, 15.375, 10.25], "texture": "#n_hat"},
				"down": {"uv": [15.375, 10.375, 15.875, 10.5], "texture": "#n_hat"}
			}
		},
		{
			"name": "Voxels",
			"from": [6.55, 12.25, 5.15],
			"to": [7.05, 12.5, 5.4],
			"faces": {
				"north": {"uv": [5.875, 5.5, 5.625, 5.625], "texture": "#n_hat"},
				"east": {"uv": [6.375, 5.75, 6.25, 5.875], "texture": "#n_hat"},
				"south": {"uv": [5.625, 5.375, 5.875, 5.5], "texture": "#n_hat"},
				"west": {"uv": [6.125, 4.125, 6.25, 4.25], "texture": "#n_hat"},
				"up": {"uv": [5.625, 5.75, 5.875, 5.625], "texture": "#n_hat"},
				"down": {"uv": [5.625, 5.75, 5.875, 5.875], "texture": "#n_hat"}
			}
		},
		{
			"name": "Voxels",
			"from": [6.8, 11.75, 5.4],
			"to": [9.05, 12, 5.65],
			"faces": {
				"north": {"uv": [15.75, 12.125, 14.625, 12.25], "texture": "#n_hat"},
				"east": {"uv": [8, 6.25, 7.875, 6.375], "texture": "#n_hat"},
				"south": {"uv": [14.625, 11.75, 15.75, 11.875], "texture": "#n_hat"},
				"west": {"uv": [3.875, 0.875, 4, 1], "texture": "#n_hat"},
				"up": {"uv": [14.625, 12, 15.75, 11.875], "texture": "#n_hat"},
				"down": {"uv": [14.625, 12, 15.75, 12.125], "texture": "#n_hat"}
			}
		},
		{
			"name": "Voxels",
			"from": [6.8, 12, 5.15],
			"to": [7.3, 12.25, 5.4],
			"faces": {
				"north": {"uv": [5.875, 5.125, 5.625, 5.25], "texture": "#n_hat"},
				"east": {"uv": [6, 4.25, 5.875, 4.375], "texture": "#n_hat"},
				"south": {"uv": [5.625, 5, 5.875, 5.125], "texture": "#n_hat"},
				"west": {"uv": [5.875, 4.625, 6, 4.75], "texture": "#n_hat"},
				"up": {"uv": [7.625, 6.5, 7.875, 6.375], "texture": "#n_hat"},
				"down": {"uv": [5.625, 5.25, 5.875, 5.375], "texture": "#n_hat"}
			}
		},
		{
			"name": "Voxels",
			"from": [7.05, 11.5, 5.15],
			"to": [7.3, 11.75, 5.65],
			"faces": {
				"north": {"uv": [6.75, 6.125, 6.625, 6.25], "texture": "#n_hat"},
				"east": {"uv": [5.875, 4.5, 5.625, 4.625], "texture": "#n_hat"},
				"south": {"uv": [6.75, 6.125, 6.875, 6.25], "texture": "#n_hat"},
				"west": {"uv": [5.625, 4.625, 5.875, 4.75], "texture": "#n_hat"},
				"up": {"uv": [5.625, 5, 5.75, 4.75], "texture": "#n_hat"},
				"down": {"uv": [5.5, 4.25, 5.625, 4.5], "texture": "#n_hat"}
			}
		},
		{
			"name": "Voxels",
			"from": [7.3, 11.25, 5.4],
			"to": [7.55, 11.75, 5.65],
			"faces": {
				"north": {"uv": [5.875, 4.75, 5.75, 5], "texture": "#n_hat"},
				"east": {"uv": [6, 6, 5.875, 6.25], "texture": "#n_hat"},
				"south": {"uv": [5.625, 4.25, 5.75, 4.5], "texture": "#n_hat"},
				"west": {"uv": [5.75, 4.25, 5.875, 4.5], "texture": "#n_hat"},
				"up": {"uv": [6, 6.125, 6.125, 6], "texture": "#n_hat"},
				"down": {"uv": [7.875, 6.125, 8, 6.25], "texture": "#n_hat"}
			}
		},
		{
			"name": "Voxels",
			"from": [7.3, 11.75, 5.15],
			"to": [7.55, 12, 5.4],
			"faces": {
				"north": {"uv": [7.5, 6, 7.375, 6.125], "texture": "#n_hat"},
				"east": {"uv": [6.125, 5.875, 6, 6], "texture": "#n_hat"},
				"south": {"uv": [7.5, 6, 7.625, 6.125], "texture": "#n_hat"},
				"west": {"uv": [7.625, 6, 7.75, 6.125], "texture": "#n_hat"},
				"up": {"uv": [7.25, 6.125, 7.375, 6], "texture": "#n_hat"},
				"down": {"uv": [7.125, 6, 7.25, 6.125], "texture": "#n_hat"}
			}
		},
		{
			"name": "Voxels",
			"from": [7.55, 10.75, 5.15],
			"to": [7.8, 11, 5.65],
			"faces": {
				"north": {"uv": [6.125, 5.5, 6, 5.625], "texture": "#n_hat"},
				"east": {"uv": [6.25, 6.125, 6, 6.25], "texture": "#n_hat"},
				"south": {"uv": [6, 5.125, 6.125, 5.25], "texture": "#n_hat"},
				"west": {"uv": [5.625, 4.125, 5.875, 4.25], "texture": "#n_hat"},
				"up": {"uv": [5.875, 5.75, 6, 5.5], "texture": "#n_hat"},
				"down": {"uv": [5.875, 5.75, 6, 6], "texture": "#n_hat"}
			}
		},
		{
			"name": "Voxels",
			"from": [7.55, 11.5, 5.15],
			"to": [8.3, 11.75, 5.65],
			"faces": {
				"north": {"uv": [16, 11.25, 15.625, 11.375], "texture": "#n_hat"},
				"east": {"uv": [16, 12, 15.75, 12.125], "texture": "#n_hat"},
				"south": {"uv": [14.875, 10.875, 15.25, 11], "texture": "#n_hat"},
				"west": {"uv": [15.75, 12.125, 16, 12.25], "texture": "#n_hat"},
				"up": {"uv": [3.375, 0.25, 3.75, 0], "texture": "#n_hat"},
				"down": {"uv": [15.25, 11, 15.625, 11.25], "texture": "#n_hat"}
			}
		},
		{
			"name": "Voxels",
			"from": [7.55, 12.25, 5.15],
			"to": [8.3, 12.5, 5.65],
			"faces": {
				"north": {"uv": [15.625, 10.875, 15.25, 11], "texture": "#n_hat"},
				"east": {"uv": [16, 9.25, 15.75, 9.375], "texture": "#n_hat"},
				"south": {"uv": [15.625, 10.875, 16, 11], "texture": "#n_hat"},
				"west": {"uv": [15.75, 9.375, 16, 9.5], "texture": "#n_hat"},
				"up": {"uv": [10.25, 9.75, 10.625, 9.5], "texture": "#n_hat"},
				"down": {"uv": [10.25, 9.75, 10.625, 10], "texture": "#n_hat"}
			}
		},
		{
			"name": "Voxels",
			"from": [7.8, 10.5, 5.15],
			"to": [8.05, 10.75, 5.65],
			"faces": {
				"north": {"uv": [6.25, 5.125, 6.125, 5.25], "texture": "#n_hat"},
				"east": {"uv": [16, 9, 15.75, 9.125], "texture": "#n_hat"},
				"south": {"uv": [6.125, 5, 6.25, 5.125], "texture": "#n_hat"},
				"west": {"uv": [15.5, 9, 15.75, 9.125], "texture": "#n_hat"},
				"up": {"uv": [3.75, 0.875, 3.875, 0.625], "texture": "#n_hat"},
				"down": {"uv": [4.125, 1, 4.25, 1.25], "texture": "#n_hat"}
			}
		},
		{
			"name": "Voxels",
			"from": [7.8, 11, 5.4],
			"to": [8.05, 11.5, 5.65],
			"faces": {
				"north": {"uv": [4, 0.625, 3.875, 0.875], "texture": "#n_hat"},
				"east": {"uv": [3.875, 0.375, 3.75, 0.625], "texture": "#n_hat"},
				"south": {"uv": [4, 0.625, 4.125, 0.875], "texture": "#n_hat"},
				"west": {"uv": [4.125, 0.625, 4.25, 0.875], "texture": "#n_hat"},
				"up": {"uv": [6.125, 4.625, 6.25, 4.5], "texture": "#n_hat"},
				"down": {"uv": [6.125, 4.625, 6.25, 4.75], "texture": "#n_hat"}
			}
		},
		{
			"name": "Voxels",
			"from": [7.8, 11.25, 5.15],
			"to": [8.05, 11.5, 5.4],
			"faces": {
				"north": {"uv": [6.75, 5.75, 6.625, 5.875], "texture": "#n_hat"},
				"east": {"uv": [7.375, 5.75, 7.25, 5.875], "texture": "#n_hat"},
				"south": {"uv": [7.75, 6, 7.875, 6.125], "texture": "#n_hat"},
				"west": {"uv": [6.875, 5.75, 7, 5.875], "texture": "#n_hat"},
				"up": {"uv": [6.5, 5.875, 6.625, 5.75], "texture": "#n_hat"},
				"down": {"uv": [6.375, 5.75, 6.5, 5.875], "texture": "#n_hat"}
			}
		},
		{
			"name": "Voxels",
			"from": [7.8, 11.75, 5.15],
			"to": [8.05, 12.25, 5.4],
			"faces": {
				"north": {"uv": [4, 0.375, 3.875, 0.625], "texture": "#n_hat"},
				"east": {"uv": [3.875, 0.125, 3.75, 0.375], "texture": "#n_hat"},
				"south": {"uv": [4, 0.375, 4.125, 0.625], "texture": "#n_hat"},
				"west": {"uv": [4.125, 0.375, 4.25, 0.625], "texture": "#n_hat"},
				"up": {"uv": [15.875, 10.75, 16, 10.625], "texture": "#n_hat"},
				"down": {"uv": [15.875, 10.75, 16, 10.875], "texture": "#n_hat"}
			}
		},
		{
			"name": "Voxels",
			"from": [7.8, 12, 5.4],
			"to": [8.05, 12.25, 5.65],
			"faces": {
				"north": {"uv": [16, 8.375, 15.875, 8.5], "texture": "#n_hat"},
				"east": {"uv": [8, 6.375, 7.875, 6.5], "texture": "#n_hat"},
				"south": {"uv": [15.875, 8.25, 16, 8.375], "texture": "#n_hat"},
				"west": {"uv": [5.5, 4.125, 5.625, 4.25], "texture": "#n_hat"},
				"up": {"uv": [3.875, 0.125, 4, 0], "texture": "#n_hat"},
				"down": {"uv": [3.75, 0, 3.875, 0.125], "texture": "#n_hat"}
			}
		},
		{
			"name": "Voxels",
			"from": [7.8, 12.5, 5.15],
			"to": [8.05, 12.75, 5.65],
			"faces": {
				"north": {"uv": [6, 5.25, 5.875, 5.375], "texture": "#n_hat"},
				"east": {"uv": [15.75, 8.5, 15.5, 8.625], "texture": "#n_hat"},
				"south": {"uv": [5.875, 5.125, 6, 5.25], "texture": "#n_hat"},
				"west": {"uv": [4, 0, 4.25, 0.125], "texture": "#n_hat"},
				"up": {"uv": [4, 0.375, 4.125, 0.125], "texture": "#n_hat"},
				"down": {"uv": [3.875, 0.125, 4, 0.375], "texture": "#n_hat"}
			}
		},
		{
			"name": "Voxels",
			"from": [8.05, 10.75, 5.15],
			"to": [8.3, 11, 5.65],
			"faces": {
				"north": {"uv": [6, 4.5, 5.875, 4.625], "texture": "#n_hat"},
				"east": {"uv": [15.875, 8.375, 15.625, 8.5], "texture": "#n_hat"},
				"south": {"uv": [5.875, 4.375, 6, 4.5], "texture": "#n_hat"},
				"west": {"uv": [15.75, 8.5, 16, 8.625], "texture": "#n_hat"},
				"up": {"uv": [15.5, 8.5, 15.625, 8.25], "texture": "#n_hat"},
				"down": {"uv": [4.125, 0.125, 4.25, 0.375], "texture": "#n_hat"}
			}
		},
		{
			"name": "Voxels",
			"from": [8.3, 11.25, 5.4],
			"to": [8.55, 11.75, 5.65],
			"faces": {
				"north": {"uv": [4.75, 4.375, 4.625, 4.625], "texture": "#n_hat"},
				"east": {"uv": [4.875, 4.125, 4.75, 4.375], "texture": "#n_hat"},
				"south": {"uv": [4.75, 4.375, 4.875, 4.625], "texture": "#n_hat"},
				"west": {"uv": [4.625, 4.125, 4.75, 4.375], "texture": "#n_hat"},
				"up": {"uv": [6.375, 6.25, 6.5, 6.125], "texture": "#n_hat"},
				"down": {"uv": [6.25, 6.125, 6.375, 6.25], "texture": "#n_hat"}
			}
		},
		{
			"name": "Voxels",
			"from": [8.3, 11.75, 5.15],
			"to": [8.55, 12, 5.4],
			"faces": {
				"north": {"uv": [7.375, 6.125, 7.25, 6.25], "texture": "#n_hat"},
				"east": {"uv": [7.75, 6.125, 7.625, 6.25], "texture": "#n_hat"},
				"south": {"uv": [7.375, 6.125, 7.5, 6.25], "texture": "#n_hat"},
				"west": {"uv": [7.5, 6.125, 7.625, 6.25], "texture": "#n_hat"},
				"up": {"uv": [7.125, 6.25, 7.25, 6.125], "texture": "#n_hat"},
				"down": {"uv": [7, 6.125, 7.125, 6.25], "texture": "#n_hat"}
			}
		},
		{
			"name": "Voxels",
			"from": [8.3, 12, 5.4],
			"to": [9.3, 12.25, 5.65],
			"faces": {
				"north": {"uv": [15.375, 10.625, 14.875, 10.75], "texture": "#n_hat"},
				"east": {"uv": [6.5, 6, 6.375, 6.125], "texture": "#n_hat"},
				"south": {"uv": [14.875, 10.5, 15.375, 10.625], "texture": "#n_hat"},
				"west": {"uv": [6.25, 6, 6.375, 6.125], "texture": "#n_hat"},
				"up": {"uv": [15.5, 9.25, 16, 9.125], "texture": "#n_hat"},
				"down": {"uv": [14.875, 10.75, 15.375, 10.875], "texture": "#n_hat"}
			}
		},
		{
			"name": "Voxels",
			"from": [8.55, 11.5, 5.15],
			"to": [8.8, 11.75, 5.65],
			"faces": {
				"north": {"uv": [6.875, 6, 6.75, 6.125], "texture": "#n_hat"},
				"east": {"uv": [6.375, 6.375, 6.125, 6.5], "texture": "#n_hat"},
				"south": {"uv": [6.875, 6, 7, 6.125], "texture": "#n_hat"},
				"west": {"uv": [5.875, 6.375, 6.125, 6.5], "texture": "#n_hat"},
				"up": {"uv": [5.5, 5.75, 5.625, 5.5], "texture": "#n_hat"},
				"down": {"uv": [5.5, 5.75, 5.625, 6], "texture": "#n_hat"}
			}
		},
		{
			"name": "Voxels",
			"from": [8.55, 12, 5.15],
			"to": [9.05, 12.25, 5.4],
			"faces": {
				"north": {"uv": [7.125, 6.375, 6.875, 6.5], "texture": "#n_hat"},
				"east": {"uv": [8, 6, 7.875, 6.125], "texture": "#n_hat"},
				"south": {"uv": [7.125, 6.375, 7.375, 6.5], "texture": "#n_hat"},
				"west": {"uv": [7.375, 5.75, 7.5, 5.875], "texture": "#n_hat"},
				"up": {"uv": [6.625, 6.5, 6.875, 6.375], "texture": "#n_hat"},
				"down": {"uv": [6.375, 6.375, 6.625, 6.5], "texture": "#n_hat"}
			}
		},
		{
			"name": "Voxels",
			"from": [8.55, 12.25, 5.4],
			"to": [9.55, 12.5, 5.65],
			"faces": {
				"north": {"uv": [15.875, 10.5, 15.375, 10.625], "texture": "#n_hat"},
				"east": {"uv": [6.125, 5.25, 6, 5.375], "texture": "#n_hat"},
				"south": {"uv": [14.875, 10.375, 15.375, 10.5], "texture": "#n_hat"},
				"west": {"uv": [6, 5.375, 6.125, 5.5], "texture": "#n_hat"},
				"up": {"uv": [15.375, 10.75, 15.875, 10.625], "texture": "#n_hat"},
				"down": {"uv": [15.375, 10.75, 15.875, 10.875], "texture": "#n_hat"}
			}
		},
		{
			"name": "Voxels",
			"from": [8.8, 12.25, 5.15],
			"to": [9.3, 12.5, 5.4],
			"faces": {
				"north": {"uv": [6.875, 6.25, 6.625, 6.375], "texture": "#n_hat"},
				"east": {"uv": [6.125, 4.5, 6, 4.625], "texture": "#n_hat"},
				"south": {"uv": [6.875, 6.25, 7.125, 6.375], "texture": "#n_hat"},
				"west": {"uv": [6, 4.625, 6.125, 4.75], "texture": "#n_hat"},
				"up": {"uv": [6.375, 6.375, 6.625, 6.25], "texture": "#n_hat"},
				"down": {"uv": [6.125, 6.25, 6.375, 6.375], "texture": "#n_hat"}
			}
		},
		{
			"name": "Voxels",
			"from": [10.8, 10, 4.9],
			"to": [11.3, 10.25, 5.15],
			"faces": {
				"north": {"uv": [7.875, 6.25, 7.625, 6.375], "texture": "#n_hat"},
				"east": {"uv": [6.5, 5.875, 6.375, 6], "texture": "#n_hat"},
				"south": {"uv": [5.625, 6.125, 5.875, 6.25], "texture": "#n_hat"},
				"west": {"uv": [6.25, 5.875, 6.375, 6], "texture": "#n_hat"},
				"up": {"uv": [7.375, 6.375, 7.625, 6.25], "texture": "#n_hat"},
				"down": {"uv": [7.125, 6.25, 7.375, 6.375], "texture": "#n_hat"}
			}
		},
		{
			"name": "Voxels",
			"from": [11.3, 9.75, 5.4],
			"to": [11.55, 10, 5.65],
			"faces": {
				"north": {"uv": [6.875, 5.875, 6.75, 6], "texture": "#n_hat"},
				"east": {"uv": [7.25, 5.875, 7.125, 6], "texture": "#n_hat"},
				"south": {"uv": [6.875, 5.875, 7, 6], "texture": "#n_hat"},
				"west": {"uv": [7, 5.875, 7.125, 6], "texture": "#n_hat"},
				"up": {"uv": [6.625, 6, 6.75, 5.875], "texture": "#n_hat"},
				"down": {"uv": [6.5, 5.875, 6.625, 6], "texture": "#n_hat"}
			}
		},
		{
			"name": "Voxels",
			"from": [11.3, 10, 6.65],
			"to": [11.55, 11.75, 13.4],
			"faces": {
				"north": {"uv": [14.75, 9.625, 14.625, 10.5], "texture": "#n_hat"},
				"east": {"uv": [3.375, 1.375, 0, 2.25], "texture": "#n_hat"},
				"south": {"uv": [14.75, 9.625, 14.875, 10.5], "texture": "#n_hat"},
				"west": {"uv": [0, 0.5, 3.375, 1.375], "texture": "#n_hat"},
				"up": {"uv": [4.875, 7.5, 5, 4.125], "texture": "#n_hat"},
				"down": {"uv": [4.125, 2, 4.25, 5.375], "texture": "#n_hat"}
			}
		},
		{
			"name": "Voxels",
			"from": [11.55, 9.75, 6.4],
			"to": [11.8, 10, 13.65],
			"faces": {
				"north": {"uv": [6.25, 5.5, 6.125, 5.625], "texture": "#n_hat"},
				"east": {"uv": [12.125, 5.125, 8.5, 5.25], "texture": "#n_hat"},
				"south": {"uv": [6.125, 5.375, 6.25, 5.5], "texture": "#n_hat"},
				"west": {"uv": [11.875, 5.25, 15.5, 5.375], "texture": "#n_hat"},
				"up": {"uv": [8.375, 5.25, 8.5, 1.625], "texture": "#n_hat"},
				"down": {"uv": [8.25, 1.625, 8.375, 5.25], "texture": "#n_hat"}
			}
		},
		{
			"name": "Voxels",
			"from": [11.55, 10, 7.4],
			"to": [12.05, 10.5, 7.9],
			"faces": {
				"north": {"uv": [15.25, 9.25, 15, 9.5], "texture": "#n_hat"},
				"east": {"uv": [15.25, 9.5, 15, 9.75], "texture": "#n_hat"},
				"south": {"uv": [15.5, 9.75, 15.75, 10], "texture": "#n_hat"},
				"west": {"uv": [15.75, 9.75, 16, 10], "texture": "#n_hat"},
				"up": {"uv": [15.25, 10, 15.5, 9.75], "texture": "#n_hat"},
				"down": {"uv": [15, 9.75, 15.25, 10], "texture": "#n_hat"}
			}
		},
		{
			"name": "Voxels",
			"from": [11.55, 10.5, 6.65],
			"to": [11.8, 11.75, 13.4],
			"faces": {
				"north": {"uv": [14.75, 9, 14.625, 9.625], "texture": "#n_hat"},
				"east": {"uv": [10.625, 11, 7.25, 11.625], "texture": "#n_hat"},
				"south": {"uv": [14.75, 9, 14.875, 9.625], "texture": "#n_hat"},
				"west": {"uv": [7.25, 11.625, 10.625, 12.25], "texture": "#n_hat"},
				"up": {"uv": [5.125, 7.5, 5.25, 4.125], "texture": "#n_hat"},
				"down": {"uv": [5, 4.125, 5.125, 7.5], "texture": "#n_hat"}
			}
		},
		{
			"name": "Voxels",
			"from": [11.8, 11.5, 6.65],
			"to": [12.05, 11.75, 13.4],
			"faces": {
				"north": {"uv": [7.125, 5.75, 7, 5.875], "texture": "#n_hat"},
				"east": {"uv": [11.875, 3.125, 8.5, 3.25], "texture": "#n_hat"},
				"south": {"uv": [7.125, 5.75, 7.25, 5.875], "texture": "#n_hat"},
				"west": {"uv": [8.5, 3.25, 11.875, 3.375], "texture": "#n_hat"},
				"up": {"uv": [5.375, 7.5, 5.5, 4.125], "texture": "#n_hat"},
				"down": {"uv": [5.25, 4.125, 5.375, 7.5], "texture": "#n_hat"}
			}
		}
	],
	"display": {
		"thirdperson_righthand": {
			"rotation": [68.86, 38.76, -10.61],
			"translation": [-1.5, 0, -3.25],
			"scale": [0.8, 0.8, 0.8]
		},
		"thirdperson_lefthand": {
			"rotation": [68.86, 38.76, -10.61],
			"translation": [-1.5, 0, -3.25],
			"scale": [0.8, 0.8, 0.8]
		},
		"firstperson_righthand": {
			"rotation": [-180, 69, -180],
			"translation": [5.25, -2.25, -4.25],
			"scale": [0.7, 0.7, 0.7]
		},
		"firstperson_lefthand": {
			"rotation": [-180, 69, -180],
			"translation": [5.25, -2.25, -4.25],
			"scale": [0.7, 0.7, 0.7]
		},
		"ground": {
			"translation": [0, -3.5, 0]
		},
		"gui": {
			"rotation": [-160.91, 31.65, -179.93],
			"translation": [-1.5, -4.25, 1],
			"scale": [1.4, 1.4, 1.4]
		},
		"head": {
			"translation": [0.5, -2, -4.25],
			"scale": [2.05, 2.05, 2.05]
		},
		"fixed": {
			"translation": [0, -2.25, -4.5]
		}
	}
}