{
	"credit": "Made with Blockbench",
	"texture_size": [32, 32],
	"textures": {
		"0": "items/chany_c14",
		"2": "items/chany_si2",
		"3": "items/do_2",
		"4": "items/eye_1",
		"particle": "items/do_2"
	},
	"elements": [
		{
			"from": [3.5, 2.25, 5.5],
			"to": [12.5, 10.05, 12.5],
			"rotation": {"angle": 0, "axis": "y", "origin": [8, 4.75, 8]},
			"faces": {
				"north": {"uv": [8, 1, 10.5, 1.5], "texture": "#0"},
				"east": {"uv": [1.5, 8, 4, 8.5], "texture": "#0"},
				"south": {"uv": [8, 1.5, 10.5, 2], "texture": "#0"},
				"west": {"uv": [8, 2, 10.5, 2.5], "texture": "#0"},
				"up": {"uv": [2.5, 2.5, 0, 0], "texture": "#0"},
				"down": {"uv": [2.5, 2.5, 0, 5], "texture": "#0"}
			}
		},
		{
			"from": [11.25, 9.45, 6.75],
			"to": [12.75, 10.95, 11.25],
			"rotation": {"angle": 0, "axis": "y", "origin": [8, 4.75, 8]},
			"faces": {
				"north": {"uv": [10, 7, 10.75, 7.25], "texture": "#0"},
				"east": {"uv": [0, 10, 1.25, 10.25], "texture": "#0"},
				"south": {"uv": [7.5, 10, 8.25, 10.25], "texture": "#0"},
				"west": {"uv": [1.5, 10, 2.75, 10.25], "texture": "#0"},
				"up": {"uv": [1.75, 9.75, 1, 8.5], "texture": "#0"},
				"down": {"uv": [2.75, 8.5, 2, 9.75], "texture": "#0"}
			}
		},
		{
			"from": [3.25, 9.45, 5.25],
			"to": [12.75, 10.95, 6.75],
			"rotation": {"angle": 0, "axis": "y", "origin": [8, 4.75, 8]},
			"faces": {
				"north": {"uv": [9, 5, 11.75, 5.25], "texture": "#0"},
				"east": {"uv": [6.5, 10, 7.25, 10.25], "texture": "#0"},
				"south": {"uv": [9, 8.5, 11.75, 8.75], "texture": "#0"},
				"west": {"uv": [10, 6.5, 10.75, 6.75], "texture": "#0"},
				"up": {"uv": [9.75, 8.25, 7, 7.5], "texture": "#0"},
				"down": {"uv": [10.75, 0, 8, 0.75], "texture": "#0"}
			}
		},
		{
			"from": [3.25, 9.45, 6.75],
			"to": [4.75, 10.95, 11.25],
			"rotation": {"angle": 0, "axis": "y", "origin": [8, 4.75, 8]},
			"faces": {
				"north": {"uv": [10, 5.5, 10.75, 5.75], "texture": "#0"},
				"east": {"uv": [9, 9, 10.25, 9.25], "texture": "#0"},
				"south": {"uv": [10, 6, 10.75, 6.25], "texture": "#0"},
				"west": {"uv": [9, 9.5, 10.25, 9.75], "texture": "#0"},
				"up": {"uv": [8.75, 5.25, 8, 4], "texture": "#0"},
				"down": {"uv": [0.75, 8.5, 0, 9.75], "texture": "#0"}
			}
		},
		{
			"from": [3.25, 9.45, 11.25],
			"to": [12.75, 10.95, 12.75],
			"rotation": {"angle": 0, "axis": "y", "origin": [8, 4.75, 8]},
			"faces": {
				"north": {"uv": [9, 4, 11.75, 4.25], "texture": "#0"},
				"east": {"uv": [1.5, 7, 2.25, 7.25], "texture": "#0"},
				"south": {"uv": [9, 4.5, 11.75, 4.75], "texture": "#0"},
				"west": {"uv": [1.5, 7.5, 2.25, 7.75], "texture": "#0"},
				"up": {"uv": [9.75, 6.25, 7, 5.5], "texture": "#0"},
				"down": {"uv": [9.75, 6.5, 7, 7.25], "texture": "#0"}
			}
		},
		{
			"from": [5.075, 5.34117, 5.8354],
			"to": [5.425, 9.41617, 6.3354],
			"rotation": {"angle": 0, "axis": "y", "origin": [5.25, 8.75367, 6.0854]},
			"faces": {
				"north": {"uv": [0, 0, 16, 16], "texture": "#2"},
				"east": {"uv": [0, 0, 16, 16], "texture": "#2"},
				"south": {"uv": [0, 0, 16, 16], "texture": "#2"},
				"west": {"uv": [0, 0, 16, 16], "texture": "#2"},
				"up": {"uv": [0, 0, 16, 16], "texture": "#2"},
				"down": {"uv": [0, 0, 16, 16], "texture": "#2"}
			}
		},
		{
			"from": [5.075, 9.25104, 5.50523],
			"to": [5.425, 11.32604, 6.00523],
			"rotation": {"angle": -22.5, "axis": "x", "origin": [5.25, 10.16354, 5.75523]},
			"faces": {
				"north": {"uv": [0, 0, 16, 16], "texture": "#2"},
				"east": {"uv": [0, 0, 16, 16], "texture": "#2"},
				"south": {"uv": [0, 0, 16, 16], "texture": "#2"},
				"west": {"uv": [0, 0, 16, 16], "texture": "#2"},
				"up": {"uv": [0, 0, 16, 16], "texture": "#2"},
				"down": {"uv": [0, 0, 16, 16], "texture": "#2"}
			}
		},
		{
			"from": [5.075, 4.35724, 2.63203],
			"to": [5.425, 6.43224, 3.13203],
			"rotation": {"angle": -22.5, "axis": "x", "origin": [5.25, 5.26974, 2.88203]},
			"faces": {
				"north": {"uv": [0, 0, 16, 16], "texture": "#2"},
				"east": {"uv": [0, 0, 16, 16], "texture": "#2"},
				"south": {"uv": [0, 0, 16, 16], "texture": "#2"},
				"west": {"uv": [0, 0, 16, 16], "texture": "#2"},
				"up": {"uv": [0, 0, 16, 16], "texture": "#2"},
				"down": {"uv": [0, 0, 16, 16], "texture": "#2"}
			}
		},
		{
			"from": [5.075, 4.2471, 3.01696],
			"to": [5.425, 4.7471, 6.59196],
			"rotation": {"angle": -22.5, "axis": "x", "origin": [5.25, 4.4971, 4.05446]},
			"faces": {
				"north": {"uv": [0, 0, 16, 16], "rotation": 270, "texture": "#2"},
				"east": {"uv": [0, 0, 16, 16], "rotation": 270, "texture": "#2"},
				"south": {"uv": [0, 0, 16, 16], "rotation": 270, "texture": "#2"},
				"west": {"uv": [0, 0, 16, 16], "rotation": 270, "texture": "#2"},
				"up": {"uv": [0, 0, 16, 16], "rotation": 270, "texture": "#2"},
				"down": {"uv": [0, 0, 16, 16], "rotation": 270, "texture": "#2"}
			}
		},
		{
			"from": [5.075, 10.83322, 2.96633],
			"to": [5.425, 11.33322, 5.54133],
			"rotation": {"angle": 0, "axis": "y", "origin": [5.25, 11.08322, 4.62883]},
			"faces": {
				"north": {"uv": [0, 0, 16, 16], "rotation": 270, "texture": "#2"},
				"east": {"uv": [0, 0, 16, 16], "rotation": 270, "texture": "#2"},
				"south": {"uv": [0, 0, 16, 16], "rotation": 270, "texture": "#2"},
				"west": {"uv": [0, 0, 16, 16], "rotation": 270, "texture": "#2"},
				"up": {"uv": [0, 0, 16, 16], "rotation": 270, "texture": "#2"},
				"down": {"uv": [0, 0, 16, 16], "rotation": 270, "texture": "#2"}
			}
		},
		{
			"from": [5.075, 9.73088, 2.55504],
			"to": [5.425, 10.23088, 3.63004],
			"rotation": {"angle": -45, "axis": "x", "origin": [5.25, 9.98088, 1.96754]},
			"faces": {
				"north": {"uv": [0, 0, 16, 16], "rotation": 270, "texture": "#2"},
				"east": {"uv": [0, 0, 16, 16], "rotation": 270, "texture": "#2"},
				"south": {"uv": [0, 0, 16, 16], "rotation": 270, "texture": "#2"},
				"west": {"uv": [0, 0, 16, 16], "rotation": 270, "texture": "#2"},
				"up": {"uv": [0, 0, 16, 16], "rotation": 270, "texture": "#2"},
				"down": {"uv": [0, 0, 16, 16], "rotation": 270, "texture": "#2"}
			}
		},
		{
			"from": [5.075, 6.24808, 2.20619],
			"to": [5.425, 10.57308, 2.70619],
			"rotation": {"angle": 0, "axis": "y", "origin": [5.25, 10.16058, 2.45619]},
			"faces": {
				"north": {"uv": [0, 0, 16, 16], "rotation": 180, "texture": "#2"},
				"east": {"uv": [0, 0, 16, 16], "rotation": 180, "texture": "#2"},
				"south": {"uv": [0, 0, 16, 16], "rotation": 180, "texture": "#2"},
				"west": {"uv": [0, 0, 16, 16], "rotation": 180, "texture": "#2"},
				"up": {"uv": [0, 0, 16, 16], "rotation": 180, "texture": "#2"},
				"down": {"uv": [0, 0, 16, 16], "rotation": 180, "texture": "#2"}
			}
		},
		{
			"from": [10.575, 5.34117, 5.8354],
			"to": [10.925, 9.41617, 6.3354],
			"rotation": {"angle": 0, "axis": "y", "origin": [10.75, 8.75367, 6.0854]},
			"faces": {
				"north": {"uv": [16, 0, 0, 16], "texture": "#2"},
				"east": {"uv": [16, 0, 0, 16], "texture": "#2"},
				"south": {"uv": [16, 0, 0, 16], "texture": "#2"},
				"west": {"uv": [16, 0, 0, 16], "texture": "#2"},
				"up": {"uv": [16, 0, 0, 16], "texture": "#2"},
				"down": {"uv": [16, 0, 0, 16], "texture": "#2"}
			}
		},
		{
			"from": [10.575, 9.25104, 5.50523],
			"to": [10.925, 11.32604, 6.00523],
			"rotation": {"angle": -22.5, "axis": "x", "origin": [10.75, 10.16354, 5.75523]},
			"faces": {
				"north": {"uv": [16, 0, 0, 16], "texture": "#2"},
				"east": {"uv": [16, 0, 0, 16], "texture": "#2"},
				"south": {"uv": [16, 0, 0, 16], "texture": "#2"},
				"west": {"uv": [16, 0, 0, 16], "texture": "#2"},
				"up": {"uv": [16, 0, 0, 16], "texture": "#2"},
				"down": {"uv": [16, 0, 0, 16], "texture": "#2"}
			}
		},
		{
			"from": [10.575, 4.35724, 2.63203],
			"to": [10.925, 6.43224, 3.13203],
			"rotation": {"angle": -22.5, "axis": "x", "origin": [10.75, 5.26974, 2.88203]},
			"faces": {
				"north": {"uv": [16, 0, 0, 16], "texture": "#2"},
				"east": {"uv": [16, 0, 0, 16], "texture": "#2"},
				"south": {"uv": [16, 0, 0, 16], "texture": "#2"},
				"west": {"uv": [16, 0, 0, 16], "texture": "#2"},
				"up": {"uv": [16, 0, 0, 16], "texture": "#2"},
				"down": {"uv": [16, 0, 0, 16], "texture": "#2"}
			}
		},
		{
			"from": [10.575, 4.2471, 3.01696],
			"to": [10.925, 4.7471, 6.59196],
			"rotation": {"angle": -22.5, "axis": "x", "origin": [10.75, 4.4971, 4.05446]},
			"faces": {
				"north": {"uv": [0, 16, 16, 0], "rotation": 270, "texture": "#2"},
				"east": {"uv": [0, 16, 16, 0], "rotation": 270, "texture": "#2"},
				"south": {"uv": [0, 16, 16, 0], "rotation": 270, "texture": "#2"},
				"west": {"uv": [0, 16, 16, 0], "rotation": 270, "texture": "#2"},
				"up": {"uv": [0, 16, 16, 0], "rotation": 270, "texture": "#2"},
				"down": {"uv": [0, 16, 16, 0], "rotation": 270, "texture": "#2"}
			}
		},
		{
			"from": [10.575, 10.83322, 2.96633],
			"to": [10.925, 11.33322, 5.54133],
			"rotation": {"angle": 0, "axis": "y", "origin": [10.75, 11.08322, 4.62883]},
			"faces": {
				"north": {"uv": [0, 16, 16, 0], "rotation": 270, "texture": "#2"},
				"east": {"uv": [0, 16, 16, 0], "rotation": 270, "texture": "#2"},
				"south": {"uv": [0, 16, 16, 0], "rotation": 270, "texture": "#2"},
				"west": {"uv": [0, 16, 16, 0], "rotation": 270, "texture": "#2"},
				"up": {"uv": [0, 16, 16, 0], "rotation": 270, "texture": "#2"},
				"down": {"uv": [0, 16, 16, 0], "rotation": 270, "texture": "#2"}
			}
		},
		{
			"from": [10.575, 9.73088, 2.55504],
			"to": [10.925, 10.23088, 3.63004],
			"rotation": {"angle": -45, "axis": "x", "origin": [10.75, 9.98088, 1.96754]},
			"faces": {
				"north": {"uv": [0, 16, 16, 0], "rotation": 270, "texture": "#2"},
				"east": {"uv": [0, 16, 16, 0], "rotation": 270, "texture": "#2"},
				"south": {"uv": [0, 16, 16, 0], "rotation": 270, "texture": "#2"},
				"west": {"uv": [0, 16, 16, 0], "rotation": 270, "texture": "#2"},
				"up": {"uv": [0, 16, 16, 0], "rotation": 270, "texture": "#2"},
				"down": {"uv": [0, 16, 16, 0], "rotation": 270, "texture": "#2"}
			}
		},
		{
			"from": [10.575, 6.24808, 2.20619],
			"to": [10.925, 10.57308, 2.70619],
			"rotation": {"angle": 0, "axis": "y", "origin": [10.75, 10.16058, 2.45619]},
			"faces": {
				"north": {"uv": [16, 0, 0, 16], "rotation": 180, "texture": "#2"},
				"east": {"uv": [16, 0, 0, 16], "rotation": 180, "texture": "#2"},
				"south": {"uv": [16, 0, 0, 16], "rotation": 180, "texture": "#2"},
				"west": {"uv": [16, 0, 0, 16], "rotation": 180, "texture": "#2"},
				"up": {"uv": [16, 0, 0, 16], "rotation": 180, "texture": "#2"},
				"down": {"uv": [16, 0, 0, 16], "rotation": 180, "texture": "#2"}
			}
		},
		{
			"from": [9.8, 2.85, 7.8],
			"to": [10.2, 3.2, 8.2],
			"rotation": {"angle": 0, "axis": "y", "origin": [10, 3.75, 8]},
			"faces": {
				"north": {"uv": [4, 2, 4.25, 2.25], "texture": "#3"},
				"east": {"uv": [4, 2.5, 4.25, 2.75], "texture": "#3"},
				"south": {"uv": [4, 3, 4.25, 3.25], "texture": "#3"},
				"west": {"uv": [3.5, 4, 3.75, 4.25], "texture": "#3"},
				"up": {"uv": [4.25, 3.75, 4, 3.5], "texture": "#3"},
				"down": {"uv": [4.25, 4, 4, 4.25], "texture": "#3"}
			}
		},
		{
			"from": [9.55, 3.25, 7.55],
			"to": [10.45, 14, 8.45],
			"rotation": {"angle": 0, "axis": "y", "origin": [10, 8.625, 8]},
			"faces": {
				"north": {"uv": [0.25, 2.25, 0.75, 7.75], "texture": "#3"},
				"east": {"uv": [2.95, 2.9, 3.45, 8.4], "texture": "#3"},
				"south": {"uv": [2.65, 3.15, 3.15, 8.65], "texture": "#3"},
				"west": {"uv": [1.85, 2.7, 2.35, 8.2], "texture": "#3"},
				"up": {"uv": [4.5, 0.5, 4, 0], "texture": "#3"},
				"down": {"uv": [4.5, 0.5, 4, 1], "texture": "#3"}
			}
		},
		{
			"from": [10.46865, 13.64336, 7.6],
			"to": [11.26865, 19.36836, 8.4],
			"rotation": {"angle": -22.5, "axis": "z", "origin": [10.86865, 16.11836, 8]},
			"faces": {
				"north": {"uv": [2, 0, 2.5, 3], "texture": "#3"},
				"east": {"uv": [2.5, 0, 3, 3], "texture": "#3"},
				"south": {"uv": [6, 0.5, 6.5, 3.5], "texture": "#3"},
				"west": {"uv": [2, 3, 2.5, 3], "texture": "#3"},
				"up": {"uv": [4.5, 1.5, 4, 1], "texture": "#3"},
				"down": {"uv": [4.5, 1.5, 4, 2], "texture": "#3"}
			}
		},
		{
			"from": [8.73135, 13.61836, 7.7],
			"to": [9.33135, 17.61836, 8.3],
			"rotation": {"angle": 22.5, "axis": "z", "origin": [9.03135, 16.11836, 8]},
			"faces": {
				"north": {"uv": [2, 0, 2.25, 2], "texture": "#3"},
				"east": {"uv": [2.5, 0.5, 2.75, 2.5], "texture": "#3"},
				"south": {"uv": [3.5, 0, 3.75, 2], "texture": "#3"},
				"west": {"uv": [4.5, 2, 4.75, 4], "texture": "#3"},
				"up": {"uv": [4.75, 0.25, 4.5, 0], "texture": "#3"},
				"down": {"uv": [4.75, 0.5, 4.5, 0.75], "texture": "#3"}
			}
		},
		{
			"from": [9.675, 2.95, 7.675],
			"to": [10.325, 3.7, 8.325],
			"rotation": {"angle": 0, "axis": "y", "origin": [10, 3.75, 8]},
			"faces": {
				"north": {"uv": [4.5, 1, 4.75, 1.25], "texture": "#3"},
				"east": {"uv": [4.5, 1.5, 4.75, 1.75], "texture": "#3"},
				"south": {"uv": [4.5, 2, 4.75, 2.25], "texture": "#3"},
				"west": {"uv": [4.5, 2.5, 4.75, 2.75], "texture": "#3"},
				"up": {"uv": [4.75, 3.25, 4.5, 3], "texture": "#3"},
				"down": {"uv": [3.75, 4.5, 3.5, 4.75], "texture": "#3"}
			}
		},
		{
			"name": "head",
			"from": [4.3, 18, 8.8],
			"to": [7.7, 19, 9.3],
			"faces": {
				"north": {"uv": [0.44445, 1.04, 1.36889, 3.10445], "texture": "#4"},
				"east": {"uv": [0.44445, 1.04, 1.36889, 3.10445], "texture": "#4"},
				"south": {"uv": [0.44445, 1.04, 1.36889, 3.10445], "texture": "#4"},
				"west": {"uv": [0.44445, 1.04, 1.36889, 3.10445], "texture": "#4"},
				"up": {"uv": [0.44445, 1.04, 1.36889, 3.10445], "texture": "#4"},
				"down": {"uv": [0.44445, 1.04, 1.36889, 3.10445], "texture": "#4"}
			}
		},
		{
			"name": "fork",
			"from": [5.75, 19, 8.75],
			"to": [6.25, 24, 9.25],
			"faces": {
				"north": {"uv": [0.375, 0.375, 7.625, 7.625], "texture": "#4"},
				"east": {"uv": [0.375, 0.375, 7.625, 7.625], "texture": "#4"},
				"south": {"uv": [0.375, 0.375, 7.625, 7.625], "texture": "#4"},
				"west": {"uv": [0.375, 0.375, 7.625, 7.625], "texture": "#4"},
				"up": {"uv": [0.375, 0.375, 7.625, 7.625], "texture": "#4"},
				"down": {"uv": [0.375, 0.375, 7.625, 7.625], "texture": "#4"}
			}
		},
		{
			"name": "fork",
			"from": [7.15, 19, 8.75],
			"to": [7.65, 24, 9.25],
			"faces": {
				"north": {"uv": [0.375, 0.375, 7.625, 7.625], "texture": "#4"},
				"east": {"uv": [0.375, 0.375, 7.625, 7.625], "texture": "#4"},
				"south": {"uv": [0.375, 0.375, 7.625, 7.625], "texture": "#4"},
				"west": {"uv": [0.375, 0.375, 7.625, 7.625], "texture": "#4"},
				"up": {"uv": [0.375, 0.375, 7.625, 7.625], "texture": "#4"},
				"down": {"uv": [0.375, 0.375, 7.625, 7.625], "texture": "#4"}
			}
		},
		{
			"name": "fork",
			"from": [4.35, 19, 8.75],
			"to": [4.85, 24, 9.25],
			"faces": {
				"north": {"uv": [0.375, 0.375, 7.625, 7.625], "texture": "#4"},
				"east": {"uv": [0.375, 0.375, 7.625, 7.625], "texture": "#4"},
				"south": {"uv": [0.375, 0.375, 7.625, 7.625], "texture": "#4"},
				"west": {"uv": [0.375, 0.375, 7.625, 7.625], "texture": "#4"},
				"up": {"uv": [0.375, 0.375, 7.625, 7.625], "texture": "#4"},
				"down": {"uv": [0.375, 0.375, 7.625, 7.625], "texture": "#4"}
			}
		},
		{
			"name": "hand",
			"from": [5.75, 4, 8.75],
			"to": [6.25, 18, 9.25],
			"faces": {
				"north": {"uv": [0.375, 0.375, 7.625, 7.625], "texture": "#4"},
				"east": {"uv": [0.375, 0.375, 7.625, 7.625], "texture": "#4"},
				"south": {"uv": [0.375, 0.375, 7.625, 7.625], "texture": "#4"},
				"west": {"uv": [0.375, 0.375, 7.625, 7.625], "texture": "#4"},
				"up": {"uv": [0.375, 0.375, 7.625, 7.625], "texture": "#4"},
				"down": {"uv": [0.375, 0.375, 7.625, 7.625], "texture": "#4"}
			}
		}
	],
	"display": {
		"thirdperson_righthand": {
			"rotation": [-139.66, -33.36, 161.75],
			"translation": [0, 1.75, 0]
		},
		"thirdperson_lefthand": {
			"rotation": [67.5, 0, 0],
			"translation": [-6, -8.75, 10],
			"scale": [1.6, 1.6, 1.6]
		},
		"firstperson_righthand": {
			"rotation": [19.96, -68.12, 19.45],
			"translation": [6, 0, -4.25]
		},
		"firstperson_lefthand": {
			"rotation": [19.96, -68.12, 19.45],
			"translation": [80, 0, -4.25]
		},
		"gui": {
			"rotation": [25, -36, 0],
			"translation": [0.25, 0, 1]
		},
		"head": {
			"translation": [0, -15.25, 10.25],
			"scale": [2.5, 2.5, 2.5]
		}
	},
	"groups": [
		{
			"name": "group",
			"origin": [8, 4.75, 8],
			"color": 0,
			"children": [0, 1, 2, 3, 4]
		},
		{
			"name": "group",
			"origin": [5.25, 10.16058, 2.45619],
			"color": 0,
			"children": [5, 6, 7, 8, 9, 10, 11]
		},
		{
			"name": "group",
			"origin": [5.25, 10.16058, 2.45619],
			"color": 0,
			"children": [12, 13, 14, 15, 16, 17, 18]
		},
		{
			"name": "group",
			"origin": [8, 1.75, 8],
			"color": 0,
			"children": [19, 20, 21, 22, 23]
		},
		{
			"name": "group",
			"origin": [0, 0, 0],
			"color": 0,
			"children": [24, 25, 26, 27, 28]
		}
	]
}