{
	"credit": "Made with Blockbench",
	"textures": {
		"4": "items/fish_18_5",
		"7": "items/dwd_chi_1_20",
		"8": "items/dwd_chi_1_21",
		"particle": "fish_18_3"
	},
	"elements": [
		{
			"from": [7.025, -8, 7.025],
			"to": [8.975, -7, 8.975],
			"rotation": {"angle": 0, "axis": "y", "origin": [8, 0.5, 8]},
			"faces": {
				"north": {"uv": [3.6, 3.8, 4.6, 4.8], "texture": "#4"},
				"east": {"uv": [3.6, 3.8, 4.6, 4.8], "texture": "#4"},
				"south": {"uv": [3.6, 3.8, 4.6, 4.8], "texture": "#4"},
				"west": {"uv": [3.6, 3.8, 4.6, 4.8], "texture": "#4"},
				"up": {"uv": [3.6, 3.8, 4.6, 4.8], "texture": "#4"},
				"down": {"uv": [3.6, 3.8, 4.6, 4.8], "texture": "#4"}
			}
		},
		{
			"from": [7.275, -7, 7.275],
			"to": [8.725, 0.25, 8.725],
			"rotation": {"angle": 0, "axis": "y", "origin": [8, 0.5, 8]},
			"faces": {
				"north": {"uv": [0, 0, 16, 16], "texture": "#7"},
				"east": {"uv": [0, 0, 16, 16], "texture": "#7"},
				"south": {"uv": [0, 0, 16, 16], "texture": "#7"},
				"west": {"uv": [0, 0, 16, 16], "texture": "#7"},
				"up": {"uv": [0, 0, 16, 16], "texture": "#7"},
				"down": {"uv": [0, 0, 16, 16], "texture": "#7"}
			}
		},
		{
			"from": [7.025, -0.5, 7.025],
			"to": [8.975, 0.5, 8.975],
			"rotation": {"angle": 0, "axis": "y", "origin": [8, 0.5, 8]},
			"faces": {
				"north": {"uv": [3.6, 3.8, 4.6, 4.8], "texture": "#4"},
				"east": {"uv": [3.6, 3.8, 4.6, 4.8], "texture": "#4"},
				"south": {"uv": [3.6, 3.8, 4.6, 4.8], "texture": "#4"},
				"west": {"uv": [3.6, 3.8, 4.6, 4.8], "texture": "#4"},
				"up": {"uv": [3.6, 3.8, 4.6, 4.8], "texture": "#4"},
				"down": {"uv": [3.6, 3.8, 4.6, 4.8], "texture": "#4"}
			}
		},
		{
			"from": [7.575, 0.5, 7.575],
			"to": [8.425, 19.75, 8.425],
			"rotation": {"angle": 0, "axis": "y", "origin": [8, 0.5, 8]},
			"faces": {
				"north": {"uv": [2, 9, 3.9, 10.9], "texture": "#4"},
				"east": {"uv": [2, 9, 3.9, 10.9], "texture": "#4"},
				"south": {"uv": [2, 9, 3.9, 10.9], "texture": "#4"},
				"west": {"uv": [2, 9, 3.9, 10.9], "texture": "#4"},
				"up": {"uv": [2, 9, 3.9, 10.9], "texture": "#4"},
				"down": {"uv": [2, 9, 3.9, 10.9], "texture": "#4"}
			}
		},
		{
			"from": [5.375, 19.75, 7.575],
			"to": [10.625, 20.6, 8.425],
			"rotation": {"angle": 0, "axis": "y", "origin": [8, 23.875, 8]},
			"faces": {
				"north": {"uv": [2, 9, 3.9, 10.9], "rotation": 90, "texture": "#4"},
				"east": {"uv": [2, 9, 3.9, 10.9], "rotation": 90, "texture": "#4"},
				"south": {"uv": [2, 9, 3.9, 10.9], "rotation": 90, "texture": "#4"},
				"west": {"uv": [2, 9, 3.9, 10.9], "rotation": 90, "texture": "#4"},
				"up": {"uv": [2, 9, 3.9, 10.9], "rotation": 90, "texture": "#4"},
				"down": {"uv": [2, 9, 3.9, 10.9], "rotation": 90, "texture": "#4"}
			}
		},
		{
			"from": [7.675, 20.25, 7.675],
			"to": [8.325, 25.5, 8.325],
			"rotation": {"angle": 0, "axis": "y", "origin": [8, 0.5, 8]},
			"faces": {
				"north": {"uv": [2, 9, 3.9, 10.9], "texture": "#4"},
				"east": {"uv": [2, 9, 3.9, 10.9], "texture": "#4"},
				"south": {"uv": [2, 9, 3.9, 10.9], "texture": "#4"},
				"west": {"uv": [2, 9, 3.9, 10.9], "texture": "#4"},
				"up": {"uv": [2, 9, 3.9, 10.9], "texture": "#4"},
				"down": {"uv": [2, 9, 3.9, 10.9], "texture": "#4"}
			}
		},
		{
			"from": [9.925, 20.25, 7.675],
			"to": [10.575, 24.25, 8.325],
			"rotation": {"angle": 0, "axis": "y", "origin": [8, 0.5, 8]},
			"faces": {
				"north": {"uv": [2, 9, 3.9, 10.9], "texture": "#4"},
				"east": {"uv": [2, 9, 3.9, 10.9], "texture": "#4"},
				"south": {"uv": [2, 9, 3.9, 10.9], "texture": "#4"},
				"west": {"uv": [2, 9, 3.9, 10.9], "texture": "#4"},
				"up": {"uv": [2, 9, 3.9, 10.9], "texture": "#4"},
				"down": {"uv": [2, 9, 3.9, 10.9], "texture": "#4"}
			}
		},
		{
			"from": [5.425, 20.25, 7.675],
			"to": [6.075, 24.25, 8.325],
			"rotation": {"angle": 0, "axis": "y", "origin": [8, 0.5, 8]},
			"faces": {
				"north": {"uv": [2, 9, 3.9, 10.9], "texture": "#4"},
				"east": {"uv": [2, 9, 3.9, 10.9], "texture": "#4"},
				"south": {"uv": [2, 9, 3.9, 10.9], "texture": "#4"},
				"west": {"uv": [2, 9, 3.9, 10.9], "texture": "#4"},
				"up": {"uv": [2, 9, 3.9, 10.9], "texture": "#4"},
				"down": {"uv": [2, 9, 3.9, 10.9], "texture": "#4"}
			}
		},
		{
			"from": [7.71538, 25.175, 7.675],
			"to": [8.19038, 25.65, 8.325],
			"rotation": {"angle": 45, "axis": "z", "origin": [7.86538, 25.5, 8]},
			"faces": {
				"north": {"uv": [2, 9, 3.9, 10.9], "texture": "#4"},
				"east": {"uv": [2, 9, 3.9, 10.9], "texture": "#4"},
				"south": {"uv": [2, 9, 3.9, 10.9], "texture": "#4"},
				"west": {"uv": [2, 9, 3.9, 10.9], "texture": "#4"},
				"up": {"uv": [2, 9, 3.9, 10.9], "texture": "#4"},
				"down": {"uv": [2, 9, 3.9, 10.9], "texture": "#4"}
			}
		},
		{
			"from": [9.96538, 23.925, 7.675],
			"to": [10.44038, 24.4, 8.325],
			"rotation": {"angle": 45, "axis": "z", "origin": [10.11538, 24.25, 8]},
			"faces": {
				"north": {"uv": [2, 9, 3.9, 10.9], "texture": "#4"},
				"east": {"uv": [2, 9, 3.9, 10.9], "texture": "#4"},
				"south": {"uv": [2, 9, 3.9, 10.9], "texture": "#4"},
				"west": {"uv": [2, 9, 3.9, 10.9], "texture": "#4"},
				"up": {"uv": [2, 9, 3.9, 10.9], "texture": "#4"},
				"down": {"uv": [2, 9, 3.9, 10.9], "texture": "#4"}
			}
		},
		{
			"from": [5.46538, 23.925, 7.675],
			"to": [5.94038, 24.4, 8.325],
			"rotation": {"angle": 45, "axis": "z", "origin": [5.61538, 24.25, 8]},
			"faces": {
				"north": {"uv": [2, 9, 3.9, 10.9], "texture": "#4"},
				"east": {"uv": [2, 9, 3.9, 10.9], "texture": "#4"},
				"south": {"uv": [2, 9, 3.9, 10.9], "texture": "#4"},
				"west": {"uv": [2, 9, 3.9, 10.9], "texture": "#4"},
				"up": {"uv": [2, 9, 3.9, 10.9], "texture": "#4"},
				"down": {"uv": [2, 9, 3.9, 10.9], "texture": "#4"}
			}
		},
		{
			"from": [7.025, 16, 7.025],
			"to": [8.975, 17.75, 8.975],
			"rotation": {"angle": 0, "axis": "y", "origin": [8, 0.5, 8]},
			"faces": {
				"north": {"uv": [1, 4, 5, 6], "texture": "#8"},
				"east": {"uv": [1, 4, 5, 6], "texture": "#8"},
				"south": {"uv": [1, 4, 5, 6], "texture": "#8"},
				"west": {"uv": [1, 4, 5, 6], "texture": "#8"},
				"up": {"uv": [1, 4, 5, 6], "texture": "#8"},
				"down": {"uv": [1, 4, 5, 6], "texture": "#8"}
			}
		},
		{
			"from": [3.075, 2.75, 8],
			"to": [7.025, 17.75, 8],
			"rotation": {"angle": 0, "axis": "y", "origin": [8.05, 0.5, 8]},
			"faces": {
				"north": {"uv": [9, 1, 14, 15], "texture": "#8"},
				"east": {"uv": [6, 8, 10, 10], "texture": "#8"},
				"south": {"uv": [14, 1, 9, 15], "texture": "#8"},
				"west": {"uv": [6, 8, 10, 10], "texture": "#8"},
				"up": {"uv": [6, 8, 10, 10], "texture": "#8"},
				"down": {"uv": [6, 8, 10, 10], "texture": "#8"}
			}
		}
	],
	"display": {
		"thirdperson_righthand": {
			"rotation": [0, 90, 0],
			"translation": [0, 9.75, 1]
		},
		"thirdperson_lefthand": {
			"rotation": [0, -90, 0],
			"translation": [0, 9.75, 1]
		},
		"firstperson_righthand": {
			"rotation": [-180, 84.75, -180],
			"translation": [12, 6.5, -9.75]
		},
		"firstperson_lefthand": {
			"rotation": [-180, -84, -180],
			"translation": [12, 6.5, -9.75]
		},
		"ground": {
			"translation": [0, 4, 0],
			"scale": [0.5, 0.5, 0.5]
		},
		"gui": {
			"rotation": [45, 45, 0],
			"translation": [-0.25, 0, 1],
			"scale": [0.7, 0.7, 0.7]
		},
		"fixed": {
			"translation": [0, 1.5, -2]
		}
	},
	"groups": [
		{
			"name": "group",
			"origin": [8, 0.5, 8],
			"color": 0,
			"children": [0, 1, 2]
		},
		{
			"name": "group",
			"origin": [8, 23.875, 8],
			"color": 0,
			"children": [3, 4]
		},
		{
			"name": "group",
			"origin": [5.61538, 24.25, 8],
			"color": 0,
			"children": [5, 6, 7, 8, 9, 10]
		},
		{
			"name": "group",
			"origin": [8, 2.75, 4.25],
			"color": 0,
			"children": []
		},
		11,
		12
	]
}