{
	"credit": "Made with Blockbench",
	"texture_size": [800, 600],
	"textures": {
		"0": "items/info5",
		"particle": "Desktop/asdasdasd"
	},
	"elements": [
		{
			"from": [-16, 0, 7],
			"to": [32, 29, 8],
			"faces": {
				"north": {"uv": [0, 0, 16, 8.03712], "texture": "#0"},
				"east": {"uv": [0, 0, 0.02, 0.85333], "texture": "#missing"},
				"south": {"uv": [0, 0, 16, 8.03712], "texture": "#0"},
				"west": {"uv": [0, 0, 0.02, 0.85333], "texture": "#missing"},
				"up": {"uv": [0, 0, 0.96, 0.02667], "texture": "#missing"},
				"down": {"uv": [0, 0, 0.96, 0.02667], "texture": "#missing"}
			}
		}
	],
	"display": {
		"gui": {
			"translation": [0.5, -0.25, 80],
			"scale": [4, 4, 1]
		}
	}
}