{
	"credit": "Made with Blockbench",
	"textures": {
		"0": "map/map_background",
		"1": "items/cauldron_side11",
		"2": "items/info1",
		"particle": "map/map_background"
	},
	"elements": [
		{
			"name": "hand",
			"from": [7.75, -16, 7.75],
			"to": [8.25, 18, 8.25],
			"faces": {
				"north": {"uv": [8.25, 10.25, 8.5, 14.5], "texture": "#0"},
				"east": {"uv": [0.75, 0.75, 15.25, 15.25], "texture": "#0"},
				"south": {"uv": [0.25, 10.5, 0.5, 14.75], "texture": "#0"},
				"west": {"uv": [0.5, 10.5, 0.75, 14.75], "texture": "#0"},
				"up": {"uv": [1.5, 7.75, 1.25, 7.5], "texture": "#0"},
				"down": {"uv": [1.5, 7.75, 1.25, 8], "texture": "#0"}
			}
		},
		{
			"name": "off",
			"from": [7.5, -16, 7.5],
			"to": [8.5, -15, 8.5],
			"faces": {
				"north": {"uv": [0, 0, 15, 12], "texture": "#1"},
				"east": {"uv": [0, 0, 15, 12], "texture": "#1"},
				"south": {"uv": [0, 0, 15, 12], "texture": "#1"},
				"west": {"uv": [0, 0, 15, 12], "texture": "#1"},
				"up": {"uv": [0, 0, 15, 12], "texture": "#1"},
				"down": {"uv": [0, 0, 15, 12], "texture": "#1"}
			}
		},
		{
			"name": "head",
			"from": [7, 18, 6],
			"to": [9, 19, 10],
			"faces": {
				"north": {"uv": [0.76444, 1.99556, 2.62222, 6.08889], "texture": "#2"},
				"east": {"uv": [0.88889, 2.08, 2.73778, 6.20889], "texture": "#2"},
				"south": {"uv": [0.53333, 1.78667, 2.76444, 6.2], "texture": "#2"},
				"west": {"uv": [0.71111, 1.90222, 2.77333, 6.13778], "texture": "#2"},
				"up": {"uv": [2.71111, 6.38222, 0.62222, 1.61778], "texture": "#2"},
				"down": {"uv": [2.52444, 1.76, 0.52444, 5.76], "texture": "#2"}
			}
		},
		{
			"from": [7.85, 21.9, 9.7],
			"to": [8.15, 23, 9.8],
			"faces": {
				"north": {"uv": [1, 2, 1.3, 3.1], "texture": "#1"},
				"east": {"uv": [4, 3, 4.1, 4.1], "texture": "#1"},
				"south": {"uv": [2, 2, 2.3, 3.1], "texture": "#1"},
				"west": {"uv": [9, 3, 14.1, 7.1], "texture": "#1"},
				"up": {"uv": [0, 0, 0.3, 0.1], "texture": "#1"},
				"down": {"uv": [0, 0, 0.3, 0.1], "texture": "#1"}
			}
		},
		{
			"from": [7.85, 19, 7.4],
			"to": [8.15, 25.9, 7.5],
			"faces": {
				"north": {"uv": [1, 2, 1.3, 8.9], "texture": "#1"},
				"east": {"uv": [4, 3, 4.1, 9.9], "texture": "#1"},
				"south": {"uv": [2, 2, 2.3, 8.9], "texture": "#1"},
				"west": {"uv": [9, 3, 14.1, 12.9], "texture": "#1"},
				"up": {"uv": [0, 0, 0.3, 0.1], "texture": "#1"},
				"down": {"uv": [0, 0, 0.3, 0.1], "texture": "#1"}
			}
		},
		{
			"from": [7.85, 19, 7.3],
			"to": [8.15, 25.9, 7.4],
			"faces": {
				"north": {"uv": [1, 2, 1.3, 8.9], "texture": "#1"},
				"east": {"uv": [4, 3, 4.1, 9.9], "texture": "#1"},
				"south": {"uv": [2, 2, 2.3, 8.9], "texture": "#1"},
				"west": {"uv": [9, 3, 14.1, 12.9], "texture": "#1"},
				"up": {"uv": [0, 0, 0.3, 0.1], "texture": "#1"},
				"down": {"uv": [0, 0, 0.3, 0.1], "texture": "#1"}
			}
		},
		{
			"from": [7.85, 19, 7.2],
			"to": [8.15, 25.9, 7.3],
			"faces": {
				"north": {"uv": [1, 2, 1.3, 8.9], "texture": "#1"},
				"east": {"uv": [4, 3, 4.1, 9.9], "texture": "#1"},
				"south": {"uv": [2, 2, 2.3, 8.9], "texture": "#1"},
				"west": {"uv": [9, 3, 14.1, 12.9], "texture": "#1"},
				"up": {"uv": [0, 0, 0.3, 0.1], "texture": "#1"},
				"down": {"uv": [0, 0, 0.3, 0.1], "texture": "#1"}
			}
		},
		{
			"from": [7.85, 19, 7.5],
			"to": [8.15, 25.5, 8.5],
			"faces": {
				"north": {"uv": [1, 2, 1.3, 8.5], "texture": "#1"},
				"east": {"uv": [4, 3, 5, 9.5], "texture": "#1"},
				"south": {"uv": [2, 2, 2.3, 8.5], "texture": "#1"},
				"west": {"uv": [9, 3, 15, 12.5], "texture": "#1"},
				"up": {"uv": [0, 0, 0.3, 1], "texture": "#1"},
				"down": {"uv": [0, 0, 0.3, 1], "texture": "#1"}
			}
		},
		{
			"from": [7.85, 24.1, 6.5],
			"to": [8.15, 25.9, 7.2],
			"faces": {
				"north": {"uv": [1, 2, 1.3, 3.8], "texture": "#1"},
				"east": {"uv": [4, 3, 4.7, 4.8], "texture": "#1"},
				"south": {"uv": [2, 2, 2.3, 3.8], "texture": "#1"},
				"west": {"uv": [9, 3, 14.7, 7.8], "texture": "#1"},
				"up": {"uv": [0, 0, 0.3, 0.7], "texture": "#1"},
				"down": {"uv": [0, 0, 0.3, 0.7], "texture": "#1"}
			}
		},
		{
			"from": [7.85, 24.5, 6.4],
			"to": [8.15, 25.9, 6.5],
			"faces": {
				"north": {"uv": [1, 2, 1.3, 3.4], "texture": "#1"},
				"east": {"uv": [4, 3, 4.1, 4.4], "texture": "#1"},
				"south": {"uv": [2, 2, 2.3, 3.4], "texture": "#1"},
				"west": {"uv": [9, 3, 14.1, 7.4], "texture": "#1"},
				"up": {"uv": [0, 0, 0.3, 0.1], "texture": "#1"},
				"down": {"uv": [0, 0, 0.3, 0.1], "texture": "#1"}
			}
		},
		{
			"from": [7.85, 24.9, 6.3],
			"to": [8.15, 25.9, 6.4],
			"faces": {
				"north": {"uv": [1, 2, 1.3, 3], "texture": "#1"},
				"east": {"uv": [4, 3, 4.1, 4], "texture": "#1"},
				"south": {"uv": [2, 2, 2.3, 3], "texture": "#1"},
				"west": {"uv": [9, 3, 14.1, 7], "texture": "#1"},
				"up": {"uv": [0, 0, 0.3, 0.1], "texture": "#1"},
				"down": {"uv": [0, 0, 0.3, 0.1], "texture": "#1"}
			}
		},
		{
			"from": [7.85, 25.2, 6.2],
			"to": [8.15, 26.1, 6.3],
			"faces": {
				"north": {"uv": [1, 2, 1.3, 2.9], "texture": "#1"},
				"east": {"uv": [4, 3, 4.1, 3.9], "texture": "#1"},
				"south": {"uv": [2, 2, 2.3, 2.9], "texture": "#1"},
				"west": {"uv": [9, 3, 14.1, 6.9], "texture": "#1"},
				"up": {"uv": [0, 0, 0.3, 0.1], "texture": "#1"},
				"down": {"uv": [0, 0, 0.3, 0.1], "texture": "#1"}
			}
		},
		{
			"from": [7.85, 25.3, 6.1],
			"to": [8.15, 26.1, 6.2],
			"faces": {
				"north": {"uv": [1, 2, 1.3, 2.8], "texture": "#1"},
				"east": {"uv": [4, 3, 4.1, 3.8], "texture": "#1"},
				"south": {"uv": [2, 2, 2.3, 2.8], "texture": "#1"},
				"west": {"uv": [9, 3, 14.1, 6.8], "texture": "#1"},
				"up": {"uv": [0, 0, 0.3, 0.1], "texture": "#1"},
				"down": {"uv": [0, 0, 0.3, 0.1], "texture": "#1"}
			}
		},
		{
			"from": [7.85, 25.6, 6],
			"to": [8.15, 26.1, 6.1],
			"faces": {
				"north": {"uv": [1, 2, 1.3, 2.5], "texture": "#1"},
				"east": {"uv": [4, 3, 4.1, 3.5], "texture": "#1"},
				"south": {"uv": [2, 2, 2.3, 2.5], "texture": "#1"},
				"west": {"uv": [9, 3, 14.1, 6.5], "texture": "#1"},
				"up": {"uv": [0, 0, 0.3, 0.1], "texture": "#1"},
				"down": {"uv": [0, 0, 0.3, 0.1], "texture": "#1"}
			}
		},
		{
			"from": [7.85, 25.8, 5.9],
			"to": [8.15, 26.1, 6],
			"faces": {
				"north": {"uv": [1, 2, 1.3, 2.3], "texture": "#1"},
				"east": {"uv": [4, 3, 4.1, 3.3], "texture": "#1"},
				"south": {"uv": [2, 2, 2.3, 2.3], "texture": "#1"},
				"west": {"uv": [9, 3, 14.1, 6.3], "texture": "#1"},
				"up": {"uv": [0, 0, 0.3, 0.1], "texture": "#1"},
				"down": {"uv": [0, 0, 0.3, 0.1], "texture": "#1"}
			}
		},
		{
			"from": [7.85, 25.5, 7.5],
			"to": [8.15, 25.6, 8.5],
			"faces": {
				"north": {"uv": [1, 2, 1.3, 2.1], "texture": "#1"},
				"east": {"uv": [4, 3, 5, 3.1], "texture": "#1"},
				"south": {"uv": [2, 2, 2.3, 2.1], "texture": "#1"},
				"west": {"uv": [9, 3, 15, 6.1], "texture": "#1"},
				"up": {"uv": [0, 0, 0.3, 1], "texture": "#1"},
				"down": {"uv": [0, 0, 0.3, 1], "texture": "#1"}
			}
		},
		{
			"from": [7.85, 25.6, 7.5],
			"to": [8.15, 25.7, 8.2],
			"faces": {
				"north": {"uv": [1, 2, 1.3, 2.1], "texture": "#1"},
				"east": {"uv": [4, 3, 4.7, 3.1], "texture": "#1"},
				"south": {"uv": [2, 2, 2.3, 2.1], "texture": "#1"},
				"west": {"uv": [9, 3, 14.7, 6.1], "texture": "#1"},
				"up": {"uv": [0, 0, 0.3, 0.7], "texture": "#1"},
				"down": {"uv": [0, 0, 0.3, 0.7], "texture": "#1"}
			}
		},
		{
			"from": [7.85, 25.7, 7.5],
			"to": [8.15, 25.8, 7.9],
			"faces": {
				"north": {"uv": [1, 2, 1.3, 2.1], "texture": "#1"},
				"east": {"uv": [4, 3, 4.4, 3.1], "texture": "#1"},
				"south": {"uv": [2, 2, 2.3, 2.1], "texture": "#1"},
				"west": {"uv": [9, 3, 14.4, 6.1], "texture": "#1"},
				"up": {"uv": [0, 0, 0.3, 0.4], "texture": "#1"},
				"down": {"uv": [0, 0, 0.3, 0.4], "texture": "#1"}
			}
		},
		{
			"from": [7.85, 25.9, 6.9],
			"to": [8.15, 26, 7.2],
			"faces": {
				"north": {"uv": [1, 2, 1.3, 2.1], "texture": "#1"},
				"east": {"uv": [4, 3, 4.3, 3.1], "texture": "#1"},
				"south": {"uv": [2, 2, 2.3, 2.1], "texture": "#1"},
				"west": {"uv": [9, 3, 14.3, 6.1], "texture": "#1"},
				"up": {"uv": [0, 0, 0.3, 0.3], "texture": "#1"},
				"down": {"uv": [0, 0, 0.3, 0.3], "texture": "#1"}
			}
		},
		{
			"from": [7.85, 25.9, 6.6],
			"to": [8.15, 26.1, 6.9],
			"faces": {
				"north": {"uv": [1, 2, 1.3, 2.2], "texture": "#1"},
				"east": {"uv": [4, 3, 4.3, 3.2], "texture": "#1"},
				"south": {"uv": [2, 2, 2.3, 2.2], "texture": "#1"},
				"west": {"uv": [9, 3, 14.3, 6.2], "texture": "#1"},
				"up": {"uv": [0, 0, 0.3, 0.3], "texture": "#1"},
				"down": {"uv": [0, 0, 0.3, 0.3], "texture": "#1"}
			}
		},
		{
			"from": [7.85, 25.9, 6.3],
			"to": [8.15, 26.1, 6.6],
			"faces": {
				"north": {"uv": [1, 2, 1.3, 2.2], "texture": "#1"},
				"east": {"uv": [4, 3, 4.3, 3.2], "texture": "#1"},
				"south": {"uv": [2, 2, 2.3, 2.2], "texture": "#1"},
				"west": {"uv": [9, 3, 14.3, 6.2], "texture": "#1"},
				"up": {"uv": [0, 0, 0.3, 0.3], "texture": "#1"},
				"down": {"uv": [0, 0, 0.3, 0.3], "texture": "#1"}
			}
		},
		{
			"from": [7.85, 26.1, 5.9],
			"to": [8.15, 26.2, 6.5],
			"faces": {
				"north": {"uv": [1, 2, 1.3, 2.1], "texture": "#1"},
				"east": {"uv": [4, 3, 4.6, 3.1], "texture": "#1"},
				"south": {"uv": [2, 2, 2.3, 2.1], "texture": "#1"},
				"west": {"uv": [9, 3, 14.6, 6.1], "texture": "#1"},
				"up": {"uv": [0, 0, 0.3, 0.6], "texture": "#1"},
				"down": {"uv": [0, 0, 0.3, 0.6], "texture": "#1"}
			}
		},
		{
			"from": [7.85, 19.5, 9.1],
			"to": [8.15, 25, 9.2],
			"faces": {
				"north": {"uv": [1, 2, 1.3, 7.5], "texture": "#1"},
				"east": {"uv": [4, 3, 4.1, 8.5], "texture": "#1"},
				"south": {"uv": [2, 2, 2.3, 7.5], "texture": "#1"},
				"west": {"uv": [9, 3, 14.1, 11.5], "texture": "#1"},
				"up": {"uv": [0, 0, 0.3, 0.1], "texture": "#1"},
				"down": {"uv": [0, 0, 0.3, 0.1], "texture": "#1"}
			}
		},
		{
			"from": [7.85, 19.2, 8.9],
			"to": [8.15, 25.2, 9],
			"faces": {
				"north": {"uv": [1, 2, 1.3, 8], "texture": "#1"},
				"east": {"uv": [4, 3, 4.1, 9], "texture": "#1"},
				"south": {"uv": [2, 2, 2.3, 8], "texture": "#1"},
				"west": {"uv": [9, 3, 14.1, 12], "texture": "#1"},
				"up": {"uv": [0, 0, 0.3, 0.1], "texture": "#1"},
				"down": {"uv": [0, 0, 0.3, 0.1], "texture": "#1"}
			}
		},
		{
			"from": [7.85, 19.1, 8.8],
			"to": [8.15, 25.3, 8.9],
			"faces": {
				"north": {"uv": [1, 2, 1.3, 8.2], "texture": "#1"},
				"east": {"uv": [4, 3, 4.1, 9.2], "texture": "#1"},
				"south": {"uv": [2, 2, 2.3, 8.2], "texture": "#1"},
				"west": {"uv": [9, 3, 14.1, 12.2], "texture": "#1"},
				"up": {"uv": [0, 0, 0.3, 0.1], "texture": "#1"},
				"down": {"uv": [0, 0, 0.3, 0.1], "texture": "#1"}
			}
		},
		{
			"from": [7.85, 19, 8.7],
			"to": [8.15, 25.4, 8.8],
			"faces": {
				"north": {"uv": [1, 2, 1.3, 8.4], "texture": "#1"},
				"east": {"uv": [4, 3, 4.1, 9.4], "texture": "#1"},
				"south": {"uv": [2, 2, 2.3, 8.4], "texture": "#1"},
				"west": {"uv": [9, 3, 14.1, 12.4], "texture": "#1"},
				"up": {"uv": [0, 0, 0.3, 0.1], "texture": "#1"},
				"down": {"uv": [0, 0, 0.3, 0.1], "texture": "#1"}
			}
		},
		{
			"from": [7.85, 19, 8.6],
			"to": [8.15, 25.5, 8.7],
			"faces": {
				"north": {"uv": [1, 2, 1.3, 8.5], "texture": "#1"},
				"east": {"uv": [4, 3, 4.1, 9.5], "texture": "#1"},
				"south": {"uv": [2, 2, 2.3, 8.5], "texture": "#1"},
				"west": {"uv": [9, 3, 14.1, 12.5], "texture": "#1"},
				"up": {"uv": [0, 0, 0.3, 0.1], "texture": "#1"},
				"down": {"uv": [0, 0, 0.3, 0.1], "texture": "#1"}
			}
		},
		{
			"from": [7.85, 19, 8.5],
			"to": [8.15, 25.5, 8.6],
			"faces": {
				"north": {"uv": [1, 2, 1.3, 8.5], "texture": "#1"},
				"east": {"uv": [4, 3, 4.1, 9.5], "texture": "#1"},
				"south": {"uv": [2, 2, 2.3, 8.5], "texture": "#1"},
				"west": {"uv": [9, 3, 14.1, 12.5], "texture": "#1"},
				"up": {"uv": [0, 0, 0.3, 0.1], "texture": "#1"},
				"down": {"uv": [0, 0, 0.3, 0.1], "texture": "#1"}
			}
		},
		{
			"from": [7.85, 19, 7],
			"to": [8.15, 21, 7.2],
			"faces": {
				"north": {"uv": [1, 2, 1.3, 4], "texture": "#1"},
				"east": {"uv": [4, 3, 4.2, 5], "texture": "#1"},
				"south": {"uv": [2, 2, 2.3, 4], "texture": "#1"},
				"west": {"uv": [9, 3, 14.2, 8], "texture": "#1"},
				"up": {"uv": [0, 0, 0.3, 0.2], "texture": "#1"},
				"down": {"uv": [0, 0, 0.3, 0.2], "texture": "#1"}
			}
		},
		{
			"from": [7.85, 21, 7],
			"to": [8.15, 21.3, 7.2],
			"faces": {
				"north": {"uv": [1, 2, 1.3, 2.3], "texture": "#1"},
				"east": {"uv": [4, 3, 4.2, 3.3], "texture": "#1"},
				"south": {"uv": [2, 2, 2.3, 2.3], "texture": "#1"},
				"west": {"uv": [9, 3, 14.2, 6.3], "texture": "#1"},
				"up": {"uv": [0, 0, 0.3, 0.2], "texture": "#1"},
				"down": {"uv": [0, 0, 0.3, 0.2], "texture": "#1"}
			}
		},
		{
			"from": [7.85, 22.7, 7],
			"to": [8.15, 23.5, 7.2],
			"faces": {
				"north": {"uv": [1, 2, 1.3, 2.8], "texture": "#1"},
				"east": {"uv": [4, 3, 4.2, 3.8], "texture": "#1"},
				"south": {"uv": [2, 2, 2.3, 2.8], "texture": "#1"},
				"west": {"uv": [9, 3, 14.2, 6.8], "texture": "#1"},
				"up": {"uv": [0, 0, 0.3, 0.2], "texture": "#1"},
				"down": {"uv": [0, 0, 0.3, 0.2], "texture": "#1"}
			}
		},
		{
			"from": [7.85, 23.5, 6.8],
			"to": [8.15, 24.2, 7.2],
			"faces": {
				"north": {"uv": [1, 2, 1.3, 2.7], "texture": "#1"},
				"east": {"uv": [4, 3, 4.4, 3.7], "texture": "#1"},
				"south": {"uv": [2, 2, 2.3, 2.7], "texture": "#1"},
				"west": {"uv": [9, 3, 14.4, 6.7], "texture": "#1"},
				"up": {"uv": [0, 0, 0.3, 0.4], "texture": "#1"},
				"down": {"uv": [0, 0, 0.3, 0.4], "texture": "#1"}
			}
		},
		{
			"from": [7.85, 23.8, 6.6],
			"to": [8.15, 24.2, 6.9],
			"faces": {
				"north": {"uv": [1, 2, 1.3, 2.4], "texture": "#1"},
				"east": {"uv": [4, 3, 4.3, 3.4], "texture": "#1"},
				"south": {"uv": [2, 2, 2.3, 2.4], "texture": "#1"},
				"west": {"uv": [9, 3, 14.3, 6.4], "texture": "#1"},
				"up": {"uv": [0, 0, 0.3, 0.3], "texture": "#1"},
				"down": {"uv": [0, 0, 0.3, 0.3], "texture": "#1"}
			}
		},
		{
			"from": [7.85, 21.3, 7.1],
			"to": [8.15, 22.7, 7.2],
			"faces": {
				"north": {"uv": [1, 2, 1.3, 3.4], "texture": "#1"},
				"east": {"uv": [4, 3, 4.1, 4.4], "texture": "#1"},
				"south": {"uv": [2, 2, 2.3, 3.4], "texture": "#1"},
				"west": {"uv": [9, 3, 14.1, 7.4], "texture": "#1"},
				"up": {"uv": [0, 0, 0.3, 0.1], "texture": "#1"},
				"down": {"uv": [0, 0, 0.3, 0.1], "texture": "#1"}
			}
		},
		{
			"from": [7.85, 19.3, 9],
			"to": [8.15, 25.1, 9.1],
			"faces": {
				"north": {"uv": [1, 2, 1.3, 7.8], "texture": "#1"},
				"east": {"uv": [4, 3, 4.1, 8.8], "texture": "#1"},
				"south": {"uv": [2, 2, 2.3, 7.8], "texture": "#1"},
				"west": {"uv": [9, 3, 14.1, 11.8], "texture": "#1"},
				"up": {"uv": [0, 0, 0.3, 0.1], "texture": "#1"},
				"down": {"uv": [0, 0, 0.3, 0.1], "texture": "#1"}
			}
		},
		{
			"from": [7.85, 19.6, 9.2],
			"to": [8.15, 24.9, 9.3],
			"faces": {
				"north": {"uv": [1, 2, 1.3, 7.3], "texture": "#1"},
				"east": {"uv": [4, 3, 4.1, 8.3], "texture": "#1"},
				"south": {"uv": [2, 2, 2.3, 7.3], "texture": "#1"},
				"west": {"uv": [9, 3, 14.1, 11.3], "texture": "#1"},
				"up": {"uv": [0, 0, 0.3, 0.1], "texture": "#1"},
				"down": {"uv": [0, 0, 0.3, 0.1], "texture": "#1"}
			}
		},
		{
			"from": [7.85, 19.7, 9.3],
			"to": [8.15, 24.7, 9.4],
			"faces": {
				"north": {"uv": [1, 2, 1.3, 7], "texture": "#1"},
				"east": {"uv": [4, 3, 4.1, 8], "texture": "#1"},
				"south": {"uv": [2, 2, 2.3, 7], "texture": "#1"},
				"west": {"uv": [9, 3, 14.1, 11], "texture": "#1"},
				"up": {"uv": [0, 0, 0.3, 0.1], "texture": "#1"},
				"down": {"uv": [0, 0, 0.3, 0.1], "texture": "#1"}
			}
		},
		{
			"from": [7.85, 20, 9.4],
			"to": [8.15, 24.5, 9.5],
			"faces": {
				"north": {"uv": [1, 2, 1.3, 6.5], "texture": "#1"},
				"east": {"uv": [4, 3, 4.1, 7.5], "texture": "#1"},
				"south": {"uv": [2, 2, 2.3, 6.5], "texture": "#1"},
				"west": {"uv": [9, 3, 14.1, 10.5], "texture": "#1"},
				"up": {"uv": [0, 0, 0.3, 0.1], "texture": "#1"},
				"down": {"uv": [0, 0, 0.3, 0.1], "texture": "#1"}
			}
		},
		{
			"from": [7.85, 20.3, 9.5],
			"to": [8.15, 24.1, 9.6],
			"faces": {
				"north": {"uv": [1, 2, 1.3, 5.8], "texture": "#1"},
				"east": {"uv": [4, 3, 4.1, 6.8], "texture": "#1"},
				"south": {"uv": [2, 2, 2.3, 5.8], "texture": "#1"},
				"west": {"uv": [9, 3, 14.1, 9.8], "texture": "#1"},
				"up": {"uv": [0, 0, 0.3, 0.1], "texture": "#1"},
				"down": {"uv": [0, 0, 0.3, 0.1], "texture": "#1"}
			}
		},
		{
			"from": [7.85, 21.3, 9.6],
			"to": [8.15, 23.7, 9.7],
			"faces": {
				"north": {"uv": [1, 2, 1.3, 4.4], "texture": "#1"},
				"east": {"uv": [4, 3, 4.1, 5.4], "texture": "#1"},
				"south": {"uv": [2, 2, 2.3, 4.4], "texture": "#1"},
				"west": {"uv": [9, 3, 14.1, 8.4], "texture": "#1"},
				"up": {"uv": [0, 0, 0.3, 0.1], "texture": "#1"},
				"down": {"uv": [0, 0, 0.3, 0.1], "texture": "#1"}
			}
		}
	],
	"display": {
		"thirdperson_righthand": {
			"rotation": [-26, -180, 0],
			"translation": [0, 2.5, -1],
			"scale": [1.5, 1.5, 1.5]
		},
		"thirdperson_lefthand": {
			"rotation": [-26, -180, 0],
			"translation": [0, 2.5, -1],
			"scale": [1.5, 1.5, 1.5]
		},
		"firstperson_righthand": {
			"rotation": [9, -180, 0],
			"translation": [1.75, -0.5, 0.5]
		},
		"firstperson_lefthand": {
			"rotation": [9, -180, 0],
			"translation": [1.75, -0.5, 0.5]
		},
		"ground": {
			"translation": [0, 13, 0]
		},
		"gui": {
			"rotation": [45, 45, 0],
			"translation": [0, -1, 0]
		},
		"head": {
			"translation": [0, 10.25, 0]
		}
	},
	"groups": [
		0,
		1,
		2,
		{
			"name": "group",
			"origin": [0, 0, 0],
			"color": 0,
			"children": [3, 4, 5, 6, 7, 8, 9, 10, 11, 12, 13, 14, 15, 16, 17, 18, 19, 20, 21, 22, 23, 24, 25, 26, 27, 28, 29, 30, 31, 32, 33, 34, 35, 36, 37, 38, 39]
		}
	]
}