{
    "textures": {
        "particle": "block/birch_leaves",
		"flowers": "block/custom/leaves/birch_flowering_b"
    },
    "elements": [
        {   "from": [ 0, 0, 0 ],
            "to": [ 16, 16, 16 ],
            "faces": {
                "down":  { "uv": [ 0, 0, 16, 16 ], "texture": "#particle", "cullface": "down" },
                "up":    { "uv": [ 0, 0, 16, 16 ], "texture": "#particle", "cullface": "up" },
                "north": { "uv": [ 0, 0, 16, 16 ], "texture": "#particle", "cullface": "north" },
                "south": { "uv": [ 0, 0, 16, 16 ], "texture": "#particle", "cullface": "south" },
                "west":  { "uv": [ 0, 0, 16, 16 ], "texture": "#particle", "cullface": "west" },
                "east":  { "uv": [ 0, 0, 16, 16 ], "texture": "#particle", "cullface": "east" }
            }
        },
		{   "from": [ -0.01, -0.01, -0.01 ],
            "to": [ 16.01, 16.01, 16.01 ],
            "faces": {
				"down":  { "uv": [ 0, 0, 16, 16 ], "texture": "#flowers", "cullface": "down" },
                "up":    { "uv": [ 0, 0, 16, 16 ], "texture": "#flowers", "cullface": "up" },
                "north": { "uv": [ 0, 0, 16, 16 ], "texture": "#flowers", "cullface": "north" },
                "south": { "uv": [ 0, 0, 16, 16 ], "texture": "#flowers", "cullface": "south" },
                "west":  { "uv": [ 0, 0, 16, 16 ], "texture": "#flowers", "cullface": "west" },
                "east":  { "uv": [ 0, 0, 16, 16 ], "texture": "#flowers", "cullface": "east" }
            }
        }
    ]
}
