{
    "__createdwith": "opl's Model Creator",
    "ambientocclusion": false,
    "textures": {
        "flowers": "block/custom/leaves/oak_flowering_b",
        "particle": "block/custom/leaves/oak_a"
    },
    "elements": [
        {
            "from": [0,0,0],
            "to": [16,16,16],
            "faces": {
                "up": {
                    "texture": "#particle",
                    "cullface": "up",
                    "tintindex": 0
                },
                "down": {
                    "texture": "#particle",
                    "cullface": "down",
                    "tintindex": 0
                },
                "west": {
                    "texture": "#particle",
                    "cullface": "west",
                    "tintindex": 0
                },
                "east": {
                    "texture": "#particle",
                    "cullface": "east",
                    "tintindex": 0
                },
                "north": {
                    "texture": "#particle",
                    "cullface": "north",
                    "tintindex": 0
                },
                "south": {
                    "texture": "#particle",
                    "cullface": "south",
                    "tintindex": 0
                }
            }
        },
        {
            "from": [16.01,5,10],
            "to": [16.01,7,12],
            "faces": {
                "east": {
                    "uv": [4,9,6,11],
                    "texture": "#flowers",
                    "cullface": "east"
                }
            }
        },
        {
            "from": [16.01,6,4],
            "to": [16.01,8,6],
            "faces": {
                "east": {
                    "uv": [10,8,12,10],
                    "texture": "#flowers",
                    "cullface": "east"
                }
            }
        },
        {
            "from": [16.01,9,8],
            "to": [16.01,11,10],
            "faces": {
                "east": {
                    "uv": [6,5,8,7],
                    "texture": "#flowers",
                    "cullface": "east"
                }
            }
        },
        {
            "from": [16.01,10,7],
            "to": [16.01,12,9],
            "faces": {
                "east": {
                    "uv": [7,4,9,6],
                    "texture": "#flowers",
                    "cullface": "east"
                }
            }
        }
    ]
}