{
    "__createdwith": "opl's Model Creator",
    "ambientocclusion": false,
    "textures": {
        "flowers": "block/custom/leaves/oak_flowering_a",
        "particle": "block/oak_leaves"
    },
    "elements": [
        {
            "from": [0,0,0],
            "to": [16,16,16],
            "faces": {
                "up": {
                    "texture": "#particle",
                    "cullface": "up",
                    "tintindex": 0
                },
                "down": {
                    "texture": "#particle",
                    "cullface": "down",
                    "tintindex": 0
                },
                "west": {
                    "texture": "#particle",
                    "cullface": "west",
                    "tintindex": 0
                },
                "east": {
                    "texture": "#particle",
                    "cullface": "east",
                    "tintindex": 0
                },
                "north": {
                    "texture": "#particle",
                    "cullface": "north",
                    "tintindex": 0
                },
                "south": {
                    "texture": "#particle",
                    "cullface": "south",
                    "tintindex": 0
                }
            }
        },
        {
            "from": [16.01,8,11],
            "to": [16.01,11,14],
            "faces": {
                "east": {
                    "uv": [2,5,5,8],
                    "texture": "#flowers",
                    "cullface": "east"
                }
            }
        },
        {
            "from": [16.01,11,3],
            "to": [16.01,13,5],
            "faces": {
                "east": {
                    "uv": [11,3,13,5],
                    "texture": "#flowers",
                    "cullface": "east"
                }
            }
        },
        {
            "from": [16.01,10,4],
            "to": [16.01,12,6],
            "faces": {
                "east": {
                    "uv": [10,4,12,6],
                    "texture": "#flowers"
                }
            }
        },
        {
            "from": [16.01,5,6],
            "to": [16.01,7,8],
            "faces": {
                "east": {
                    "uv": [8,9,10,11],
                    "texture": "#flowers",
                    "cullface": "east"
                }
            }
        },
        {
            "from": [16.01,4,8],
            "to": [16.01,6,10],
            "faces": {
                "east": {
                    "uv": [6,10,8,12],
                    "texture": "#flowers",
                    "cullface": "east"
                }
            }
        },
        {
            "from": [16.01,2,7],
            "to": [16.01,4,9],
            "faces": {
                "east": {
                    "uv": [7,12,9,14],
                    "texture": "#flowers",
                    "cullface": "east"
                }
            }
        },
        {
            "from": [16.01,3,5],
            "to": [16.01,5,8],
            "faces": {
                "east": {
                    "uv": [8,11,11,13],
                    "texture": "#flowers",
                    "cullface": "east"
                }
            }
        }
    ]
}